
// File generated by darts version V-2024.06#8be6237c82#250729, Mon Jun 29 00:27:51 2026
// Copyright 2014-2024 Synopsys, Inc. All rights reserved.
// darts -I/home/bcloud/torch2aie/toolchain/aietools/data/aie2p/lib -d -h -I/home/bcloud/torch2aie/toolchain/aietools/include -I/home/bcloud/torch2aie/toolchain/aietools/data/aie2p/lib/runtime_cxx/libcxx-lite/include -I/home/bcloud/torch2aie/toolchain/aietools/data/aie2p/lib/runtime_cxx/libs/libcxx-16/include -I/home/bcloud/torch2aie/toolchain/aietools/data/aie2p/lib/runtime_cxx/libs/libcxxabi-16/include -I/home/bcloud/torch2aie/toolchain/aietools/data/aie2p/lib/runtime/include -D__AIENGINE__ -D__AIE_ARCH__=21 -D__AIEARCH__=21 -D__tct_tgt__=250729 -L +Ihex +nanno aie_128x1024x1536_128x64x128.mlir.prj/main_input.o me

// Release: ipp V-2024.06-TGT-250729
.undef global data _ZN12me_primitive11control_satE

.undef global data _ZN12me_primitive11control_rndE

.undef global data _anonymous11

.undef global data _anonymous10

.undef global data _anonymous9

.undef global data _anonymous8

.undef global data _anonymous7

.undef global data _anonymous6

.undef global data _anonymous5

.undef global data _anonymous4

.undef global data _anonymous3

.undef global data _anonymous2

.undef global data _anonymous1

.undef global data _anonymous0

.undef global data A_L2L1_0_11_cons_buff_1

.undef global data A_L2L1_0_11_cons_buff_0

.undef global data A_L2L1_0_10_cons_buff_1

.undef global data A_L2L1_0_10_cons_buff_0

.undef global data A_L2L1_0_9_cons_buff_1

.undef global data A_L2L1_0_9_cons_buff_0

.undef global data A_L2L1_0_8_cons_buff_1

.undef global data A_L2L1_0_8_cons_buff_0

.undef global data A_L2L1_0_7_cons_buff_1

.undef global data A_L2L1_0_7_cons_buff_0

.undef global data A_L2L1_0_6_cons_buff_1

.undef global data A_L2L1_0_6_cons_buff_0

.undef global data A_L2L1_0_5_cons_buff_1

.undef global data A_L2L1_0_5_cons_buff_0

.undef global data A_L2L1_0_4_cons_buff_1

.undef global data A_L2L1_0_4_cons_buff_0

.undef global data A_L2L1_0_3_cons_buff_1

.undef global data A_L2L1_0_3_cons_buff_0

.undef global data A_L2L1_0_2_cons_buff_1

.undef global data A_L2L1_0_2_cons_buff_0

.undef global data A_L2L1_0_1_cons_buff_1

.undef global data A_L2L1_0_1_cons_buff_0

.undef global data A_L2L1_0_0_cons_buff_1

.undef global data A_L2L1_0_0_cons_buff_0

.undef global data B_L2L1_0_cons_buff_1

.undef global data B_L2L1_0_cons_buff_0

.undef global data B_L2L1_1_cons_buff_1

.undef global data B_L2L1_1_cons_buff_0

.undef global data B_L2L1_2_cons_buff_1

.undef global data B_L2L1_2_cons_buff_0

.undef global data B_L2L1_3_cons_buff_1

.undef global data B_L2L1_3_cons_buff_0

.undef global data B_L2L1_4_cons_buff_1

.undef global data B_L2L1_4_cons_buff_0

.undef global data B_L2L1_5_cons_buff_1

.undef global data B_L2L1_5_cons_buff_0

.undef global data B_L2L1_6_cons_buff_1

.undef global data B_L2L1_6_cons_buff_0

.undef global data B_L2L1_7_cons_buff_1

.undef global data B_L2L1_7_cons_buff_0

.undef global data B_L2L1_8_cons_buff_1

.undef global data B_L2L1_8_cons_buff_0

.undef global data B_L2L1_9_cons_buff_1

.undef global data B_L2L1_9_cons_buff_0

.undef global data B_L2L1_10_cons_buff_1

.undef global data B_L2L1_10_cons_buff_0

.undef global data B_L2L1_11_cons_buff_1

.undef global data B_L2L1_11_cons_buff_0

.undef global data C_L1L2_0_0_buff_0

.undef global data C_L1L2_1_0_buff_0

.undef global data C_L1L2_2_0_buff_0

.undef global data C_L1L2_3_0_buff_0

.undef global data C_L1L2_4_0_buff_0

.undef global data C_L1L2_5_0_buff_0

.undef global data C_L1L2_6_0_buff_0

.undef global data C_L1L2_7_0_buff_0

.undef global data C_L1L2_8_0_buff_0

.undef global data C_L1L2_9_0_buff_0

.undef global data C_L1L2_10_0_buff_0

.undef global data C_L1L2_11_0_buff_0

.text_segment_name
.text global 16 core_11_2
.function_start
	     0    0x00 0x18 0x02 0x9c 0x8b 0x00 0x02 0x00 0x00 0x00 0x70 0x76                      MOVA r24, #0;                                               MOVS p2, p7;                  PADDXM [sp], #64
	    12    0x00 0x10 0x07 0xd3 0x15 0x80 0x00 0x03 0xb0 0x00 0x10 0x76                      MOVA r16, #0;                                               ST r24, [sp, #-48];           MOVXM p7, #_anonymous11
	    24    0xe3 0xe2 0x30 0x00 0xab 0xd0 0x70 0x02                                                                                                      ST r24, [p7], #4;                                           MOV r5, r15
	    32    0xe0 0xe2 0x30 0x00 0x8b 0x90 0x70 0x02                                                                                                      ST r24, [p7];                                               MOV r4, r14
	    40    0xff 0x96 0xb0 0x00 0x6b 0x50 0x70 0x02                                                                                                      ST r5, [sp, #-4];                                           MOV r3, r13
	    48    0xff 0x12 0xb0 0x00 0x4b 0x10 0x70 0x02                                                                                                      ST r4, [sp, #-8];                                           MOV r2, r12
	    56    0xfe 0x8e 0xb0 0x00 0xb0 0x28 0x2a 0xd0 0x79 0x3a                                                                                            ST r3, [sp, #-12];            MOVX r11, #1;                 MOV r1, r11
	    66    0xfe 0x0a 0xb0 0x00 0x0a 0x90 0x70 0x02                                                                                                      ST r2, [sp, #-16];                                          MOV r0, r10
	    74    0xfd 0x06 0xb0 0x00 0x00 0x01 0xc8 0x00 0x11 0x3a                                                                                            ST r1, [sp, #-24];            MOVXM r14, #A_L2L1_0_11_cons_buff_1
	    84    0xfc 0x02 0xb0 0x00 0x00 0x01 0xe8 0x00 0x11 0x3a                                                                                            ST r0, [sp, #-32];            MOVXM r15, #A_L2L1_0_11_cons_buff_0
	    94    0x0f 0xdd 0x35 0x98                                                                                                                          ST r9, [sp, #-36]
	    98    0x0f 0xd9 0x15 0x98                                                                                                                          ST r8, [sp, #-40]
	   102    0x0f 0xed 0x1d 0x98                                                                                                                          ST p2, [sp, #-20]
	   106    0x0f 0xe7 0x1d 0x98                                                                                                                          ST p6, [sp, #-28]
	   110    0x0f 0xd4 0x3d 0x98                                                                                                                          ST lr, [sp, #-44]
	   114    0x00 0x2c 0xfe 0x2e 0x23 0x00 0x00 0x40 0x1a 0x57 0x00 0x00 0x1c 0x2e            NOPA;                                                       ST r24, [p7, #4];                                           NOPM;                                   NOPV
.label TGT_Fcore_11_2_128
.loop_nesting 1
.no_stack_arguments
	   128    0x06 0x80 0x07 0xce 0x15 0x80 0x00 0x00 0x00 0x00 0x40 0x76                      MOVA r0, #52;                                               ST r16, [sp, #-52];           JL #llvm___aie2p___acquire
.delay_slot
	   140    0x1e 0x6e 0xc0 0xf8                                                                                                                                                                                      MOV p6, p7
.delay_slot
	   144    0x17 0xc2 0xfd 0x18                                                                                                                                                        MOVX r1, #-1
.delay_slot
.swstall delay_slot
	   148    0x00 0x00                                                                        NOPX
.delay_slot
.swstall delay_slot
	   150    0x00 0x00                                                                        NOPX
.delay_slot
.swstall delay_slot
	   152    0x00 0x2c 0xf0 0x04 0x00 0x00 0x1c 0x22                                          NOPA;                                                                                                                                                           NOPV
.return_address
.no_stack_arguments
	   160    0x00 0x00 0x00 0x00 0x01 0x04                                                                                                                                              JL #zero_kernel_bf16
.delay_slot
	   166    0x00 0x00 0x00 0xc0 0x00 0x44                                                                                                                                              MOVXM p0, #C_L1L2_11_0_buff_0
.delay_slot
.swstall delay_slot
	   172    0x00 0x00                                                                        NOPX
.delay_slot
.swstall delay_slot
	   174    0x00 0x00                                                                        NOPX
.delay_slot
.swstall delay_slot
	   176    0x00 0x00                                                                        NOPX
.delay_slot
.swstall delay_slot
	   178    0x00 0x2c 0xf0 0x02 0xb6 0x00 0x00 0x40 0x1a 0x57 0x00 0x00 0x1c 0x2e            NOPA;                                                       NOPS;                                                       NOPM;                                   NOPV
.return_address
	   192    0x00 0x2c 0xf0 0x00 0x20 0x01 0x5b 0x00 0x81 0xe8 0x01 0xa5 0x78 0x00 0x00 0xe1  NOPA;                         NOPB;                         NOPS;                         MOVX r8, #15;                 NOPM;                                   NOPV
.label TGT_Fcore_11_2_208
.loop_nesting 2
.no_stack_arguments
	   208    0x06 0x60 0x00 0x00 0x00 0x00 0x00 0x00 0x40 0xba                                MOVA r0, #51;                                                                             JL #llvm___aie2p___acquire
.delay_slot
	   218    0x17 0xc2 0xfd 0x18                                                                                                                                                        MOVX r1, #-1
.delay_slot
.swstall delay_slot
	   222    0x00 0x00                                                                        NOPX
.delay_slot
.swstall delay_slot
	   224    0x00 0x00                                                                        NOPX
.delay_slot
.swstall delay_slot
	   226    0x00 0x00                                                                        NOPX
.delay_slot
.swstall delay_slot
	   228    0x00 0x2c 0xf0 0x00 0x20 0x00 0x00 0x00 0x00 0xad 0x81 0x36                      NOPA;                         NOPB;                         NOPS;                         NOPX
.return_address
	   240    0xc0 0xca 0xd0 0x3e 0x17 0xe8 0x08 0x31 0x58 0xba                                LDA r18, [p6];                                                                            MOVX r1, #-1;                 MOV r0, #49
	   250    0x00 0x00                                                                        NOPX
	   252    0x00 0x00                                                                        NOPX
.no_stack_arguments
	   254    0x00 0x00 0x00 0x00 0x01 0x04                                                                                                                                              JL #llvm___aie2p___acquire
.delay_slot
	   260    0x00 0x00 0x08 0x20 0x00 0x44                                                                                                                                              MOVXM r16, #B_L2L1_11_cons_buff_1
.delay_slot
	   266    0x00 0x00 0x08 0xa0 0x00 0x44                                                                                                                                              MOVXM r17, #B_L2L1_11_cons_buff_0
.delay_slot
.swstall delay_slot
	   272    0x00 0x00                                                                        NOPX
.delay_slot
	   274    0x12 0xf7 0x27 0x98                                                                                                                                                        EQ r27, r11, r18
.delay_slot
	   278    0x00 0x2c 0xf0 0x01 0x5b 0x00 0x04 0x53 0x02 0x7a                                NOPA;                                                       NOPS;                         SEL.EQZ r9, r17, r16, r27
.return_address
	   288    0xc2 0xc2 0xd2 0xc9 0x41 0xd4                                                    LDA r16, [p6, #4];                                                                                                      MOV p1, r9
	   294    0x1f 0x62 0xc0 0xf8                                                                                                                                                                                      MOV p7, p1
	   298    0x00 0x00                                                                        NOPX
	   300    0x00 0x00                                                                        NOPX
.no_stack_arguments
	   302    0x00 0x00 0x00 0x00 0x01 0x04                                                                                                                                              JL #matmul_vectorized_different_datatypes
.delay_slot
	   308    0x00 0x00 0x04 0xc0 0x00 0x44                                                                                                                                              MOVXM p2, #C_L1L2_11_0_buff_0
.delay_slot
.swstall delay_slot
	   314    0x00 0x00                                                                        NOPX
.delay_slot
	   316    0x12 0xf7 0x07 0x98                                                                                                                                                        EQ r27, r11, r16
.delay_slot
	   320    0x13 0xe0 0xe2 0x18                                                                                                                                                        SEL.EQZ r16, r15, r14, r27
.delay_slot
	   324    0x00 0x2c 0xf0 0x00 0x20 0x01 0x5b 0x00 0x34 0x10 0x70 0xf6                      NOPA;                         NOPB;                         NOPS;                                                       MOV p0, r16
.return_address
.no_stack_arguments
	   336    0x00 0x21 0x00 0x00 0x00 0x00 0x00 0x00 0x40 0xba                                MOVA r1, #1;                                                                              JL #llvm___aie2p___release
.delay_slot
	   346    0x10 0x00 0xc1 0x18                                                                                                                                                        MOVX r0, #48
.delay_slot
.swstall delay_slot
	   350    0x00 0x00                                                                        NOPX
.delay_slot
.swstall delay_slot
	   352    0x00 0x00                                                                        NOPX
.delay_slot
.swstall delay_slot
	   354    0x00 0x00                                                                        NOPX
.delay_slot
.swstall delay_slot
	   356    0x00 0x2c 0xf0 0x00 0x20 0x00 0x00 0x00 0x00 0xad 0x81 0x36                      NOPA;                         NOPB;                         NOPS;                         NOPX
.return_address
	   368    0xc2 0xc2 0xd0 0x3e 0x17 0xe8 0x08 0x31 0x58 0xba                                LDA r16, [p6, #4];                                                                        MOVX r1, #-1;                 MOV r0, #49
	   378    0x00 0x00                                                                        NOPX
	   380    0x00 0x00                                                                        NOPX
	   382    0x00 0x00                                                                        NOPX
	   384    0x00 0x00                                                                        NOPX
.no_stack_arguments
	   386    0x00 0x00 0x00 0x00 0x01 0x04                                                                                                                                              JL #llvm___aie2p___acquire
.delay_slot
.swstall delay_slot
	   392    0x00 0x00                                                                        NOPX
.delay_slot
	   394    0x14 0x20 0x07 0x18                                                                                                                                                        ADD r16, r16, #1
.delay_slot
	   398    0x5e 0xe1 0x58 0xb0 0xfe 0x24                                                                                                                                              LT r27, r11, r16;             ADD.NC r17, r16, #-2
.delay_slot
	   404    0x14 0x21 0x12 0x18                                                                                                                                                        SEL.EQZ r16, r16, r17, r27
.delay_slot
	   408    0xc2 0xc2 0x30 0x00 0x01 0xa5 0x70 0x02                                                                                                      ST r16, [p6, #4];                                           NOPM
.return_address
	   416    0xc2 0xc2 0xd2 0xdd 0x81 0xd4                                                    LDA r16, [p6, #4];                                                                                                      MOV p1, p7
	   422    0x00 0x00                                                                        NOPX
	   424    0x00 0x00                                                                        NOPX
	   426    0x00 0x00                                                                        NOPX
.no_stack_arguments
	   428    0x00 0x00 0x00 0x00 0x01 0x04                                                                                                                                              JL #matmul_vectorized_different_datatypes
.delay_slot
	   434    0x00 0x00 0x04 0xc0 0x00 0x44                                                                                                                                              MOVXM p2, #C_L1L2_11_0_buff_0
.delay_slot
.swstall delay_slot
	   440    0x00 0x00                                                                        NOPX
.delay_slot
	   442    0x12 0xf7 0x07 0x98                                                                                                                                                        EQ r27, r11, r16
.delay_slot
	   446    0x13 0xe0 0xe2 0x18                                                                                                                                                        SEL.EQZ r16, r15, r14, r27
.delay_slot
	   450    0x00 0x2c 0xf0 0x02 0xb6 0x00 0x00 0x43 0x41 0x07 0x00 0x00 0x1c 0x2e            NOPA;                                                       NOPS;                                                       MOV p0, r16;                            NOPV
.return_address
.no_stack_arguments
	   464    0x00 0x21 0x00 0x00 0x00 0x00 0x00 0x00 0x40 0xba                                MOVA r1, #1;                                                                              JL #llvm___aie2p___release
.delay_slot
	   474    0x10 0x00 0xc1 0x18                                                                                                                                                        MOVX r0, #48
.delay_slot
.swstall delay_slot
	   478    0x00 0x00                                                                        NOPX
.delay_slot
.swstall delay_slot
	   480    0x00 0x00                                                                        NOPX
.delay_slot
.swstall delay_slot
	   482    0x00 0x00                                                                        NOPX
.delay_slot
.swstall delay_slot
	   484    0x00 0x2c 0xf0 0x00 0x20 0x00 0x00 0x00 0x00 0xad 0x81 0x36                      NOPA;                         NOPB;                         NOPS;                         NOPX
.return_address
	   496    0xc2 0xc2 0xd0 0x3e 0x17 0xe8 0x08 0x31 0x58 0xba                                LDA r16, [p6, #4];                                                                        MOVX r1, #-1;                 MOV r0, #49
	   506    0x00 0x00                                                                        NOPX
	   508    0x00 0x00                                                                        NOPX
	   510    0x00 0x00                                                                        NOPX
	   512    0x00 0x00                                                                        NOPX
.no_stack_arguments
	   514    0x00 0x00 0x00 0x00 0x01 0x04                                                                                                                                              JL #llvm___aie2p___acquire
.delay_slot
.swstall delay_slot
	   520    0x00 0x00                                                                        NOPX
.delay_slot
	   522    0x14 0x20 0x07 0x18                                                                                                                                                        ADD r16, r16, #1
.delay_slot
	   526    0x5e 0xe1 0x58 0xb0 0xfe 0x24                                                                                                                                              LT r27, r11, r16;             ADD.NC r17, r16, #-2
.delay_slot
	   532    0x14 0x21 0x12 0x18                                                                                                                                                        SEL.EQZ r16, r16, r17, r27
.delay_slot
	   536    0xc2 0xc2 0x30 0x00 0x01 0xa5 0x70 0x02                                                                                                      ST r16, [p6, #4];                                           NOPM
.return_address
	   544    0xc2 0xc2 0xd2 0xdd 0x81 0xd4                                                    LDA r16, [p6, #4];                                                                                                      MOV p1, p7
	   550    0x00 0x00                                                                        NOPX
	   552    0x00 0x00                                                                        NOPX
	   554    0x00 0x00                                                                        NOPX
.no_stack_arguments
	   556    0x00 0x00 0x00 0x00 0x01 0x04                                                                                                                                              JL #matmul_vectorized_different_datatypes
.delay_slot
	   562    0x00 0x00 0x04 0xc0 0x00 0x44                                                                                                                                              MOVXM p2, #C_L1L2_11_0_buff_0
.delay_slot
.swstall delay_slot
	   568    0x00 0x00                                                                        NOPX
.delay_slot
	   570    0x12 0xf7 0x07 0x98                                                                                                                                                        EQ r27, r11, r16
.delay_slot
	   574    0x13 0xe0 0xe2 0x18                                                                                                                                                        SEL.EQZ r16, r15, r14, r27
.delay_slot
	   578    0x00 0x2c 0xf0 0x02 0xb6 0x00 0x00 0x43 0x41 0x07 0x00 0x00 0x1c 0x2e            NOPA;                                                       NOPS;                                                       MOV p0, r16;                            NOPV
.return_address
.no_stack_arguments
	   592    0x00 0x21 0x00 0x00 0x00 0x00 0x00 0x00 0x40 0xba                                MOVA r1, #1;                                                                              JL #llvm___aie2p___release
.delay_slot
	   602    0x10 0x00 0xc1 0x18                                                                                                                                                        MOVX r0, #48
.delay_slot
.swstall delay_slot
	   606    0x00 0x00                                                                        NOPX
.delay_slot
.swstall delay_slot
	   608    0x00 0x00                                                                        NOPX
.delay_slot
.swstall delay_slot
	   610    0x00 0x00                                                                        NOPX
.delay_slot
.swstall delay_slot
	   612    0x00 0x2c 0xf0 0x00 0x20 0x00 0x00 0x00 0x00 0xad 0x81 0x36                      NOPA;                         NOPB;                         NOPS;                         NOPX
.return_address
	   624    0xc2 0xc2 0xd0 0x3e 0x17 0xe8 0x08 0x31 0x58 0xba                                LDA r16, [p6, #4];                                                                        MOVX r1, #-1;                 MOV r0, #49
	   634    0x00 0x00                                                                        NOPX
	   636    0x00 0x00                                                                        NOPX
	   638    0x00 0x00                                                                        NOPX
	   640    0x00 0x00                                                                        NOPX
.no_stack_arguments
	   642    0x00 0x00 0x00 0x00 0x01 0x04                                                                                                                                              JL #llvm___aie2p___acquire
.delay_slot
.swstall delay_slot
	   648    0x00 0x00                                                                        NOPX
.delay_slot
	   650    0x14 0x20 0x07 0x18                                                                                                                                                        ADD r16, r16, #1
.delay_slot
	   654    0x5e 0xe1 0x58 0xb0 0xfe 0x24                                                                                                                                              LT r27, r11, r16;             ADD.NC r17, r16, #-2
.delay_slot
	   660    0x14 0x21 0x12 0x18                                                                                                                                                        SEL.EQZ r16, r16, r17, r27
.delay_slot
	   664    0xc2 0xc2 0x30 0x00 0x01 0xa5 0x70 0x02                                                                                                      ST r16, [p6, #4];                                           NOPM
.return_address
	   672    0xc2 0xc2 0xd2 0xdd 0x81 0xd4                                                    LDA r16, [p6, #4];                                                                                                      MOV p1, p7
	   678    0x00 0x00                                                                        NOPX
	   680    0x00 0x00                                                                        NOPX
	   682    0x00 0x00                                                                        NOPX
.no_stack_arguments
	   684    0x00 0x00 0x00 0x00 0x01 0x04                                                                                                                                              JL #matmul_vectorized_different_datatypes
.delay_slot
	   690    0x00 0x00 0x04 0xc0 0x00 0x44                                                                                                                                              MOVXM p2, #C_L1L2_11_0_buff_0
.delay_slot
.swstall delay_slot
	   696    0x00 0x00                                                                        NOPX
.delay_slot
	   698    0x12 0xf7 0x07 0x98                                                                                                                                                        EQ r27, r11, r16
.delay_slot
	   702    0x13 0xe0 0xe2 0x18                                                                                                                                                        SEL.EQZ r16, r15, r14, r27
.delay_slot
	   706    0x00 0x2c 0xf0 0x02 0xb6 0x00 0x00 0x43 0x41 0x07 0x00 0x00 0x1c 0x2e            NOPA;                                                       NOPS;                                                       MOV p0, r16;                            NOPV
.return_address
.no_stack_arguments
	   720    0x00 0x21 0x00 0x00 0x00 0x00 0x00 0x00 0x40 0xba                                MOVA r1, #1;                                                                              JL #llvm___aie2p___release
.delay_slot
	   730    0x10 0x00 0xc1 0x18                                                                                                                                                        MOVX r0, #48
.delay_slot
.swstall delay_slot
	   734    0x00 0x00                                                                        NOPX
.delay_slot
.swstall delay_slot
	   736    0x00 0x00                                                                        NOPX
.delay_slot
.swstall delay_slot
	   738    0x00 0x00                                                                        NOPX
.delay_slot
.swstall delay_slot
	   740    0x00 0x2c 0xf0 0x00 0x20 0x00 0x00 0x00 0x00 0xad 0x81 0x36                      NOPA;                         NOPB;                         NOPS;                         NOPX
.return_address
	   752    0xc2 0xc2 0xd0 0x00 0x06 0x48 0x28 0x01 0x58 0xba                                LDA r16, [p6, #4];                                                                        MOVX r0, #50;                 MOV r1, #1
	   762    0x00 0x00                                                                        NOPX
	   764    0x00 0x00                                                                        NOPX
	   766    0x00 0x00                                                                        NOPX
	   768    0x00 0x00                                                                        NOPX
.no_stack_arguments
	   770    0x00 0x00 0x00 0x00 0x01 0x04                                                                                                                                              JL #llvm___aie2p___release
.delay_slot
.swstall delay_slot
	   776    0x00 0x00                                                                        NOPX
.delay_slot
	   778    0x14 0x20 0x07 0x18                                                                                                                                                        ADD r16, r16, #1
.delay_slot
	   782    0x5e 0xe1 0x58 0xb0 0xfe 0x24                                                                                                                                              LT r27, r11, r16;             ADD.NC r17, r16, #-2
.delay_slot
	   788    0x14 0x21 0x12 0x18                                                                                                                                                        SEL.EQZ r16, r16, r17, r27
.delay_slot
	   792    0xc2 0xc2 0x30 0x00 0x01 0xa5 0x70 0x02                                                                                                      ST r16, [p6, #4];                                           NOPM
.return_address
	   800    0xc0 0xc2 0xd0 0x00 0x00 0x03 0xb0 0x68 0x10 0xba                                LDA r16, [p6];                                                                            MOVXM p7, #(TGT_Fcore_11_2_208 + 0)
	   810    0x00 0x00                                                                        NOPX
	   812    0x00 0x00                                                                        NOPX
	   814    0x00 0x00                                                                        NOPX
	   816    0x00 0x00                                                                        NOPX
	   818    0x12 0x11 0xe0 0x18                                                                                                                                                        JNZD r8, r8, p7
.delay_slot
.swstall delay_slot
	   822    0x00 0x00                                                                        NOPX
.delay_slot
	   824    0x14 0x20 0x07 0x18                                                                                                                                                        ADD r16, r16, #1
.delay_slot
	   828    0x5e 0xe1 0x58 0xb0 0xfe 0x24                                                                                                                                              LT r27, r11, r16;             ADD.NC r17, r16, #-2
.delay_slot
	   834    0x14 0x21 0x12 0x18                                                                                                                                                        SEL.EQZ r16, r16, r17, r27
.delay_slot
	   838    0x0e 0x06 0x11 0x98                                                                                                                          ST r16, [p6]
.loop_nesting 1
	   842    0xfa 0x22 0x20 0x00 0x06 0xaa 0x0e 0x60 0x78 0xba                                LDA r8, [sp, #-48];                                                                       MOVX r0, #53;                 MOV r16, p6
.no_stack_arguments
	   852    0x00 0x21 0x00 0x00 0x00 0x00 0x00 0x00 0x40 0xba                                MOVA r1, #1;                                                                              JL #llvm___aie2p___release
.delay_slot
	   862    0x17 0xd2 0xf9 0x18                                                                                                                                                        MOVX r9, #-2
.delay_slot
	   866    0x1f 0x68 0x7e 0x18                                                                                                                                                                                      ADD.NC p7, r16, #-4
.delay_slot
.swstall delay_slot
	   870    0x00 0x00                                                                        NOPX
.delay_slot
.swstall delay_slot
	   872    0x00 0x00                                                                        NOPX
.delay_slot
.swstall delay_slot
	   874    0x00 0x2c 0xf0 0x00 0x20 0x3c                                                    NOPA;                         NOPB
.return_address
	   880    0xf9 0xc2 0x20 0x11 0x50 0x3a 0x28 0x00 0x58 0xba                                LDA r16, [sp, #-52];                                                                      ADD r21, r8, #1;              MOV r17, #0
	   890    0xde 0xce 0xd7 0xd2 0xb5 0x91 0x24 0xe7 0x08 0x00 0x58 0x76                      LDA r19, [p6, #-4];                                         ST r21, [sp, #-48];           LTU r18, r8, r9;              MOV r24, #0
	   902    0x00 0x00                                                                        NOPX
	   904    0x00 0x00                                                                        NOPX
	   906    0x00 0x00                                                                        NOPX
	   908    0x00 0x00                                                                        NOPX
	   910    0x00 0x00                                                                        NOPX
	   912    0x14 0x2a 0xd0 0x18                                                                                                                                                        EQZ r21, r16
	   916    0x15 0x65 0x24 0x98                                                                                                                                                        AND r18, r21, r18
	   920    0x14 0x63 0x25 0x98                                                                                                                                                        OR r17, r17, r18
	   924    0x88 0x00 0x40 0x40 0x01 0x84                                                                                                                                              JNZ r17, #TGT_Fcore_11_2_128
.delay_slot
	   930    0x7f 0xff 0xfa 0x3f 0xfc 0x44                                                                                                                                              MOVXM r20, #2147483646
.delay_slot
	   936    0x15 0x29 0x3c 0x98                                                                                                                                                        LTU r20, r20, r19
.delay_slot
	   940    0x16 0x21 0x02 0x98                                                                                                                                                        ADC r16, r24, r16
.delay_slot
	   944    0x14 0xe7 0x40 0x98                                                                                                                                                        ADD r19, r19, r20
.delay_slot
	   948    0x0f 0x1e 0x71 0x98                                                                                                                          ST r19, [p7], #4
.loop_nesting 0
	   952    0x07 0xd4 0x39 0x18                                                              LDA lr, [sp, #-44]
	   956    0x07 0xd9 0x11 0x18                                                              LDA r8, [sp, #-40]
	   960    0x07 0xdd 0x31 0x18                                                              LDA r9, [sp, #-36]
	   964    0x07 0xe1 0x51 0x18                                                              LDA r10, [sp, #-32]
	   968    0x07 0xe9 0x71 0x18                                                              LDA r11, [sp, #-24]
	   972    0x07 0xf1 0x91 0x18                                                              LDA r12, [sp, #-16]
	   976    0x07 0xf5 0xb1 0x18                                                              LDA r13, [sp, #-12]
	   980    0x07 0xf9 0xd1 0x18                                                              LDA r14, [sp, #-8]
	   984    0x07 0xfd 0xf1 0x18                                                              LDA r15, [sp, #-4]
	   988    0x07 0xe7 0x19 0x18                                                              LDA p6, [sp, #-28]
	   992    0x07 0xef 0x99 0x18                                                              LDA p7, [sp, #-20]
	   996    0x10 0x28 0x00 0x18                                                                                                                                                        RET lr
.delay_slot
	  1000    0xff 0xf8 0x00 0x00 0x01 0xc4                                                                                                                                              PADDXM [sp], #-64
.delay_slot
.swstall delay_slot
	  1006    0x00 0x00                                                                        NOPX
.delay_slot
.swstall delay_slot
	  1008    0x00 0x00                                                                        NOPX
.delay_slot
.swstall delay_slot
	  1010    0x00 0x00                                                                        NOPX
.label core_11_2__end last
.delay_slot
.swstall delay_slot
	  1012    0x00 0x00                                                                        NOPX

.undef global data _anonymous11

.undef global data C_L1L2_11_0_buff_0

.undef global data B_L2L1_11_cons_buff_0

.undef global data B_L2L1_11_cons_buff_1

.undef global data A_L2L1_0_11_cons_buff_0

.undef global data A_L2L1_0_11_cons_buff_1

.undef global text llvm___aie2p___acquire

.undef global text zero_kernel_bf16

.undef global text matmul_vectorized_different_datatypes

.undef global text llvm___aie2p___release

.text_segment_name
.text global 10 core_10_2
.function_start
	     0    0x00 0x18 0x02 0x9c 0x8b 0x00 0x02 0x00 0x00 0x00 0x70 0x76                      MOVA r24, #0;                                               MOVS p2, p7;                  PADDXM [sp], #64
	    12    0x00 0x10 0x07 0xd3 0x15 0x80 0x00 0x03 0xb0 0x00 0x10 0x76                      MOVA r16, #0;                                               ST r24, [sp, #-48];           MOVXM p7, #_anonymous10
	    24    0xe3 0xe2 0x30 0x00 0xab 0xd0 0x70 0x02                                                                                                      ST r24, [p7], #4;                                           MOV r5, r15
	    32    0xe0 0xe2 0x30 0x00 0x8b 0x90 0x70 0x02                                                                                                      ST r24, [p7];                                               MOV r4, r14
	    40    0xff 0x96 0xb0 0x00 0x6b 0x50 0x70 0x02                                                                                                      ST r5, [sp, #-4];                                           MOV r3, r13
	    48    0xff 0x12 0xb0 0x00 0x4b 0x10 0x70 0x02                                                                                                      ST r4, [sp, #-8];                                           MOV r2, r12
	    56    0xfe 0x8e 0xb0 0x00 0xb0 0x28 0x2a 0xd0 0x79 0x3a                                                                                            ST r3, [sp, #-12];            MOVX r11, #1;                 MOV r1, r11
	    66    0xfe 0x0a 0xb0 0x00 0x0a 0x90 0x70 0x02                                                                                                      ST r2, [sp, #-16];                                          MOV r0, r10
	    74    0xfd 0x06 0xb0 0x00 0x00 0x01 0xc8 0x00 0x11 0x3a                                                                                            ST r1, [sp, #-24];            MOVXM r14, #A_L2L1_0_10_cons_buff_1
	    84    0xfc 0x02 0xb0 0x00 0x00 0x01 0xe8 0x00 0x11 0x3a                                                                                            ST r0, [sp, #-32];            MOVXM r15, #A_L2L1_0_10_cons_buff_0
	    94    0x0f 0xdd 0x35 0x98                                                                                                                          ST r9, [sp, #-36]
	    98    0x0f 0xd9 0x15 0x98                                                                                                                          ST r8, [sp, #-40]
	   102    0x0f 0xed 0x1d 0x98                                                                                                                          ST p2, [sp, #-20]
	   106    0x0f 0xe7 0x1d 0x98                                                                                                                          ST p6, [sp, #-28]
	   110    0x0f 0xd4 0x3d 0x98                                                                                                                          ST lr, [sp, #-44]
	   114    0x00 0x2c 0xfe 0x2e 0x23 0x00 0x00 0x40 0x1a 0x57 0x00 0x00 0x1c 0x2e            NOPA;                                                       ST r24, [p7, #4];                                           NOPM;                                   NOPV
.label TGT_Fcore_10_2_128
.loop_nesting 1
.no_stack_arguments
	   128    0x06 0x80 0x07 0xce 0x15 0x80 0x00 0x00 0x00 0x00 0x40 0x76                      MOVA r0, #52;                                               ST r16, [sp, #-52];           JL #llvm___aie2p___acquire
.delay_slot
	   140    0x1e 0x6e 0xc0 0xf8                                                                                                                                                                                      MOV p6, p7
.delay_slot
	   144    0x17 0xc2 0xfd 0x18                                                                                                                                                        MOVX r1, #-1
.delay_slot
.swstall delay_slot
	   148    0x00 0x00                                                                        NOPX
.delay_slot
.swstall delay_slot
	   150    0x00 0x00                                                                        NOPX
.delay_slot
.swstall delay_slot
	   152    0x00 0x2c 0xf0 0x04 0x00 0x00 0x1c 0x22                                          NOPA;                                                                                                                                                           NOPV
.return_address
.no_stack_arguments
	   160    0x00 0x00 0x00 0x00 0x01 0x04                                                                                                                                              JL #zero_kernel_bf16
.delay_slot
	   166    0x00 0x00 0x00 0xc0 0x00 0x44                                                                                                                                              MOVXM p0, #C_L1L2_10_0_buff_0
.delay_slot
.swstall delay_slot
	   172    0x00 0x00                                                                        NOPX
.delay_slot
.swstall delay_slot
	   174    0x00 0x00                                                                        NOPX
.delay_slot
.swstall delay_slot
	   176    0x00 0x00                                                                        NOPX
.delay_slot
.swstall delay_slot
	   178    0x00 0x2c 0xf0 0x02 0xb6 0x00 0x00 0x40 0x1a 0x57 0x00 0x00 0x1c 0x2e            NOPA;                                                       NOPS;                                                       NOPM;                                   NOPV
.return_address
	   192    0x00 0x2c 0xf0 0x00 0x20 0x01 0x5b 0x00 0x81 0xe8 0x01 0xa5 0x78 0x00 0x00 0xe1  NOPA;                         NOPB;                         NOPS;                         MOVX r8, #15;                 NOPM;                                   NOPV
.label TGT_Fcore_10_2_208
.loop_nesting 2
.no_stack_arguments
	   208    0x06 0x60 0x00 0x00 0x00 0x00 0x00 0x00 0x40 0xba                                MOVA r0, #51;                                                                             JL #llvm___aie2p___acquire
.delay_slot
	   218    0x17 0xc2 0xfd 0x18                                                                                                                                                        MOVX r1, #-1
.delay_slot
.swstall delay_slot
	   222    0x00 0x00                                                                        NOPX
.delay_slot
.swstall delay_slot
	   224    0x00 0x00                                                                        NOPX
.delay_slot
.swstall delay_slot
	   226    0x00 0x00                                                                        NOPX
.delay_slot
.swstall delay_slot
	   228    0x00 0x2c 0xf0 0x00 0x20 0x00 0x00 0x00 0x00 0xad 0x81 0x36                      NOPA;                         NOPB;                         NOPS;                         NOPX
.return_address
	   240    0xc0 0xca 0xd0 0x3e 0x17 0xe8 0x08 0x31 0x58 0xba                                LDA r18, [p6];                                                                            MOVX r1, #-1;                 MOV r0, #49
	   250    0x00 0x00                                                                        NOPX
	   252    0x00 0x00                                                                        NOPX
.no_stack_arguments
	   254    0x00 0x00 0x00 0x00 0x01 0x04                                                                                                                                              JL #llvm___aie2p___acquire
.delay_slot
	   260    0x00 0x00 0x08 0x20 0x00 0x44                                                                                                                                              MOVXM r16, #B_L2L1_10_cons_buff_1
.delay_slot
	   266    0x00 0x00 0x08 0xa0 0x00 0x44                                                                                                                                              MOVXM r17, #B_L2L1_10_cons_buff_0
.delay_slot
.swstall delay_slot
	   272    0x00 0x00                                                                        NOPX
.delay_slot
	   274    0x12 0xf7 0x27 0x98                                                                                                                                                        EQ r27, r11, r18
.delay_slot
	   278    0x00 0x2c 0xf0 0x01 0x5b 0x00 0x04 0x53 0x02 0x7a                                NOPA;                                                       NOPS;                         SEL.EQZ r9, r17, r16, r27
.return_address
	   288    0xc2 0xc2 0xd2 0xc9 0x41 0xd4                                                    LDA r16, [p6, #4];                                                                                                      MOV p1, r9
	   294    0x1f 0x62 0xc0 0xf8                                                                                                                                                                                      MOV p7, p1
	   298    0x00 0x00                                                                        NOPX
	   300    0x00 0x00                                                                        NOPX
.no_stack_arguments
	   302    0x00 0x00 0x00 0x00 0x01 0x04                                                                                                                                              JL #matmul_vectorized_different_datatypes
.delay_slot
	   308    0x00 0x00 0x04 0xc0 0x00 0x44                                                                                                                                              MOVXM p2, #C_L1L2_10_0_buff_0
.delay_slot
.swstall delay_slot
	   314    0x00 0x00                                                                        NOPX
.delay_slot
	   316    0x12 0xf7 0x07 0x98                                                                                                                                                        EQ r27, r11, r16
.delay_slot
	   320    0x13 0xe0 0xe2 0x18                                                                                                                                                        SEL.EQZ r16, r15, r14, r27
.delay_slot
	   324    0x00 0x2c 0xf0 0x00 0x20 0x01 0x5b 0x00 0x34 0x10 0x70 0xf6                      NOPA;                         NOPB;                         NOPS;                                                       MOV p0, r16
.return_address
.no_stack_arguments
	   336    0x00 0x21 0x00 0x00 0x00 0x00 0x00 0x00 0x40 0xba                                MOVA r1, #1;                                                                              JL #llvm___aie2p___release
.delay_slot
	   346    0x10 0x00 0xc1 0x18                                                                                                                                                        MOVX r0, #48
.delay_slot
.swstall delay_slot
	   350    0x00 0x00                                                                        NOPX
.delay_slot
.swstall delay_slot
	   352    0x00 0x00                                                                        NOPX
.delay_slot
.swstall delay_slot
	   354    0x00 0x00                                                                        NOPX
.delay_slot
.swstall delay_slot
	   356    0x00 0x2c 0xf0 0x00 0x20 0x00 0x00 0x00 0x00 0xad 0x81 0x36                      NOPA;                         NOPB;                         NOPS;                         NOPX
.return_address
	   368    0xc2 0xc2 0xd0 0x3e 0x17 0xe8 0x08 0x31 0x58 0xba                                LDA r16, [p6, #4];                                                                        MOVX r1, #-1;                 MOV r0, #49
	   378    0x00 0x00                                                                        NOPX
	   380    0x00 0x00                                                                        NOPX
	   382    0x00 0x00                                                                        NOPX
	   384    0x00 0x00                                                                        NOPX
.no_stack_arguments
	   386    0x00 0x00 0x00 0x00 0x01 0x04                                                                                                                                              JL #llvm___aie2p___acquire
.delay_slot
.swstall delay_slot
	   392    0x00 0x00                                                                        NOPX
.delay_slot
	   394    0x14 0x20 0x07 0x18                                                                                                                                                        ADD r16, r16, #1
.delay_slot
	   398    0x5e 0xe1 0x58 0xb0 0xfe 0x24                                                                                                                                              LT r27, r11, r16;             ADD.NC r17, r16, #-2
.delay_slot
	   404    0x14 0x21 0x12 0x18                                                                                                                                                        SEL.EQZ r16, r16, r17, r27
.delay_slot
	   408    0xc2 0xc2 0x30 0x00 0x01 0xa5 0x70 0x02                                                                                                      ST r16, [p6, #4];                                           NOPM
.return_address
	   416    0xc2 0xc2 0xd2 0xdd 0x81 0xd4                                                    LDA r16, [p6, #4];                                                                                                      MOV p1, p7
	   422    0x00 0x00                                                                        NOPX
	   424    0x00 0x00                                                                        NOPX
	   426    0x00 0x00                                                                        NOPX
.no_stack_arguments
	   428    0x00 0x00 0x00 0x00 0x01 0x04                                                                                                                                              JL #matmul_vectorized_different_datatypes
.delay_slot
	   434    0x00 0x00 0x04 0xc0 0x00 0x44                                                                                                                                              MOVXM p2, #C_L1L2_10_0_buff_0
.delay_slot
.swstall delay_slot
	   440    0x00 0x00                                                                        NOPX
.delay_slot
	   442    0x12 0xf7 0x07 0x98                                                                                                                                                        EQ r27, r11, r16
.delay_slot
	   446    0x13 0xe0 0xe2 0x18                                                                                                                                                        SEL.EQZ r16, r15, r14, r27
.delay_slot
	   450    0x00 0x2c 0xf0 0x02 0xb6 0x00 0x00 0x43 0x41 0x07 0x00 0x00 0x1c 0x2e            NOPA;                                                       NOPS;                                                       MOV p0, r16;                            NOPV
.return_address
.no_stack_arguments
	   464    0x00 0x21 0x00 0x00 0x00 0x00 0x00 0x00 0x40 0xba                                MOVA r1, #1;                                                                              JL #llvm___aie2p___release
.delay_slot
	   474    0x10 0x00 0xc1 0x18                                                                                                                                                        MOVX r0, #48
.delay_slot
.swstall delay_slot
	   478    0x00 0x00                                                                        NOPX
.delay_slot
.swstall delay_slot
	   480    0x00 0x00                                                                        NOPX
.delay_slot
.swstall delay_slot
	   482    0x00 0x00                                                                        NOPX
.delay_slot
.swstall delay_slot
	   484    0x00 0x2c 0xf0 0x00 0x20 0x00 0x00 0x00 0x00 0xad 0x81 0x36                      NOPA;                         NOPB;                         NOPS;                         NOPX
.return_address
	   496    0xc2 0xc2 0xd0 0x3e 0x17 0xe8 0x08 0x31 0x58 0xba                                LDA r16, [p6, #4];                                                                        MOVX r1, #-1;                 MOV r0, #49
	   506    0x00 0x00                                                                        NOPX
	   508    0x00 0x00                                                                        NOPX
	   510    0x00 0x00                                                                        NOPX
	   512    0x00 0x00                                                                        NOPX
.no_stack_arguments
	   514    0x00 0x00 0x00 0x00 0x01 0x04                                                                                                                                              JL #llvm___aie2p___acquire
.delay_slot
.swstall delay_slot
	   520    0x00 0x00                                                                        NOPX
.delay_slot
	   522    0x14 0x20 0x07 0x18                                                                                                                                                        ADD r16, r16, #1
.delay_slot
	   526    0x5e 0xe1 0x58 0xb0 0xfe 0x24                                                                                                                                              LT r27, r11, r16;             ADD.NC r17, r16, #-2
.delay_slot
	   532    0x14 0x21 0x12 0x18                                                                                                                                                        SEL.EQZ r16, r16, r17, r27
.delay_slot
	   536    0xc2 0xc2 0x30 0x00 0x01 0xa5 0x70 0x02                                                                                                      ST r16, [p6, #4];                                           NOPM
.return_address
	   544    0xc2 0xc2 0xd2 0xdd 0x81 0xd4                                                    LDA r16, [p6, #4];                                                                                                      MOV p1, p7
	   550    0x00 0x00                                                                        NOPX
	   552    0x00 0x00                                                                        NOPX
	   554    0x00 0x00                                                                        NOPX
.no_stack_arguments
	   556    0x00 0x00 0x00 0x00 0x01 0x04                                                                                                                                              JL #matmul_vectorized_different_datatypes
.delay_slot
	   562    0x00 0x00 0x04 0xc0 0x00 0x44                                                                                                                                              MOVXM p2, #C_L1L2_10_0_buff_0
.delay_slot
.swstall delay_slot
	   568    0x00 0x00                                                                        NOPX
.delay_slot
	   570    0x12 0xf7 0x07 0x98                                                                                                                                                        EQ r27, r11, r16
.delay_slot
	   574    0x13 0xe0 0xe2 0x18                                                                                                                                                        SEL.EQZ r16, r15, r14, r27
.delay_slot
	   578    0x00 0x2c 0xf0 0x02 0xb6 0x00 0x00 0x43 0x41 0x07 0x00 0x00 0x1c 0x2e            NOPA;                                                       NOPS;                                                       MOV p0, r16;                            NOPV
.return_address
.no_stack_arguments
	   592    0x00 0x21 0x00 0x00 0x00 0x00 0x00 0x00 0x40 0xba                                MOVA r1, #1;                                                                              JL #llvm___aie2p___release
.delay_slot
	   602    0x10 0x00 0xc1 0x18                                                                                                                                                        MOVX r0, #48
.delay_slot
.swstall delay_slot
	   606    0x00 0x00                                                                        NOPX
.delay_slot
.swstall delay_slot
	   608    0x00 0x00                                                                        NOPX
.delay_slot
.swstall delay_slot
	   610    0x00 0x00                                                                        NOPX
.delay_slot
.swstall delay_slot
	   612    0x00 0x2c 0xf0 0x00 0x20 0x00 0x00 0x00 0x00 0xad 0x81 0x36                      NOPA;                         NOPB;                         NOPS;                         NOPX
.return_address
	   624    0xc2 0xc2 0xd0 0x3e 0x17 0xe8 0x08 0x31 0x58 0xba                                LDA r16, [p6, #4];                                                                        MOVX r1, #-1;                 MOV r0, #49
	   634    0x00 0x00                                                                        NOPX
	   636    0x00 0x00                                                                        NOPX
	   638    0x00 0x00                                                                        NOPX
	   640    0x00 0x00                                                                        NOPX
.no_stack_arguments
	   642    0x00 0x00 0x00 0x00 0x01 0x04                                                                                                                                              JL #llvm___aie2p___acquire
.delay_slot
.swstall delay_slot
	   648    0x00 0x00                                                                        NOPX
.delay_slot
	   650    0x14 0x20 0x07 0x18                                                                                                                                                        ADD r16, r16, #1
.delay_slot
	   654    0x5e 0xe1 0x58 0xb0 0xfe 0x24                                                                                                                                              LT r27, r11, r16;             ADD.NC r17, r16, #-2
.delay_slot
	   660    0x14 0x21 0x12 0x18                                                                                                                                                        SEL.EQZ r16, r16, r17, r27
.delay_slot
	   664    0xc2 0xc2 0x30 0x00 0x01 0xa5 0x70 0x02                                                                                                      ST r16, [p6, #4];                                           NOPM
.return_address
	   672    0xc2 0xc2 0xd2 0xdd 0x81 0xd4                                                    LDA r16, [p6, #4];                                                                                                      MOV p1, p7
	   678    0x00 0x00                                                                        NOPX
	   680    0x00 0x00                                                                        NOPX
	   682    0x00 0x00                                                                        NOPX
.no_stack_arguments
	   684    0x00 0x00 0x00 0x00 0x01 0x04                                                                                                                                              JL #matmul_vectorized_different_datatypes
.delay_slot
	   690    0x00 0x00 0x04 0xc0 0x00 0x44                                                                                                                                              MOVXM p2, #C_L1L2_10_0_buff_0
.delay_slot
.swstall delay_slot
	   696    0x00 0x00                                                                        NOPX
.delay_slot
	   698    0x12 0xf7 0x07 0x98                                                                                                                                                        EQ r27, r11, r16
.delay_slot
	   702    0x13 0xe0 0xe2 0x18                                                                                                                                                        SEL.EQZ r16, r15, r14, r27
.delay_slot
	   706    0x00 0x2c 0xf0 0x02 0xb6 0x00 0x00 0x43 0x41 0x07 0x00 0x00 0x1c 0x2e            NOPA;                                                       NOPS;                                                       MOV p0, r16;                            NOPV
.return_address
.no_stack_arguments
	   720    0x00 0x21 0x00 0x00 0x00 0x00 0x00 0x00 0x40 0xba                                MOVA r1, #1;                                                                              JL #llvm___aie2p___release
.delay_slot
	   730    0x10 0x00 0xc1 0x18                                                                                                                                                        MOVX r0, #48
.delay_slot
.swstall delay_slot
	   734    0x00 0x00                                                                        NOPX
.delay_slot
.swstall delay_slot
	   736    0x00 0x00                                                                        NOPX
.delay_slot
.swstall delay_slot
	   738    0x00 0x00                                                                        NOPX
.delay_slot
.swstall delay_slot
	   740    0x00 0x2c 0xf0 0x00 0x20 0x00 0x00 0x00 0x00 0xad 0x81 0x36                      NOPA;                         NOPB;                         NOPS;                         NOPX
.return_address
	   752    0xc2 0xc2 0xd0 0x00 0x06 0x48 0x28 0x01 0x58 0xba                                LDA r16, [p6, #4];                                                                        MOVX r0, #50;                 MOV r1, #1
	   762    0x00 0x00                                                                        NOPX
	   764    0x00 0x00                                                                        NOPX
	   766    0x00 0x00                                                                        NOPX
	   768    0x00 0x00                                                                        NOPX
.no_stack_arguments
	   770    0x00 0x00 0x00 0x00 0x01 0x04                                                                                                                                              JL #llvm___aie2p___release
.delay_slot
.swstall delay_slot
	   776    0x00 0x00                                                                        NOPX
.delay_slot
	   778    0x14 0x20 0x07 0x18                                                                                                                                                        ADD r16, r16, #1
.delay_slot
	   782    0x5e 0xe1 0x58 0xb0 0xfe 0x24                                                                                                                                              LT r27, r11, r16;             ADD.NC r17, r16, #-2
.delay_slot
	   788    0x14 0x21 0x12 0x18                                                                                                                                                        SEL.EQZ r16, r16, r17, r27
.delay_slot
	   792    0xc2 0xc2 0x30 0x00 0x01 0xa5 0x70 0x02                                                                                                      ST r16, [p6, #4];                                           NOPM
.return_address
	   800    0xc0 0xc2 0xd0 0x00 0x00 0x03 0xb0 0x68 0x10 0xba                                LDA r16, [p6];                                                                            MOVXM p7, #(TGT_Fcore_10_2_208 + 0)
	   810    0x00 0x00                                                                        NOPX
	   812    0x00 0x00                                                                        NOPX
	   814    0x00 0x00                                                                        NOPX
	   816    0x00 0x00                                                                        NOPX
	   818    0x12 0x11 0xe0 0x18                                                                                                                                                        JNZD r8, r8, p7
.delay_slot
.swstall delay_slot
	   822    0x00 0x00                                                                        NOPX
.delay_slot
	   824    0x14 0x20 0x07 0x18                                                                                                                                                        ADD r16, r16, #1
.delay_slot
	   828    0x5e 0xe1 0x58 0xb0 0xfe 0x24                                                                                                                                              LT r27, r11, r16;             ADD.NC r17, r16, #-2
.delay_slot
	   834    0x14 0x21 0x12 0x18                                                                                                                                                        SEL.EQZ r16, r16, r17, r27
.delay_slot
	   838    0x0e 0x06 0x11 0x98                                                                                                                          ST r16, [p6]
.loop_nesting 1
	   842    0xfa 0x22 0x20 0x00 0x06 0xaa 0x0e 0x60 0x78 0xba                                LDA r8, [sp, #-48];                                                                       MOVX r0, #53;                 MOV r16, p6
.no_stack_arguments
	   852    0x00 0x21 0x00 0x00 0x00 0x00 0x00 0x00 0x40 0xba                                MOVA r1, #1;                                                                              JL #llvm___aie2p___release
.delay_slot
	   862    0x17 0xd2 0xf9 0x18                                                                                                                                                        MOVX r9, #-2
.delay_slot
	   866    0x1f 0x68 0x7e 0x18                                                                                                                                                                                      ADD.NC p7, r16, #-4
.delay_slot
.swstall delay_slot
	   870    0x00 0x00                                                                        NOPX
.delay_slot
.swstall delay_slot
	   872    0x00 0x00                                                                        NOPX
.delay_slot
.swstall delay_slot
	   874    0x00 0x2c 0xf0 0x00 0x20 0x3c                                                    NOPA;                         NOPB
.return_address
	   880    0xf9 0xc2 0x20 0x11 0x50 0x3a 0x28 0x00 0x58 0xba                                LDA r16, [sp, #-52];                                                                      ADD r21, r8, #1;              MOV r17, #0
	   890    0xde 0xce 0xd7 0xd2 0xb5 0x91 0x24 0xe7 0x08 0x00 0x58 0x76                      LDA r19, [p6, #-4];                                         ST r21, [sp, #-48];           LTU r18, r8, r9;              MOV r24, #0
	   902    0x00 0x00                                                                        NOPX
	   904    0x00 0x00                                                                        NOPX
	   906    0x00 0x00                                                                        NOPX
	   908    0x00 0x00                                                                        NOPX
	   910    0x00 0x00                                                                        NOPX
	   912    0x14 0x2a 0xd0 0x18                                                                                                                                                        EQZ r21, r16
	   916    0x15 0x65 0x24 0x98                                                                                                                                                        AND r18, r21, r18
	   920    0x14 0x63 0x25 0x98                                                                                                                                                        OR r17, r17, r18
	   924    0x88 0x00 0x40 0x40 0x01 0x84                                                                                                                                              JNZ r17, #TGT_Fcore_10_2_128
.delay_slot
	   930    0x7f 0xff 0xfa 0x3f 0xfc 0x44                                                                                                                                              MOVXM r20, #2147483646
.delay_slot
	   936    0x15 0x29 0x3c 0x98                                                                                                                                                        LTU r20, r20, r19
.delay_slot
	   940    0x16 0x21 0x02 0x98                                                                                                                                                        ADC r16, r24, r16
.delay_slot
	   944    0x14 0xe7 0x40 0x98                                                                                                                                                        ADD r19, r19, r20
.delay_slot
	   948    0x0f 0x1e 0x71 0x98                                                                                                                          ST r19, [p7], #4
.loop_nesting 0
	   952    0x07 0xd4 0x39 0x18                                                              LDA lr, [sp, #-44]
	   956    0x07 0xd9 0x11 0x18                                                              LDA r8, [sp, #-40]
	   960    0x07 0xdd 0x31 0x18                                                              LDA r9, [sp, #-36]
	   964    0x07 0xe1 0x51 0x18                                                              LDA r10, [sp, #-32]
	   968    0x07 0xe9 0x71 0x18                                                              LDA r11, [sp, #-24]
	   972    0x07 0xf1 0x91 0x18                                                              LDA r12, [sp, #-16]
	   976    0x07 0xf5 0xb1 0x18                                                              LDA r13, [sp, #-12]
	   980    0x07 0xf9 0xd1 0x18                                                              LDA r14, [sp, #-8]
	   984    0x07 0xfd 0xf1 0x18                                                              LDA r15, [sp, #-4]
	   988    0x07 0xe7 0x19 0x18                                                              LDA p6, [sp, #-28]
	   992    0x07 0xef 0x99 0x18                                                              LDA p7, [sp, #-20]
	   996    0x10 0x28 0x00 0x18                                                                                                                                                        RET lr
.delay_slot
	  1000    0xff 0xf8 0x00 0x00 0x01 0xc4                                                                                                                                              PADDXM [sp], #-64
.delay_slot
.swstall delay_slot
	  1006    0x00 0x00                                                                        NOPX
.delay_slot
.swstall delay_slot
	  1008    0x00 0x00                                                                        NOPX
.delay_slot
.swstall delay_slot
	  1010    0x00 0x00                                                                        NOPX
.label core_10_2__end last
.delay_slot
.swstall delay_slot
	  1012    0x00 0x00                                                                        NOPX

.undef global data _anonymous10

.undef global data C_L1L2_10_0_buff_0

.undef global data B_L2L1_10_cons_buff_0

.undef global data B_L2L1_10_cons_buff_1

.undef global data A_L2L1_0_10_cons_buff_0

.undef global data A_L2L1_0_10_cons_buff_1

.undef global text llvm___aie2p___acquire

.undef global text zero_kernel_bf16

.undef global text matmul_vectorized_different_datatypes

.undef global text llvm___aie2p___release

.text_segment_name
.text global 10 core_9_2
.function_start
	     0    0x00 0x18 0x02 0x9c 0x8b 0x00 0x02 0x00 0x00 0x00 0x70 0x76                      MOVA r24, #0;                                               MOVS p2, p7;                  PADDXM [sp], #64
	    12    0x00 0x10 0x07 0xd3 0x15 0x80 0x00 0x03 0xb0 0x00 0x10 0x76                      MOVA r16, #0;                                               ST r24, [sp, #-48];           MOVXM p7, #_anonymous9
	    24    0xe3 0xe2 0x30 0x00 0xab 0xd0 0x70 0x02                                                                                                      ST r24, [p7], #4;                                           MOV r5, r15
	    32    0xe0 0xe2 0x30 0x00 0x8b 0x90 0x70 0x02                                                                                                      ST r24, [p7];                                               MOV r4, r14
	    40    0xff 0x96 0xb0 0x00 0x6b 0x50 0x70 0x02                                                                                                      ST r5, [sp, #-4];                                           MOV r3, r13
	    48    0xff 0x12 0xb0 0x00 0x4b 0x10 0x70 0x02                                                                                                      ST r4, [sp, #-8];                                           MOV r2, r12
	    56    0xfe 0x8e 0xb0 0x00 0xb0 0x28 0x2a 0xd0 0x79 0x3a                                                                                            ST r3, [sp, #-12];            MOVX r11, #1;                 MOV r1, r11
	    66    0xfe 0x0a 0xb0 0x00 0x0a 0x90 0x70 0x02                                                                                                      ST r2, [sp, #-16];                                          MOV r0, r10
	    74    0xfd 0x06 0xb0 0x00 0x00 0x01 0xc8 0x00 0x11 0x3a                                                                                            ST r1, [sp, #-24];            MOVXM r14, #A_L2L1_0_9_cons_buff_1
	    84    0xfc 0x02 0xb0 0x00 0x00 0x01 0xe8 0x00 0x11 0x3a                                                                                            ST r0, [sp, #-32];            MOVXM r15, #A_L2L1_0_9_cons_buff_0
	    94    0x0f 0xdd 0x35 0x98                                                                                                                          ST r9, [sp, #-36]
	    98    0x0f 0xd9 0x15 0x98                                                                                                                          ST r8, [sp, #-40]
	   102    0x0f 0xed 0x1d 0x98                                                                                                                          ST p2, [sp, #-20]
	   106    0x0f 0xe7 0x1d 0x98                                                                                                                          ST p6, [sp, #-28]
	   110    0x0f 0xd4 0x3d 0x98                                                                                                                          ST lr, [sp, #-44]
	   114    0x00 0x2c 0xfe 0x2e 0x23 0x00 0x00 0x40 0x1a 0x57 0x00 0x00 0x1c 0x2e            NOPA;                                                       ST r24, [p7, #4];                                           NOPM;                                   NOPV
.label TGT_Fcore_9_2_128
.loop_nesting 1
.no_stack_arguments
	   128    0x06 0x80 0x07 0xce 0x15 0x80 0x00 0x00 0x00 0x00 0x40 0x76                      MOVA r0, #52;                                               ST r16, [sp, #-52];           JL #llvm___aie2p___acquire
.delay_slot
	   140    0x1e 0x6e 0xc0 0xf8                                                                                                                                                                                      MOV p6, p7
.delay_slot
	   144    0x17 0xc2 0xfd 0x18                                                                                                                                                        MOVX r1, #-1
.delay_slot
.swstall delay_slot
	   148    0x00 0x00                                                                        NOPX
.delay_slot
.swstall delay_slot
	   150    0x00 0x00                                                                        NOPX
.delay_slot
.swstall delay_slot
	   152    0x00 0x2c 0xf0 0x04 0x00 0x00 0x1c 0x22                                          NOPA;                                                                                                                                                           NOPV
.return_address
.no_stack_arguments
	   160    0x00 0x00 0x00 0x00 0x01 0x04                                                                                                                                              JL #zero_kernel_bf16
.delay_slot
	   166    0x00 0x00 0x00 0xc0 0x00 0x44                                                                                                                                              MOVXM p0, #C_L1L2_9_0_buff_0
.delay_slot
.swstall delay_slot
	   172    0x00 0x00                                                                        NOPX
.delay_slot
.swstall delay_slot
	   174    0x00 0x00                                                                        NOPX
.delay_slot
.swstall delay_slot
	   176    0x00 0x00                                                                        NOPX
.delay_slot
.swstall delay_slot
	   178    0x00 0x2c 0xf0 0x02 0xb6 0x00 0x00 0x40 0x1a 0x57 0x00 0x00 0x1c 0x2e            NOPA;                                                       NOPS;                                                       NOPM;                                   NOPV
.return_address
	   192    0x00 0x2c 0xf0 0x00 0x20 0x01 0x5b 0x00 0x81 0xe8 0x01 0xa5 0x78 0x00 0x00 0xe1  NOPA;                         NOPB;                         NOPS;                         MOVX r8, #15;                 NOPM;                                   NOPV
.label TGT_Fcore_9_2_208
.loop_nesting 2
.no_stack_arguments
	   208    0x06 0x60 0x00 0x00 0x00 0x00 0x00 0x00 0x40 0xba                                MOVA r0, #51;                                                                             JL #llvm___aie2p___acquire
.delay_slot
	   218    0x17 0xc2 0xfd 0x18                                                                                                                                                        MOVX r1, #-1
.delay_slot
.swstall delay_slot
	   222    0x00 0x00                                                                        NOPX
.delay_slot
.swstall delay_slot
	   224    0x00 0x00                                                                        NOPX
.delay_slot
.swstall delay_slot
	   226    0x00 0x00                                                                        NOPX
.delay_slot
.swstall delay_slot
	   228    0x00 0x2c 0xf0 0x00 0x20 0x00 0x00 0x00 0x00 0xad 0x81 0x36                      NOPA;                         NOPB;                         NOPS;                         NOPX
.return_address
	   240    0xc0 0xca 0xd0 0x3e 0x17 0xe8 0x08 0x31 0x58 0xba                                LDA r18, [p6];                                                                            MOVX r1, #-1;                 MOV r0, #49
	   250    0x00 0x00                                                                        NOPX
	   252    0x00 0x00                                                                        NOPX
.no_stack_arguments
	   254    0x00 0x00 0x00 0x00 0x01 0x04                                                                                                                                              JL #llvm___aie2p___acquire
.delay_slot
	   260    0x00 0x00 0x08 0x20 0x00 0x44                                                                                                                                              MOVXM r16, #B_L2L1_9_cons_buff_1
.delay_slot
	   266    0x00 0x00 0x08 0xa0 0x00 0x44                                                                                                                                              MOVXM r17, #B_L2L1_9_cons_buff_0
.delay_slot
.swstall delay_slot
	   272    0x00 0x00                                                                        NOPX
.delay_slot
	   274    0x12 0xf7 0x27 0x98                                                                                                                                                        EQ r27, r11, r18
.delay_slot
	   278    0x00 0x2c 0xf0 0x01 0x5b 0x00 0x04 0x53 0x02 0x7a                                NOPA;                                                       NOPS;                         SEL.EQZ r9, r17, r16, r27
.return_address
	   288    0xc2 0xc2 0xd2 0xc9 0x41 0xd4                                                    LDA r16, [p6, #4];                                                                                                      MOV p1, r9
	   294    0x1f 0x62 0xc0 0xf8                                                                                                                                                                                      MOV p7, p1
	   298    0x00 0x00                                                                        NOPX
	   300    0x00 0x00                                                                        NOPX
.no_stack_arguments
	   302    0x00 0x00 0x00 0x00 0x01 0x04                                                                                                                                              JL #matmul_vectorized_different_datatypes
.delay_slot
	   308    0x00 0x00 0x04 0xc0 0x00 0x44                                                                                                                                              MOVXM p2, #C_L1L2_9_0_buff_0
.delay_slot
.swstall delay_slot
	   314    0x00 0x00                                                                        NOPX
.delay_slot
	   316    0x12 0xf7 0x07 0x98                                                                                                                                                        EQ r27, r11, r16
.delay_slot
	   320    0x13 0xe0 0xe2 0x18                                                                                                                                                        SEL.EQZ r16, r15, r14, r27
.delay_slot
	   324    0x00 0x2c 0xf0 0x00 0x20 0x01 0x5b 0x00 0x34 0x10 0x70 0xf6                      NOPA;                         NOPB;                         NOPS;                                                       MOV p0, r16
.return_address
.no_stack_arguments
	   336    0x00 0x21 0x00 0x00 0x00 0x00 0x00 0x00 0x40 0xba                                MOVA r1, #1;                                                                              JL #llvm___aie2p___release
.delay_slot
	   346    0x10 0x00 0xc1 0x18                                                                                                                                                        MOVX r0, #48
.delay_slot
.swstall delay_slot
	   350    0x00 0x00                                                                        NOPX
.delay_slot
.swstall delay_slot
	   352    0x00 0x00                                                                        NOPX
.delay_slot
.swstall delay_slot
	   354    0x00 0x00                                                                        NOPX
.delay_slot
.swstall delay_slot
	   356    0x00 0x2c 0xf0 0x00 0x20 0x00 0x00 0x00 0x00 0xad 0x81 0x36                      NOPA;                         NOPB;                         NOPS;                         NOPX
.return_address
	   368    0xc2 0xc2 0xd0 0x3e 0x17 0xe8 0x08 0x31 0x58 0xba                                LDA r16, [p6, #4];                                                                        MOVX r1, #-1;                 MOV r0, #49
	   378    0x00 0x00                                                                        NOPX
	   380    0x00 0x00                                                                        NOPX
	   382    0x00 0x00                                                                        NOPX
	   384    0x00 0x00                                                                        NOPX
.no_stack_arguments
	   386    0x00 0x00 0x00 0x00 0x01 0x04                                                                                                                                              JL #llvm___aie2p___acquire
.delay_slot
.swstall delay_slot
	   392    0x00 0x00                                                                        NOPX
.delay_slot
	   394    0x14 0x20 0x07 0x18                                                                                                                                                        ADD r16, r16, #1
.delay_slot
	   398    0x5e 0xe1 0x58 0xb0 0xfe 0x24                                                                                                                                              LT r27, r11, r16;             ADD.NC r17, r16, #-2
.delay_slot
	   404    0x14 0x21 0x12 0x18                                                                                                                                                        SEL.EQZ r16, r16, r17, r27
.delay_slot
	   408    0xc2 0xc2 0x30 0x00 0x01 0xa5 0x70 0x02                                                                                                      ST r16, [p6, #4];                                           NOPM
.return_address
	   416    0xc2 0xc2 0xd2 0xdd 0x81 0xd4                                                    LDA r16, [p6, #4];                                                                                                      MOV p1, p7
	   422    0x00 0x00                                                                        NOPX
	   424    0x00 0x00                                                                        NOPX
	   426    0x00 0x00                                                                        NOPX
.no_stack_arguments
	   428    0x00 0x00 0x00 0x00 0x01 0x04                                                                                                                                              JL #matmul_vectorized_different_datatypes
.delay_slot
	   434    0x00 0x00 0x04 0xc0 0x00 0x44                                                                                                                                              MOVXM p2, #C_L1L2_9_0_buff_0
.delay_slot
.swstall delay_slot
	   440    0x00 0x00                                                                        NOPX
.delay_slot
	   442    0x12 0xf7 0x07 0x98                                                                                                                                                        EQ r27, r11, r16
.delay_slot
	   446    0x13 0xe0 0xe2 0x18                                                                                                                                                        SEL.EQZ r16, r15, r14, r27
.delay_slot
	   450    0x00 0x2c 0xf0 0x02 0xb6 0x00 0x00 0x43 0x41 0x07 0x00 0x00 0x1c 0x2e            NOPA;                                                       NOPS;                                                       MOV p0, r16;                            NOPV
.return_address
.no_stack_arguments
	   464    0x00 0x21 0x00 0x00 0x00 0x00 0x00 0x00 0x40 0xba                                MOVA r1, #1;                                                                              JL #llvm___aie2p___release
.delay_slot
	   474    0x10 0x00 0xc1 0x18                                                                                                                                                        MOVX r0, #48
.delay_slot
.swstall delay_slot
	   478    0x00 0x00                                                                        NOPX
.delay_slot
.swstall delay_slot
	   480    0x00 0x00                                                                        NOPX
.delay_slot
.swstall delay_slot
	   482    0x00 0x00                                                                        NOPX
.delay_slot
.swstall delay_slot
	   484    0x00 0x2c 0xf0 0x00 0x20 0x00 0x00 0x00 0x00 0xad 0x81 0x36                      NOPA;                         NOPB;                         NOPS;                         NOPX
.return_address
	   496    0xc2 0xc2 0xd0 0x3e 0x17 0xe8 0x08 0x31 0x58 0xba                                LDA r16, [p6, #4];                                                                        MOVX r1, #-1;                 MOV r0, #49
	   506    0x00 0x00                                                                        NOPX
	   508    0x00 0x00                                                                        NOPX
	   510    0x00 0x00                                                                        NOPX
	   512    0x00 0x00                                                                        NOPX
.no_stack_arguments
	   514    0x00 0x00 0x00 0x00 0x01 0x04                                                                                                                                              JL #llvm___aie2p___acquire
.delay_slot
.swstall delay_slot
	   520    0x00 0x00                                                                        NOPX
.delay_slot
	   522    0x14 0x20 0x07 0x18                                                                                                                                                        ADD r16, r16, #1
.delay_slot
	   526    0x5e 0xe1 0x58 0xb0 0xfe 0x24                                                                                                                                              LT r27, r11, r16;             ADD.NC r17, r16, #-2
.delay_slot
	   532    0x14 0x21 0x12 0x18                                                                                                                                                        SEL.EQZ r16, r16, r17, r27
.delay_slot
	   536    0xc2 0xc2 0x30 0x00 0x01 0xa5 0x70 0x02                                                                                                      ST r16, [p6, #4];                                           NOPM
.return_address
	   544    0xc2 0xc2 0xd2 0xdd 0x81 0xd4                                                    LDA r16, [p6, #4];                                                                                                      MOV p1, p7
	   550    0x00 0x00                                                                        NOPX
	   552    0x00 0x00                                                                        NOPX
	   554    0x00 0x00                                                                        NOPX
.no_stack_arguments
	   556    0x00 0x00 0x00 0x00 0x01 0x04                                                                                                                                              JL #matmul_vectorized_different_datatypes
.delay_slot
	   562    0x00 0x00 0x04 0xc0 0x00 0x44                                                                                                                                              MOVXM p2, #C_L1L2_9_0_buff_0
.delay_slot
.swstall delay_slot
	   568    0x00 0x00                                                                        NOPX
.delay_slot
	   570    0x12 0xf7 0x07 0x98                                                                                                                                                        EQ r27, r11, r16
.delay_slot
	   574    0x13 0xe0 0xe2 0x18                                                                                                                                                        SEL.EQZ r16, r15, r14, r27
.delay_slot
	   578    0x00 0x2c 0xf0 0x02 0xb6 0x00 0x00 0x43 0x41 0x07 0x00 0x00 0x1c 0x2e            NOPA;                                                       NOPS;                                                       MOV p0, r16;                            NOPV
.return_address
.no_stack_arguments
	   592    0x00 0x21 0x00 0x00 0x00 0x00 0x00 0x00 0x40 0xba                                MOVA r1, #1;                                                                              JL #llvm___aie2p___release
.delay_slot
	   602    0x10 0x00 0xc1 0x18                                                                                                                                                        MOVX r0, #48
.delay_slot
.swstall delay_slot
	   606    0x00 0x00                                                                        NOPX
.delay_slot
.swstall delay_slot
	   608    0x00 0x00                                                                        NOPX
.delay_slot
.swstall delay_slot
	   610    0x00 0x00                                                                        NOPX
.delay_slot
.swstall delay_slot
	   612    0x00 0x2c 0xf0 0x00 0x20 0x00 0x00 0x00 0x00 0xad 0x81 0x36                      NOPA;                         NOPB;                         NOPS;                         NOPX
.return_address
	   624    0xc2 0xc2 0xd0 0x3e 0x17 0xe8 0x08 0x31 0x58 0xba                                LDA r16, [p6, #4];                                                                        MOVX r1, #-1;                 MOV r0, #49
	   634    0x00 0x00                                                                        NOPX
	   636    0x00 0x00                                                                        NOPX
	   638    0x00 0x00                                                                        NOPX
	   640    0x00 0x00                                                                        NOPX
.no_stack_arguments
	   642    0x00 0x00 0x00 0x00 0x01 0x04                                                                                                                                              JL #llvm___aie2p___acquire
.delay_slot
.swstall delay_slot
	   648    0x00 0x00                                                                        NOPX
.delay_slot
	   650    0x14 0x20 0x07 0x18                                                                                                                                                        ADD r16, r16, #1
.delay_slot
	   654    0x5e 0xe1 0x58 0xb0 0xfe 0x24                                                                                                                                              LT r27, r11, r16;             ADD.NC r17, r16, #-2
.delay_slot
	   660    0x14 0x21 0x12 0x18                                                                                                                                                        SEL.EQZ r16, r16, r17, r27
.delay_slot
	   664    0xc2 0xc2 0x30 0x00 0x01 0xa5 0x70 0x02                                                                                                      ST r16, [p6, #4];                                           NOPM
.return_address
	   672    0xc2 0xc2 0xd2 0xdd 0x81 0xd4                                                    LDA r16, [p6, #4];                                                                                                      MOV p1, p7
	   678    0x00 0x00                                                                        NOPX
	   680    0x00 0x00                                                                        NOPX
	   682    0x00 0x00                                                                        NOPX
.no_stack_arguments
	   684    0x00 0x00 0x00 0x00 0x01 0x04                                                                                                                                              JL #matmul_vectorized_different_datatypes
.delay_slot
	   690    0x00 0x00 0x04 0xc0 0x00 0x44                                                                                                                                              MOVXM p2, #C_L1L2_9_0_buff_0
.delay_slot
.swstall delay_slot
	   696    0x00 0x00                                                                        NOPX
.delay_slot
	   698    0x12 0xf7 0x07 0x98                                                                                                                                                        EQ r27, r11, r16
.delay_slot
	   702    0x13 0xe0 0xe2 0x18                                                                                                                                                        SEL.EQZ r16, r15, r14, r27
.delay_slot
	   706    0x00 0x2c 0xf0 0x02 0xb6 0x00 0x00 0x43 0x41 0x07 0x00 0x00 0x1c 0x2e            NOPA;                                                       NOPS;                                                       MOV p0, r16;                            NOPV
.return_address
.no_stack_arguments
	   720    0x00 0x21 0x00 0x00 0x00 0x00 0x00 0x00 0x40 0xba                                MOVA r1, #1;                                                                              JL #llvm___aie2p___release
.delay_slot
	   730    0x10 0x00 0xc1 0x18                                                                                                                                                        MOVX r0, #48
.delay_slot
.swstall delay_slot
	   734    0x00 0x00                                                                        NOPX
.delay_slot
.swstall delay_slot
	   736    0x00 0x00                                                                        NOPX
.delay_slot
.swstall delay_slot
	   738    0x00 0x00                                                                        NOPX
.delay_slot
.swstall delay_slot
	   740    0x00 0x2c 0xf0 0x00 0x20 0x00 0x00 0x00 0x00 0xad 0x81 0x36                      NOPA;                         NOPB;                         NOPS;                         NOPX
.return_address
	   752    0xc2 0xc2 0xd0 0x00 0x06 0x48 0x28 0x01 0x58 0xba                                LDA r16, [p6, #4];                                                                        MOVX r0, #50;                 MOV r1, #1
	   762    0x00 0x00                                                                        NOPX
	   764    0x00 0x00                                                                        NOPX
	   766    0x00 0x00                                                                        NOPX
	   768    0x00 0x00                                                                        NOPX
.no_stack_arguments
	   770    0x00 0x00 0x00 0x00 0x01 0x04                                                                                                                                              JL #llvm___aie2p___release
.delay_slot
.swstall delay_slot
	   776    0x00 0x00                                                                        NOPX
.delay_slot
	   778    0x14 0x20 0x07 0x18                                                                                                                                                        ADD r16, r16, #1
.delay_slot
	   782    0x5e 0xe1 0x58 0xb0 0xfe 0x24                                                                                                                                              LT r27, r11, r16;             ADD.NC r17, r16, #-2
.delay_slot
	   788    0x14 0x21 0x12 0x18                                                                                                                                                        SEL.EQZ r16, r16, r17, r27
.delay_slot
	   792    0xc2 0xc2 0x30 0x00 0x01 0xa5 0x70 0x02                                                                                                      ST r16, [p6, #4];                                           NOPM
.return_address
	   800    0xc0 0xc2 0xd0 0x00 0x00 0x03 0xb0 0x68 0x10 0xba                                LDA r16, [p6];                                                                            MOVXM p7, #(TGT_Fcore_9_2_208 + 0)
	   810    0x00 0x00                                                                        NOPX
	   812    0x00 0x00                                                                        NOPX
	   814    0x00 0x00                                                                        NOPX
	   816    0x00 0x00                                                                        NOPX
	   818    0x12 0x11 0xe0 0x18                                                                                                                                                        JNZD r8, r8, p7
.delay_slot
.swstall delay_slot
	   822    0x00 0x00                                                                        NOPX
.delay_slot
	   824    0x14 0x20 0x07 0x18                                                                                                                                                        ADD r16, r16, #1
.delay_slot
	   828    0x5e 0xe1 0x58 0xb0 0xfe 0x24                                                                                                                                              LT r27, r11, r16;             ADD.NC r17, r16, #-2
.delay_slot
	   834    0x14 0x21 0x12 0x18                                                                                                                                                        SEL.EQZ r16, r16, r17, r27
.delay_slot
	   838    0x0e 0x06 0x11 0x98                                                                                                                          ST r16, [p6]
.loop_nesting 1
	   842    0xfa 0x22 0x20 0x00 0x06 0xaa 0x0e 0x60 0x78 0xba                                LDA r8, [sp, #-48];                                                                       MOVX r0, #53;                 MOV r16, p6
.no_stack_arguments
	   852    0x00 0x21 0x00 0x00 0x00 0x00 0x00 0x00 0x40 0xba                                MOVA r1, #1;                                                                              JL #llvm___aie2p___release
.delay_slot
	   862    0x17 0xd2 0xf9 0x18                                                                                                                                                        MOVX r9, #-2
.delay_slot
	   866    0x1f 0x68 0x7e 0x18                                                                                                                                                                                      ADD.NC p7, r16, #-4
.delay_slot
.swstall delay_slot
	   870    0x00 0x00                                                                        NOPX
.delay_slot
.swstall delay_slot
	   872    0x00 0x00                                                                        NOPX
.delay_slot
.swstall delay_slot
	   874    0x00 0x2c 0xf0 0x00 0x20 0x3c                                                    NOPA;                         NOPB
.return_address
	   880    0xf9 0xc2 0x20 0x11 0x50 0x3a 0x28 0x00 0x58 0xba                                LDA r16, [sp, #-52];                                                                      ADD r21, r8, #1;              MOV r17, #0
	   890    0xde 0xce 0xd7 0xd2 0xb5 0x91 0x24 0xe7 0x08 0x00 0x58 0x76                      LDA r19, [p6, #-4];                                         ST r21, [sp, #-48];           LTU r18, r8, r9;              MOV r24, #0
	   902    0x00 0x00                                                                        NOPX
	   904    0x00 0x00                                                                        NOPX
	   906    0x00 0x00                                                                        NOPX
	   908    0x00 0x00                                                                        NOPX
	   910    0x00 0x00                                                                        NOPX
	   912    0x14 0x2a 0xd0 0x18                                                                                                                                                        EQZ r21, r16
	   916    0x15 0x65 0x24 0x98                                                                                                                                                        AND r18, r21, r18
	   920    0x14 0x63 0x25 0x98                                                                                                                                                        OR r17, r17, r18
	   924    0x88 0x00 0x40 0x40 0x01 0x84                                                                                                                                              JNZ r17, #TGT_Fcore_9_2_128
.delay_slot
	   930    0x7f 0xff 0xfa 0x3f 0xfc 0x44                                                                                                                                              MOVXM r20, #2147483646
.delay_slot
	   936    0x15 0x29 0x3c 0x98                                                                                                                                                        LTU r20, r20, r19
.delay_slot
	   940    0x16 0x21 0x02 0x98                                                                                                                                                        ADC r16, r24, r16
.delay_slot
	   944    0x14 0xe7 0x40 0x98                                                                                                                                                        ADD r19, r19, r20
.delay_slot
	   948    0x0f 0x1e 0x71 0x98                                                                                                                          ST r19, [p7], #4
.loop_nesting 0
	   952    0x07 0xd4 0x39 0x18                                                              LDA lr, [sp, #-44]
	   956    0x07 0xd9 0x11 0x18                                                              LDA r8, [sp, #-40]
	   960    0x07 0xdd 0x31 0x18                                                              LDA r9, [sp, #-36]
	   964    0x07 0xe1 0x51 0x18                                                              LDA r10, [sp, #-32]
	   968    0x07 0xe9 0x71 0x18                                                              LDA r11, [sp, #-24]
	   972    0x07 0xf1 0x91 0x18                                                              LDA r12, [sp, #-16]
	   976    0x07 0xf5 0xb1 0x18                                                              LDA r13, [sp, #-12]
	   980    0x07 0xf9 0xd1 0x18                                                              LDA r14, [sp, #-8]
	   984    0x07 0xfd 0xf1 0x18                                                              LDA r15, [sp, #-4]
	   988    0x07 0xe7 0x19 0x18                                                              LDA p6, [sp, #-28]
	   992    0x07 0xef 0x99 0x18                                                              LDA p7, [sp, #-20]
	   996    0x10 0x28 0x00 0x18                                                                                                                                                        RET lr
.delay_slot
	  1000    0xff 0xf8 0x00 0x00 0x01 0xc4                                                                                                                                              PADDXM [sp], #-64
.delay_slot
.swstall delay_slot
	  1006    0x00 0x00                                                                        NOPX
.delay_slot
.swstall delay_slot
	  1008    0x00 0x00                                                                        NOPX
.delay_slot
.swstall delay_slot
	  1010    0x00 0x00                                                                        NOPX
.label core_9_2__end last
.delay_slot
.swstall delay_slot
	  1012    0x00 0x00                                                                        NOPX

.undef global data _anonymous9

.undef global data C_L1L2_9_0_buff_0

.undef global data B_L2L1_9_cons_buff_0

.undef global data B_L2L1_9_cons_buff_1

.undef global data A_L2L1_0_9_cons_buff_0

.undef global data A_L2L1_0_9_cons_buff_1

.undef global text llvm___aie2p___acquire

.undef global text zero_kernel_bf16

.undef global text matmul_vectorized_different_datatypes

.undef global text llvm___aie2p___release

.text_segment_name
.text global 10 core_8_2
.function_start
	     0    0x00 0x18 0x02 0x9c 0x8b 0x00 0x02 0x00 0x00 0x00 0x70 0x76                      MOVA r24, #0;                                               MOVS p2, p7;                  PADDXM [sp], #64
	    12    0x00 0x10 0x07 0xd3 0x15 0x80 0x00 0x03 0xb0 0x00 0x10 0x76                      MOVA r16, #0;                                               ST r24, [sp, #-48];           MOVXM p7, #_anonymous8
	    24    0xe3 0xe2 0x30 0x00 0xab 0xd0 0x70 0x02                                                                                                      ST r24, [p7], #4;                                           MOV r5, r15
	    32    0xe0 0xe2 0x30 0x00 0x8b 0x90 0x70 0x02                                                                                                      ST r24, [p7];                                               MOV r4, r14
	    40    0xff 0x96 0xb0 0x00 0x6b 0x50 0x70 0x02                                                                                                      ST r5, [sp, #-4];                                           MOV r3, r13
	    48    0xff 0x12 0xb0 0x00 0x4b 0x10 0x70 0x02                                                                                                      ST r4, [sp, #-8];                                           MOV r2, r12
	    56    0xfe 0x8e 0xb0 0x00 0xb0 0x28 0x2a 0xd0 0x79 0x3a                                                                                            ST r3, [sp, #-12];            MOVX r11, #1;                 MOV r1, r11
	    66    0xfe 0x0a 0xb0 0x00 0x0a 0x90 0x70 0x02                                                                                                      ST r2, [sp, #-16];                                          MOV r0, r10
	    74    0xfd 0x06 0xb0 0x00 0x00 0x01 0xc8 0x00 0x11 0x3a                                                                                            ST r1, [sp, #-24];            MOVXM r14, #A_L2L1_0_8_cons_buff_1
	    84    0xfc 0x02 0xb0 0x00 0x00 0x01 0xe8 0x00 0x11 0x3a                                                                                            ST r0, [sp, #-32];            MOVXM r15, #A_L2L1_0_8_cons_buff_0
	    94    0x0f 0xdd 0x35 0x98                                                                                                                          ST r9, [sp, #-36]
	    98    0x0f 0xd9 0x15 0x98                                                                                                                          ST r8, [sp, #-40]
	   102    0x0f 0xed 0x1d 0x98                                                                                                                          ST p2, [sp, #-20]
	   106    0x0f 0xe7 0x1d 0x98                                                                                                                          ST p6, [sp, #-28]
	   110    0x0f 0xd4 0x3d 0x98                                                                                                                          ST lr, [sp, #-44]
	   114    0x00 0x2c 0xfe 0x2e 0x23 0x00 0x00 0x40 0x1a 0x57 0x00 0x00 0x1c 0x2e            NOPA;                                                       ST r24, [p7, #4];                                           NOPM;                                   NOPV
.label TGT_Fcore_8_2_128
.loop_nesting 1
.no_stack_arguments
	   128    0x06 0x80 0x07 0xce 0x15 0x80 0x00 0x00 0x00 0x00 0x40 0x76                      MOVA r0, #52;                                               ST r16, [sp, #-52];           JL #llvm___aie2p___acquire
.delay_slot
	   140    0x1e 0x6e 0xc0 0xf8                                                                                                                                                                                      MOV p6, p7
.delay_slot
	   144    0x17 0xc2 0xfd 0x18                                                                                                                                                        MOVX r1, #-1
.delay_slot
.swstall delay_slot
	   148    0x00 0x00                                                                        NOPX
.delay_slot
.swstall delay_slot
	   150    0x00 0x00                                                                        NOPX
.delay_slot
.swstall delay_slot
	   152    0x00 0x2c 0xf0 0x04 0x00 0x00 0x1c 0x22                                          NOPA;                                                                                                                                                           NOPV
.return_address
.no_stack_arguments
	   160    0x00 0x00 0x00 0x00 0x01 0x04                                                                                                                                              JL #zero_kernel_bf16
.delay_slot
	   166    0x00 0x00 0x00 0xc0 0x00 0x44                                                                                                                                              MOVXM p0, #C_L1L2_8_0_buff_0
.delay_slot
.swstall delay_slot
	   172    0x00 0x00                                                                        NOPX
.delay_slot
.swstall delay_slot
	   174    0x00 0x00                                                                        NOPX
.delay_slot
.swstall delay_slot
	   176    0x00 0x00                                                                        NOPX
.delay_slot
.swstall delay_slot
	   178    0x00 0x2c 0xf0 0x02 0xb6 0x00 0x00 0x40 0x1a 0x57 0x00 0x00 0x1c 0x2e            NOPA;                                                       NOPS;                                                       NOPM;                                   NOPV
.return_address
	   192    0x00 0x2c 0xf0 0x00 0x20 0x01 0x5b 0x00 0x81 0xe8 0x01 0xa5 0x78 0x00 0x00 0xe1  NOPA;                         NOPB;                         NOPS;                         MOVX r8, #15;                 NOPM;                                   NOPV
.label TGT_Fcore_8_2_208
.loop_nesting 2
.no_stack_arguments
	   208    0x06 0x60 0x00 0x00 0x00 0x00 0x00 0x00 0x40 0xba                                MOVA r0, #51;                                                                             JL #llvm___aie2p___acquire
.delay_slot
	   218    0x17 0xc2 0xfd 0x18                                                                                                                                                        MOVX r1, #-1
.delay_slot
.swstall delay_slot
	   222    0x00 0x00                                                                        NOPX
.delay_slot
.swstall delay_slot
	   224    0x00 0x00                                                                        NOPX
.delay_slot
.swstall delay_slot
	   226    0x00 0x00                                                                        NOPX
.delay_slot
.swstall delay_slot
	   228    0x00 0x2c 0xf0 0x00 0x20 0x00 0x00 0x00 0x00 0xad 0x81 0x36                      NOPA;                         NOPB;                         NOPS;                         NOPX
.return_address
	   240    0xc0 0xca 0xd0 0x3e 0x17 0xe8 0x08 0x31 0x58 0xba                                LDA r18, [p6];                                                                            MOVX r1, #-1;                 MOV r0, #49
	   250    0x00 0x00                                                                        NOPX
	   252    0x00 0x00                                                                        NOPX
.no_stack_arguments
	   254    0x00 0x00 0x00 0x00 0x01 0x04                                                                                                                                              JL #llvm___aie2p___acquire
.delay_slot
	   260    0x00 0x00 0x08 0x20 0x00 0x44                                                                                                                                              MOVXM r16, #B_L2L1_8_cons_buff_1
.delay_slot
	   266    0x00 0x00 0x08 0xa0 0x00 0x44                                                                                                                                              MOVXM r17, #B_L2L1_8_cons_buff_0
.delay_slot
.swstall delay_slot
	   272    0x00 0x00                                                                        NOPX
.delay_slot
	   274    0x12 0xf7 0x27 0x98                                                                                                                                                        EQ r27, r11, r18
.delay_slot
	   278    0x00 0x2c 0xf0 0x01 0x5b 0x00 0x04 0x53 0x02 0x7a                                NOPA;                                                       NOPS;                         SEL.EQZ r9, r17, r16, r27
.return_address
	   288    0xc2 0xc2 0xd2 0xc9 0x41 0xd4                                                    LDA r16, [p6, #4];                                                                                                      MOV p1, r9
	   294    0x1f 0x62 0xc0 0xf8                                                                                                                                                                                      MOV p7, p1
	   298    0x00 0x00                                                                        NOPX
	   300    0x00 0x00                                                                        NOPX
.no_stack_arguments
	   302    0x00 0x00 0x00 0x00 0x01 0x04                                                                                                                                              JL #matmul_vectorized_different_datatypes
.delay_slot
	   308    0x00 0x00 0x04 0xc0 0x00 0x44                                                                                                                                              MOVXM p2, #C_L1L2_8_0_buff_0
.delay_slot
.swstall delay_slot
	   314    0x00 0x00                                                                        NOPX
.delay_slot
	   316    0x12 0xf7 0x07 0x98                                                                                                                                                        EQ r27, r11, r16
.delay_slot
	   320    0x13 0xe0 0xe2 0x18                                                                                                                                                        SEL.EQZ r16, r15, r14, r27
.delay_slot
	   324    0x00 0x2c 0xf0 0x00 0x20 0x01 0x5b 0x00 0x34 0x10 0x70 0xf6                      NOPA;                         NOPB;                         NOPS;                                                       MOV p0, r16
.return_address
.no_stack_arguments
	   336    0x00 0x21 0x00 0x00 0x00 0x00 0x00 0x00 0x40 0xba                                MOVA r1, #1;                                                                              JL #llvm___aie2p___release
.delay_slot
	   346    0x10 0x00 0xc1 0x18                                                                                                                                                        MOVX r0, #48
.delay_slot
.swstall delay_slot
	   350    0x00 0x00                                                                        NOPX
.delay_slot
.swstall delay_slot
	   352    0x00 0x00                                                                        NOPX
.delay_slot
.swstall delay_slot
	   354    0x00 0x00                                                                        NOPX
.delay_slot
.swstall delay_slot
	   356    0x00 0x2c 0xf0 0x00 0x20 0x00 0x00 0x00 0x00 0xad 0x81 0x36                      NOPA;                         NOPB;                         NOPS;                         NOPX
.return_address
	   368    0xc2 0xc2 0xd0 0x3e 0x17 0xe8 0x08 0x31 0x58 0xba                                LDA r16, [p6, #4];                                                                        MOVX r1, #-1;                 MOV r0, #49
	   378    0x00 0x00                                                                        NOPX
	   380    0x00 0x00                                                                        NOPX
	   382    0x00 0x00                                                                        NOPX
	   384    0x00 0x00                                                                        NOPX
.no_stack_arguments
	   386    0x00 0x00 0x00 0x00 0x01 0x04                                                                                                                                              JL #llvm___aie2p___acquire
.delay_slot
.swstall delay_slot
	   392    0x00 0x00                                                                        NOPX
.delay_slot
	   394    0x14 0x20 0x07 0x18                                                                                                                                                        ADD r16, r16, #1
.delay_slot
	   398    0x5e 0xe1 0x58 0xb0 0xfe 0x24                                                                                                                                              LT r27, r11, r16;             ADD.NC r17, r16, #-2
.delay_slot
	   404    0x14 0x21 0x12 0x18                                                                                                                                                        SEL.EQZ r16, r16, r17, r27
.delay_slot
	   408    0xc2 0xc2 0x30 0x00 0x01 0xa5 0x70 0x02                                                                                                      ST r16, [p6, #4];                                           NOPM
.return_address
	   416    0xc2 0xc2 0xd2 0xdd 0x81 0xd4                                                    LDA r16, [p6, #4];                                                                                                      MOV p1, p7
	   422    0x00 0x00                                                                        NOPX
	   424    0x00 0x00                                                                        NOPX
	   426    0x00 0x00                                                                        NOPX
.no_stack_arguments
	   428    0x00 0x00 0x00 0x00 0x01 0x04                                                                                                                                              JL #matmul_vectorized_different_datatypes
.delay_slot
	   434    0x00 0x00 0x04 0xc0 0x00 0x44                                                                                                                                              MOVXM p2, #C_L1L2_8_0_buff_0
.delay_slot
.swstall delay_slot
	   440    0x00 0x00                                                                        NOPX
.delay_slot
	   442    0x12 0xf7 0x07 0x98                                                                                                                                                        EQ r27, r11, r16
.delay_slot
	   446    0x13 0xe0 0xe2 0x18                                                                                                                                                        SEL.EQZ r16, r15, r14, r27
.delay_slot
	   450    0x00 0x2c 0xf0 0x02 0xb6 0x00 0x00 0x43 0x41 0x07 0x00 0x00 0x1c 0x2e            NOPA;                                                       NOPS;                                                       MOV p0, r16;                            NOPV
.return_address
.no_stack_arguments
	   464    0x00 0x21 0x00 0x00 0x00 0x00 0x00 0x00 0x40 0xba                                MOVA r1, #1;                                                                              JL #llvm___aie2p___release
.delay_slot
	   474    0x10 0x00 0xc1 0x18                                                                                                                                                        MOVX r0, #48
.delay_slot
.swstall delay_slot
	   478    0x00 0x00                                                                        NOPX
.delay_slot
.swstall delay_slot
	   480    0x00 0x00                                                                        NOPX
.delay_slot
.swstall delay_slot
	   482    0x00 0x00                                                                        NOPX
.delay_slot
.swstall delay_slot
	   484    0x00 0x2c 0xf0 0x00 0x20 0x00 0x00 0x00 0x00 0xad 0x81 0x36                      NOPA;                         NOPB;                         NOPS;                         NOPX
.return_address
	   496    0xc2 0xc2 0xd0 0x3e 0x17 0xe8 0x08 0x31 0x58 0xba                                LDA r16, [p6, #4];                                                                        MOVX r1, #-1;                 MOV r0, #49
	   506    0x00 0x00                                                                        NOPX
	   508    0x00 0x00                                                                        NOPX
	   510    0x00 0x00                                                                        NOPX
	   512    0x00 0x00                                                                        NOPX
.no_stack_arguments
	   514    0x00 0x00 0x00 0x00 0x01 0x04                                                                                                                                              JL #llvm___aie2p___acquire
.delay_slot
.swstall delay_slot
	   520    0x00 0x00                                                                        NOPX
.delay_slot
	   522    0x14 0x20 0x07 0x18                                                                                                                                                        ADD r16, r16, #1
.delay_slot
	   526    0x5e 0xe1 0x58 0xb0 0xfe 0x24                                                                                                                                              LT r27, r11, r16;             ADD.NC r17, r16, #-2
.delay_slot
	   532    0x14 0x21 0x12 0x18                                                                                                                                                        SEL.EQZ r16, r16, r17, r27
.delay_slot
	   536    0xc2 0xc2 0x30 0x00 0x01 0xa5 0x70 0x02                                                                                                      ST r16, [p6, #4];                                           NOPM
.return_address
	   544    0xc2 0xc2 0xd2 0xdd 0x81 0xd4                                                    LDA r16, [p6, #4];                                                                                                      MOV p1, p7
	   550    0x00 0x00                                                                        NOPX
	   552    0x00 0x00                                                                        NOPX
	   554    0x00 0x00                                                                        NOPX
.no_stack_arguments
	   556    0x00 0x00 0x00 0x00 0x01 0x04                                                                                                                                              JL #matmul_vectorized_different_datatypes
.delay_slot
	   562    0x00 0x00 0x04 0xc0 0x00 0x44                                                                                                                                              MOVXM p2, #C_L1L2_8_0_buff_0
.delay_slot
.swstall delay_slot
	   568    0x00 0x00                                                                        NOPX
.delay_slot
	   570    0x12 0xf7 0x07 0x98                                                                                                                                                        EQ r27, r11, r16
.delay_slot
	   574    0x13 0xe0 0xe2 0x18                                                                                                                                                        SEL.EQZ r16, r15, r14, r27
.delay_slot
	   578    0x00 0x2c 0xf0 0x02 0xb6 0x00 0x00 0x43 0x41 0x07 0x00 0x00 0x1c 0x2e            NOPA;                                                       NOPS;                                                       MOV p0, r16;                            NOPV
.return_address
.no_stack_arguments
	   592    0x00 0x21 0x00 0x00 0x00 0x00 0x00 0x00 0x40 0xba                                MOVA r1, #1;                                                                              JL #llvm___aie2p___release
.delay_slot
	   602    0x10 0x00 0xc1 0x18                                                                                                                                                        MOVX r0, #48
.delay_slot
.swstall delay_slot
	   606    0x00 0x00                                                                        NOPX
.delay_slot
.swstall delay_slot
	   608    0x00 0x00                                                                        NOPX
.delay_slot
.swstall delay_slot
	   610    0x00 0x00                                                                        NOPX
.delay_slot
.swstall delay_slot
	   612    0x00 0x2c 0xf0 0x00 0x20 0x00 0x00 0x00 0x00 0xad 0x81 0x36                      NOPA;                         NOPB;                         NOPS;                         NOPX
.return_address
	   624    0xc2 0xc2 0xd0 0x3e 0x17 0xe8 0x08 0x31 0x58 0xba                                LDA r16, [p6, #4];                                                                        MOVX r1, #-1;                 MOV r0, #49
	   634    0x00 0x00                                                                        NOPX
	   636    0x00 0x00                                                                        NOPX
	   638    0x00 0x00                                                                        NOPX
	   640    0x00 0x00                                                                        NOPX
.no_stack_arguments
	   642    0x00 0x00 0x00 0x00 0x01 0x04                                                                                                                                              JL #llvm___aie2p___acquire
.delay_slot
.swstall delay_slot
	   648    0x00 0x00                                                                        NOPX
.delay_slot
	   650    0x14 0x20 0x07 0x18                                                                                                                                                        ADD r16, r16, #1
.delay_slot
	   654    0x5e 0xe1 0x58 0xb0 0xfe 0x24                                                                                                                                              LT r27, r11, r16;             ADD.NC r17, r16, #-2
.delay_slot
	   660    0x14 0x21 0x12 0x18                                                                                                                                                        SEL.EQZ r16, r16, r17, r27
.delay_slot
	   664    0xc2 0xc2 0x30 0x00 0x01 0xa5 0x70 0x02                                                                                                      ST r16, [p6, #4];                                           NOPM
.return_address
	   672    0xc2 0xc2 0xd2 0xdd 0x81 0xd4                                                    LDA r16, [p6, #4];                                                                                                      MOV p1, p7
	   678    0x00 0x00                                                                        NOPX
	   680    0x00 0x00                                                                        NOPX
	   682    0x00 0x00                                                                        NOPX
.no_stack_arguments
	   684    0x00 0x00 0x00 0x00 0x01 0x04                                                                                                                                              JL #matmul_vectorized_different_datatypes
.delay_slot
	   690    0x00 0x00 0x04 0xc0 0x00 0x44                                                                                                                                              MOVXM p2, #C_L1L2_8_0_buff_0
.delay_slot
.swstall delay_slot
	   696    0x00 0x00                                                                        NOPX
.delay_slot
	   698    0x12 0xf7 0x07 0x98                                                                                                                                                        EQ r27, r11, r16
.delay_slot
	   702    0x13 0xe0 0xe2 0x18                                                                                                                                                        SEL.EQZ r16, r15, r14, r27
.delay_slot
	   706    0x00 0x2c 0xf0 0x02 0xb6 0x00 0x00 0x43 0x41 0x07 0x00 0x00 0x1c 0x2e            NOPA;                                                       NOPS;                                                       MOV p0, r16;                            NOPV
.return_address
.no_stack_arguments
	   720    0x00 0x21 0x00 0x00 0x00 0x00 0x00 0x00 0x40 0xba                                MOVA r1, #1;                                                                              JL #llvm___aie2p___release
.delay_slot
	   730    0x10 0x00 0xc1 0x18                                                                                                                                                        MOVX r0, #48
.delay_slot
.swstall delay_slot
	   734    0x00 0x00                                                                        NOPX
.delay_slot
.swstall delay_slot
	   736    0x00 0x00                                                                        NOPX
.delay_slot
.swstall delay_slot
	   738    0x00 0x00                                                                        NOPX
.delay_slot
.swstall delay_slot
	   740    0x00 0x2c 0xf0 0x00 0x20 0x00 0x00 0x00 0x00 0xad 0x81 0x36                      NOPA;                         NOPB;                         NOPS;                         NOPX
.return_address
	   752    0xc2 0xc2 0xd0 0x00 0x06 0x48 0x28 0x01 0x58 0xba                                LDA r16, [p6, #4];                                                                        MOVX r0, #50;                 MOV r1, #1
	   762    0x00 0x00                                                                        NOPX
	   764    0x00 0x00                                                                        NOPX
	   766    0x00 0x00                                                                        NOPX
	   768    0x00 0x00                                                                        NOPX
.no_stack_arguments
	   770    0x00 0x00 0x00 0x00 0x01 0x04                                                                                                                                              JL #llvm___aie2p___release
.delay_slot
.swstall delay_slot
	   776    0x00 0x00                                                                        NOPX
.delay_slot
	   778    0x14 0x20 0x07 0x18                                                                                                                                                        ADD r16, r16, #1
.delay_slot
	   782    0x5e 0xe1 0x58 0xb0 0xfe 0x24                                                                                                                                              LT r27, r11, r16;             ADD.NC r17, r16, #-2
.delay_slot
	   788    0x14 0x21 0x12 0x18                                                                                                                                                        SEL.EQZ r16, r16, r17, r27
.delay_slot
	   792    0xc2 0xc2 0x30 0x00 0x01 0xa5 0x70 0x02                                                                                                      ST r16, [p6, #4];                                           NOPM
.return_address
	   800    0xc0 0xc2 0xd0 0x00 0x00 0x03 0xb0 0x68 0x10 0xba                                LDA r16, [p6];                                                                            MOVXM p7, #(TGT_Fcore_8_2_208 + 0)
	   810    0x00 0x00                                                                        NOPX
	   812    0x00 0x00                                                                        NOPX
	   814    0x00 0x00                                                                        NOPX
	   816    0x00 0x00                                                                        NOPX
	   818    0x12 0x11 0xe0 0x18                                                                                                                                                        JNZD r8, r8, p7
.delay_slot
.swstall delay_slot
	   822    0x00 0x00                                                                        NOPX
.delay_slot
	   824    0x14 0x20 0x07 0x18                                                                                                                                                        ADD r16, r16, #1
.delay_slot
	   828    0x5e 0xe1 0x58 0xb0 0xfe 0x24                                                                                                                                              LT r27, r11, r16;             ADD.NC r17, r16, #-2
.delay_slot
	   834    0x14 0x21 0x12 0x18                                                                                                                                                        SEL.EQZ r16, r16, r17, r27
.delay_slot
	   838    0x0e 0x06 0x11 0x98                                                                                                                          ST r16, [p6]
.loop_nesting 1
	   842    0xfa 0x22 0x20 0x00 0x06 0xaa 0x0e 0x60 0x78 0xba                                LDA r8, [sp, #-48];                                                                       MOVX r0, #53;                 MOV r16, p6
.no_stack_arguments
	   852    0x00 0x21 0x00 0x00 0x00 0x00 0x00 0x00 0x40 0xba                                MOVA r1, #1;                                                                              JL #llvm___aie2p___release
.delay_slot
	   862    0x17 0xd2 0xf9 0x18                                                                                                                                                        MOVX r9, #-2
.delay_slot
	   866    0x1f 0x68 0x7e 0x18                                                                                                                                                                                      ADD.NC p7, r16, #-4
.delay_slot
.swstall delay_slot
	   870    0x00 0x00                                                                        NOPX
.delay_slot
.swstall delay_slot
	   872    0x00 0x00                                                                        NOPX
.delay_slot
.swstall delay_slot
	   874    0x00 0x2c 0xf0 0x00 0x20 0x3c                                                    NOPA;                         NOPB
.return_address
	   880    0xf9 0xc2 0x20 0x11 0x50 0x3a 0x28 0x00 0x58 0xba                                LDA r16, [sp, #-52];                                                                      ADD r21, r8, #1;              MOV r17, #0
	   890    0xde 0xce 0xd7 0xd2 0xb5 0x91 0x24 0xe7 0x08 0x00 0x58 0x76                      LDA r19, [p6, #-4];                                         ST r21, [sp, #-48];           LTU r18, r8, r9;              MOV r24, #0
	   902    0x00 0x00                                                                        NOPX
	   904    0x00 0x00                                                                        NOPX
	   906    0x00 0x00                                                                        NOPX
	   908    0x00 0x00                                                                        NOPX
	   910    0x00 0x00                                                                        NOPX
	   912    0x14 0x2a 0xd0 0x18                                                                                                                                                        EQZ r21, r16
	   916    0x15 0x65 0x24 0x98                                                                                                                                                        AND r18, r21, r18
	   920    0x14 0x63 0x25 0x98                                                                                                                                                        OR r17, r17, r18
	   924    0x88 0x00 0x40 0x40 0x01 0x84                                                                                                                                              JNZ r17, #TGT_Fcore_8_2_128
.delay_slot
	   930    0x7f 0xff 0xfa 0x3f 0xfc 0x44                                                                                                                                              MOVXM r20, #2147483646
.delay_slot
	   936    0x15 0x29 0x3c 0x98                                                                                                                                                        LTU r20, r20, r19
.delay_slot
	   940    0x16 0x21 0x02 0x98                                                                                                                                                        ADC r16, r24, r16
.delay_slot
	   944    0x14 0xe7 0x40 0x98                                                                                                                                                        ADD r19, r19, r20
.delay_slot
	   948    0x0f 0x1e 0x71 0x98                                                                                                                          ST r19, [p7], #4
.loop_nesting 0
	   952    0x07 0xd4 0x39 0x18                                                              LDA lr, [sp, #-44]
	   956    0x07 0xd9 0x11 0x18                                                              LDA r8, [sp, #-40]
	   960    0x07 0xdd 0x31 0x18                                                              LDA r9, [sp, #-36]
	   964    0x07 0xe1 0x51 0x18                                                              LDA r10, [sp, #-32]
	   968    0x07 0xe9 0x71 0x18                                                              LDA r11, [sp, #-24]
	   972    0x07 0xf1 0x91 0x18                                                              LDA r12, [sp, #-16]
	   976    0x07 0xf5 0xb1 0x18                                                              LDA r13, [sp, #-12]
	   980    0x07 0xf9 0xd1 0x18                                                              LDA r14, [sp, #-8]
	   984    0x07 0xfd 0xf1 0x18                                                              LDA r15, [sp, #-4]
	   988    0x07 0xe7 0x19 0x18                                                              LDA p6, [sp, #-28]
	   992    0x07 0xef 0x99 0x18                                                              LDA p7, [sp, #-20]
	   996    0x10 0x28 0x00 0x18                                                                                                                                                        RET lr
.delay_slot
	  1000    0xff 0xf8 0x00 0x00 0x01 0xc4                                                                                                                                              PADDXM [sp], #-64
.delay_slot
.swstall delay_slot
	  1006    0x00 0x00                                                                        NOPX
.delay_slot
.swstall delay_slot
	  1008    0x00 0x00                                                                        NOPX
.delay_slot
.swstall delay_slot
	  1010    0x00 0x00                                                                        NOPX
.label core_8_2__end last
.delay_slot
.swstall delay_slot
	  1012    0x00 0x00                                                                        NOPX

.undef global data _anonymous8

.undef global data C_L1L2_8_0_buff_0

.undef global data B_L2L1_8_cons_buff_0

.undef global data B_L2L1_8_cons_buff_1

.undef global data A_L2L1_0_8_cons_buff_0

.undef global data A_L2L1_0_8_cons_buff_1

.undef global text llvm___aie2p___acquire

.undef global text zero_kernel_bf16

.undef global text matmul_vectorized_different_datatypes

.undef global text llvm___aie2p___release

.text_segment_name
.text global 10 core_7_2
.function_start
	     0    0x00 0x18 0x02 0x9c 0x8b 0x00 0x02 0x00 0x00 0x00 0x70 0x76                      MOVA r24, #0;                                               MOVS p2, p7;                  PADDXM [sp], #64
	    12    0x00 0x10 0x07 0xd3 0x15 0x80 0x00 0x03 0xb0 0x00 0x10 0x76                      MOVA r16, #0;                                               ST r24, [sp, #-48];           MOVXM p7, #_anonymous7
	    24    0xe3 0xe2 0x30 0x00 0xab 0xd0 0x70 0x02                                                                                                      ST r24, [p7], #4;                                           MOV r5, r15
	    32    0xe0 0xe2 0x30 0x00 0x8b 0x90 0x70 0x02                                                                                                      ST r24, [p7];                                               MOV r4, r14
	    40    0xff 0x96 0xb0 0x00 0x6b 0x50 0x70 0x02                                                                                                      ST r5, [sp, #-4];                                           MOV r3, r13
	    48    0xff 0x12 0xb0 0x00 0x4b 0x10 0x70 0x02                                                                                                      ST r4, [sp, #-8];                                           MOV r2, r12
	    56    0xfe 0x8e 0xb0 0x00 0xb0 0x28 0x2a 0xd0 0x79 0x3a                                                                                            ST r3, [sp, #-12];            MOVX r11, #1;                 MOV r1, r11
	    66    0xfe 0x0a 0xb0 0x00 0x0a 0x90 0x70 0x02                                                                                                      ST r2, [sp, #-16];                                          MOV r0, r10
	    74    0xfd 0x06 0xb0 0x00 0x00 0x01 0xc8 0x00 0x11 0x3a                                                                                            ST r1, [sp, #-24];            MOVXM r14, #A_L2L1_0_7_cons_buff_1
	    84    0xfc 0x02 0xb0 0x00 0x00 0x01 0xe8 0x00 0x11 0x3a                                                                                            ST r0, [sp, #-32];            MOVXM r15, #A_L2L1_0_7_cons_buff_0
	    94    0x0f 0xdd 0x35 0x98                                                                                                                          ST r9, [sp, #-36]
	    98    0x0f 0xd9 0x15 0x98                                                                                                                          ST r8, [sp, #-40]
	   102    0x0f 0xed 0x1d 0x98                                                                                                                          ST p2, [sp, #-20]
	   106    0x0f 0xe7 0x1d 0x98                                                                                                                          ST p6, [sp, #-28]
	   110    0x0f 0xd4 0x3d 0x98                                                                                                                          ST lr, [sp, #-44]
	   114    0x00 0x2c 0xfe 0x2e 0x23 0x00 0x00 0x40 0x1a 0x57 0x00 0x00 0x1c 0x2e            NOPA;                                                       ST r24, [p7, #4];                                           NOPM;                                   NOPV
.label TGT_Fcore_7_2_128
.loop_nesting 1
.no_stack_arguments
	   128    0x06 0x80 0x07 0xce 0x15 0x80 0x00 0x00 0x00 0x00 0x40 0x76                      MOVA r0, #52;                                               ST r16, [sp, #-52];           JL #llvm___aie2p___acquire
.delay_slot
	   140    0x1e 0x6e 0xc0 0xf8                                                                                                                                                                                      MOV p6, p7
.delay_slot
	   144    0x17 0xc2 0xfd 0x18                                                                                                                                                        MOVX r1, #-1
.delay_slot
.swstall delay_slot
	   148    0x00 0x00                                                                        NOPX
.delay_slot
.swstall delay_slot
	   150    0x00 0x00                                                                        NOPX
.delay_slot
.swstall delay_slot
	   152    0x00 0x2c 0xf0 0x04 0x00 0x00 0x1c 0x22                                          NOPA;                                                                                                                                                           NOPV
.return_address
.no_stack_arguments
	   160    0x00 0x00 0x00 0x00 0x01 0x04                                                                                                                                              JL #zero_kernel_bf16
.delay_slot
	   166    0x00 0x00 0x00 0xc0 0x00 0x44                                                                                                                                              MOVXM p0, #C_L1L2_7_0_buff_0
.delay_slot
.swstall delay_slot
	   172    0x00 0x00                                                                        NOPX
.delay_slot
.swstall delay_slot
	   174    0x00 0x00                                                                        NOPX
.delay_slot
.swstall delay_slot
	   176    0x00 0x00                                                                        NOPX
.delay_slot
.swstall delay_slot
	   178    0x00 0x2c 0xf0 0x02 0xb6 0x00 0x00 0x40 0x1a 0x57 0x00 0x00 0x1c 0x2e            NOPA;                                                       NOPS;                                                       NOPM;                                   NOPV
.return_address
	   192    0x00 0x2c 0xf0 0x00 0x20 0x01 0x5b 0x00 0x81 0xe8 0x01 0xa5 0x78 0x00 0x00 0xe1  NOPA;                         NOPB;                         NOPS;                         MOVX r8, #15;                 NOPM;                                   NOPV
.label TGT_Fcore_7_2_208
.loop_nesting 2
.no_stack_arguments
	   208    0x06 0x60 0x00 0x00 0x00 0x00 0x00 0x00 0x40 0xba                                MOVA r0, #51;                                                                             JL #llvm___aie2p___acquire
.delay_slot
	   218    0x17 0xc2 0xfd 0x18                                                                                                                                                        MOVX r1, #-1
.delay_slot
.swstall delay_slot
	   222    0x00 0x00                                                                        NOPX
.delay_slot
.swstall delay_slot
	   224    0x00 0x00                                                                        NOPX
.delay_slot
.swstall delay_slot
	   226    0x00 0x00                                                                        NOPX
.delay_slot
.swstall delay_slot
	   228    0x00 0x2c 0xf0 0x00 0x20 0x00 0x00 0x00 0x00 0xad 0x81 0x36                      NOPA;                         NOPB;                         NOPS;                         NOPX
.return_address
	   240    0xc0 0xca 0xd0 0x3e 0x17 0xe8 0x08 0x31 0x58 0xba                                LDA r18, [p6];                                                                            MOVX r1, #-1;                 MOV r0, #49
	   250    0x00 0x00                                                                        NOPX
	   252    0x00 0x00                                                                        NOPX
.no_stack_arguments
	   254    0x00 0x00 0x00 0x00 0x01 0x04                                                                                                                                              JL #llvm___aie2p___acquire
.delay_slot
	   260    0x00 0x00 0x08 0x20 0x00 0x44                                                                                                                                              MOVXM r16, #B_L2L1_7_cons_buff_1
.delay_slot
	   266    0x00 0x00 0x08 0xa0 0x00 0x44                                                                                                                                              MOVXM r17, #B_L2L1_7_cons_buff_0
.delay_slot
.swstall delay_slot
	   272    0x00 0x00                                                                        NOPX
.delay_slot
	   274    0x12 0xf7 0x27 0x98                                                                                                                                                        EQ r27, r11, r18
.delay_slot
	   278    0x00 0x2c 0xf0 0x01 0x5b 0x00 0x04 0x53 0x02 0x7a                                NOPA;                                                       NOPS;                         SEL.EQZ r9, r17, r16, r27
.return_address
	   288    0xc2 0xc2 0xd2 0xc9 0x41 0xd4                                                    LDA r16, [p6, #4];                                                                                                      MOV p1, r9
	   294    0x1f 0x62 0xc0 0xf8                                                                                                                                                                                      MOV p7, p1
	   298    0x00 0x00                                                                        NOPX
	   300    0x00 0x00                                                                        NOPX
.no_stack_arguments
	   302    0x00 0x00 0x00 0x00 0x01 0x04                                                                                                                                              JL #matmul_vectorized_different_datatypes
.delay_slot
	   308    0x00 0x00 0x04 0xc0 0x00 0x44                                                                                                                                              MOVXM p2, #C_L1L2_7_0_buff_0
.delay_slot
.swstall delay_slot
	   314    0x00 0x00                                                                        NOPX
.delay_slot
	   316    0x12 0xf7 0x07 0x98                                                                                                                                                        EQ r27, r11, r16
.delay_slot
	   320    0x13 0xe0 0xe2 0x18                                                                                                                                                        SEL.EQZ r16, r15, r14, r27
.delay_slot
	   324    0x00 0x2c 0xf0 0x00 0x20 0x01 0x5b 0x00 0x34 0x10 0x70 0xf6                      NOPA;                         NOPB;                         NOPS;                                                       MOV p0, r16
.return_address
.no_stack_arguments
	   336    0x00 0x21 0x00 0x00 0x00 0x00 0x00 0x00 0x40 0xba                                MOVA r1, #1;                                                                              JL #llvm___aie2p___release
.delay_slot
	   346    0x10 0x00 0xc1 0x18                                                                                                                                                        MOVX r0, #48
.delay_slot
.swstall delay_slot
	   350    0x00 0x00                                                                        NOPX
.delay_slot
.swstall delay_slot
	   352    0x00 0x00                                                                        NOPX
.delay_slot
.swstall delay_slot
	   354    0x00 0x00                                                                        NOPX
.delay_slot
.swstall delay_slot
	   356    0x00 0x2c 0xf0 0x00 0x20 0x00 0x00 0x00 0x00 0xad 0x81 0x36                      NOPA;                         NOPB;                         NOPS;                         NOPX
.return_address
	   368    0xc2 0xc2 0xd0 0x3e 0x17 0xe8 0x08 0x31 0x58 0xba                                LDA r16, [p6, #4];                                                                        MOVX r1, #-1;                 MOV r0, #49
	   378    0x00 0x00                                                                        NOPX
	   380    0x00 0x00                                                                        NOPX
	   382    0x00 0x00                                                                        NOPX
	   384    0x00 0x00                                                                        NOPX
.no_stack_arguments
	   386    0x00 0x00 0x00 0x00 0x01 0x04                                                                                                                                              JL #llvm___aie2p___acquire
.delay_slot
.swstall delay_slot
	   392    0x00 0x00                                                                        NOPX
.delay_slot
	   394    0x14 0x20 0x07 0x18                                                                                                                                                        ADD r16, r16, #1
.delay_slot
	   398    0x5e 0xe1 0x58 0xb0 0xfe 0x24                                                                                                                                              LT r27, r11, r16;             ADD.NC r17, r16, #-2
.delay_slot
	   404    0x14 0x21 0x12 0x18                                                                                                                                                        SEL.EQZ r16, r16, r17, r27
.delay_slot
	   408    0xc2 0xc2 0x30 0x00 0x01 0xa5 0x70 0x02                                                                                                      ST r16, [p6, #4];                                           NOPM
.return_address
	   416    0xc2 0xc2 0xd2 0xdd 0x81 0xd4                                                    LDA r16, [p6, #4];                                                                                                      MOV p1, p7
	   422    0x00 0x00                                                                        NOPX
	   424    0x00 0x00                                                                        NOPX
	   426    0x00 0x00                                                                        NOPX
.no_stack_arguments
	   428    0x00 0x00 0x00 0x00 0x01 0x04                                                                                                                                              JL #matmul_vectorized_different_datatypes
.delay_slot
	   434    0x00 0x00 0x04 0xc0 0x00 0x44                                                                                                                                              MOVXM p2, #C_L1L2_7_0_buff_0
.delay_slot
.swstall delay_slot
	   440    0x00 0x00                                                                        NOPX
.delay_slot
	   442    0x12 0xf7 0x07 0x98                                                                                                                                                        EQ r27, r11, r16
.delay_slot
	   446    0x13 0xe0 0xe2 0x18                                                                                                                                                        SEL.EQZ r16, r15, r14, r27
.delay_slot
	   450    0x00 0x2c 0xf0 0x02 0xb6 0x00 0x00 0x43 0x41 0x07 0x00 0x00 0x1c 0x2e            NOPA;                                                       NOPS;                                                       MOV p0, r16;                            NOPV
.return_address
.no_stack_arguments
	   464    0x00 0x21 0x00 0x00 0x00 0x00 0x00 0x00 0x40 0xba                                MOVA r1, #1;                                                                              JL #llvm___aie2p___release
.delay_slot
	   474    0x10 0x00 0xc1 0x18                                                                                                                                                        MOVX r0, #48
.delay_slot
.swstall delay_slot
	   478    0x00 0x00                                                                        NOPX
.delay_slot
.swstall delay_slot
	   480    0x00 0x00                                                                        NOPX
.delay_slot
.swstall delay_slot
	   482    0x00 0x00                                                                        NOPX
.delay_slot
.swstall delay_slot
	   484    0x00 0x2c 0xf0 0x00 0x20 0x00 0x00 0x00 0x00 0xad 0x81 0x36                      NOPA;                         NOPB;                         NOPS;                         NOPX
.return_address
	   496    0xc2 0xc2 0xd0 0x3e 0x17 0xe8 0x08 0x31 0x58 0xba                                LDA r16, [p6, #4];                                                                        MOVX r1, #-1;                 MOV r0, #49
	   506    0x00 0x00                                                                        NOPX
	   508    0x00 0x00                                                                        NOPX
	   510    0x00 0x00                                                                        NOPX
	   512    0x00 0x00                                                                        NOPX
.no_stack_arguments
	   514    0x00 0x00 0x00 0x00 0x01 0x04                                                                                                                                              JL #llvm___aie2p___acquire
.delay_slot
.swstall delay_slot
	   520    0x00 0x00                                                                        NOPX
.delay_slot
	   522    0x14 0x20 0x07 0x18                                                                                                                                                        ADD r16, r16, #1
.delay_slot
	   526    0x5e 0xe1 0x58 0xb0 0xfe 0x24                                                                                                                                              LT r27, r11, r16;             ADD.NC r17, r16, #-2
.delay_slot
	   532    0x14 0x21 0x12 0x18                                                                                                                                                        SEL.EQZ r16, r16, r17, r27
.delay_slot
	   536    0xc2 0xc2 0x30 0x00 0x01 0xa5 0x70 0x02                                                                                                      ST r16, [p6, #4];                                           NOPM
.return_address
	   544    0xc2 0xc2 0xd2 0xdd 0x81 0xd4                                                    LDA r16, [p6, #4];                                                                                                      MOV p1, p7
	   550    0x00 0x00                                                                        NOPX
	   552    0x00 0x00                                                                        NOPX
	   554    0x00 0x00                                                                        NOPX
.no_stack_arguments
	   556    0x00 0x00 0x00 0x00 0x01 0x04                                                                                                                                              JL #matmul_vectorized_different_datatypes
.delay_slot
	   562    0x00 0x00 0x04 0xc0 0x00 0x44                                                                                                                                              MOVXM p2, #C_L1L2_7_0_buff_0
.delay_slot
.swstall delay_slot
	   568    0x00 0x00                                                                        NOPX
.delay_slot
	   570    0x12 0xf7 0x07 0x98                                                                                                                                                        EQ r27, r11, r16
.delay_slot
	   574    0x13 0xe0 0xe2 0x18                                                                                                                                                        SEL.EQZ r16, r15, r14, r27
.delay_slot
	   578    0x00 0x2c 0xf0 0x02 0xb6 0x00 0x00 0x43 0x41 0x07 0x00 0x00 0x1c 0x2e            NOPA;                                                       NOPS;                                                       MOV p0, r16;                            NOPV
.return_address
.no_stack_arguments
	   592    0x00 0x21 0x00 0x00 0x00 0x00 0x00 0x00 0x40 0xba                                MOVA r1, #1;                                                                              JL #llvm___aie2p___release
.delay_slot
	   602    0x10 0x00 0xc1 0x18                                                                                                                                                        MOVX r0, #48
.delay_slot
.swstall delay_slot
	   606    0x00 0x00                                                                        NOPX
.delay_slot
.swstall delay_slot
	   608    0x00 0x00                                                                        NOPX
.delay_slot
.swstall delay_slot
	   610    0x00 0x00                                                                        NOPX
.delay_slot
.swstall delay_slot
	   612    0x00 0x2c 0xf0 0x00 0x20 0x00 0x00 0x00 0x00 0xad 0x81 0x36                      NOPA;                         NOPB;                         NOPS;                         NOPX
.return_address
	   624    0xc2 0xc2 0xd0 0x3e 0x17 0xe8 0x08 0x31 0x58 0xba                                LDA r16, [p6, #4];                                                                        MOVX r1, #-1;                 MOV r0, #49
	   634    0x00 0x00                                                                        NOPX
	   636    0x00 0x00                                                                        NOPX
	   638    0x00 0x00                                                                        NOPX
	   640    0x00 0x00                                                                        NOPX
.no_stack_arguments
	   642    0x00 0x00 0x00 0x00 0x01 0x04                                                                                                                                              JL #llvm___aie2p___acquire
.delay_slot
.swstall delay_slot
	   648    0x00 0x00                                                                        NOPX
.delay_slot
	   650    0x14 0x20 0x07 0x18                                                                                                                                                        ADD r16, r16, #1
.delay_slot
	   654    0x5e 0xe1 0x58 0xb0 0xfe 0x24                                                                                                                                              LT r27, r11, r16;             ADD.NC r17, r16, #-2
.delay_slot
	   660    0x14 0x21 0x12 0x18                                                                                                                                                        SEL.EQZ r16, r16, r17, r27
.delay_slot
	   664    0xc2 0xc2 0x30 0x00 0x01 0xa5 0x70 0x02                                                                                                      ST r16, [p6, #4];                                           NOPM
.return_address
	   672    0xc2 0xc2 0xd2 0xdd 0x81 0xd4                                                    LDA r16, [p6, #4];                                                                                                      MOV p1, p7
	   678    0x00 0x00                                                                        NOPX
	   680    0x00 0x00                                                                        NOPX
	   682    0x00 0x00                                                                        NOPX
.no_stack_arguments
	   684    0x00 0x00 0x00 0x00 0x01 0x04                                                                                                                                              JL #matmul_vectorized_different_datatypes
.delay_slot
	   690    0x00 0x00 0x04 0xc0 0x00 0x44                                                                                                                                              MOVXM p2, #C_L1L2_7_0_buff_0
.delay_slot
.swstall delay_slot
	   696    0x00 0x00                                                                        NOPX
.delay_slot
	   698    0x12 0xf7 0x07 0x98                                                                                                                                                        EQ r27, r11, r16
.delay_slot
	   702    0x13 0xe0 0xe2 0x18                                                                                                                                                        SEL.EQZ r16, r15, r14, r27
.delay_slot
	   706    0x00 0x2c 0xf0 0x02 0xb6 0x00 0x00 0x43 0x41 0x07 0x00 0x00 0x1c 0x2e            NOPA;                                                       NOPS;                                                       MOV p0, r16;                            NOPV
.return_address
.no_stack_arguments
	   720    0x00 0x21 0x00 0x00 0x00 0x00 0x00 0x00 0x40 0xba                                MOVA r1, #1;                                                                              JL #llvm___aie2p___release
.delay_slot
	   730    0x10 0x00 0xc1 0x18                                                                                                                                                        MOVX r0, #48
.delay_slot
.swstall delay_slot
	   734    0x00 0x00                                                                        NOPX
.delay_slot
.swstall delay_slot
	   736    0x00 0x00                                                                        NOPX
.delay_slot
.swstall delay_slot
	   738    0x00 0x00                                                                        NOPX
.delay_slot
.swstall delay_slot
	   740    0x00 0x2c 0xf0 0x00 0x20 0x00 0x00 0x00 0x00 0xad 0x81 0x36                      NOPA;                         NOPB;                         NOPS;                         NOPX
.return_address
	   752    0xc2 0xc2 0xd0 0x00 0x06 0x48 0x28 0x01 0x58 0xba                                LDA r16, [p6, #4];                                                                        MOVX r0, #50;                 MOV r1, #1
	   762    0x00 0x00                                                                        NOPX
	   764    0x00 0x00                                                                        NOPX
	   766    0x00 0x00                                                                        NOPX
	   768    0x00 0x00                                                                        NOPX
.no_stack_arguments
	   770    0x00 0x00 0x00 0x00 0x01 0x04                                                                                                                                              JL #llvm___aie2p___release
.delay_slot
.swstall delay_slot
	   776    0x00 0x00                                                                        NOPX
.delay_slot
	   778    0x14 0x20 0x07 0x18                                                                                                                                                        ADD r16, r16, #1
.delay_slot
	   782    0x5e 0xe1 0x58 0xb0 0xfe 0x24                                                                                                                                              LT r27, r11, r16;             ADD.NC r17, r16, #-2
.delay_slot
	   788    0x14 0x21 0x12 0x18                                                                                                                                                        SEL.EQZ r16, r16, r17, r27
.delay_slot
	   792    0xc2 0xc2 0x30 0x00 0x01 0xa5 0x70 0x02                                                                                                      ST r16, [p6, #4];                                           NOPM
.return_address
	   800    0xc0 0xc2 0xd0 0x00 0x00 0x03 0xb0 0x68 0x10 0xba                                LDA r16, [p6];                                                                            MOVXM p7, #(TGT_Fcore_7_2_208 + 0)
	   810    0x00 0x00                                                                        NOPX
	   812    0x00 0x00                                                                        NOPX
	   814    0x00 0x00                                                                        NOPX
	   816    0x00 0x00                                                                        NOPX
	   818    0x12 0x11 0xe0 0x18                                                                                                                                                        JNZD r8, r8, p7
.delay_slot
.swstall delay_slot
	   822    0x00 0x00                                                                        NOPX
.delay_slot
	   824    0x14 0x20 0x07 0x18                                                                                                                                                        ADD r16, r16, #1
.delay_slot
	   828    0x5e 0xe1 0x58 0xb0 0xfe 0x24                                                                                                                                              LT r27, r11, r16;             ADD.NC r17, r16, #-2
.delay_slot
	   834    0x14 0x21 0x12 0x18                                                                                                                                                        SEL.EQZ r16, r16, r17, r27
.delay_slot
	   838    0x0e 0x06 0x11 0x98                                                                                                                          ST r16, [p6]
.loop_nesting 1
	   842    0xfa 0x22 0x20 0x00 0x06 0xaa 0x0e 0x60 0x78 0xba                                LDA r8, [sp, #-48];                                                                       MOVX r0, #53;                 MOV r16, p6
.no_stack_arguments
	   852    0x00 0x21 0x00 0x00 0x00 0x00 0x00 0x00 0x40 0xba                                MOVA r1, #1;                                                                              JL #llvm___aie2p___release
.delay_slot
	   862    0x17 0xd2 0xf9 0x18                                                                                                                                                        MOVX r9, #-2
.delay_slot
	   866    0x1f 0x68 0x7e 0x18                                                                                                                                                                                      ADD.NC p7, r16, #-4
.delay_slot
.swstall delay_slot
	   870    0x00 0x00                                                                        NOPX
.delay_slot
.swstall delay_slot
	   872    0x00 0x00                                                                        NOPX
.delay_slot
.swstall delay_slot
	   874    0x00 0x2c 0xf0 0x00 0x20 0x3c                                                    NOPA;                         NOPB
.return_address
	   880    0xf9 0xc2 0x20 0x11 0x50 0x3a 0x28 0x00 0x58 0xba                                LDA r16, [sp, #-52];                                                                      ADD r21, r8, #1;              MOV r17, #0
	   890    0xde 0xce 0xd7 0xd2 0xb5 0x91 0x24 0xe7 0x08 0x00 0x58 0x76                      LDA r19, [p6, #-4];                                         ST r21, [sp, #-48];           LTU r18, r8, r9;              MOV r24, #0
	   902    0x00 0x00                                                                        NOPX
	   904    0x00 0x00                                                                        NOPX
	   906    0x00 0x00                                                                        NOPX
	   908    0x00 0x00                                                                        NOPX
	   910    0x00 0x00                                                                        NOPX
	   912    0x14 0x2a 0xd0 0x18                                                                                                                                                        EQZ r21, r16
	   916    0x15 0x65 0x24 0x98                                                                                                                                                        AND r18, r21, r18
	   920    0x14 0x63 0x25 0x98                                                                                                                                                        OR r17, r17, r18
	   924    0x88 0x00 0x40 0x40 0x01 0x84                                                                                                                                              JNZ r17, #TGT_Fcore_7_2_128
.delay_slot
	   930    0x7f 0xff 0xfa 0x3f 0xfc 0x44                                                                                                                                              MOVXM r20, #2147483646
.delay_slot
	   936    0x15 0x29 0x3c 0x98                                                                                                                                                        LTU r20, r20, r19
.delay_slot
	   940    0x16 0x21 0x02 0x98                                                                                                                                                        ADC r16, r24, r16
.delay_slot
	   944    0x14 0xe7 0x40 0x98                                                                                                                                                        ADD r19, r19, r20
.delay_slot
	   948    0x0f 0x1e 0x71 0x98                                                                                                                          ST r19, [p7], #4
.loop_nesting 0
	   952    0x07 0xd4 0x39 0x18                                                              LDA lr, [sp, #-44]
	   956    0x07 0xd9 0x11 0x18                                                              LDA r8, [sp, #-40]
	   960    0x07 0xdd 0x31 0x18                                                              LDA r9, [sp, #-36]
	   964    0x07 0xe1 0x51 0x18                                                              LDA r10, [sp, #-32]
	   968    0x07 0xe9 0x71 0x18                                                              LDA r11, [sp, #-24]
	   972    0x07 0xf1 0x91 0x18                                                              LDA r12, [sp, #-16]
	   976    0x07 0xf5 0xb1 0x18                                                              LDA r13, [sp, #-12]
	   980    0x07 0xf9 0xd1 0x18                                                              LDA r14, [sp, #-8]
	   984    0x07 0xfd 0xf1 0x18                                                              LDA r15, [sp, #-4]
	   988    0x07 0xe7 0x19 0x18                                                              LDA p6, [sp, #-28]
	   992    0x07 0xef 0x99 0x18                                                              LDA p7, [sp, #-20]
	   996    0x10 0x28 0x00 0x18                                                                                                                                                        RET lr
.delay_slot
	  1000    0xff 0xf8 0x00 0x00 0x01 0xc4                                                                                                                                              PADDXM [sp], #-64
.delay_slot
.swstall delay_slot
	  1006    0x00 0x00                                                                        NOPX
.delay_slot
.swstall delay_slot
	  1008    0x00 0x00                                                                        NOPX
.delay_slot
.swstall delay_slot
	  1010    0x00 0x00                                                                        NOPX
.label core_7_2__end last
.delay_slot
.swstall delay_slot
	  1012    0x00 0x00                                                                        NOPX

.undef global data _anonymous7

.undef global data C_L1L2_7_0_buff_0

.undef global data B_L2L1_7_cons_buff_0

.undef global data B_L2L1_7_cons_buff_1

.undef global data A_L2L1_0_7_cons_buff_0

.undef global data A_L2L1_0_7_cons_buff_1

.undef global text llvm___aie2p___acquire

.undef global text zero_kernel_bf16

.undef global text matmul_vectorized_different_datatypes

.undef global text llvm___aie2p___release

.text_segment_name
.text global 10 core_6_2
.function_start
	     0    0x00 0x18 0x02 0x9c 0x8b 0x00 0x02 0x00 0x00 0x00 0x70 0x76                      MOVA r24, #0;                                               MOVS p2, p7;                  PADDXM [sp], #64
	    12    0x00 0x10 0x07 0xd3 0x15 0x80 0x00 0x03 0xb0 0x00 0x10 0x76                      MOVA r16, #0;                                               ST r24, [sp, #-48];           MOVXM p7, #_anonymous6
	    24    0xe3 0xe2 0x30 0x00 0xab 0xd0 0x70 0x02                                                                                                      ST r24, [p7], #4;                                           MOV r5, r15
	    32    0xe0 0xe2 0x30 0x00 0x8b 0x90 0x70 0x02                                                                                                      ST r24, [p7];                                               MOV r4, r14
	    40    0xff 0x96 0xb0 0x00 0x6b 0x50 0x70 0x02                                                                                                      ST r5, [sp, #-4];                                           MOV r3, r13
	    48    0xff 0x12 0xb0 0x00 0x4b 0x10 0x70 0x02                                                                                                      ST r4, [sp, #-8];                                           MOV r2, r12
	    56    0xfe 0x8e 0xb0 0x00 0xb0 0x28 0x2a 0xd0 0x79 0x3a                                                                                            ST r3, [sp, #-12];            MOVX r11, #1;                 MOV r1, r11
	    66    0xfe 0x0a 0xb0 0x00 0x0a 0x90 0x70 0x02                                                                                                      ST r2, [sp, #-16];                                          MOV r0, r10
	    74    0xfd 0x06 0xb0 0x00 0x00 0x01 0xc8 0x00 0x11 0x3a                                                                                            ST r1, [sp, #-24];            MOVXM r14, #A_L2L1_0_6_cons_buff_1
	    84    0xfc 0x02 0xb0 0x00 0x00 0x01 0xe8 0x00 0x11 0x3a                                                                                            ST r0, [sp, #-32];            MOVXM r15, #A_L2L1_0_6_cons_buff_0
	    94    0x0f 0xdd 0x35 0x98                                                                                                                          ST r9, [sp, #-36]
	    98    0x0f 0xd9 0x15 0x98                                                                                                                          ST r8, [sp, #-40]
	   102    0x0f 0xed 0x1d 0x98                                                                                                                          ST p2, [sp, #-20]
	   106    0x0f 0xe7 0x1d 0x98                                                                                                                          ST p6, [sp, #-28]
	   110    0x0f 0xd4 0x3d 0x98                                                                                                                          ST lr, [sp, #-44]
	   114    0x00 0x2c 0xfe 0x2e 0x23 0x00 0x00 0x40 0x1a 0x57 0x00 0x00 0x1c 0x2e            NOPA;                                                       ST r24, [p7, #4];                                           NOPM;                                   NOPV
.label TGT_Fcore_6_2_128
.loop_nesting 1
.no_stack_arguments
	   128    0x06 0x80 0x07 0xce 0x15 0x80 0x00 0x00 0x00 0x00 0x40 0x76                      MOVA r0, #52;                                               ST r16, [sp, #-52];           JL #llvm___aie2p___acquire
.delay_slot
	   140    0x1e 0x6e 0xc0 0xf8                                                                                                                                                                                      MOV p6, p7
.delay_slot
	   144    0x17 0xc2 0xfd 0x18                                                                                                                                                        MOVX r1, #-1
.delay_slot
.swstall delay_slot
	   148    0x00 0x00                                                                        NOPX
.delay_slot
.swstall delay_slot
	   150    0x00 0x00                                                                        NOPX
.delay_slot
.swstall delay_slot
	   152    0x00 0x2c 0xf0 0x04 0x00 0x00 0x1c 0x22                                          NOPA;                                                                                                                                                           NOPV
.return_address
.no_stack_arguments
	   160    0x00 0x00 0x00 0x00 0x01 0x04                                                                                                                                              JL #zero_kernel_bf16
.delay_slot
	   166    0x00 0x00 0x00 0xc0 0x00 0x44                                                                                                                                              MOVXM p0, #C_L1L2_6_0_buff_0
.delay_slot
.swstall delay_slot
	   172    0x00 0x00                                                                        NOPX
.delay_slot
.swstall delay_slot
	   174    0x00 0x00                                                                        NOPX
.delay_slot
.swstall delay_slot
	   176    0x00 0x00                                                                        NOPX
.delay_slot
.swstall delay_slot
	   178    0x00 0x2c 0xf0 0x02 0xb6 0x00 0x00 0x40 0x1a 0x57 0x00 0x00 0x1c 0x2e            NOPA;                                                       NOPS;                                                       NOPM;                                   NOPV
.return_address
	   192    0x00 0x2c 0xf0 0x00 0x20 0x01 0x5b 0x00 0x81 0xe8 0x01 0xa5 0x78 0x00 0x00 0xe1  NOPA;                         NOPB;                         NOPS;                         MOVX r8, #15;                 NOPM;                                   NOPV
.label TGT_Fcore_6_2_208
.loop_nesting 2
.no_stack_arguments
	   208    0x06 0x60 0x00 0x00 0x00 0x00 0x00 0x00 0x40 0xba                                MOVA r0, #51;                                                                             JL #llvm___aie2p___acquire
.delay_slot
	   218    0x17 0xc2 0xfd 0x18                                                                                                                                                        MOVX r1, #-1
.delay_slot
.swstall delay_slot
	   222    0x00 0x00                                                                        NOPX
.delay_slot
.swstall delay_slot
	   224    0x00 0x00                                                                        NOPX
.delay_slot
.swstall delay_slot
	   226    0x00 0x00                                                                        NOPX
.delay_slot
.swstall delay_slot
	   228    0x00 0x2c 0xf0 0x00 0x20 0x00 0x00 0x00 0x00 0xad 0x81 0x36                      NOPA;                         NOPB;                         NOPS;                         NOPX
.return_address
	   240    0xc0 0xca 0xd0 0x3e 0x17 0xe8 0x08 0x31 0x58 0xba                                LDA r18, [p6];                                                                            MOVX r1, #-1;                 MOV r0, #49
	   250    0x00 0x00                                                                        NOPX
	   252    0x00 0x00                                                                        NOPX
.no_stack_arguments
	   254    0x00 0x00 0x00 0x00 0x01 0x04                                                                                                                                              JL #llvm___aie2p___acquire
.delay_slot
	   260    0x00 0x00 0x08 0x20 0x00 0x44                                                                                                                                              MOVXM r16, #B_L2L1_6_cons_buff_1
.delay_slot
	   266    0x00 0x00 0x08 0xa0 0x00 0x44                                                                                                                                              MOVXM r17, #B_L2L1_6_cons_buff_0
.delay_slot
.swstall delay_slot
	   272    0x00 0x00                                                                        NOPX
.delay_slot
	   274    0x12 0xf7 0x27 0x98                                                                                                                                                        EQ r27, r11, r18
.delay_slot
	   278    0x00 0x2c 0xf0 0x01 0x5b 0x00 0x04 0x53 0x02 0x7a                                NOPA;                                                       NOPS;                         SEL.EQZ r9, r17, r16, r27
.return_address
	   288    0xc2 0xc2 0xd2 0xc9 0x41 0xd4                                                    LDA r16, [p6, #4];                                                                                                      MOV p1, r9
	   294    0x1f 0x62 0xc0 0xf8                                                                                                                                                                                      MOV p7, p1
	   298    0x00 0x00                                                                        NOPX
	   300    0x00 0x00                                                                        NOPX
.no_stack_arguments
	   302    0x00 0x00 0x00 0x00 0x01 0x04                                                                                                                                              JL #matmul_vectorized_different_datatypes
.delay_slot
	   308    0x00 0x00 0x04 0xc0 0x00 0x44                                                                                                                                              MOVXM p2, #C_L1L2_6_0_buff_0
.delay_slot
.swstall delay_slot
	   314    0x00 0x00                                                                        NOPX
.delay_slot
	   316    0x12 0xf7 0x07 0x98                                                                                                                                                        EQ r27, r11, r16
.delay_slot
	   320    0x13 0xe0 0xe2 0x18                                                                                                                                                        SEL.EQZ r16, r15, r14, r27
.delay_slot
	   324    0x00 0x2c 0xf0 0x00 0x20 0x01 0x5b 0x00 0x34 0x10 0x70 0xf6                      NOPA;                         NOPB;                         NOPS;                                                       MOV p0, r16
.return_address
.no_stack_arguments
	   336    0x00 0x21 0x00 0x00 0x00 0x00 0x00 0x00 0x40 0xba                                MOVA r1, #1;                                                                              JL #llvm___aie2p___release
.delay_slot
	   346    0x10 0x00 0xc1 0x18                                                                                                                                                        MOVX r0, #48
.delay_slot
.swstall delay_slot
	   350    0x00 0x00                                                                        NOPX
.delay_slot
.swstall delay_slot
	   352    0x00 0x00                                                                        NOPX
.delay_slot
.swstall delay_slot
	   354    0x00 0x00                                                                        NOPX
.delay_slot
.swstall delay_slot
	   356    0x00 0x2c 0xf0 0x00 0x20 0x00 0x00 0x00 0x00 0xad 0x81 0x36                      NOPA;                         NOPB;                         NOPS;                         NOPX
.return_address
	   368    0xc2 0xc2 0xd0 0x3e 0x17 0xe8 0x08 0x31 0x58 0xba                                LDA r16, [p6, #4];                                                                        MOVX r1, #-1;                 MOV r0, #49
	   378    0x00 0x00                                                                        NOPX
	   380    0x00 0x00                                                                        NOPX
	   382    0x00 0x00                                                                        NOPX
	   384    0x00 0x00                                                                        NOPX
.no_stack_arguments
	   386    0x00 0x00 0x00 0x00 0x01 0x04                                                                                                                                              JL #llvm___aie2p___acquire
.delay_slot
.swstall delay_slot
	   392    0x00 0x00                                                                        NOPX
.delay_slot
	   394    0x14 0x20 0x07 0x18                                                                                                                                                        ADD r16, r16, #1
.delay_slot
	   398    0x5e 0xe1 0x58 0xb0 0xfe 0x24                                                                                                                                              LT r27, r11, r16;             ADD.NC r17, r16, #-2
.delay_slot
	   404    0x14 0x21 0x12 0x18                                                                                                                                                        SEL.EQZ r16, r16, r17, r27
.delay_slot
	   408    0xc2 0xc2 0x30 0x00 0x01 0xa5 0x70 0x02                                                                                                      ST r16, [p6, #4];                                           NOPM
.return_address
	   416    0xc2 0xc2 0xd2 0xdd 0x81 0xd4                                                    LDA r16, [p6, #4];                                                                                                      MOV p1, p7
	   422    0x00 0x00                                                                        NOPX
	   424    0x00 0x00                                                                        NOPX
	   426    0x00 0x00                                                                        NOPX
.no_stack_arguments
	   428    0x00 0x00 0x00 0x00 0x01 0x04                                                                                                                                              JL #matmul_vectorized_different_datatypes
.delay_slot
	   434    0x00 0x00 0x04 0xc0 0x00 0x44                                                                                                                                              MOVXM p2, #C_L1L2_6_0_buff_0
.delay_slot
.swstall delay_slot
	   440    0x00 0x00                                                                        NOPX
.delay_slot
	   442    0x12 0xf7 0x07 0x98                                                                                                                                                        EQ r27, r11, r16
.delay_slot
	   446    0x13 0xe0 0xe2 0x18                                                                                                                                                        SEL.EQZ r16, r15, r14, r27
.delay_slot
	   450    0x00 0x2c 0xf0 0x02 0xb6 0x00 0x00 0x43 0x41 0x07 0x00 0x00 0x1c 0x2e            NOPA;                                                       NOPS;                                                       MOV p0, r16;                            NOPV
.return_address
.no_stack_arguments
	   464    0x00 0x21 0x00 0x00 0x00 0x00 0x00 0x00 0x40 0xba                                MOVA r1, #1;                                                                              JL #llvm___aie2p___release
.delay_slot
	   474    0x10 0x00 0xc1 0x18                                                                                                                                                        MOVX r0, #48
.delay_slot
.swstall delay_slot
	   478    0x00 0x00                                                                        NOPX
.delay_slot
.swstall delay_slot
	   480    0x00 0x00                                                                        NOPX
.delay_slot
.swstall delay_slot
	   482    0x00 0x00                                                                        NOPX
.delay_slot
.swstall delay_slot
	   484    0x00 0x2c 0xf0 0x00 0x20 0x00 0x00 0x00 0x00 0xad 0x81 0x36                      NOPA;                         NOPB;                         NOPS;                         NOPX
.return_address
	   496    0xc2 0xc2 0xd0 0x3e 0x17 0xe8 0x08 0x31 0x58 0xba                                LDA r16, [p6, #4];                                                                        MOVX r1, #-1;                 MOV r0, #49
	   506    0x00 0x00                                                                        NOPX
	   508    0x00 0x00                                                                        NOPX
	   510    0x00 0x00                                                                        NOPX
	   512    0x00 0x00                                                                        NOPX
.no_stack_arguments
	   514    0x00 0x00 0x00 0x00 0x01 0x04                                                                                                                                              JL #llvm___aie2p___acquire
.delay_slot
.swstall delay_slot
	   520    0x00 0x00                                                                        NOPX
.delay_slot
	   522    0x14 0x20 0x07 0x18                                                                                                                                                        ADD r16, r16, #1
.delay_slot
	   526    0x5e 0xe1 0x58 0xb0 0xfe 0x24                                                                                                                                              LT r27, r11, r16;             ADD.NC r17, r16, #-2
.delay_slot
	   532    0x14 0x21 0x12 0x18                                                                                                                                                        SEL.EQZ r16, r16, r17, r27
.delay_slot
	   536    0xc2 0xc2 0x30 0x00 0x01 0xa5 0x70 0x02                                                                                                      ST r16, [p6, #4];                                           NOPM
.return_address
	   544    0xc2 0xc2 0xd2 0xdd 0x81 0xd4                                                    LDA r16, [p6, #4];                                                                                                      MOV p1, p7
	   550    0x00 0x00                                                                        NOPX
	   552    0x00 0x00                                                                        NOPX
	   554    0x00 0x00                                                                        NOPX
.no_stack_arguments
	   556    0x00 0x00 0x00 0x00 0x01 0x04                                                                                                                                              JL #matmul_vectorized_different_datatypes
.delay_slot
	   562    0x00 0x00 0x04 0xc0 0x00 0x44                                                                                                                                              MOVXM p2, #C_L1L2_6_0_buff_0
.delay_slot
.swstall delay_slot
	   568    0x00 0x00                                                                        NOPX
.delay_slot
	   570    0x12 0xf7 0x07 0x98                                                                                                                                                        EQ r27, r11, r16
.delay_slot
	   574    0x13 0xe0 0xe2 0x18                                                                                                                                                        SEL.EQZ r16, r15, r14, r27
.delay_slot
	   578    0x00 0x2c 0xf0 0x02 0xb6 0x00 0x00 0x43 0x41 0x07 0x00 0x00 0x1c 0x2e            NOPA;                                                       NOPS;                                                       MOV p0, r16;                            NOPV
.return_address
.no_stack_arguments
	   592    0x00 0x21 0x00 0x00 0x00 0x00 0x00 0x00 0x40 0xba                                MOVA r1, #1;                                                                              JL #llvm___aie2p___release
.delay_slot
	   602    0x10 0x00 0xc1 0x18                                                                                                                                                        MOVX r0, #48
.delay_slot
.swstall delay_slot
	   606    0x00 0x00                                                                        NOPX
.delay_slot
.swstall delay_slot
	   608    0x00 0x00                                                                        NOPX
.delay_slot
.swstall delay_slot
	   610    0x00 0x00                                                                        NOPX
.delay_slot
.swstall delay_slot
	   612    0x00 0x2c 0xf0 0x00 0x20 0x00 0x00 0x00 0x00 0xad 0x81 0x36                      NOPA;                         NOPB;                         NOPS;                         NOPX
.return_address
	   624    0xc2 0xc2 0xd0 0x3e 0x17 0xe8 0x08 0x31 0x58 0xba                                LDA r16, [p6, #4];                                                                        MOVX r1, #-1;                 MOV r0, #49
	   634    0x00 0x00                                                                        NOPX
	   636    0x00 0x00                                                                        NOPX
	   638    0x00 0x00                                                                        NOPX
	   640    0x00 0x00                                                                        NOPX
.no_stack_arguments
	   642    0x00 0x00 0x00 0x00 0x01 0x04                                                                                                                                              JL #llvm___aie2p___acquire
.delay_slot
.swstall delay_slot
	   648    0x00 0x00                                                                        NOPX
.delay_slot
	   650    0x14 0x20 0x07 0x18                                                                                                                                                        ADD r16, r16, #1
.delay_slot
	   654    0x5e 0xe1 0x58 0xb0 0xfe 0x24                                                                                                                                              LT r27, r11, r16;             ADD.NC r17, r16, #-2
.delay_slot
	   660    0x14 0x21 0x12 0x18                                                                                                                                                        SEL.EQZ r16, r16, r17, r27
.delay_slot
	   664    0xc2 0xc2 0x30 0x00 0x01 0xa5 0x70 0x02                                                                                                      ST r16, [p6, #4];                                           NOPM
.return_address
	   672    0xc2 0xc2 0xd2 0xdd 0x81 0xd4                                                    LDA r16, [p6, #4];                                                                                                      MOV p1, p7
	   678    0x00 0x00                                                                        NOPX
	   680    0x00 0x00                                                                        NOPX
	   682    0x00 0x00                                                                        NOPX
.no_stack_arguments
	   684    0x00 0x00 0x00 0x00 0x01 0x04                                                                                                                                              JL #matmul_vectorized_different_datatypes
.delay_slot
	   690    0x00 0x00 0x04 0xc0 0x00 0x44                                                                                                                                              MOVXM p2, #C_L1L2_6_0_buff_0
.delay_slot
.swstall delay_slot
	   696    0x00 0x00                                                                        NOPX
.delay_slot
	   698    0x12 0xf7 0x07 0x98                                                                                                                                                        EQ r27, r11, r16
.delay_slot
	   702    0x13 0xe0 0xe2 0x18                                                                                                                                                        SEL.EQZ r16, r15, r14, r27
.delay_slot
	   706    0x00 0x2c 0xf0 0x02 0xb6 0x00 0x00 0x43 0x41 0x07 0x00 0x00 0x1c 0x2e            NOPA;                                                       NOPS;                                                       MOV p0, r16;                            NOPV
.return_address
.no_stack_arguments
	   720    0x00 0x21 0x00 0x00 0x00 0x00 0x00 0x00 0x40 0xba                                MOVA r1, #1;                                                                              JL #llvm___aie2p___release
.delay_slot
	   730    0x10 0x00 0xc1 0x18                                                                                                                                                        MOVX r0, #48
.delay_slot
.swstall delay_slot
	   734    0x00 0x00                                                                        NOPX
.delay_slot
.swstall delay_slot
	   736    0x00 0x00                                                                        NOPX
.delay_slot
.swstall delay_slot
	   738    0x00 0x00                                                                        NOPX
.delay_slot
.swstall delay_slot
	   740    0x00 0x2c 0xf0 0x00 0x20 0x00 0x00 0x00 0x00 0xad 0x81 0x36                      NOPA;                         NOPB;                         NOPS;                         NOPX
.return_address
	   752    0xc2 0xc2 0xd0 0x00 0x06 0x48 0x28 0x01 0x58 0xba                                LDA r16, [p6, #4];                                                                        MOVX r0, #50;                 MOV r1, #1
	   762    0x00 0x00                                                                        NOPX
	   764    0x00 0x00                                                                        NOPX
	   766    0x00 0x00                                                                        NOPX
	   768    0x00 0x00                                                                        NOPX
.no_stack_arguments
	   770    0x00 0x00 0x00 0x00 0x01 0x04                                                                                                                                              JL #llvm___aie2p___release
.delay_slot
.swstall delay_slot
	   776    0x00 0x00                                                                        NOPX
.delay_slot
	   778    0x14 0x20 0x07 0x18                                                                                                                                                        ADD r16, r16, #1
.delay_slot
	   782    0x5e 0xe1 0x58 0xb0 0xfe 0x24                                                                                                                                              LT r27, r11, r16;             ADD.NC r17, r16, #-2
.delay_slot
	   788    0x14 0x21 0x12 0x18                                                                                                                                                        SEL.EQZ r16, r16, r17, r27
.delay_slot
	   792    0xc2 0xc2 0x30 0x00 0x01 0xa5 0x70 0x02                                                                                                      ST r16, [p6, #4];                                           NOPM
.return_address
	   800    0xc0 0xc2 0xd0 0x00 0x00 0x03 0xb0 0x68 0x10 0xba                                LDA r16, [p6];                                                                            MOVXM p7, #(TGT_Fcore_6_2_208 + 0)
	   810    0x00 0x00                                                                        NOPX
	   812    0x00 0x00                                                                        NOPX
	   814    0x00 0x00                                                                        NOPX
	   816    0x00 0x00                                                                        NOPX
	   818    0x12 0x11 0xe0 0x18                                                                                                                                                        JNZD r8, r8, p7
.delay_slot
.swstall delay_slot
	   822    0x00 0x00                                                                        NOPX
.delay_slot
	   824    0x14 0x20 0x07 0x18                                                                                                                                                        ADD r16, r16, #1
.delay_slot
	   828    0x5e 0xe1 0x58 0xb0 0xfe 0x24                                                                                                                                              LT r27, r11, r16;             ADD.NC r17, r16, #-2
.delay_slot
	   834    0x14 0x21 0x12 0x18                                                                                                                                                        SEL.EQZ r16, r16, r17, r27
.delay_slot
	   838    0x0e 0x06 0x11 0x98                                                                                                                          ST r16, [p6]
.loop_nesting 1
	   842    0xfa 0x22 0x20 0x00 0x06 0xaa 0x0e 0x60 0x78 0xba                                LDA r8, [sp, #-48];                                                                       MOVX r0, #53;                 MOV r16, p6
.no_stack_arguments
	   852    0x00 0x21 0x00 0x00 0x00 0x00 0x00 0x00 0x40 0xba                                MOVA r1, #1;                                                                              JL #llvm___aie2p___release
.delay_slot
	   862    0x17 0xd2 0xf9 0x18                                                                                                                                                        MOVX r9, #-2
.delay_slot
	   866    0x1f 0x68 0x7e 0x18                                                                                                                                                                                      ADD.NC p7, r16, #-4
.delay_slot
.swstall delay_slot
	   870    0x00 0x00                                                                        NOPX
.delay_slot
.swstall delay_slot
	   872    0x00 0x00                                                                        NOPX
.delay_slot
.swstall delay_slot
	   874    0x00 0x2c 0xf0 0x00 0x20 0x3c                                                    NOPA;                         NOPB
.return_address
	   880    0xf9 0xc2 0x20 0x11 0x50 0x3a 0x28 0x00 0x58 0xba                                LDA r16, [sp, #-52];                                                                      ADD r21, r8, #1;              MOV r17, #0
	   890    0xde 0xce 0xd7 0xd2 0xb5 0x91 0x24 0xe7 0x08 0x00 0x58 0x76                      LDA r19, [p6, #-4];                                         ST r21, [sp, #-48];           LTU r18, r8, r9;              MOV r24, #0
	   902    0x00 0x00                                                                        NOPX
	   904    0x00 0x00                                                                        NOPX
	   906    0x00 0x00                                                                        NOPX
	   908    0x00 0x00                                                                        NOPX
	   910    0x00 0x00                                                                        NOPX
	   912    0x14 0x2a 0xd0 0x18                                                                                                                                                        EQZ r21, r16
	   916    0x15 0x65 0x24 0x98                                                                                                                                                        AND r18, r21, r18
	   920    0x14 0x63 0x25 0x98                                                                                                                                                        OR r17, r17, r18
	   924    0x88 0x00 0x40 0x40 0x01 0x84                                                                                                                                              JNZ r17, #TGT_Fcore_6_2_128
.delay_slot
	   930    0x7f 0xff 0xfa 0x3f 0xfc 0x44                                                                                                                                              MOVXM r20, #2147483646
.delay_slot
	   936    0x15 0x29 0x3c 0x98                                                                                                                                                        LTU r20, r20, r19
.delay_slot
	   940    0x16 0x21 0x02 0x98                                                                                                                                                        ADC r16, r24, r16
.delay_slot
	   944    0x14 0xe7 0x40 0x98                                                                                                                                                        ADD r19, r19, r20
.delay_slot
	   948    0x0f 0x1e 0x71 0x98                                                                                                                          ST r19, [p7], #4
.loop_nesting 0
	   952    0x07 0xd4 0x39 0x18                                                              LDA lr, [sp, #-44]
	   956    0x07 0xd9 0x11 0x18                                                              LDA r8, [sp, #-40]
	   960    0x07 0xdd 0x31 0x18                                                              LDA r9, [sp, #-36]
	   964    0x07 0xe1 0x51 0x18                                                              LDA r10, [sp, #-32]
	   968    0x07 0xe9 0x71 0x18                                                              LDA r11, [sp, #-24]
	   972    0x07 0xf1 0x91 0x18                                                              LDA r12, [sp, #-16]
	   976    0x07 0xf5 0xb1 0x18                                                              LDA r13, [sp, #-12]
	   980    0x07 0xf9 0xd1 0x18                                                              LDA r14, [sp, #-8]
	   984    0x07 0xfd 0xf1 0x18                                                              LDA r15, [sp, #-4]
	   988    0x07 0xe7 0x19 0x18                                                              LDA p6, [sp, #-28]
	   992    0x07 0xef 0x99 0x18                                                              LDA p7, [sp, #-20]
	   996    0x10 0x28 0x00 0x18                                                                                                                                                        RET lr
.delay_slot
	  1000    0xff 0xf8 0x00 0x00 0x01 0xc4                                                                                                                                              PADDXM [sp], #-64
.delay_slot
.swstall delay_slot
	  1006    0x00 0x00                                                                        NOPX
.delay_slot
.swstall delay_slot
	  1008    0x00 0x00                                                                        NOPX
.delay_slot
.swstall delay_slot
	  1010    0x00 0x00                                                                        NOPX
.label core_6_2__end last
.delay_slot
.swstall delay_slot
	  1012    0x00 0x00                                                                        NOPX

.undef global data _anonymous6

.undef global data C_L1L2_6_0_buff_0

.undef global data B_L2L1_6_cons_buff_0

.undef global data B_L2L1_6_cons_buff_1

.undef global data A_L2L1_0_6_cons_buff_0

.undef global data A_L2L1_0_6_cons_buff_1

.undef global text llvm___aie2p___acquire

.undef global text zero_kernel_bf16

.undef global text matmul_vectorized_different_datatypes

.undef global text llvm___aie2p___release

.text_segment_name
.text global 10 core_5_2
.function_start
	     0    0x00 0x18 0x02 0x9c 0x8b 0x00 0x02 0x00 0x00 0x00 0x70 0x76                      MOVA r24, #0;                                               MOVS p2, p7;                  PADDXM [sp], #64
	    12    0x00 0x10 0x07 0xd3 0x15 0x80 0x00 0x03 0xb0 0x00 0x10 0x76                      MOVA r16, #0;                                               ST r24, [sp, #-48];           MOVXM p7, #_anonymous5
	    24    0xe3 0xe2 0x30 0x00 0xab 0xd0 0x70 0x02                                                                                                      ST r24, [p7], #4;                                           MOV r5, r15
	    32    0xe0 0xe2 0x30 0x00 0x8b 0x90 0x70 0x02                                                                                                      ST r24, [p7];                                               MOV r4, r14
	    40    0xff 0x96 0xb0 0x00 0x6b 0x50 0x70 0x02                                                                                                      ST r5, [sp, #-4];                                           MOV r3, r13
	    48    0xff 0x12 0xb0 0x00 0x4b 0x10 0x70 0x02                                                                                                      ST r4, [sp, #-8];                                           MOV r2, r12
	    56    0xfe 0x8e 0xb0 0x00 0xb0 0x28 0x2a 0xd0 0x79 0x3a                                                                                            ST r3, [sp, #-12];            MOVX r11, #1;                 MOV r1, r11
	    66    0xfe 0x0a 0xb0 0x00 0x0a 0x90 0x70 0x02                                                                                                      ST r2, [sp, #-16];                                          MOV r0, r10
	    74    0xfd 0x06 0xb0 0x00 0x00 0x01 0xc8 0x00 0x11 0x3a                                                                                            ST r1, [sp, #-24];            MOVXM r14, #A_L2L1_0_5_cons_buff_1
	    84    0xfc 0x02 0xb0 0x00 0x00 0x01 0xe8 0x00 0x11 0x3a                                                                                            ST r0, [sp, #-32];            MOVXM r15, #A_L2L1_0_5_cons_buff_0
	    94    0x0f 0xdd 0x35 0x98                                                                                                                          ST r9, [sp, #-36]
	    98    0x0f 0xd9 0x15 0x98                                                                                                                          ST r8, [sp, #-40]
	   102    0x0f 0xed 0x1d 0x98                                                                                                                          ST p2, [sp, #-20]
	   106    0x0f 0xe7 0x1d 0x98                                                                                                                          ST p6, [sp, #-28]
	   110    0x0f 0xd4 0x3d 0x98                                                                                                                          ST lr, [sp, #-44]
	   114    0x00 0x2c 0xfe 0x2e 0x23 0x00 0x00 0x40 0x1a 0x57 0x00 0x00 0x1c 0x2e            NOPA;                                                       ST r24, [p7, #4];                                           NOPM;                                   NOPV
.label TGT_Fcore_5_2_128
.loop_nesting 1
.no_stack_arguments
	   128    0x06 0x80 0x07 0xce 0x15 0x80 0x00 0x00 0x00 0x00 0x40 0x76                      MOVA r0, #52;                                               ST r16, [sp, #-52];           JL #llvm___aie2p___acquire
.delay_slot
	   140    0x1e 0x6e 0xc0 0xf8                                                                                                                                                                                      MOV p6, p7
.delay_slot
	   144    0x17 0xc2 0xfd 0x18                                                                                                                                                        MOVX r1, #-1
.delay_slot
.swstall delay_slot
	   148    0x00 0x00                                                                        NOPX
.delay_slot
.swstall delay_slot
	   150    0x00 0x00                                                                        NOPX
.delay_slot
.swstall delay_slot
	   152    0x00 0x2c 0xf0 0x04 0x00 0x00 0x1c 0x22                                          NOPA;                                                                                                                                                           NOPV
.return_address
.no_stack_arguments
	   160    0x00 0x00 0x00 0x00 0x01 0x04                                                                                                                                              JL #zero_kernel_bf16
.delay_slot
	   166    0x00 0x00 0x00 0xc0 0x00 0x44                                                                                                                                              MOVXM p0, #C_L1L2_5_0_buff_0
.delay_slot
.swstall delay_slot
	   172    0x00 0x00                                                                        NOPX
.delay_slot
.swstall delay_slot
	   174    0x00 0x00                                                                        NOPX
.delay_slot
.swstall delay_slot
	   176    0x00 0x00                                                                        NOPX
.delay_slot
.swstall delay_slot
	   178    0x00 0x2c 0xf0 0x02 0xb6 0x00 0x00 0x40 0x1a 0x57 0x00 0x00 0x1c 0x2e            NOPA;                                                       NOPS;                                                       NOPM;                                   NOPV
.return_address
	   192    0x00 0x2c 0xf0 0x00 0x20 0x01 0x5b 0x00 0x81 0xe8 0x01 0xa5 0x78 0x00 0x00 0xe1  NOPA;                         NOPB;                         NOPS;                         MOVX r8, #15;                 NOPM;                                   NOPV
.label TGT_Fcore_5_2_208
.loop_nesting 2
.no_stack_arguments
	   208    0x06 0x60 0x00 0x00 0x00 0x00 0x00 0x00 0x40 0xba                                MOVA r0, #51;                                                                             JL #llvm___aie2p___acquire
.delay_slot
	   218    0x17 0xc2 0xfd 0x18                                                                                                                                                        MOVX r1, #-1
.delay_slot
.swstall delay_slot
	   222    0x00 0x00                                                                        NOPX
.delay_slot
.swstall delay_slot
	   224    0x00 0x00                                                                        NOPX
.delay_slot
.swstall delay_slot
	   226    0x00 0x00                                                                        NOPX
.delay_slot
.swstall delay_slot
	   228    0x00 0x2c 0xf0 0x00 0x20 0x00 0x00 0x00 0x00 0xad 0x81 0x36                      NOPA;                         NOPB;                         NOPS;                         NOPX
.return_address
	   240    0xc0 0xca 0xd0 0x3e 0x17 0xe8 0x08 0x31 0x58 0xba                                LDA r18, [p6];                                                                            MOVX r1, #-1;                 MOV r0, #49
	   250    0x00 0x00                                                                        NOPX
	   252    0x00 0x00                                                                        NOPX
.no_stack_arguments
	   254    0x00 0x00 0x00 0x00 0x01 0x04                                                                                                                                              JL #llvm___aie2p___acquire
.delay_slot
	   260    0x00 0x00 0x08 0x20 0x00 0x44                                                                                                                                              MOVXM r16, #B_L2L1_5_cons_buff_1
.delay_slot
	   266    0x00 0x00 0x08 0xa0 0x00 0x44                                                                                                                                              MOVXM r17, #B_L2L1_5_cons_buff_0
.delay_slot
.swstall delay_slot
	   272    0x00 0x00                                                                        NOPX
.delay_slot
	   274    0x12 0xf7 0x27 0x98                                                                                                                                                        EQ r27, r11, r18
.delay_slot
	   278    0x00 0x2c 0xf0 0x01 0x5b 0x00 0x04 0x53 0x02 0x7a                                NOPA;                                                       NOPS;                         SEL.EQZ r9, r17, r16, r27
.return_address
	   288    0xc2 0xc2 0xd2 0xc9 0x41 0xd4                                                    LDA r16, [p6, #4];                                                                                                      MOV p1, r9
	   294    0x1f 0x62 0xc0 0xf8                                                                                                                                                                                      MOV p7, p1
	   298    0x00 0x00                                                                        NOPX
	   300    0x00 0x00                                                                        NOPX
.no_stack_arguments
	   302    0x00 0x00 0x00 0x00 0x01 0x04                                                                                                                                              JL #matmul_vectorized_different_datatypes
.delay_slot
	   308    0x00 0x00 0x04 0xc0 0x00 0x44                                                                                                                                              MOVXM p2, #C_L1L2_5_0_buff_0
.delay_slot
.swstall delay_slot
	   314    0x00 0x00                                                                        NOPX
.delay_slot
	   316    0x12 0xf7 0x07 0x98                                                                                                                                                        EQ r27, r11, r16
.delay_slot
	   320    0x13 0xe0 0xe2 0x18                                                                                                                                                        SEL.EQZ r16, r15, r14, r27
.delay_slot
	   324    0x00 0x2c 0xf0 0x00 0x20 0x01 0x5b 0x00 0x34 0x10 0x70 0xf6                      NOPA;                         NOPB;                         NOPS;                                                       MOV p0, r16
.return_address
.no_stack_arguments
	   336    0x00 0x21 0x00 0x00 0x00 0x00 0x00 0x00 0x40 0xba                                MOVA r1, #1;                                                                              JL #llvm___aie2p___release
.delay_slot
	   346    0x10 0x00 0xc1 0x18                                                                                                                                                        MOVX r0, #48
.delay_slot
.swstall delay_slot
	   350    0x00 0x00                                                                        NOPX
.delay_slot
.swstall delay_slot
	   352    0x00 0x00                                                                        NOPX
.delay_slot
.swstall delay_slot
	   354    0x00 0x00                                                                        NOPX
.delay_slot
.swstall delay_slot
	   356    0x00 0x2c 0xf0 0x00 0x20 0x00 0x00 0x00 0x00 0xad 0x81 0x36                      NOPA;                         NOPB;                         NOPS;                         NOPX
.return_address
	   368    0xc2 0xc2 0xd0 0x3e 0x17 0xe8 0x08 0x31 0x58 0xba                                LDA r16, [p6, #4];                                                                        MOVX r1, #-1;                 MOV r0, #49
	   378    0x00 0x00                                                                        NOPX
	   380    0x00 0x00                                                                        NOPX
	   382    0x00 0x00                                                                        NOPX
	   384    0x00 0x00                                                                        NOPX
.no_stack_arguments
	   386    0x00 0x00 0x00 0x00 0x01 0x04                                                                                                                                              JL #llvm___aie2p___acquire
.delay_slot
.swstall delay_slot
	   392    0x00 0x00                                                                        NOPX
.delay_slot
	   394    0x14 0x20 0x07 0x18                                                                                                                                                        ADD r16, r16, #1
.delay_slot
	   398    0x5e 0xe1 0x58 0xb0 0xfe 0x24                                                                                                                                              LT r27, r11, r16;             ADD.NC r17, r16, #-2
.delay_slot
	   404    0x14 0x21 0x12 0x18                                                                                                                                                        SEL.EQZ r16, r16, r17, r27
.delay_slot
	   408    0xc2 0xc2 0x30 0x00 0x01 0xa5 0x70 0x02                                                                                                      ST r16, [p6, #4];                                           NOPM
.return_address
	   416    0xc2 0xc2 0xd2 0xdd 0x81 0xd4                                                    LDA r16, [p6, #4];                                                                                                      MOV p1, p7
	   422    0x00 0x00                                                                        NOPX
	   424    0x00 0x00                                                                        NOPX
	   426    0x00 0x00                                                                        NOPX
.no_stack_arguments
	   428    0x00 0x00 0x00 0x00 0x01 0x04                                                                                                                                              JL #matmul_vectorized_different_datatypes
.delay_slot
	   434    0x00 0x00 0x04 0xc0 0x00 0x44                                                                                                                                              MOVXM p2, #C_L1L2_5_0_buff_0
.delay_slot
.swstall delay_slot
	   440    0x00 0x00                                                                        NOPX
.delay_slot
	   442    0x12 0xf7 0x07 0x98                                                                                                                                                        EQ r27, r11, r16
.delay_slot
	   446    0x13 0xe0 0xe2 0x18                                                                                                                                                        SEL.EQZ r16, r15, r14, r27
.delay_slot
	   450    0x00 0x2c 0xf0 0x02 0xb6 0x00 0x00 0x43 0x41 0x07 0x00 0x00 0x1c 0x2e            NOPA;                                                       NOPS;                                                       MOV p0, r16;                            NOPV
.return_address
.no_stack_arguments
	   464    0x00 0x21 0x00 0x00 0x00 0x00 0x00 0x00 0x40 0xba                                MOVA r1, #1;                                                                              JL #llvm___aie2p___release
.delay_slot
	   474    0x10 0x00 0xc1 0x18                                                                                                                                                        MOVX r0, #48
.delay_slot
.swstall delay_slot
	   478    0x00 0x00                                                                        NOPX
.delay_slot
.swstall delay_slot
	   480    0x00 0x00                                                                        NOPX
.delay_slot
.swstall delay_slot
	   482    0x00 0x00                                                                        NOPX
.delay_slot
.swstall delay_slot
	   484    0x00 0x2c 0xf0 0x00 0x20 0x00 0x00 0x00 0x00 0xad 0x81 0x36                      NOPA;                         NOPB;                         NOPS;                         NOPX
.return_address
	   496    0xc2 0xc2 0xd0 0x3e 0x17 0xe8 0x08 0x31 0x58 0xba                                LDA r16, [p6, #4];                                                                        MOVX r1, #-1;                 MOV r0, #49
	   506    0x00 0x00                                                                        NOPX
	   508    0x00 0x00                                                                        NOPX
	   510    0x00 0x00                                                                        NOPX
	   512    0x00 0x00                                                                        NOPX
.no_stack_arguments
	   514    0x00 0x00 0x00 0x00 0x01 0x04                                                                                                                                              JL #llvm___aie2p___acquire
.delay_slot
.swstall delay_slot
	   520    0x00 0x00                                                                        NOPX
.delay_slot
	   522    0x14 0x20 0x07 0x18                                                                                                                                                        ADD r16, r16, #1
.delay_slot
	   526    0x5e 0xe1 0x58 0xb0 0xfe 0x24                                                                                                                                              LT r27, r11, r16;             ADD.NC r17, r16, #-2
.delay_slot
	   532    0x14 0x21 0x12 0x18                                                                                                                                                        SEL.EQZ r16, r16, r17, r27
.delay_slot
	   536    0xc2 0xc2 0x30 0x00 0x01 0xa5 0x70 0x02                                                                                                      ST r16, [p6, #4];                                           NOPM
.return_address
	   544    0xc2 0xc2 0xd2 0xdd 0x81 0xd4                                                    LDA r16, [p6, #4];                                                                                                      MOV p1, p7
	   550    0x00 0x00                                                                        NOPX
	   552    0x00 0x00                                                                        NOPX
	   554    0x00 0x00                                                                        NOPX
.no_stack_arguments
	   556    0x00 0x00 0x00 0x00 0x01 0x04                                                                                                                                              JL #matmul_vectorized_different_datatypes
.delay_slot
	   562    0x00 0x00 0x04 0xc0 0x00 0x44                                                                                                                                              MOVXM p2, #C_L1L2_5_0_buff_0
.delay_slot
.swstall delay_slot
	   568    0x00 0x00                                                                        NOPX
.delay_slot
	   570    0x12 0xf7 0x07 0x98                                                                                                                                                        EQ r27, r11, r16
.delay_slot
	   574    0x13 0xe0 0xe2 0x18                                                                                                                                                        SEL.EQZ r16, r15, r14, r27
.delay_slot
	   578    0x00 0x2c 0xf0 0x02 0xb6 0x00 0x00 0x43 0x41 0x07 0x00 0x00 0x1c 0x2e            NOPA;                                                       NOPS;                                                       MOV p0, r16;                            NOPV
.return_address
.no_stack_arguments
	   592    0x00 0x21 0x00 0x00 0x00 0x00 0x00 0x00 0x40 0xba                                MOVA r1, #1;                                                                              JL #llvm___aie2p___release
.delay_slot
	   602    0x10 0x00 0xc1 0x18                                                                                                                                                        MOVX r0, #48
.delay_slot
.swstall delay_slot
	   606    0x00 0x00                                                                        NOPX
.delay_slot
.swstall delay_slot
	   608    0x00 0x00                                                                        NOPX
.delay_slot
.swstall delay_slot
	   610    0x00 0x00                                                                        NOPX
.delay_slot
.swstall delay_slot
	   612    0x00 0x2c 0xf0 0x00 0x20 0x00 0x00 0x00 0x00 0xad 0x81 0x36                      NOPA;                         NOPB;                         NOPS;                         NOPX
.return_address
	   624    0xc2 0xc2 0xd0 0x3e 0x17 0xe8 0x08 0x31 0x58 0xba                                LDA r16, [p6, #4];                                                                        MOVX r1, #-1;                 MOV r0, #49
	   634    0x00 0x00                                                                        NOPX
	   636    0x00 0x00                                                                        NOPX
	   638    0x00 0x00                                                                        NOPX
	   640    0x00 0x00                                                                        NOPX
.no_stack_arguments
	   642    0x00 0x00 0x00 0x00 0x01 0x04                                                                                                                                              JL #llvm___aie2p___acquire
.delay_slot
.swstall delay_slot
	   648    0x00 0x00                                                                        NOPX
.delay_slot
	   650    0x14 0x20 0x07 0x18                                                                                                                                                        ADD r16, r16, #1
.delay_slot
	   654    0x5e 0xe1 0x58 0xb0 0xfe 0x24                                                                                                                                              LT r27, r11, r16;             ADD.NC r17, r16, #-2
.delay_slot
	   660    0x14 0x21 0x12 0x18                                                                                                                                                        SEL.EQZ r16, r16, r17, r27
.delay_slot
	   664    0xc2 0xc2 0x30 0x00 0x01 0xa5 0x70 0x02                                                                                                      ST r16, [p6, #4];                                           NOPM
.return_address
	   672    0xc2 0xc2 0xd2 0xdd 0x81 0xd4                                                    LDA r16, [p6, #4];                                                                                                      MOV p1, p7
	   678    0x00 0x00                                                                        NOPX
	   680    0x00 0x00                                                                        NOPX
	   682    0x00 0x00                                                                        NOPX
.no_stack_arguments
	   684    0x00 0x00 0x00 0x00 0x01 0x04                                                                                                                                              JL #matmul_vectorized_different_datatypes
.delay_slot
	   690    0x00 0x00 0x04 0xc0 0x00 0x44                                                                                                                                              MOVXM p2, #C_L1L2_5_0_buff_0
.delay_slot
.swstall delay_slot
	   696    0x00 0x00                                                                        NOPX
.delay_slot
	   698    0x12 0xf7 0x07 0x98                                                                                                                                                        EQ r27, r11, r16
.delay_slot
	   702    0x13 0xe0 0xe2 0x18                                                                                                                                                        SEL.EQZ r16, r15, r14, r27
.delay_slot
	   706    0x00 0x2c 0xf0 0x02 0xb6 0x00 0x00 0x43 0x41 0x07 0x00 0x00 0x1c 0x2e            NOPA;                                                       NOPS;                                                       MOV p0, r16;                            NOPV
.return_address
.no_stack_arguments
	   720    0x00 0x21 0x00 0x00 0x00 0x00 0x00 0x00 0x40 0xba                                MOVA r1, #1;                                                                              JL #llvm___aie2p___release
.delay_slot
	   730    0x10 0x00 0xc1 0x18                                                                                                                                                        MOVX r0, #48
.delay_slot
.swstall delay_slot
	   734    0x00 0x00                                                                        NOPX
.delay_slot
.swstall delay_slot
	   736    0x00 0x00                                                                        NOPX
.delay_slot
.swstall delay_slot
	   738    0x00 0x00                                                                        NOPX
.delay_slot
.swstall delay_slot
	   740    0x00 0x2c 0xf0 0x00 0x20 0x00 0x00 0x00 0x00 0xad 0x81 0x36                      NOPA;                         NOPB;                         NOPS;                         NOPX
.return_address
	   752    0xc2 0xc2 0xd0 0x00 0x06 0x48 0x28 0x01 0x58 0xba                                LDA r16, [p6, #4];                                                                        MOVX r0, #50;                 MOV r1, #1
	   762    0x00 0x00                                                                        NOPX
	   764    0x00 0x00                                                                        NOPX
	   766    0x00 0x00                                                                        NOPX
	   768    0x00 0x00                                                                        NOPX
.no_stack_arguments
	   770    0x00 0x00 0x00 0x00 0x01 0x04                                                                                                                                              JL #llvm___aie2p___release
.delay_slot
.swstall delay_slot
	   776    0x00 0x00                                                                        NOPX
.delay_slot
	   778    0x14 0x20 0x07 0x18                                                                                                                                                        ADD r16, r16, #1
.delay_slot
	   782    0x5e 0xe1 0x58 0xb0 0xfe 0x24                                                                                                                                              LT r27, r11, r16;             ADD.NC r17, r16, #-2
.delay_slot
	   788    0x14 0x21 0x12 0x18                                                                                                                                                        SEL.EQZ r16, r16, r17, r27
.delay_slot
	   792    0xc2 0xc2 0x30 0x00 0x01 0xa5 0x70 0x02                                                                                                      ST r16, [p6, #4];                                           NOPM
.return_address
	   800    0xc0 0xc2 0xd0 0x00 0x00 0x03 0xb0 0x68 0x10 0xba                                LDA r16, [p6];                                                                            MOVXM p7, #(TGT_Fcore_5_2_208 + 0)
	   810    0x00 0x00                                                                        NOPX
	   812    0x00 0x00                                                                        NOPX
	   814    0x00 0x00                                                                        NOPX
	   816    0x00 0x00                                                                        NOPX
	   818    0x12 0x11 0xe0 0x18                                                                                                                                                        JNZD r8, r8, p7
.delay_slot
.swstall delay_slot
	   822    0x00 0x00                                                                        NOPX
.delay_slot
	   824    0x14 0x20 0x07 0x18                                                                                                                                                        ADD r16, r16, #1
.delay_slot
	   828    0x5e 0xe1 0x58 0xb0 0xfe 0x24                                                                                                                                              LT r27, r11, r16;             ADD.NC r17, r16, #-2
.delay_slot
	   834    0x14 0x21 0x12 0x18                                                                                                                                                        SEL.EQZ r16, r16, r17, r27
.delay_slot
	   838    0x0e 0x06 0x11 0x98                                                                                                                          ST r16, [p6]
.loop_nesting 1
	   842    0xfa 0x22 0x20 0x00 0x06 0xaa 0x0e 0x60 0x78 0xba                                LDA r8, [sp, #-48];                                                                       MOVX r0, #53;                 MOV r16, p6
.no_stack_arguments
	   852    0x00 0x21 0x00 0x00 0x00 0x00 0x00 0x00 0x40 0xba                                MOVA r1, #1;                                                                              JL #llvm___aie2p___release
.delay_slot
	   862    0x17 0xd2 0xf9 0x18                                                                                                                                                        MOVX r9, #-2
.delay_slot
	   866    0x1f 0x68 0x7e 0x18                                                                                                                                                                                      ADD.NC p7, r16, #-4
.delay_slot
.swstall delay_slot
	   870    0x00 0x00                                                                        NOPX
.delay_slot
.swstall delay_slot
	   872    0x00 0x00                                                                        NOPX
.delay_slot
.swstall delay_slot
	   874    0x00 0x2c 0xf0 0x00 0x20 0x3c                                                    NOPA;                         NOPB
.return_address
	   880    0xf9 0xc2 0x20 0x11 0x50 0x3a 0x28 0x00 0x58 0xba                                LDA r16, [sp, #-52];                                                                      ADD r21, r8, #1;              MOV r17, #0
	   890    0xde 0xce 0xd7 0xd2 0xb5 0x91 0x24 0xe7 0x08 0x00 0x58 0x76                      LDA r19, [p6, #-4];                                         ST r21, [sp, #-48];           LTU r18, r8, r9;              MOV r24, #0
	   902    0x00 0x00                                                                        NOPX
	   904    0x00 0x00                                                                        NOPX
	   906    0x00 0x00                                                                        NOPX
	   908    0x00 0x00                                                                        NOPX
	   910    0x00 0x00                                                                        NOPX
	   912    0x14 0x2a 0xd0 0x18                                                                                                                                                        EQZ r21, r16
	   916    0x15 0x65 0x24 0x98                                                                                                                                                        AND r18, r21, r18
	   920    0x14 0x63 0x25 0x98                                                                                                                                                        OR r17, r17, r18
	   924    0x88 0x00 0x40 0x40 0x01 0x84                                                                                                                                              JNZ r17, #TGT_Fcore_5_2_128
.delay_slot
	   930    0x7f 0xff 0xfa 0x3f 0xfc 0x44                                                                                                                                              MOVXM r20, #2147483646
.delay_slot
	   936    0x15 0x29 0x3c 0x98                                                                                                                                                        LTU r20, r20, r19
.delay_slot
	   940    0x16 0x21 0x02 0x98                                                                                                                                                        ADC r16, r24, r16
.delay_slot
	   944    0x14 0xe7 0x40 0x98                                                                                                                                                        ADD r19, r19, r20
.delay_slot
	   948    0x0f 0x1e 0x71 0x98                                                                                                                          ST r19, [p7], #4
.loop_nesting 0
	   952    0x07 0xd4 0x39 0x18                                                              LDA lr, [sp, #-44]
	   956    0x07 0xd9 0x11 0x18                                                              LDA r8, [sp, #-40]
	   960    0x07 0xdd 0x31 0x18                                                              LDA r9, [sp, #-36]
	   964    0x07 0xe1 0x51 0x18                                                              LDA r10, [sp, #-32]
	   968    0x07 0xe9 0x71 0x18                                                              LDA r11, [sp, #-24]
	   972    0x07 0xf1 0x91 0x18                                                              LDA r12, [sp, #-16]
	   976    0x07 0xf5 0xb1 0x18                                                              LDA r13, [sp, #-12]
	   980    0x07 0xf9 0xd1 0x18                                                              LDA r14, [sp, #-8]
	   984    0x07 0xfd 0xf1 0x18                                                              LDA r15, [sp, #-4]
	   988    0x07 0xe7 0x19 0x18                                                              LDA p6, [sp, #-28]
	   992    0x07 0xef 0x99 0x18                                                              LDA p7, [sp, #-20]
	   996    0x10 0x28 0x00 0x18                                                                                                                                                        RET lr
.delay_slot
	  1000    0xff 0xf8 0x00 0x00 0x01 0xc4                                                                                                                                              PADDXM [sp], #-64
.delay_slot
.swstall delay_slot
	  1006    0x00 0x00                                                                        NOPX
.delay_slot
.swstall delay_slot
	  1008    0x00 0x00                                                                        NOPX
.delay_slot
.swstall delay_slot
	  1010    0x00 0x00                                                                        NOPX
.label core_5_2__end last
.delay_slot
.swstall delay_slot
	  1012    0x00 0x00                                                                        NOPX

.undef global data _anonymous5

.undef global data C_L1L2_5_0_buff_0

.undef global data B_L2L1_5_cons_buff_0

.undef global data B_L2L1_5_cons_buff_1

.undef global data A_L2L1_0_5_cons_buff_0

.undef global data A_L2L1_0_5_cons_buff_1

.undef global text llvm___aie2p___acquire

.undef global text zero_kernel_bf16

.undef global text matmul_vectorized_different_datatypes

.undef global text llvm___aie2p___release

.text_segment_name
.text global 10 core_4_2
.function_start
	     0    0x00 0x18 0x02 0x9c 0x8b 0x00 0x02 0x00 0x00 0x00 0x70 0x76                      MOVA r24, #0;                                               MOVS p2, p7;                  PADDXM [sp], #64
	    12    0x00 0x10 0x07 0xd3 0x15 0x80 0x00 0x03 0xb0 0x00 0x10 0x76                      MOVA r16, #0;                                               ST r24, [sp, #-48];           MOVXM p7, #_anonymous4
	    24    0xe3 0xe2 0x30 0x00 0xab 0xd0 0x70 0x02                                                                                                      ST r24, [p7], #4;                                           MOV r5, r15
	    32    0xe0 0xe2 0x30 0x00 0x8b 0x90 0x70 0x02                                                                                                      ST r24, [p7];                                               MOV r4, r14
	    40    0xff 0x96 0xb0 0x00 0x6b 0x50 0x70 0x02                                                                                                      ST r5, [sp, #-4];                                           MOV r3, r13
	    48    0xff 0x12 0xb0 0x00 0x4b 0x10 0x70 0x02                                                                                                      ST r4, [sp, #-8];                                           MOV r2, r12
	    56    0xfe 0x8e 0xb0 0x00 0xb0 0x28 0x2a 0xd0 0x79 0x3a                                                                                            ST r3, [sp, #-12];            MOVX r11, #1;                 MOV r1, r11
	    66    0xfe 0x0a 0xb0 0x00 0x0a 0x90 0x70 0x02                                                                                                      ST r2, [sp, #-16];                                          MOV r0, r10
	    74    0xfd 0x06 0xb0 0x00 0x00 0x01 0xc8 0x00 0x11 0x3a                                                                                            ST r1, [sp, #-24];            MOVXM r14, #A_L2L1_0_4_cons_buff_1
	    84    0xfc 0x02 0xb0 0x00 0x00 0x01 0xe8 0x00 0x11 0x3a                                                                                            ST r0, [sp, #-32];            MOVXM r15, #A_L2L1_0_4_cons_buff_0
	    94    0x0f 0xdd 0x35 0x98                                                                                                                          ST r9, [sp, #-36]
	    98    0x0f 0xd9 0x15 0x98                                                                                                                          ST r8, [sp, #-40]
	   102    0x0f 0xed 0x1d 0x98                                                                                                                          ST p2, [sp, #-20]
	   106    0x0f 0xe7 0x1d 0x98                                                                                                                          ST p6, [sp, #-28]
	   110    0x0f 0xd4 0x3d 0x98                                                                                                                          ST lr, [sp, #-44]
	   114    0x00 0x2c 0xfe 0x2e 0x23 0x00 0x00 0x40 0x1a 0x57 0x00 0x00 0x1c 0x2e            NOPA;                                                       ST r24, [p7, #4];                                           NOPM;                                   NOPV
.label TGT_Fcore_4_2_128
.loop_nesting 1
.no_stack_arguments
	   128    0x06 0x80 0x07 0xce 0x15 0x80 0x00 0x00 0x00 0x00 0x40 0x76                      MOVA r0, #52;                                               ST r16, [sp, #-52];           JL #llvm___aie2p___acquire
.delay_slot
	   140    0x1e 0x6e 0xc0 0xf8                                                                                                                                                                                      MOV p6, p7
.delay_slot
	   144    0x17 0xc2 0xfd 0x18                                                                                                                                                        MOVX r1, #-1
.delay_slot
.swstall delay_slot
	   148    0x00 0x00                                                                        NOPX
.delay_slot
.swstall delay_slot
	   150    0x00 0x00                                                                        NOPX
.delay_slot
.swstall delay_slot
	   152    0x00 0x2c 0xf0 0x04 0x00 0x00 0x1c 0x22                                          NOPA;                                                                                                                                                           NOPV
.return_address
.no_stack_arguments
	   160    0x00 0x00 0x00 0x00 0x01 0x04                                                                                                                                              JL #zero_kernel_bf16
.delay_slot
	   166    0x00 0x00 0x00 0xc0 0x00 0x44                                                                                                                                              MOVXM p0, #C_L1L2_4_0_buff_0
.delay_slot
.swstall delay_slot
	   172    0x00 0x00                                                                        NOPX
.delay_slot
.swstall delay_slot
	   174    0x00 0x00                                                                        NOPX
.delay_slot
.swstall delay_slot
	   176    0x00 0x00                                                                        NOPX
.delay_slot
.swstall delay_slot
	   178    0x00 0x2c 0xf0 0x02 0xb6 0x00 0x00 0x40 0x1a 0x57 0x00 0x00 0x1c 0x2e            NOPA;                                                       NOPS;                                                       NOPM;                                   NOPV
.return_address
	   192    0x00 0x2c 0xf0 0x00 0x20 0x01 0x5b 0x00 0x81 0xe8 0x01 0xa5 0x78 0x00 0x00 0xe1  NOPA;                         NOPB;                         NOPS;                         MOVX r8, #15;                 NOPM;                                   NOPV
.label TGT_Fcore_4_2_208
.loop_nesting 2
.no_stack_arguments
	   208    0x06 0x60 0x00 0x00 0x00 0x00 0x00 0x00 0x40 0xba                                MOVA r0, #51;                                                                             JL #llvm___aie2p___acquire
.delay_slot
	   218    0x17 0xc2 0xfd 0x18                                                                                                                                                        MOVX r1, #-1
.delay_slot
.swstall delay_slot
	   222    0x00 0x00                                                                        NOPX
.delay_slot
.swstall delay_slot
	   224    0x00 0x00                                                                        NOPX
.delay_slot
.swstall delay_slot
	   226    0x00 0x00                                                                        NOPX
.delay_slot
.swstall delay_slot
	   228    0x00 0x2c 0xf0 0x00 0x20 0x00 0x00 0x00 0x00 0xad 0x81 0x36                      NOPA;                         NOPB;                         NOPS;                         NOPX
.return_address
	   240    0xc0 0xca 0xd0 0x3e 0x17 0xe8 0x08 0x31 0x58 0xba                                LDA r18, [p6];                                                                            MOVX r1, #-1;                 MOV r0, #49
	   250    0x00 0x00                                                                        NOPX
	   252    0x00 0x00                                                                        NOPX
.no_stack_arguments
	   254    0x00 0x00 0x00 0x00 0x01 0x04                                                                                                                                              JL #llvm___aie2p___acquire
.delay_slot
	   260    0x00 0x00 0x08 0x20 0x00 0x44                                                                                                                                              MOVXM r16, #B_L2L1_4_cons_buff_1
.delay_slot
	   266    0x00 0x00 0x08 0xa0 0x00 0x44                                                                                                                                              MOVXM r17, #B_L2L1_4_cons_buff_0
.delay_slot
.swstall delay_slot
	   272    0x00 0x00                                                                        NOPX
.delay_slot
	   274    0x12 0xf7 0x27 0x98                                                                                                                                                        EQ r27, r11, r18
.delay_slot
	   278    0x00 0x2c 0xf0 0x01 0x5b 0x00 0x04 0x53 0x02 0x7a                                NOPA;                                                       NOPS;                         SEL.EQZ r9, r17, r16, r27
.return_address
	   288    0xc2 0xc2 0xd2 0xc9 0x41 0xd4                                                    LDA r16, [p6, #4];                                                                                                      MOV p1, r9
	   294    0x1f 0x62 0xc0 0xf8                                                                                                                                                                                      MOV p7, p1
	   298    0x00 0x00                                                                        NOPX
	   300    0x00 0x00                                                                        NOPX
.no_stack_arguments
	   302    0x00 0x00 0x00 0x00 0x01 0x04                                                                                                                                              JL #matmul_vectorized_different_datatypes
.delay_slot
	   308    0x00 0x00 0x04 0xc0 0x00 0x44                                                                                                                                              MOVXM p2, #C_L1L2_4_0_buff_0
.delay_slot
.swstall delay_slot
	   314    0x00 0x00                                                                        NOPX
.delay_slot
	   316    0x12 0xf7 0x07 0x98                                                                                                                                                        EQ r27, r11, r16
.delay_slot
	   320    0x13 0xe0 0xe2 0x18                                                                                                                                                        SEL.EQZ r16, r15, r14, r27
.delay_slot
	   324    0x00 0x2c 0xf0 0x00 0x20 0x01 0x5b 0x00 0x34 0x10 0x70 0xf6                      NOPA;                         NOPB;                         NOPS;                                                       MOV p0, r16
.return_address
.no_stack_arguments
	   336    0x00 0x21 0x00 0x00 0x00 0x00 0x00 0x00 0x40 0xba                                MOVA r1, #1;                                                                              JL #llvm___aie2p___release
.delay_slot
	   346    0x10 0x00 0xc1 0x18                                                                                                                                                        MOVX r0, #48
.delay_slot
.swstall delay_slot
	   350    0x00 0x00                                                                        NOPX
.delay_slot
.swstall delay_slot
	   352    0x00 0x00                                                                        NOPX
.delay_slot
.swstall delay_slot
	   354    0x00 0x00                                                                        NOPX
.delay_slot
.swstall delay_slot
	   356    0x00 0x2c 0xf0 0x00 0x20 0x00 0x00 0x00 0x00 0xad 0x81 0x36                      NOPA;                         NOPB;                         NOPS;                         NOPX
.return_address
	   368    0xc2 0xc2 0xd0 0x3e 0x17 0xe8 0x08 0x31 0x58 0xba                                LDA r16, [p6, #4];                                                                        MOVX r1, #-1;                 MOV r0, #49
	   378    0x00 0x00                                                                        NOPX
	   380    0x00 0x00                                                                        NOPX
	   382    0x00 0x00                                                                        NOPX
	   384    0x00 0x00                                                                        NOPX
.no_stack_arguments
	   386    0x00 0x00 0x00 0x00 0x01 0x04                                                                                                                                              JL #llvm___aie2p___acquire
.delay_slot
.swstall delay_slot
	   392    0x00 0x00                                                                        NOPX
.delay_slot
	   394    0x14 0x20 0x07 0x18                                                                                                                                                        ADD r16, r16, #1
.delay_slot
	   398    0x5e 0xe1 0x58 0xb0 0xfe 0x24                                                                                                                                              LT r27, r11, r16;             ADD.NC r17, r16, #-2
.delay_slot
	   404    0x14 0x21 0x12 0x18                                                                                                                                                        SEL.EQZ r16, r16, r17, r27
.delay_slot
	   408    0xc2 0xc2 0x30 0x00 0x01 0xa5 0x70 0x02                                                                                                      ST r16, [p6, #4];                                           NOPM
.return_address
	   416    0xc2 0xc2 0xd2 0xdd 0x81 0xd4                                                    LDA r16, [p6, #4];                                                                                                      MOV p1, p7
	   422    0x00 0x00                                                                        NOPX
	   424    0x00 0x00                                                                        NOPX
	   426    0x00 0x00                                                                        NOPX
.no_stack_arguments
	   428    0x00 0x00 0x00 0x00 0x01 0x04                                                                                                                                              JL #matmul_vectorized_different_datatypes
.delay_slot
	   434    0x00 0x00 0x04 0xc0 0x00 0x44                                                                                                                                              MOVXM p2, #C_L1L2_4_0_buff_0
.delay_slot
.swstall delay_slot
	   440    0x00 0x00                                                                        NOPX
.delay_slot
	   442    0x12 0xf7 0x07 0x98                                                                                                                                                        EQ r27, r11, r16
.delay_slot
	   446    0x13 0xe0 0xe2 0x18                                                                                                                                                        SEL.EQZ r16, r15, r14, r27
.delay_slot
	   450    0x00 0x2c 0xf0 0x02 0xb6 0x00 0x00 0x43 0x41 0x07 0x00 0x00 0x1c 0x2e            NOPA;                                                       NOPS;                                                       MOV p0, r16;                            NOPV
.return_address
.no_stack_arguments
	   464    0x00 0x21 0x00 0x00 0x00 0x00 0x00 0x00 0x40 0xba                                MOVA r1, #1;                                                                              JL #llvm___aie2p___release
.delay_slot
	   474    0x10 0x00 0xc1 0x18                                                                                                                                                        MOVX r0, #48
.delay_slot
.swstall delay_slot
	   478    0x00 0x00                                                                        NOPX
.delay_slot
.swstall delay_slot
	   480    0x00 0x00                                                                        NOPX
.delay_slot
.swstall delay_slot
	   482    0x00 0x00                                                                        NOPX
.delay_slot
.swstall delay_slot
	   484    0x00 0x2c 0xf0 0x00 0x20 0x00 0x00 0x00 0x00 0xad 0x81 0x36                      NOPA;                         NOPB;                         NOPS;                         NOPX
.return_address
	   496    0xc2 0xc2 0xd0 0x3e 0x17 0xe8 0x08 0x31 0x58 0xba                                LDA r16, [p6, #4];                                                                        MOVX r1, #-1;                 MOV r0, #49
	   506    0x00 0x00                                                                        NOPX
	   508    0x00 0x00                                                                        NOPX
	   510    0x00 0x00                                                                        NOPX
	   512    0x00 0x00                                                                        NOPX
.no_stack_arguments
	   514    0x00 0x00 0x00 0x00 0x01 0x04                                                                                                                                              JL #llvm___aie2p___acquire
.delay_slot
.swstall delay_slot
	   520    0x00 0x00                                                                        NOPX
.delay_slot
	   522    0x14 0x20 0x07 0x18                                                                                                                                                        ADD r16, r16, #1
.delay_slot
	   526    0x5e 0xe1 0x58 0xb0 0xfe 0x24                                                                                                                                              LT r27, r11, r16;             ADD.NC r17, r16, #-2
.delay_slot
	   532    0x14 0x21 0x12 0x18                                                                                                                                                        SEL.EQZ r16, r16, r17, r27
.delay_slot
	   536    0xc2 0xc2 0x30 0x00 0x01 0xa5 0x70 0x02                                                                                                      ST r16, [p6, #4];                                           NOPM
.return_address
	   544    0xc2 0xc2 0xd2 0xdd 0x81 0xd4                                                    LDA r16, [p6, #4];                                                                                                      MOV p1, p7
	   550    0x00 0x00                                                                        NOPX
	   552    0x00 0x00                                                                        NOPX
	   554    0x00 0x00                                                                        NOPX
.no_stack_arguments
	   556    0x00 0x00 0x00 0x00 0x01 0x04                                                                                                                                              JL #matmul_vectorized_different_datatypes
.delay_slot
	   562    0x00 0x00 0x04 0xc0 0x00 0x44                                                                                                                                              MOVXM p2, #C_L1L2_4_0_buff_0
.delay_slot
.swstall delay_slot
	   568    0x00 0x00                                                                        NOPX
.delay_slot
	   570    0x12 0xf7 0x07 0x98                                                                                                                                                        EQ r27, r11, r16
.delay_slot
	   574    0x13 0xe0 0xe2 0x18                                                                                                                                                        SEL.EQZ r16, r15, r14, r27
.delay_slot
	   578    0x00 0x2c 0xf0 0x02 0xb6 0x00 0x00 0x43 0x41 0x07 0x00 0x00 0x1c 0x2e            NOPA;                                                       NOPS;                                                       MOV p0, r16;                            NOPV
.return_address
.no_stack_arguments
	   592    0x00 0x21 0x00 0x00 0x00 0x00 0x00 0x00 0x40 0xba                                MOVA r1, #1;                                                                              JL #llvm___aie2p___release
.delay_slot
	   602    0x10 0x00 0xc1 0x18                                                                                                                                                        MOVX r0, #48
.delay_slot
.swstall delay_slot
	   606    0x00 0x00                                                                        NOPX
.delay_slot
.swstall delay_slot
	   608    0x00 0x00                                                                        NOPX
.delay_slot
.swstall delay_slot
	   610    0x00 0x00                                                                        NOPX
.delay_slot
.swstall delay_slot
	   612    0x00 0x2c 0xf0 0x00 0x20 0x00 0x00 0x00 0x00 0xad 0x81 0x36                      NOPA;                         NOPB;                         NOPS;                         NOPX
.return_address
	   624    0xc2 0xc2 0xd0 0x3e 0x17 0xe8 0x08 0x31 0x58 0xba                                LDA r16, [p6, #4];                                                                        MOVX r1, #-1;                 MOV r0, #49
	   634    0x00 0x00                                                                        NOPX
	   636    0x00 0x00                                                                        NOPX
	   638    0x00 0x00                                                                        NOPX
	   640    0x00 0x00                                                                        NOPX
.no_stack_arguments
	   642    0x00 0x00 0x00 0x00 0x01 0x04                                                                                                                                              JL #llvm___aie2p___acquire
.delay_slot
.swstall delay_slot
	   648    0x00 0x00                                                                        NOPX
.delay_slot
	   650    0x14 0x20 0x07 0x18                                                                                                                                                        ADD r16, r16, #1
.delay_slot
	   654    0x5e 0xe1 0x58 0xb0 0xfe 0x24                                                                                                                                              LT r27, r11, r16;             ADD.NC r17, r16, #-2
.delay_slot
	   660    0x14 0x21 0x12 0x18                                                                                                                                                        SEL.EQZ r16, r16, r17, r27
.delay_slot
	   664    0xc2 0xc2 0x30 0x00 0x01 0xa5 0x70 0x02                                                                                                      ST r16, [p6, #4];                                           NOPM
.return_address
	   672    0xc2 0xc2 0xd2 0xdd 0x81 0xd4                                                    LDA r16, [p6, #4];                                                                                                      MOV p1, p7
	   678    0x00 0x00                                                                        NOPX
	   680    0x00 0x00                                                                        NOPX
	   682    0x00 0x00                                                                        NOPX
.no_stack_arguments
	   684    0x00 0x00 0x00 0x00 0x01 0x04                                                                                                                                              JL #matmul_vectorized_different_datatypes
.delay_slot
	   690    0x00 0x00 0x04 0xc0 0x00 0x44                                                                                                                                              MOVXM p2, #C_L1L2_4_0_buff_0
.delay_slot
.swstall delay_slot
	   696    0x00 0x00                                                                        NOPX
.delay_slot
	   698    0x12 0xf7 0x07 0x98                                                                                                                                                        EQ r27, r11, r16
.delay_slot
	   702    0x13 0xe0 0xe2 0x18                                                                                                                                                        SEL.EQZ r16, r15, r14, r27
.delay_slot
	   706    0x00 0x2c 0xf0 0x02 0xb6 0x00 0x00 0x43 0x41 0x07 0x00 0x00 0x1c 0x2e            NOPA;                                                       NOPS;                                                       MOV p0, r16;                            NOPV
.return_address
.no_stack_arguments
	   720    0x00 0x21 0x00 0x00 0x00 0x00 0x00 0x00 0x40 0xba                                MOVA r1, #1;                                                                              JL #llvm___aie2p___release
.delay_slot
	   730    0x10 0x00 0xc1 0x18                                                                                                                                                        MOVX r0, #48
.delay_slot
.swstall delay_slot
	   734    0x00 0x00                                                                        NOPX
.delay_slot
.swstall delay_slot
	   736    0x00 0x00                                                                        NOPX
.delay_slot
.swstall delay_slot
	   738    0x00 0x00                                                                        NOPX
.delay_slot
.swstall delay_slot
	   740    0x00 0x2c 0xf0 0x00 0x20 0x00 0x00 0x00 0x00 0xad 0x81 0x36                      NOPA;                         NOPB;                         NOPS;                         NOPX
.return_address
	   752    0xc2 0xc2 0xd0 0x00 0x06 0x48 0x28 0x01 0x58 0xba                                LDA r16, [p6, #4];                                                                        MOVX r0, #50;                 MOV r1, #1
	   762    0x00 0x00                                                                        NOPX
	   764    0x00 0x00                                                                        NOPX
	   766    0x00 0x00                                                                        NOPX
	   768    0x00 0x00                                                                        NOPX
.no_stack_arguments
	   770    0x00 0x00 0x00 0x00 0x01 0x04                                                                                                                                              JL #llvm___aie2p___release
.delay_slot
.swstall delay_slot
	   776    0x00 0x00                                                                        NOPX
.delay_slot
	   778    0x14 0x20 0x07 0x18                                                                                                                                                        ADD r16, r16, #1
.delay_slot
	   782    0x5e 0xe1 0x58 0xb0 0xfe 0x24                                                                                                                                              LT r27, r11, r16;             ADD.NC r17, r16, #-2
.delay_slot
	   788    0x14 0x21 0x12 0x18                                                                                                                                                        SEL.EQZ r16, r16, r17, r27
.delay_slot
	   792    0xc2 0xc2 0x30 0x00 0x01 0xa5 0x70 0x02                                                                                                      ST r16, [p6, #4];                                           NOPM
.return_address
	   800    0xc0 0xc2 0xd0 0x00 0x00 0x03 0xb0 0x68 0x10 0xba                                LDA r16, [p6];                                                                            MOVXM p7, #(TGT_Fcore_4_2_208 + 0)
	   810    0x00 0x00                                                                        NOPX
	   812    0x00 0x00                                                                        NOPX
	   814    0x00 0x00                                                                        NOPX
	   816    0x00 0x00                                                                        NOPX
	   818    0x12 0x11 0xe0 0x18                                                                                                                                                        JNZD r8, r8, p7
.delay_slot
.swstall delay_slot
	   822    0x00 0x00                                                                        NOPX
.delay_slot
	   824    0x14 0x20 0x07 0x18                                                                                                                                                        ADD r16, r16, #1
.delay_slot
	   828    0x5e 0xe1 0x58 0xb0 0xfe 0x24                                                                                                                                              LT r27, r11, r16;             ADD.NC r17, r16, #-2
.delay_slot
	   834    0x14 0x21 0x12 0x18                                                                                                                                                        SEL.EQZ r16, r16, r17, r27
.delay_slot
	   838    0x0e 0x06 0x11 0x98                                                                                                                          ST r16, [p6]
.loop_nesting 1
	   842    0xfa 0x22 0x20 0x00 0x06 0xaa 0x0e 0x60 0x78 0xba                                LDA r8, [sp, #-48];                                                                       MOVX r0, #53;                 MOV r16, p6
.no_stack_arguments
	   852    0x00 0x21 0x00 0x00 0x00 0x00 0x00 0x00 0x40 0xba                                MOVA r1, #1;                                                                              JL #llvm___aie2p___release
.delay_slot
	   862    0x17 0xd2 0xf9 0x18                                                                                                                                                        MOVX r9, #-2
.delay_slot
	   866    0x1f 0x68 0x7e 0x18                                                                                                                                                                                      ADD.NC p7, r16, #-4
.delay_slot
.swstall delay_slot
	   870    0x00 0x00                                                                        NOPX
.delay_slot
.swstall delay_slot
	   872    0x00 0x00                                                                        NOPX
.delay_slot
.swstall delay_slot
	   874    0x00 0x2c 0xf0 0x00 0x20 0x3c                                                    NOPA;                         NOPB
.return_address
	   880    0xf9 0xc2 0x20 0x11 0x50 0x3a 0x28 0x00 0x58 0xba                                LDA r16, [sp, #-52];                                                                      ADD r21, r8, #1;              MOV r17, #0
	   890    0xde 0xce 0xd7 0xd2 0xb5 0x91 0x24 0xe7 0x08 0x00 0x58 0x76                      LDA r19, [p6, #-4];                                         ST r21, [sp, #-48];           LTU r18, r8, r9;              MOV r24, #0
	   902    0x00 0x00                                                                        NOPX
	   904    0x00 0x00                                                                        NOPX
	   906    0x00 0x00                                                                        NOPX
	   908    0x00 0x00                                                                        NOPX
	   910    0x00 0x00                                                                        NOPX
	   912    0x14 0x2a 0xd0 0x18                                                                                                                                                        EQZ r21, r16
	   916    0x15 0x65 0x24 0x98                                                                                                                                                        AND r18, r21, r18
	   920    0x14 0x63 0x25 0x98                                                                                                                                                        OR r17, r17, r18
	   924    0x88 0x00 0x40 0x40 0x01 0x84                                                                                                                                              JNZ r17, #TGT_Fcore_4_2_128
.delay_slot
	   930    0x7f 0xff 0xfa 0x3f 0xfc 0x44                                                                                                                                              MOVXM r20, #2147483646
.delay_slot
	   936    0x15 0x29 0x3c 0x98                                                                                                                                                        LTU r20, r20, r19
.delay_slot
	   940    0x16 0x21 0x02 0x98                                                                                                                                                        ADC r16, r24, r16
.delay_slot
	   944    0x14 0xe7 0x40 0x98                                                                                                                                                        ADD r19, r19, r20
.delay_slot
	   948    0x0f 0x1e 0x71 0x98                                                                                                                          ST r19, [p7], #4
.loop_nesting 0
	   952    0x07 0xd4 0x39 0x18                                                              LDA lr, [sp, #-44]
	   956    0x07 0xd9 0x11 0x18                                                              LDA r8, [sp, #-40]
	   960    0x07 0xdd 0x31 0x18                                                              LDA r9, [sp, #-36]
	   964    0x07 0xe1 0x51 0x18                                                              LDA r10, [sp, #-32]
	   968    0x07 0xe9 0x71 0x18                                                              LDA r11, [sp, #-24]
	   972    0x07 0xf1 0x91 0x18                                                              LDA r12, [sp, #-16]
	   976    0x07 0xf5 0xb1 0x18                                                              LDA r13, [sp, #-12]
	   980    0x07 0xf9 0xd1 0x18                                                              LDA r14, [sp, #-8]
	   984    0x07 0xfd 0xf1 0x18                                                              LDA r15, [sp, #-4]
	   988    0x07 0xe7 0x19 0x18                                                              LDA p6, [sp, #-28]
	   992    0x07 0xef 0x99 0x18                                                              LDA p7, [sp, #-20]
	   996    0x10 0x28 0x00 0x18                                                                                                                                                        RET lr
.delay_slot
	  1000    0xff 0xf8 0x00 0x00 0x01 0xc4                                                                                                                                              PADDXM [sp], #-64
.delay_slot
.swstall delay_slot
	  1006    0x00 0x00                                                                        NOPX
.delay_slot
.swstall delay_slot
	  1008    0x00 0x00                                                                        NOPX
.delay_slot
.swstall delay_slot
	  1010    0x00 0x00                                                                        NOPX
.label core_4_2__end last
.delay_slot
.swstall delay_slot
	  1012    0x00 0x00                                                                        NOPX

.undef global data _anonymous4

.undef global data C_L1L2_4_0_buff_0

.undef global data B_L2L1_4_cons_buff_0

.undef global data B_L2L1_4_cons_buff_1

.undef global data A_L2L1_0_4_cons_buff_0

.undef global data A_L2L1_0_4_cons_buff_1

.undef global text llvm___aie2p___acquire

.undef global text zero_kernel_bf16

.undef global text matmul_vectorized_different_datatypes

.undef global text llvm___aie2p___release

.text_segment_name
.text global 10 core_3_2
.function_start
	     0    0x00 0x18 0x02 0x9c 0x8b 0x00 0x02 0x00 0x00 0x00 0x70 0x76                      MOVA r24, #0;                                               MOVS p2, p7;                  PADDXM [sp], #64
	    12    0x00 0x10 0x07 0xd3 0x15 0x80 0x00 0x03 0xb0 0x00 0x10 0x76                      MOVA r16, #0;                                               ST r24, [sp, #-48];           MOVXM p7, #_anonymous3
	    24    0xe3 0xe2 0x30 0x00 0xab 0xd0 0x70 0x02                                                                                                      ST r24, [p7], #4;                                           MOV r5, r15
	    32    0xe0 0xe2 0x30 0x00 0x8b 0x90 0x70 0x02                                                                                                      ST r24, [p7];                                               MOV r4, r14
	    40    0xff 0x96 0xb0 0x00 0x6b 0x50 0x70 0x02                                                                                                      ST r5, [sp, #-4];                                           MOV r3, r13
	    48    0xff 0x12 0xb0 0x00 0x4b 0x10 0x70 0x02                                                                                                      ST r4, [sp, #-8];                                           MOV r2, r12
	    56    0xfe 0x8e 0xb0 0x00 0xb0 0x28 0x2a 0xd0 0x79 0x3a                                                                                            ST r3, [sp, #-12];            MOVX r11, #1;                 MOV r1, r11
	    66    0xfe 0x0a 0xb0 0x00 0x0a 0x90 0x70 0x02                                                                                                      ST r2, [sp, #-16];                                          MOV r0, r10
	    74    0xfd 0x06 0xb0 0x00 0x00 0x01 0xc8 0x00 0x11 0x3a                                                                                            ST r1, [sp, #-24];            MOVXM r14, #A_L2L1_0_3_cons_buff_1
	    84    0xfc 0x02 0xb0 0x00 0x00 0x01 0xe8 0x00 0x11 0x3a                                                                                            ST r0, [sp, #-32];            MOVXM r15, #A_L2L1_0_3_cons_buff_0
	    94    0x0f 0xdd 0x35 0x98                                                                                                                          ST r9, [sp, #-36]
	    98    0x0f 0xd9 0x15 0x98                                                                                                                          ST r8, [sp, #-40]
	   102    0x0f 0xed 0x1d 0x98                                                                                                                          ST p2, [sp, #-20]
	   106    0x0f 0xe7 0x1d 0x98                                                                                                                          ST p6, [sp, #-28]
	   110    0x0f 0xd4 0x3d 0x98                                                                                                                          ST lr, [sp, #-44]
	   114    0x00 0x2c 0xfe 0x2e 0x23 0x00 0x00 0x40 0x1a 0x57 0x00 0x00 0x1c 0x2e            NOPA;                                                       ST r24, [p7, #4];                                           NOPM;                                   NOPV
.label TGT_Fcore_3_2_128
.loop_nesting 1
.no_stack_arguments
	   128    0x06 0x80 0x07 0xce 0x15 0x80 0x00 0x00 0x00 0x00 0x40 0x76                      MOVA r0, #52;                                               ST r16, [sp, #-52];           JL #llvm___aie2p___acquire
.delay_slot
	   140    0x1e 0x6e 0xc0 0xf8                                                                                                                                                                                      MOV p6, p7
.delay_slot
	   144    0x17 0xc2 0xfd 0x18                                                                                                                                                        MOVX r1, #-1
.delay_slot
.swstall delay_slot
	   148    0x00 0x00                                                                        NOPX
.delay_slot
.swstall delay_slot
	   150    0x00 0x00                                                                        NOPX
.delay_slot
.swstall delay_slot
	   152    0x00 0x2c 0xf0 0x04 0x00 0x00 0x1c 0x22                                          NOPA;                                                                                                                                                           NOPV
.return_address
.no_stack_arguments
	   160    0x00 0x00 0x00 0x00 0x01 0x04                                                                                                                                              JL #zero_kernel_bf16
.delay_slot
	   166    0x00 0x00 0x00 0xc0 0x00 0x44                                                                                                                                              MOVXM p0, #C_L1L2_3_0_buff_0
.delay_slot
.swstall delay_slot
	   172    0x00 0x00                                                                        NOPX
.delay_slot
.swstall delay_slot
	   174    0x00 0x00                                                                        NOPX
.delay_slot
.swstall delay_slot
	   176    0x00 0x00                                                                        NOPX
.delay_slot
.swstall delay_slot
	   178    0x00 0x2c 0xf0 0x02 0xb6 0x00 0x00 0x40 0x1a 0x57 0x00 0x00 0x1c 0x2e            NOPA;                                                       NOPS;                                                       NOPM;                                   NOPV
.return_address
	   192    0x00 0x2c 0xf0 0x00 0x20 0x01 0x5b 0x00 0x81 0xe8 0x01 0xa5 0x78 0x00 0x00 0xe1  NOPA;                         NOPB;                         NOPS;                         MOVX r8, #15;                 NOPM;                                   NOPV
.label TGT_Fcore_3_2_208
.loop_nesting 2
.no_stack_arguments
	   208    0x06 0x60 0x00 0x00 0x00 0x00 0x00 0x00 0x40 0xba                                MOVA r0, #51;                                                                             JL #llvm___aie2p___acquire
.delay_slot
	   218    0x17 0xc2 0xfd 0x18                                                                                                                                                        MOVX r1, #-1
.delay_slot
.swstall delay_slot
	   222    0x00 0x00                                                                        NOPX
.delay_slot
.swstall delay_slot
	   224    0x00 0x00                                                                        NOPX
.delay_slot
.swstall delay_slot
	   226    0x00 0x00                                                                        NOPX
.delay_slot
.swstall delay_slot
	   228    0x00 0x2c 0xf0 0x00 0x20 0x00 0x00 0x00 0x00 0xad 0x81 0x36                      NOPA;                         NOPB;                         NOPS;                         NOPX
.return_address
	   240    0xc0 0xca 0xd0 0x3e 0x17 0xe8 0x08 0x31 0x58 0xba                                LDA r18, [p6];                                                                            MOVX r1, #-1;                 MOV r0, #49
	   250    0x00 0x00                                                                        NOPX
	   252    0x00 0x00                                                                        NOPX
.no_stack_arguments
	   254    0x00 0x00 0x00 0x00 0x01 0x04                                                                                                                                              JL #llvm___aie2p___acquire
.delay_slot
	   260    0x00 0x00 0x08 0x20 0x00 0x44                                                                                                                                              MOVXM r16, #B_L2L1_3_cons_buff_1
.delay_slot
	   266    0x00 0x00 0x08 0xa0 0x00 0x44                                                                                                                                              MOVXM r17, #B_L2L1_3_cons_buff_0
.delay_slot
.swstall delay_slot
	   272    0x00 0x00                                                                        NOPX
.delay_slot
	   274    0x12 0xf7 0x27 0x98                                                                                                                                                        EQ r27, r11, r18
.delay_slot
	   278    0x00 0x2c 0xf0 0x01 0x5b 0x00 0x04 0x53 0x02 0x7a                                NOPA;                                                       NOPS;                         SEL.EQZ r9, r17, r16, r27
.return_address
	   288    0xc2 0xc2 0xd2 0xc9 0x41 0xd4                                                    LDA r16, [p6, #4];                                                                                                      MOV p1, r9
	   294    0x1f 0x62 0xc0 0xf8                                                                                                                                                                                      MOV p7, p1
	   298    0x00 0x00                                                                        NOPX
	   300    0x00 0x00                                                                        NOPX
.no_stack_arguments
	   302    0x00 0x00 0x00 0x00 0x01 0x04                                                                                                                                              JL #matmul_vectorized_different_datatypes
.delay_slot
	   308    0x00 0x00 0x04 0xc0 0x00 0x44                                                                                                                                              MOVXM p2, #C_L1L2_3_0_buff_0
.delay_slot
.swstall delay_slot
	   314    0x00 0x00                                                                        NOPX
.delay_slot
	   316    0x12 0xf7 0x07 0x98                                                                                                                                                        EQ r27, r11, r16
.delay_slot
	   320    0x13 0xe0 0xe2 0x18                                                                                                                                                        SEL.EQZ r16, r15, r14, r27
.delay_slot
	   324    0x00 0x2c 0xf0 0x00 0x20 0x01 0x5b 0x00 0x34 0x10 0x70 0xf6                      NOPA;                         NOPB;                         NOPS;                                                       MOV p0, r16
.return_address
.no_stack_arguments
	   336    0x00 0x21 0x00 0x00 0x00 0x00 0x00 0x00 0x40 0xba                                MOVA r1, #1;                                                                              JL #llvm___aie2p___release
.delay_slot
	   346    0x10 0x00 0xc1 0x18                                                                                                                                                        MOVX r0, #48
.delay_slot
.swstall delay_slot
	   350    0x00 0x00                                                                        NOPX
.delay_slot
.swstall delay_slot
	   352    0x00 0x00                                                                        NOPX
.delay_slot
.swstall delay_slot
	   354    0x00 0x00                                                                        NOPX
.delay_slot
.swstall delay_slot
	   356    0x00 0x2c 0xf0 0x00 0x20 0x00 0x00 0x00 0x00 0xad 0x81 0x36                      NOPA;                         NOPB;                         NOPS;                         NOPX
.return_address
	   368    0xc2 0xc2 0xd0 0x3e 0x17 0xe8 0x08 0x31 0x58 0xba                                LDA r16, [p6, #4];                                                                        MOVX r1, #-1;                 MOV r0, #49
	   378    0x00 0x00                                                                        NOPX
	   380    0x00 0x00                                                                        NOPX
	   382    0x00 0x00                                                                        NOPX
	   384    0x00 0x00                                                                        NOPX
.no_stack_arguments
	   386    0x00 0x00 0x00 0x00 0x01 0x04                                                                                                                                              JL #llvm___aie2p___acquire
.delay_slot
.swstall delay_slot
	   392    0x00 0x00                                                                        NOPX
.delay_slot
	   394    0x14 0x20 0x07 0x18                                                                                                                                                        ADD r16, r16, #1
.delay_slot
	   398    0x5e 0xe1 0x58 0xb0 0xfe 0x24                                                                                                                                              LT r27, r11, r16;             ADD.NC r17, r16, #-2
.delay_slot
	   404    0x14 0x21 0x12 0x18                                                                                                                                                        SEL.EQZ r16, r16, r17, r27
.delay_slot
	   408    0xc2 0xc2 0x30 0x00 0x01 0xa5 0x70 0x02                                                                                                      ST r16, [p6, #4];                                           NOPM
.return_address
	   416    0xc2 0xc2 0xd2 0xdd 0x81 0xd4                                                    LDA r16, [p6, #4];                                                                                                      MOV p1, p7
	   422    0x00 0x00                                                                        NOPX
	   424    0x00 0x00                                                                        NOPX
	   426    0x00 0x00                                                                        NOPX
.no_stack_arguments
	   428    0x00 0x00 0x00 0x00 0x01 0x04                                                                                                                                              JL #matmul_vectorized_different_datatypes
.delay_slot
	   434    0x00 0x00 0x04 0xc0 0x00 0x44                                                                                                                                              MOVXM p2, #C_L1L2_3_0_buff_0
.delay_slot
.swstall delay_slot
	   440    0x00 0x00                                                                        NOPX
.delay_slot
	   442    0x12 0xf7 0x07 0x98                                                                                                                                                        EQ r27, r11, r16
.delay_slot
	   446    0x13 0xe0 0xe2 0x18                                                                                                                                                        SEL.EQZ r16, r15, r14, r27
.delay_slot
	   450    0x00 0x2c 0xf0 0x02 0xb6 0x00 0x00 0x43 0x41 0x07 0x00 0x00 0x1c 0x2e            NOPA;                                                       NOPS;                                                       MOV p0, r16;                            NOPV
.return_address
.no_stack_arguments
	   464    0x00 0x21 0x00 0x00 0x00 0x00 0x00 0x00 0x40 0xba                                MOVA r1, #1;                                                                              JL #llvm___aie2p___release
.delay_slot
	   474    0x10 0x00 0xc1 0x18                                                                                                                                                        MOVX r0, #48
.delay_slot
.swstall delay_slot
	   478    0x00 0x00                                                                        NOPX
.delay_slot
.swstall delay_slot
	   480    0x00 0x00                                                                        NOPX
.delay_slot
.swstall delay_slot
	   482    0x00 0x00                                                                        NOPX
.delay_slot
.swstall delay_slot
	   484    0x00 0x2c 0xf0 0x00 0x20 0x00 0x00 0x00 0x00 0xad 0x81 0x36                      NOPA;                         NOPB;                         NOPS;                         NOPX
.return_address
	   496    0xc2 0xc2 0xd0 0x3e 0x17 0xe8 0x08 0x31 0x58 0xba                                LDA r16, [p6, #4];                                                                        MOVX r1, #-1;                 MOV r0, #49
	   506    0x00 0x00                                                                        NOPX
	   508    0x00 0x00                                                                        NOPX
	   510    0x00 0x00                                                                        NOPX
	   512    0x00 0x00                                                                        NOPX
.no_stack_arguments
	   514    0x00 0x00 0x00 0x00 0x01 0x04                                                                                                                                              JL #llvm___aie2p___acquire
.delay_slot
.swstall delay_slot
	   520    0x00 0x00                                                                        NOPX
.delay_slot
	   522    0x14 0x20 0x07 0x18                                                                                                                                                        ADD r16, r16, #1
.delay_slot
	   526    0x5e 0xe1 0x58 0xb0 0xfe 0x24                                                                                                                                              LT r27, r11, r16;             ADD.NC r17, r16, #-2
.delay_slot
	   532    0x14 0x21 0x12 0x18                                                                                                                                                        SEL.EQZ r16, r16, r17, r27
.delay_slot
	   536    0xc2 0xc2 0x30 0x00 0x01 0xa5 0x70 0x02                                                                                                      ST r16, [p6, #4];                                           NOPM
.return_address
	   544    0xc2 0xc2 0xd2 0xdd 0x81 0xd4                                                    LDA r16, [p6, #4];                                                                                                      MOV p1, p7
	   550    0x00 0x00                                                                        NOPX
	   552    0x00 0x00                                                                        NOPX
	   554    0x00 0x00                                                                        NOPX
.no_stack_arguments
	   556    0x00 0x00 0x00 0x00 0x01 0x04                                                                                                                                              JL #matmul_vectorized_different_datatypes
.delay_slot
	   562    0x00 0x00 0x04 0xc0 0x00 0x44                                                                                                                                              MOVXM p2, #C_L1L2_3_0_buff_0
.delay_slot
.swstall delay_slot
	   568    0x00 0x00                                                                        NOPX
.delay_slot
	   570    0x12 0xf7 0x07 0x98                                                                                                                                                        EQ r27, r11, r16
.delay_slot
	   574    0x13 0xe0 0xe2 0x18                                                                                                                                                        SEL.EQZ r16, r15, r14, r27
.delay_slot
	   578    0x00 0x2c 0xf0 0x02 0xb6 0x00 0x00 0x43 0x41 0x07 0x00 0x00 0x1c 0x2e            NOPA;                                                       NOPS;                                                       MOV p0, r16;                            NOPV
.return_address
.no_stack_arguments
	   592    0x00 0x21 0x00 0x00 0x00 0x00 0x00 0x00 0x40 0xba                                MOVA r1, #1;                                                                              JL #llvm___aie2p___release
.delay_slot
	   602    0x10 0x00 0xc1 0x18                                                                                                                                                        MOVX r0, #48
.delay_slot
.swstall delay_slot
	   606    0x00 0x00                                                                        NOPX
.delay_slot
.swstall delay_slot
	   608    0x00 0x00                                                                        NOPX
.delay_slot
.swstall delay_slot
	   610    0x00 0x00                                                                        NOPX
.delay_slot
.swstall delay_slot
	   612    0x00 0x2c 0xf0 0x00 0x20 0x00 0x00 0x00 0x00 0xad 0x81 0x36                      NOPA;                         NOPB;                         NOPS;                         NOPX
.return_address
	   624    0xc2 0xc2 0xd0 0x3e 0x17 0xe8 0x08 0x31 0x58 0xba                                LDA r16, [p6, #4];                                                                        MOVX r1, #-1;                 MOV r0, #49
	   634    0x00 0x00                                                                        NOPX
	   636    0x00 0x00                                                                        NOPX
	   638    0x00 0x00                                                                        NOPX
	   640    0x00 0x00                                                                        NOPX
.no_stack_arguments
	   642    0x00 0x00 0x00 0x00 0x01 0x04                                                                                                                                              JL #llvm___aie2p___acquire
.delay_slot
.swstall delay_slot
	   648    0x00 0x00                                                                        NOPX
.delay_slot
	   650    0x14 0x20 0x07 0x18                                                                                                                                                        ADD r16, r16, #1
.delay_slot
	   654    0x5e 0xe1 0x58 0xb0 0xfe 0x24                                                                                                                                              LT r27, r11, r16;             ADD.NC r17, r16, #-2
.delay_slot
	   660    0x14 0x21 0x12 0x18                                                                                                                                                        SEL.EQZ r16, r16, r17, r27
.delay_slot
	   664    0xc2 0xc2 0x30 0x00 0x01 0xa5 0x70 0x02                                                                                                      ST r16, [p6, #4];                                           NOPM
.return_address
	   672    0xc2 0xc2 0xd2 0xdd 0x81 0xd4                                                    LDA r16, [p6, #4];                                                                                                      MOV p1, p7
	   678    0x00 0x00                                                                        NOPX
	   680    0x00 0x00                                                                        NOPX
	   682    0x00 0x00                                                                        NOPX
.no_stack_arguments
	   684    0x00 0x00 0x00 0x00 0x01 0x04                                                                                                                                              JL #matmul_vectorized_different_datatypes
.delay_slot
	   690    0x00 0x00 0x04 0xc0 0x00 0x44                                                                                                                                              MOVXM p2, #C_L1L2_3_0_buff_0
.delay_slot
.swstall delay_slot
	   696    0x00 0x00                                                                        NOPX
.delay_slot
	   698    0x12 0xf7 0x07 0x98                                                                                                                                                        EQ r27, r11, r16
.delay_slot
	   702    0x13 0xe0 0xe2 0x18                                                                                                                                                        SEL.EQZ r16, r15, r14, r27
.delay_slot
	   706    0x00 0x2c 0xf0 0x02 0xb6 0x00 0x00 0x43 0x41 0x07 0x00 0x00 0x1c 0x2e            NOPA;                                                       NOPS;                                                       MOV p0, r16;                            NOPV
.return_address
.no_stack_arguments
	   720    0x00 0x21 0x00 0x00 0x00 0x00 0x00 0x00 0x40 0xba                                MOVA r1, #1;                                                                              JL #llvm___aie2p___release
.delay_slot
	   730    0x10 0x00 0xc1 0x18                                                                                                                                                        MOVX r0, #48
.delay_slot
.swstall delay_slot
	   734    0x00 0x00                                                                        NOPX
.delay_slot
.swstall delay_slot
	   736    0x00 0x00                                                                        NOPX
.delay_slot
.swstall delay_slot
	   738    0x00 0x00                                                                        NOPX
.delay_slot
.swstall delay_slot
	   740    0x00 0x2c 0xf0 0x00 0x20 0x00 0x00 0x00 0x00 0xad 0x81 0x36                      NOPA;                         NOPB;                         NOPS;                         NOPX
.return_address
	   752    0xc2 0xc2 0xd0 0x00 0x06 0x48 0x28 0x01 0x58 0xba                                LDA r16, [p6, #4];                                                                        MOVX r0, #50;                 MOV r1, #1
	   762    0x00 0x00                                                                        NOPX
	   764    0x00 0x00                                                                        NOPX
	   766    0x00 0x00                                                                        NOPX
	   768    0x00 0x00                                                                        NOPX
.no_stack_arguments
	   770    0x00 0x00 0x00 0x00 0x01 0x04                                                                                                                                              JL #llvm___aie2p___release
.delay_slot
.swstall delay_slot
	   776    0x00 0x00                                                                        NOPX
.delay_slot
	   778    0x14 0x20 0x07 0x18                                                                                                                                                        ADD r16, r16, #1
.delay_slot
	   782    0x5e 0xe1 0x58 0xb0 0xfe 0x24                                                                                                                                              LT r27, r11, r16;             ADD.NC r17, r16, #-2
.delay_slot
	   788    0x14 0x21 0x12 0x18                                                                                                                                                        SEL.EQZ r16, r16, r17, r27
.delay_slot
	   792    0xc2 0xc2 0x30 0x00 0x01 0xa5 0x70 0x02                                                                                                      ST r16, [p6, #4];                                           NOPM
.return_address
	   800    0xc0 0xc2 0xd0 0x00 0x00 0x03 0xb0 0x68 0x10 0xba                                LDA r16, [p6];                                                                            MOVXM p7, #(TGT_Fcore_3_2_208 + 0)
	   810    0x00 0x00                                                                        NOPX
	   812    0x00 0x00                                                                        NOPX
	   814    0x00 0x00                                                                        NOPX
	   816    0x00 0x00                                                                        NOPX
	   818    0x12 0x11 0xe0 0x18                                                                                                                                                        JNZD r8, r8, p7
.delay_slot
.swstall delay_slot
	   822    0x00 0x00                                                                        NOPX
.delay_slot
	   824    0x14 0x20 0x07 0x18                                                                                                                                                        ADD r16, r16, #1
.delay_slot
	   828    0x5e 0xe1 0x58 0xb0 0xfe 0x24                                                                                                                                              LT r27, r11, r16;             ADD.NC r17, r16, #-2
.delay_slot
	   834    0x14 0x21 0x12 0x18                                                                                                                                                        SEL.EQZ r16, r16, r17, r27
.delay_slot
	   838    0x0e 0x06 0x11 0x98                                                                                                                          ST r16, [p6]
.loop_nesting 1
	   842    0xfa 0x22 0x20 0x00 0x06 0xaa 0x0e 0x60 0x78 0xba                                LDA r8, [sp, #-48];                                                                       MOVX r0, #53;                 MOV r16, p6
.no_stack_arguments
	   852    0x00 0x21 0x00 0x00 0x00 0x00 0x00 0x00 0x40 0xba                                MOVA r1, #1;                                                                              JL #llvm___aie2p___release
.delay_slot
	   862    0x17 0xd2 0xf9 0x18                                                                                                                                                        MOVX r9, #-2
.delay_slot
	   866    0x1f 0x68 0x7e 0x18                                                                                                                                                                                      ADD.NC p7, r16, #-4
.delay_slot
.swstall delay_slot
	   870    0x00 0x00                                                                        NOPX
.delay_slot
.swstall delay_slot
	   872    0x00 0x00                                                                        NOPX
.delay_slot
.swstall delay_slot
	   874    0x00 0x2c 0xf0 0x00 0x20 0x3c                                                    NOPA;                         NOPB
.return_address
	   880    0xf9 0xc2 0x20 0x11 0x50 0x3a 0x28 0x00 0x58 0xba                                LDA r16, [sp, #-52];                                                                      ADD r21, r8, #1;              MOV r17, #0
	   890    0xde 0xce 0xd7 0xd2 0xb5 0x91 0x24 0xe7 0x08 0x00 0x58 0x76                      LDA r19, [p6, #-4];                                         ST r21, [sp, #-48];           LTU r18, r8, r9;              MOV r24, #0
	   902    0x00 0x00                                                                        NOPX
	   904    0x00 0x00                                                                        NOPX
	   906    0x00 0x00                                                                        NOPX
	   908    0x00 0x00                                                                        NOPX
	   910    0x00 0x00                                                                        NOPX
	   912    0x14 0x2a 0xd0 0x18                                                                                                                                                        EQZ r21, r16
	   916    0x15 0x65 0x24 0x98                                                                                                                                                        AND r18, r21, r18
	   920    0x14 0x63 0x25 0x98                                                                                                                                                        OR r17, r17, r18
	   924    0x88 0x00 0x40 0x40 0x01 0x84                                                                                                                                              JNZ r17, #TGT_Fcore_3_2_128
.delay_slot
	   930    0x7f 0xff 0xfa 0x3f 0xfc 0x44                                                                                                                                              MOVXM r20, #2147483646
.delay_slot
	   936    0x15 0x29 0x3c 0x98                                                                                                                                                        LTU r20, r20, r19
.delay_slot
	   940    0x16 0x21 0x02 0x98                                                                                                                                                        ADC r16, r24, r16
.delay_slot
	   944    0x14 0xe7 0x40 0x98                                                                                                                                                        ADD r19, r19, r20
.delay_slot
	   948    0x0f 0x1e 0x71 0x98                                                                                                                          ST r19, [p7], #4
.loop_nesting 0
	   952    0x07 0xd4 0x39 0x18                                                              LDA lr, [sp, #-44]
	   956    0x07 0xd9 0x11 0x18                                                              LDA r8, [sp, #-40]
	   960    0x07 0xdd 0x31 0x18                                                              LDA r9, [sp, #-36]
	   964    0x07 0xe1 0x51 0x18                                                              LDA r10, [sp, #-32]
	   968    0x07 0xe9 0x71 0x18                                                              LDA r11, [sp, #-24]
	   972    0x07 0xf1 0x91 0x18                                                              LDA r12, [sp, #-16]
	   976    0x07 0xf5 0xb1 0x18                                                              LDA r13, [sp, #-12]
	   980    0x07 0xf9 0xd1 0x18                                                              LDA r14, [sp, #-8]
	   984    0x07 0xfd 0xf1 0x18                                                              LDA r15, [sp, #-4]
	   988    0x07 0xe7 0x19 0x18                                                              LDA p6, [sp, #-28]
	   992    0x07 0xef 0x99 0x18                                                              LDA p7, [sp, #-20]
	   996    0x10 0x28 0x00 0x18                                                                                                                                                        RET lr
.delay_slot
	  1000    0xff 0xf8 0x00 0x00 0x01 0xc4                                                                                                                                              PADDXM [sp], #-64
.delay_slot
.swstall delay_slot
	  1006    0x00 0x00                                                                        NOPX
.delay_slot
.swstall delay_slot
	  1008    0x00 0x00                                                                        NOPX
.delay_slot
.swstall delay_slot
	  1010    0x00 0x00                                                                        NOPX
.label core_3_2__end last
.delay_slot
.swstall delay_slot
	  1012    0x00 0x00                                                                        NOPX

.undef global data _anonymous3

.undef global data C_L1L2_3_0_buff_0

.undef global data B_L2L1_3_cons_buff_0

.undef global data B_L2L1_3_cons_buff_1

.undef global data A_L2L1_0_3_cons_buff_0

.undef global data A_L2L1_0_3_cons_buff_1

.undef global text llvm___aie2p___acquire

.undef global text zero_kernel_bf16

.undef global text matmul_vectorized_different_datatypes

.undef global text llvm___aie2p___release

.text_segment_name
.text global 10 core_2_2
.function_start
	     0    0x00 0x18 0x02 0x9c 0x8b 0x00 0x02 0x00 0x00 0x00 0x70 0x76                      MOVA r24, #0;                                               MOVS p2, p7;                  PADDXM [sp], #64
	    12    0x00 0x10 0x07 0xd3 0x15 0x80 0x00 0x03 0xb0 0x00 0x10 0x76                      MOVA r16, #0;                                               ST r24, [sp, #-48];           MOVXM p7, #_anonymous2
	    24    0xe3 0xe2 0x30 0x00 0xab 0xd0 0x70 0x02                                                                                                      ST r24, [p7], #4;                                           MOV r5, r15
	    32    0xe0 0xe2 0x30 0x00 0x8b 0x90 0x70 0x02                                                                                                      ST r24, [p7];                                               MOV r4, r14
	    40    0xff 0x96 0xb0 0x00 0x6b 0x50 0x70 0x02                                                                                                      ST r5, [sp, #-4];                                           MOV r3, r13
	    48    0xff 0x12 0xb0 0x00 0x4b 0x10 0x70 0x02                                                                                                      ST r4, [sp, #-8];                                           MOV r2, r12
	    56    0xfe 0x8e 0xb0 0x00 0xb0 0x28 0x2a 0xd0 0x79 0x3a                                                                                            ST r3, [sp, #-12];            MOVX r11, #1;                 MOV r1, r11
	    66    0xfe 0x0a 0xb0 0x00 0x0a 0x90 0x70 0x02                                                                                                      ST r2, [sp, #-16];                                          MOV r0, r10
	    74    0xfd 0x06 0xb0 0x00 0x00 0x01 0xc8 0x00 0x11 0x3a                                                                                            ST r1, [sp, #-24];            MOVXM r14, #A_L2L1_0_2_cons_buff_1
	    84    0xfc 0x02 0xb0 0x00 0x00 0x01 0xe8 0x00 0x11 0x3a                                                                                            ST r0, [sp, #-32];            MOVXM r15, #A_L2L1_0_2_cons_buff_0
	    94    0x0f 0xdd 0x35 0x98                                                                                                                          ST r9, [sp, #-36]
	    98    0x0f 0xd9 0x15 0x98                                                                                                                          ST r8, [sp, #-40]
	   102    0x0f 0xed 0x1d 0x98                                                                                                                          ST p2, [sp, #-20]
	   106    0x0f 0xe7 0x1d 0x98                                                                                                                          ST p6, [sp, #-28]
	   110    0x0f 0xd4 0x3d 0x98                                                                                                                          ST lr, [sp, #-44]
	   114    0x00 0x2c 0xfe 0x2e 0x23 0x00 0x00 0x40 0x1a 0x57 0x00 0x00 0x1c 0x2e            NOPA;                                                       ST r24, [p7, #4];                                           NOPM;                                   NOPV
.label TGT_Fcore_2_2_128
.loop_nesting 1
.no_stack_arguments
	   128    0x06 0x80 0x07 0xce 0x15 0x80 0x00 0x00 0x00 0x00 0x40 0x76                      MOVA r0, #52;                                               ST r16, [sp, #-52];           JL #llvm___aie2p___acquire
.delay_slot
	   140    0x1e 0x6e 0xc0 0xf8                                                                                                                                                                                      MOV p6, p7
.delay_slot
	   144    0x17 0xc2 0xfd 0x18                                                                                                                                                        MOVX r1, #-1
.delay_slot
.swstall delay_slot
	   148    0x00 0x00                                                                        NOPX
.delay_slot
.swstall delay_slot
	   150    0x00 0x00                                                                        NOPX
.delay_slot
.swstall delay_slot
	   152    0x00 0x2c 0xf0 0x04 0x00 0x00 0x1c 0x22                                          NOPA;                                                                                                                                                           NOPV
.return_address
.no_stack_arguments
	   160    0x00 0x00 0x00 0x00 0x01 0x04                                                                                                                                              JL #zero_kernel_bf16
.delay_slot
	   166    0x00 0x00 0x00 0xc0 0x00 0x44                                                                                                                                              MOVXM p0, #C_L1L2_2_0_buff_0
.delay_slot
.swstall delay_slot
	   172    0x00 0x00                                                                        NOPX
.delay_slot
.swstall delay_slot
	   174    0x00 0x00                                                                        NOPX
.delay_slot
.swstall delay_slot
	   176    0x00 0x00                                                                        NOPX
.delay_slot
.swstall delay_slot
	   178    0x00 0x2c 0xf0 0x02 0xb6 0x00 0x00 0x40 0x1a 0x57 0x00 0x00 0x1c 0x2e            NOPA;                                                       NOPS;                                                       NOPM;                                   NOPV
.return_address
	   192    0x00 0x2c 0xf0 0x00 0x20 0x01 0x5b 0x00 0x81 0xe8 0x01 0xa5 0x78 0x00 0x00 0xe1  NOPA;                         NOPB;                         NOPS;                         MOVX r8, #15;                 NOPM;                                   NOPV
.label TGT_Fcore_2_2_208
.loop_nesting 2
.no_stack_arguments
	   208    0x06 0x60 0x00 0x00 0x00 0x00 0x00 0x00 0x40 0xba                                MOVA r0, #51;                                                                             JL #llvm___aie2p___acquire
.delay_slot
	   218    0x17 0xc2 0xfd 0x18                                                                                                                                                        MOVX r1, #-1
.delay_slot
.swstall delay_slot
	   222    0x00 0x00                                                                        NOPX
.delay_slot
.swstall delay_slot
	   224    0x00 0x00                                                                        NOPX
.delay_slot
.swstall delay_slot
	   226    0x00 0x00                                                                        NOPX
.delay_slot
.swstall delay_slot
	   228    0x00 0x2c 0xf0 0x00 0x20 0x00 0x00 0x00 0x00 0xad 0x81 0x36                      NOPA;                         NOPB;                         NOPS;                         NOPX
.return_address
	   240    0xc0 0xca 0xd0 0x3e 0x17 0xe8 0x08 0x31 0x58 0xba                                LDA r18, [p6];                                                                            MOVX r1, #-1;                 MOV r0, #49
	   250    0x00 0x00                                                                        NOPX
	   252    0x00 0x00                                                                        NOPX
.no_stack_arguments
	   254    0x00 0x00 0x00 0x00 0x01 0x04                                                                                                                                              JL #llvm___aie2p___acquire
.delay_slot
	   260    0x00 0x00 0x08 0x20 0x00 0x44                                                                                                                                              MOVXM r16, #B_L2L1_2_cons_buff_1
.delay_slot
	   266    0x00 0x00 0x08 0xa0 0x00 0x44                                                                                                                                              MOVXM r17, #B_L2L1_2_cons_buff_0
.delay_slot
.swstall delay_slot
	   272    0x00 0x00                                                                        NOPX
.delay_slot
	   274    0x12 0xf7 0x27 0x98                                                                                                                                                        EQ r27, r11, r18
.delay_slot
	   278    0x00 0x2c 0xf0 0x01 0x5b 0x00 0x04 0x53 0x02 0x7a                                NOPA;                                                       NOPS;                         SEL.EQZ r9, r17, r16, r27
.return_address
	   288    0xc2 0xc2 0xd2 0xc9 0x41 0xd4                                                    LDA r16, [p6, #4];                                                                                                      MOV p1, r9
	   294    0x1f 0x62 0xc0 0xf8                                                                                                                                                                                      MOV p7, p1
	   298    0x00 0x00                                                                        NOPX
	   300    0x00 0x00                                                                        NOPX
.no_stack_arguments
	   302    0x00 0x00 0x00 0x00 0x01 0x04                                                                                                                                              JL #matmul_vectorized_different_datatypes
.delay_slot
	   308    0x00 0x00 0x04 0xc0 0x00 0x44                                                                                                                                              MOVXM p2, #C_L1L2_2_0_buff_0
.delay_slot
.swstall delay_slot
	   314    0x00 0x00                                                                        NOPX
.delay_slot
	   316    0x12 0xf7 0x07 0x98                                                                                                                                                        EQ r27, r11, r16
.delay_slot
	   320    0x13 0xe0 0xe2 0x18                                                                                                                                                        SEL.EQZ r16, r15, r14, r27
.delay_slot
	   324    0x00 0x2c 0xf0 0x00 0x20 0x01 0x5b 0x00 0x34 0x10 0x70 0xf6                      NOPA;                         NOPB;                         NOPS;                                                       MOV p0, r16
.return_address
.no_stack_arguments
	   336    0x00 0x21 0x00 0x00 0x00 0x00 0x00 0x00 0x40 0xba                                MOVA r1, #1;                                                                              JL #llvm___aie2p___release
.delay_slot
	   346    0x10 0x00 0xc1 0x18                                                                                                                                                        MOVX r0, #48
.delay_slot
.swstall delay_slot
	   350    0x00 0x00                                                                        NOPX
.delay_slot
.swstall delay_slot
	   352    0x00 0x00                                                                        NOPX
.delay_slot
.swstall delay_slot
	   354    0x00 0x00                                                                        NOPX
.delay_slot
.swstall delay_slot
	   356    0x00 0x2c 0xf0 0x00 0x20 0x00 0x00 0x00 0x00 0xad 0x81 0x36                      NOPA;                         NOPB;                         NOPS;                         NOPX
.return_address
	   368    0xc2 0xc2 0xd0 0x3e 0x17 0xe8 0x08 0x31 0x58 0xba                                LDA r16, [p6, #4];                                                                        MOVX r1, #-1;                 MOV r0, #49
	   378    0x00 0x00                                                                        NOPX
	   380    0x00 0x00                                                                        NOPX
	   382    0x00 0x00                                                                        NOPX
	   384    0x00 0x00                                                                        NOPX
.no_stack_arguments
	   386    0x00 0x00 0x00 0x00 0x01 0x04                                                                                                                                              JL #llvm___aie2p___acquire
.delay_slot
.swstall delay_slot
	   392    0x00 0x00                                                                        NOPX
.delay_slot
	   394    0x14 0x20 0x07 0x18                                                                                                                                                        ADD r16, r16, #1
.delay_slot
	   398    0x5e 0xe1 0x58 0xb0 0xfe 0x24                                                                                                                                              LT r27, r11, r16;             ADD.NC r17, r16, #-2
.delay_slot
	   404    0x14 0x21 0x12 0x18                                                                                                                                                        SEL.EQZ r16, r16, r17, r27
.delay_slot
	   408    0xc2 0xc2 0x30 0x00 0x01 0xa5 0x70 0x02                                                                                                      ST r16, [p6, #4];                                           NOPM
.return_address
	   416    0xc2 0xc2 0xd2 0xdd 0x81 0xd4                                                    LDA r16, [p6, #4];                                                                                                      MOV p1, p7
	   422    0x00 0x00                                                                        NOPX
	   424    0x00 0x00                                                                        NOPX
	   426    0x00 0x00                                                                        NOPX
.no_stack_arguments
	   428    0x00 0x00 0x00 0x00 0x01 0x04                                                                                                                                              JL #matmul_vectorized_different_datatypes
.delay_slot
	   434    0x00 0x00 0x04 0xc0 0x00 0x44                                                                                                                                              MOVXM p2, #C_L1L2_2_0_buff_0
.delay_slot
.swstall delay_slot
	   440    0x00 0x00                                                                        NOPX
.delay_slot
	   442    0x12 0xf7 0x07 0x98                                                                                                                                                        EQ r27, r11, r16
.delay_slot
	   446    0x13 0xe0 0xe2 0x18                                                                                                                                                        SEL.EQZ r16, r15, r14, r27
.delay_slot
	   450    0x00 0x2c 0xf0 0x02 0xb6 0x00 0x00 0x43 0x41 0x07 0x00 0x00 0x1c 0x2e            NOPA;                                                       NOPS;                                                       MOV p0, r16;                            NOPV
.return_address
.no_stack_arguments
	   464    0x00 0x21 0x00 0x00 0x00 0x00 0x00 0x00 0x40 0xba                                MOVA r1, #1;                                                                              JL #llvm___aie2p___release
.delay_slot
	   474    0x10 0x00 0xc1 0x18                                                                                                                                                        MOVX r0, #48
.delay_slot
.swstall delay_slot
	   478    0x00 0x00                                                                        NOPX
.delay_slot
.swstall delay_slot
	   480    0x00 0x00                                                                        NOPX
.delay_slot
.swstall delay_slot
	   482    0x00 0x00                                                                        NOPX
.delay_slot
.swstall delay_slot
	   484    0x00 0x2c 0xf0 0x00 0x20 0x00 0x00 0x00 0x00 0xad 0x81 0x36                      NOPA;                         NOPB;                         NOPS;                         NOPX
.return_address
	   496    0xc2 0xc2 0xd0 0x3e 0x17 0xe8 0x08 0x31 0x58 0xba                                LDA r16, [p6, #4];                                                                        MOVX r1, #-1;                 MOV r0, #49
	   506    0x00 0x00                                                                        NOPX
	   508    0x00 0x00                                                                        NOPX
	   510    0x00 0x00                                                                        NOPX
	   512    0x00 0x00                                                                        NOPX
.no_stack_arguments
	   514    0x00 0x00 0x00 0x00 0x01 0x04                                                                                                                                              JL #llvm___aie2p___acquire
.delay_slot
.swstall delay_slot
	   520    0x00 0x00                                                                        NOPX
.delay_slot
	   522    0x14 0x20 0x07 0x18                                                                                                                                                        ADD r16, r16, #1
.delay_slot
	   526    0x5e 0xe1 0x58 0xb0 0xfe 0x24                                                                                                                                              LT r27, r11, r16;             ADD.NC r17, r16, #-2
.delay_slot
	   532    0x14 0x21 0x12 0x18                                                                                                                                                        SEL.EQZ r16, r16, r17, r27
.delay_slot
	   536    0xc2 0xc2 0x30 0x00 0x01 0xa5 0x70 0x02                                                                                                      ST r16, [p6, #4];                                           NOPM
.return_address
	   544    0xc2 0xc2 0xd2 0xdd 0x81 0xd4                                                    LDA r16, [p6, #4];                                                                                                      MOV p1, p7
	   550    0x00 0x00                                                                        NOPX
	   552    0x00 0x00                                                                        NOPX
	   554    0x00 0x00                                                                        NOPX
.no_stack_arguments
	   556    0x00 0x00 0x00 0x00 0x01 0x04                                                                                                                                              JL #matmul_vectorized_different_datatypes
.delay_slot
	   562    0x00 0x00 0x04 0xc0 0x00 0x44                                                                                                                                              MOVXM p2, #C_L1L2_2_0_buff_0
.delay_slot
.swstall delay_slot
	   568    0x00 0x00                                                                        NOPX
.delay_slot
	   570    0x12 0xf7 0x07 0x98                                                                                                                                                        EQ r27, r11, r16
.delay_slot
	   574    0x13 0xe0 0xe2 0x18                                                                                                                                                        SEL.EQZ r16, r15, r14, r27
.delay_slot
	   578    0x00 0x2c 0xf0 0x02 0xb6 0x00 0x00 0x43 0x41 0x07 0x00 0x00 0x1c 0x2e            NOPA;                                                       NOPS;                                                       MOV p0, r16;                            NOPV
.return_address
.no_stack_arguments
	   592    0x00 0x21 0x00 0x00 0x00 0x00 0x00 0x00 0x40 0xba                                MOVA r1, #1;                                                                              JL #llvm___aie2p___release
.delay_slot
	   602    0x10 0x00 0xc1 0x18                                                                                                                                                        MOVX r0, #48
.delay_slot
.swstall delay_slot
	   606    0x00 0x00                                                                        NOPX
.delay_slot
.swstall delay_slot
	   608    0x00 0x00                                                                        NOPX
.delay_slot
.swstall delay_slot
	   610    0x00 0x00                                                                        NOPX
.delay_slot
.swstall delay_slot
	   612    0x00 0x2c 0xf0 0x00 0x20 0x00 0x00 0x00 0x00 0xad 0x81 0x36                      NOPA;                         NOPB;                         NOPS;                         NOPX
.return_address
	   624    0xc2 0xc2 0xd0 0x3e 0x17 0xe8 0x08 0x31 0x58 0xba                                LDA r16, [p6, #4];                                                                        MOVX r1, #-1;                 MOV r0, #49
	   634    0x00 0x00                                                                        NOPX
	   636    0x00 0x00                                                                        NOPX
	   638    0x00 0x00                                                                        NOPX
	   640    0x00 0x00                                                                        NOPX
.no_stack_arguments
	   642    0x00 0x00 0x00 0x00 0x01 0x04                                                                                                                                              JL #llvm___aie2p___acquire
.delay_slot
.swstall delay_slot
	   648    0x00 0x00                                                                        NOPX
.delay_slot
	   650    0x14 0x20 0x07 0x18                                                                                                                                                        ADD r16, r16, #1
.delay_slot
	   654    0x5e 0xe1 0x58 0xb0 0xfe 0x24                                                                                                                                              LT r27, r11, r16;             ADD.NC r17, r16, #-2
.delay_slot
	   660    0x14 0x21 0x12 0x18                                                                                                                                                        SEL.EQZ r16, r16, r17, r27
.delay_slot
	   664    0xc2 0xc2 0x30 0x00 0x01 0xa5 0x70 0x02                                                                                                      ST r16, [p6, #4];                                           NOPM
.return_address
	   672    0xc2 0xc2 0xd2 0xdd 0x81 0xd4                                                    LDA r16, [p6, #4];                                                                                                      MOV p1, p7
	   678    0x00 0x00                                                                        NOPX
	   680    0x00 0x00                                                                        NOPX
	   682    0x00 0x00                                                                        NOPX
.no_stack_arguments
	   684    0x00 0x00 0x00 0x00 0x01 0x04                                                                                                                                              JL #matmul_vectorized_different_datatypes
.delay_slot
	   690    0x00 0x00 0x04 0xc0 0x00 0x44                                                                                                                                              MOVXM p2, #C_L1L2_2_0_buff_0
.delay_slot
.swstall delay_slot
	   696    0x00 0x00                                                                        NOPX
.delay_slot
	   698    0x12 0xf7 0x07 0x98                                                                                                                                                        EQ r27, r11, r16
.delay_slot
	   702    0x13 0xe0 0xe2 0x18                                                                                                                                                        SEL.EQZ r16, r15, r14, r27
.delay_slot
	   706    0x00 0x2c 0xf0 0x02 0xb6 0x00 0x00 0x43 0x41 0x07 0x00 0x00 0x1c 0x2e            NOPA;                                                       NOPS;                                                       MOV p0, r16;                            NOPV
.return_address
.no_stack_arguments
	   720    0x00 0x21 0x00 0x00 0x00 0x00 0x00 0x00 0x40 0xba                                MOVA r1, #1;                                                                              JL #llvm___aie2p___release
.delay_slot
	   730    0x10 0x00 0xc1 0x18                                                                                                                                                        MOVX r0, #48
.delay_slot
.swstall delay_slot
	   734    0x00 0x00                                                                        NOPX
.delay_slot
.swstall delay_slot
	   736    0x00 0x00                                                                        NOPX
.delay_slot
.swstall delay_slot
	   738    0x00 0x00                                                                        NOPX
.delay_slot
.swstall delay_slot
	   740    0x00 0x2c 0xf0 0x00 0x20 0x00 0x00 0x00 0x00 0xad 0x81 0x36                      NOPA;                         NOPB;                         NOPS;                         NOPX
.return_address
	   752    0xc2 0xc2 0xd0 0x00 0x06 0x48 0x28 0x01 0x58 0xba                                LDA r16, [p6, #4];                                                                        MOVX r0, #50;                 MOV r1, #1
	   762    0x00 0x00                                                                        NOPX
	   764    0x00 0x00                                                                        NOPX
	   766    0x00 0x00                                                                        NOPX
	   768    0x00 0x00                                                                        NOPX
.no_stack_arguments
	   770    0x00 0x00 0x00 0x00 0x01 0x04                                                                                                                                              JL #llvm___aie2p___release
.delay_slot
.swstall delay_slot
	   776    0x00 0x00                                                                        NOPX
.delay_slot
	   778    0x14 0x20 0x07 0x18                                                                                                                                                        ADD r16, r16, #1
.delay_slot
	   782    0x5e 0xe1 0x58 0xb0 0xfe 0x24                                                                                                                                              LT r27, r11, r16;             ADD.NC r17, r16, #-2
.delay_slot
	   788    0x14 0x21 0x12 0x18                                                                                                                                                        SEL.EQZ r16, r16, r17, r27
.delay_slot
	   792    0xc2 0xc2 0x30 0x00 0x01 0xa5 0x70 0x02                                                                                                      ST r16, [p6, #4];                                           NOPM
.return_address
	   800    0xc0 0xc2 0xd0 0x00 0x00 0x03 0xb0 0x68 0x10 0xba                                LDA r16, [p6];                                                                            MOVXM p7, #(TGT_Fcore_2_2_208 + 0)
	   810    0x00 0x00                                                                        NOPX
	   812    0x00 0x00                                                                        NOPX
	   814    0x00 0x00                                                                        NOPX
	   816    0x00 0x00                                                                        NOPX
	   818    0x12 0x11 0xe0 0x18                                                                                                                                                        JNZD r8, r8, p7
.delay_slot
.swstall delay_slot
	   822    0x00 0x00                                                                        NOPX
.delay_slot
	   824    0x14 0x20 0x07 0x18                                                                                                                                                        ADD r16, r16, #1
.delay_slot
	   828    0x5e 0xe1 0x58 0xb0 0xfe 0x24                                                                                                                                              LT r27, r11, r16;             ADD.NC r17, r16, #-2
.delay_slot
	   834    0x14 0x21 0x12 0x18                                                                                                                                                        SEL.EQZ r16, r16, r17, r27
.delay_slot
	   838    0x0e 0x06 0x11 0x98                                                                                                                          ST r16, [p6]
.loop_nesting 1
	   842    0xfa 0x22 0x20 0x00 0x06 0xaa 0x0e 0x60 0x78 0xba                                LDA r8, [sp, #-48];                                                                       MOVX r0, #53;                 MOV r16, p6
.no_stack_arguments
	   852    0x00 0x21 0x00 0x00 0x00 0x00 0x00 0x00 0x40 0xba                                MOVA r1, #1;                                                                              JL #llvm___aie2p___release
.delay_slot
	   862    0x17 0xd2 0xf9 0x18                                                                                                                                                        MOVX r9, #-2
.delay_slot
	   866    0x1f 0x68 0x7e 0x18                                                                                                                                                                                      ADD.NC p7, r16, #-4
.delay_slot
.swstall delay_slot
	   870    0x00 0x00                                                                        NOPX
.delay_slot
.swstall delay_slot
	   872    0x00 0x00                                                                        NOPX
.delay_slot
.swstall delay_slot
	   874    0x00 0x2c 0xf0 0x00 0x20 0x3c                                                    NOPA;                         NOPB
.return_address
	   880    0xf9 0xc2 0x20 0x11 0x50 0x3a 0x28 0x00 0x58 0xba                                LDA r16, [sp, #-52];                                                                      ADD r21, r8, #1;              MOV r17, #0
	   890    0xde 0xce 0xd7 0xd2 0xb5 0x91 0x24 0xe7 0x08 0x00 0x58 0x76                      LDA r19, [p6, #-4];                                         ST r21, [sp, #-48];           LTU r18, r8, r9;              MOV r24, #0
	   902    0x00 0x00                                                                        NOPX
	   904    0x00 0x00                                                                        NOPX
	   906    0x00 0x00                                                                        NOPX
	   908    0x00 0x00                                                                        NOPX
	   910    0x00 0x00                                                                        NOPX
	   912    0x14 0x2a 0xd0 0x18                                                                                                                                                        EQZ r21, r16
	   916    0x15 0x65 0x24 0x98                                                                                                                                                        AND r18, r21, r18
	   920    0x14 0x63 0x25 0x98                                                                                                                                                        OR r17, r17, r18
	   924    0x88 0x00 0x40 0x40 0x01 0x84                                                                                                                                              JNZ r17, #TGT_Fcore_2_2_128
.delay_slot
	   930    0x7f 0xff 0xfa 0x3f 0xfc 0x44                                                                                                                                              MOVXM r20, #2147483646
.delay_slot
	   936    0x15 0x29 0x3c 0x98                                                                                                                                                        LTU r20, r20, r19
.delay_slot
	   940    0x16 0x21 0x02 0x98                                                                                                                                                        ADC r16, r24, r16
.delay_slot
	   944    0x14 0xe7 0x40 0x98                                                                                                                                                        ADD r19, r19, r20
.delay_slot
	   948    0x0f 0x1e 0x71 0x98                                                                                                                          ST r19, [p7], #4
.loop_nesting 0
	   952    0x07 0xd4 0x39 0x18                                                              LDA lr, [sp, #-44]
	   956    0x07 0xd9 0x11 0x18                                                              LDA r8, [sp, #-40]
	   960    0x07 0xdd 0x31 0x18                                                              LDA r9, [sp, #-36]
	   964    0x07 0xe1 0x51 0x18                                                              LDA r10, [sp, #-32]
	   968    0x07 0xe9 0x71 0x18                                                              LDA r11, [sp, #-24]
	   972    0x07 0xf1 0x91 0x18                                                              LDA r12, [sp, #-16]
	   976    0x07 0xf5 0xb1 0x18                                                              LDA r13, [sp, #-12]
	   980    0x07 0xf9 0xd1 0x18                                                              LDA r14, [sp, #-8]
	   984    0x07 0xfd 0xf1 0x18                                                              LDA r15, [sp, #-4]
	   988    0x07 0xe7 0x19 0x18                                                              LDA p6, [sp, #-28]
	   992    0x07 0xef 0x99 0x18                                                              LDA p7, [sp, #-20]
	   996    0x10 0x28 0x00 0x18                                                                                                                                                        RET lr
.delay_slot
	  1000    0xff 0xf8 0x00 0x00 0x01 0xc4                                                                                                                                              PADDXM [sp], #-64
.delay_slot
.swstall delay_slot
	  1006    0x00 0x00                                                                        NOPX
.delay_slot
.swstall delay_slot
	  1008    0x00 0x00                                                                        NOPX
.delay_slot
.swstall delay_slot
	  1010    0x00 0x00                                                                        NOPX
.label core_2_2__end last
.delay_slot
.swstall delay_slot
	  1012    0x00 0x00                                                                        NOPX

.undef global data _anonymous2

.undef global data C_L1L2_2_0_buff_0

.undef global data B_L2L1_2_cons_buff_0

.undef global data B_L2L1_2_cons_buff_1

.undef global data A_L2L1_0_2_cons_buff_0

.undef global data A_L2L1_0_2_cons_buff_1

.undef global text llvm___aie2p___acquire

.undef global text zero_kernel_bf16

.undef global text matmul_vectorized_different_datatypes

.undef global text llvm___aie2p___release

.text_segment_name
.text global 10 core_1_2
.function_start
	     0    0x00 0x18 0x02 0x9c 0x8b 0x00 0x02 0x00 0x00 0x00 0x70 0x76                      MOVA r24, #0;                                               MOVS p2, p7;                  PADDXM [sp], #64
	    12    0x00 0x10 0x07 0xd3 0x15 0x80 0x00 0x03 0xb0 0x00 0x10 0x76                      MOVA r16, #0;                                               ST r24, [sp, #-48];           MOVXM p7, #_anonymous1
	    24    0xe3 0xe2 0x30 0x00 0xab 0xd0 0x70 0x02                                                                                                      ST r24, [p7], #4;                                           MOV r5, r15
	    32    0xe0 0xe2 0x30 0x00 0x8b 0x90 0x70 0x02                                                                                                      ST r24, [p7];                                               MOV r4, r14
	    40    0xff 0x96 0xb0 0x00 0x6b 0x50 0x70 0x02                                                                                                      ST r5, [sp, #-4];                                           MOV r3, r13
	    48    0xff 0x12 0xb0 0x00 0x4b 0x10 0x70 0x02                                                                                                      ST r4, [sp, #-8];                                           MOV r2, r12
	    56    0xfe 0x8e 0xb0 0x00 0xb0 0x28 0x2a 0xd0 0x79 0x3a                                                                                            ST r3, [sp, #-12];            MOVX r11, #1;                 MOV r1, r11
	    66    0xfe 0x0a 0xb0 0x00 0x0a 0x90 0x70 0x02                                                                                                      ST r2, [sp, #-16];                                          MOV r0, r10
	    74    0xfd 0x06 0xb0 0x00 0x00 0x01 0xc8 0x00 0x11 0x3a                                                                                            ST r1, [sp, #-24];            MOVXM r14, #A_L2L1_0_1_cons_buff_1
	    84    0xfc 0x02 0xb0 0x00 0x00 0x01 0xe8 0x00 0x11 0x3a                                                                                            ST r0, [sp, #-32];            MOVXM r15, #A_L2L1_0_1_cons_buff_0
	    94    0x0f 0xdd 0x35 0x98                                                                                                                          ST r9, [sp, #-36]
	    98    0x0f 0xd9 0x15 0x98                                                                                                                          ST r8, [sp, #-40]
	   102    0x0f 0xed 0x1d 0x98                                                                                                                          ST p2, [sp, #-20]
	   106    0x0f 0xe7 0x1d 0x98                                                                                                                          ST p6, [sp, #-28]
	   110    0x0f 0xd4 0x3d 0x98                                                                                                                          ST lr, [sp, #-44]
	   114    0x00 0x2c 0xfe 0x2e 0x23 0x00 0x00 0x40 0x1a 0x57 0x00 0x00 0x1c 0x2e            NOPA;                                                       ST r24, [p7, #4];                                           NOPM;                                   NOPV
.label TGT_Fcore_1_2_128
.loop_nesting 1
.no_stack_arguments
	   128    0x06 0x80 0x07 0xce 0x15 0x80 0x00 0x00 0x00 0x00 0x40 0x76                      MOVA r0, #52;                                               ST r16, [sp, #-52];           JL #llvm___aie2p___acquire
.delay_slot
	   140    0x1e 0x6e 0xc0 0xf8                                                                                                                                                                                      MOV p6, p7
.delay_slot
	   144    0x17 0xc2 0xfd 0x18                                                                                                                                                        MOVX r1, #-1
.delay_slot
.swstall delay_slot
	   148    0x00 0x00                                                                        NOPX
.delay_slot
.swstall delay_slot
	   150    0x00 0x00                                                                        NOPX
.delay_slot
.swstall delay_slot
	   152    0x00 0x2c 0xf0 0x04 0x00 0x00 0x1c 0x22                                          NOPA;                                                                                                                                                           NOPV
.return_address
.no_stack_arguments
	   160    0x00 0x00 0x00 0x00 0x01 0x04                                                                                                                                              JL #zero_kernel_bf16
.delay_slot
	   166    0x00 0x00 0x00 0xc0 0x00 0x44                                                                                                                                              MOVXM p0, #C_L1L2_1_0_buff_0
.delay_slot
.swstall delay_slot
	   172    0x00 0x00                                                                        NOPX
.delay_slot
.swstall delay_slot
	   174    0x00 0x00                                                                        NOPX
.delay_slot
.swstall delay_slot
	   176    0x00 0x00                                                                        NOPX
.delay_slot
.swstall delay_slot
	   178    0x00 0x2c 0xf0 0x02 0xb6 0x00 0x00 0x40 0x1a 0x57 0x00 0x00 0x1c 0x2e            NOPA;                                                       NOPS;                                                       NOPM;                                   NOPV
.return_address
	   192    0x00 0x2c 0xf0 0x00 0x20 0x01 0x5b 0x00 0x81 0xe8 0x01 0xa5 0x78 0x00 0x00 0xe1  NOPA;                         NOPB;                         NOPS;                         MOVX r8, #15;                 NOPM;                                   NOPV
.label TGT_Fcore_1_2_208
.loop_nesting 2
.no_stack_arguments
	   208    0x06 0x60 0x00 0x00 0x00 0x00 0x00 0x00 0x40 0xba                                MOVA r0, #51;                                                                             JL #llvm___aie2p___acquire
.delay_slot
	   218    0x17 0xc2 0xfd 0x18                                                                                                                                                        MOVX r1, #-1
.delay_slot
.swstall delay_slot
	   222    0x00 0x00                                                                        NOPX
.delay_slot
.swstall delay_slot
	   224    0x00 0x00                                                                        NOPX
.delay_slot
.swstall delay_slot
	   226    0x00 0x00                                                                        NOPX
.delay_slot
.swstall delay_slot
	   228    0x00 0x2c 0xf0 0x00 0x20 0x00 0x00 0x00 0x00 0xad 0x81 0x36                      NOPA;                         NOPB;                         NOPS;                         NOPX
.return_address
	   240    0xc0 0xca 0xd0 0x3e 0x17 0xe8 0x08 0x31 0x58 0xba                                LDA r18, [p6];                                                                            MOVX r1, #-1;                 MOV r0, #49
	   250    0x00 0x00                                                                        NOPX
	   252    0x00 0x00                                                                        NOPX
.no_stack_arguments
	   254    0x00 0x00 0x00 0x00 0x01 0x04                                                                                                                                              JL #llvm___aie2p___acquire
.delay_slot
	   260    0x00 0x00 0x08 0x20 0x00 0x44                                                                                                                                              MOVXM r16, #B_L2L1_1_cons_buff_1
.delay_slot
	   266    0x00 0x00 0x08 0xa0 0x00 0x44                                                                                                                                              MOVXM r17, #B_L2L1_1_cons_buff_0
.delay_slot
.swstall delay_slot
	   272    0x00 0x00                                                                        NOPX
.delay_slot
	   274    0x12 0xf7 0x27 0x98                                                                                                                                                        EQ r27, r11, r18
.delay_slot
	   278    0x00 0x2c 0xf0 0x01 0x5b 0x00 0x04 0x53 0x02 0x7a                                NOPA;                                                       NOPS;                         SEL.EQZ r9, r17, r16, r27
.return_address
	   288    0xc2 0xc2 0xd2 0xc9 0x41 0xd4                                                    LDA r16, [p6, #4];                                                                                                      MOV p1, r9
	   294    0x1f 0x62 0xc0 0xf8                                                                                                                                                                                      MOV p7, p1
	   298    0x00 0x00                                                                        NOPX
	   300    0x00 0x00                                                                        NOPX
.no_stack_arguments
	   302    0x00 0x00 0x00 0x00 0x01 0x04                                                                                                                                              JL #matmul_vectorized_different_datatypes
.delay_slot
	   308    0x00 0x00 0x04 0xc0 0x00 0x44                                                                                                                                              MOVXM p2, #C_L1L2_1_0_buff_0
.delay_slot
.swstall delay_slot
	   314    0x00 0x00                                                                        NOPX
.delay_slot
	   316    0x12 0xf7 0x07 0x98                                                                                                                                                        EQ r27, r11, r16
.delay_slot
	   320    0x13 0xe0 0xe2 0x18                                                                                                                                                        SEL.EQZ r16, r15, r14, r27
.delay_slot
	   324    0x00 0x2c 0xf0 0x00 0x20 0x01 0x5b 0x00 0x34 0x10 0x70 0xf6                      NOPA;                         NOPB;                         NOPS;                                                       MOV p0, r16
.return_address
.no_stack_arguments
	   336    0x00 0x21 0x00 0x00 0x00 0x00 0x00 0x00 0x40 0xba                                MOVA r1, #1;                                                                              JL #llvm___aie2p___release
.delay_slot
	   346    0x10 0x00 0xc1 0x18                                                                                                                                                        MOVX r0, #48
.delay_slot
.swstall delay_slot
	   350    0x00 0x00                                                                        NOPX
.delay_slot
.swstall delay_slot
	   352    0x00 0x00                                                                        NOPX
.delay_slot
.swstall delay_slot
	   354    0x00 0x00                                                                        NOPX
.delay_slot
.swstall delay_slot
	   356    0x00 0x2c 0xf0 0x00 0x20 0x00 0x00 0x00 0x00 0xad 0x81 0x36                      NOPA;                         NOPB;                         NOPS;                         NOPX
.return_address
	   368    0xc2 0xc2 0xd0 0x3e 0x17 0xe8 0x08 0x31 0x58 0xba                                LDA r16, [p6, #4];                                                                        MOVX r1, #-1;                 MOV r0, #49
	   378    0x00 0x00                                                                        NOPX
	   380    0x00 0x00                                                                        NOPX
	   382    0x00 0x00                                                                        NOPX
	   384    0x00 0x00                                                                        NOPX
.no_stack_arguments
	   386    0x00 0x00 0x00 0x00 0x01 0x04                                                                                                                                              JL #llvm___aie2p___acquire
.delay_slot
.swstall delay_slot
	   392    0x00 0x00                                                                        NOPX
.delay_slot
	   394    0x14 0x20 0x07 0x18                                                                                                                                                        ADD r16, r16, #1
.delay_slot
	   398    0x5e 0xe1 0x58 0xb0 0xfe 0x24                                                                                                                                              LT r27, r11, r16;             ADD.NC r17, r16, #-2
.delay_slot
	   404    0x14 0x21 0x12 0x18                                                                                                                                                        SEL.EQZ r16, r16, r17, r27
.delay_slot
	   408    0xc2 0xc2 0x30 0x00 0x01 0xa5 0x70 0x02                                                                                                      ST r16, [p6, #4];                                           NOPM
.return_address
	   416    0xc2 0xc2 0xd2 0xdd 0x81 0xd4                                                    LDA r16, [p6, #4];                                                                                                      MOV p1, p7
	   422    0x00 0x00                                                                        NOPX
	   424    0x00 0x00                                                                        NOPX
	   426    0x00 0x00                                                                        NOPX
.no_stack_arguments
	   428    0x00 0x00 0x00 0x00 0x01 0x04                                                                                                                                              JL #matmul_vectorized_different_datatypes
.delay_slot
	   434    0x00 0x00 0x04 0xc0 0x00 0x44                                                                                                                                              MOVXM p2, #C_L1L2_1_0_buff_0
.delay_slot
.swstall delay_slot
	   440    0x00 0x00                                                                        NOPX
.delay_slot
	   442    0x12 0xf7 0x07 0x98                                                                                                                                                        EQ r27, r11, r16
.delay_slot
	   446    0x13 0xe0 0xe2 0x18                                                                                                                                                        SEL.EQZ r16, r15, r14, r27
.delay_slot
	   450    0x00 0x2c 0xf0 0x02 0xb6 0x00 0x00 0x43 0x41 0x07 0x00 0x00 0x1c 0x2e            NOPA;                                                       NOPS;                                                       MOV p0, r16;                            NOPV
.return_address
.no_stack_arguments
	   464    0x00 0x21 0x00 0x00 0x00 0x00 0x00 0x00 0x40 0xba                                MOVA r1, #1;                                                                              JL #llvm___aie2p___release
.delay_slot
	   474    0x10 0x00 0xc1 0x18                                                                                                                                                        MOVX r0, #48
.delay_slot
.swstall delay_slot
	   478    0x00 0x00                                                                        NOPX
.delay_slot
.swstall delay_slot
	   480    0x00 0x00                                                                        NOPX
.delay_slot
.swstall delay_slot
	   482    0x00 0x00                                                                        NOPX
.delay_slot
.swstall delay_slot
	   484    0x00 0x2c 0xf0 0x00 0x20 0x00 0x00 0x00 0x00 0xad 0x81 0x36                      NOPA;                         NOPB;                         NOPS;                         NOPX
.return_address
	   496    0xc2 0xc2 0xd0 0x3e 0x17 0xe8 0x08 0x31 0x58 0xba                                LDA r16, [p6, #4];                                                                        MOVX r1, #-1;                 MOV r0, #49
	   506    0x00 0x00                                                                        NOPX
	   508    0x00 0x00                                                                        NOPX
	   510    0x00 0x00                                                                        NOPX
	   512    0x00 0x00                                                                        NOPX
.no_stack_arguments
	   514    0x00 0x00 0x00 0x00 0x01 0x04                                                                                                                                              JL #llvm___aie2p___acquire
.delay_slot
.swstall delay_slot
	   520    0x00 0x00                                                                        NOPX
.delay_slot
	   522    0x14 0x20 0x07 0x18                                                                                                                                                        ADD r16, r16, #1
.delay_slot
	   526    0x5e 0xe1 0x58 0xb0 0xfe 0x24                                                                                                                                              LT r27, r11, r16;             ADD.NC r17, r16, #-2
.delay_slot
	   532    0x14 0x21 0x12 0x18                                                                                                                                                        SEL.EQZ r16, r16, r17, r27
.delay_slot
	   536    0xc2 0xc2 0x30 0x00 0x01 0xa5 0x70 0x02                                                                                                      ST r16, [p6, #4];                                           NOPM
.return_address
	   544    0xc2 0xc2 0xd2 0xdd 0x81 0xd4                                                    LDA r16, [p6, #4];                                                                                                      MOV p1, p7
	   550    0x00 0x00                                                                        NOPX
	   552    0x00 0x00                                                                        NOPX
	   554    0x00 0x00                                                                        NOPX
.no_stack_arguments
	   556    0x00 0x00 0x00 0x00 0x01 0x04                                                                                                                                              JL #matmul_vectorized_different_datatypes
.delay_slot
	   562    0x00 0x00 0x04 0xc0 0x00 0x44                                                                                                                                              MOVXM p2, #C_L1L2_1_0_buff_0
.delay_slot
.swstall delay_slot
	   568    0x00 0x00                                                                        NOPX
.delay_slot
	   570    0x12 0xf7 0x07 0x98                                                                                                                                                        EQ r27, r11, r16
.delay_slot
	   574    0x13 0xe0 0xe2 0x18                                                                                                                                                        SEL.EQZ r16, r15, r14, r27
.delay_slot
	   578    0x00 0x2c 0xf0 0x02 0xb6 0x00 0x00 0x43 0x41 0x07 0x00 0x00 0x1c 0x2e            NOPA;                                                       NOPS;                                                       MOV p0, r16;                            NOPV
.return_address
.no_stack_arguments
	   592    0x00 0x21 0x00 0x00 0x00 0x00 0x00 0x00 0x40 0xba                                MOVA r1, #1;                                                                              JL #llvm___aie2p___release
.delay_slot
	   602    0x10 0x00 0xc1 0x18                                                                                                                                                        MOVX r0, #48
.delay_slot
.swstall delay_slot
	   606    0x00 0x00                                                                        NOPX
.delay_slot
.swstall delay_slot
	   608    0x00 0x00                                                                        NOPX
.delay_slot
.swstall delay_slot
	   610    0x00 0x00                                                                        NOPX
.delay_slot
.swstall delay_slot
	   612    0x00 0x2c 0xf0 0x00 0x20 0x00 0x00 0x00 0x00 0xad 0x81 0x36                      NOPA;                         NOPB;                         NOPS;                         NOPX
.return_address
	   624    0xc2 0xc2 0xd0 0x3e 0x17 0xe8 0x08 0x31 0x58 0xba                                LDA r16, [p6, #4];                                                                        MOVX r1, #-1;                 MOV r0, #49
	   634    0x00 0x00                                                                        NOPX
	   636    0x00 0x00                                                                        NOPX
	   638    0x00 0x00                                                                        NOPX
	   640    0x00 0x00                                                                        NOPX
.no_stack_arguments
	   642    0x00 0x00 0x00 0x00 0x01 0x04                                                                                                                                              JL #llvm___aie2p___acquire
.delay_slot
.swstall delay_slot
	   648    0x00 0x00                                                                        NOPX
.delay_slot
	   650    0x14 0x20 0x07 0x18                                                                                                                                                        ADD r16, r16, #1
.delay_slot
	   654    0x5e 0xe1 0x58 0xb0 0xfe 0x24                                                                                                                                              LT r27, r11, r16;             ADD.NC r17, r16, #-2
.delay_slot
	   660    0x14 0x21 0x12 0x18                                                                                                                                                        SEL.EQZ r16, r16, r17, r27
.delay_slot
	   664    0xc2 0xc2 0x30 0x00 0x01 0xa5 0x70 0x02                                                                                                      ST r16, [p6, #4];                                           NOPM
.return_address
	   672    0xc2 0xc2 0xd2 0xdd 0x81 0xd4                                                    LDA r16, [p6, #4];                                                                                                      MOV p1, p7
	   678    0x00 0x00                                                                        NOPX
	   680    0x00 0x00                                                                        NOPX
	   682    0x00 0x00                                                                        NOPX
.no_stack_arguments
	   684    0x00 0x00 0x00 0x00 0x01 0x04                                                                                                                                              JL #matmul_vectorized_different_datatypes
.delay_slot
	   690    0x00 0x00 0x04 0xc0 0x00 0x44                                                                                                                                              MOVXM p2, #C_L1L2_1_0_buff_0
.delay_slot
.swstall delay_slot
	   696    0x00 0x00                                                                        NOPX
.delay_slot
	   698    0x12 0xf7 0x07 0x98                                                                                                                                                        EQ r27, r11, r16
.delay_slot
	   702    0x13 0xe0 0xe2 0x18                                                                                                                                                        SEL.EQZ r16, r15, r14, r27
.delay_slot
	   706    0x00 0x2c 0xf0 0x02 0xb6 0x00 0x00 0x43 0x41 0x07 0x00 0x00 0x1c 0x2e            NOPA;                                                       NOPS;                                                       MOV p0, r16;                            NOPV
.return_address
.no_stack_arguments
	   720    0x00 0x21 0x00 0x00 0x00 0x00 0x00 0x00 0x40 0xba                                MOVA r1, #1;                                                                              JL #llvm___aie2p___release
.delay_slot
	   730    0x10 0x00 0xc1 0x18                                                                                                                                                        MOVX r0, #48
.delay_slot
.swstall delay_slot
	   734    0x00 0x00                                                                        NOPX
.delay_slot
.swstall delay_slot
	   736    0x00 0x00                                                                        NOPX
.delay_slot
.swstall delay_slot
	   738    0x00 0x00                                                                        NOPX
.delay_slot
.swstall delay_slot
	   740    0x00 0x2c 0xf0 0x00 0x20 0x00 0x00 0x00 0x00 0xad 0x81 0x36                      NOPA;                         NOPB;                         NOPS;                         NOPX
.return_address
	   752    0xc2 0xc2 0xd0 0x00 0x06 0x48 0x28 0x01 0x58 0xba                                LDA r16, [p6, #4];                                                                        MOVX r0, #50;                 MOV r1, #1
	   762    0x00 0x00                                                                        NOPX
	   764    0x00 0x00                                                                        NOPX
	   766    0x00 0x00                                                                        NOPX
	   768    0x00 0x00                                                                        NOPX
.no_stack_arguments
	   770    0x00 0x00 0x00 0x00 0x01 0x04                                                                                                                                              JL #llvm___aie2p___release
.delay_slot
.swstall delay_slot
	   776    0x00 0x00                                                                        NOPX
.delay_slot
	   778    0x14 0x20 0x07 0x18                                                                                                                                                        ADD r16, r16, #1
.delay_slot
	   782    0x5e 0xe1 0x58 0xb0 0xfe 0x24                                                                                                                                              LT r27, r11, r16;             ADD.NC r17, r16, #-2
.delay_slot
	   788    0x14 0x21 0x12 0x18                                                                                                                                                        SEL.EQZ r16, r16, r17, r27
.delay_slot
	   792    0xc2 0xc2 0x30 0x00 0x01 0xa5 0x70 0x02                                                                                                      ST r16, [p6, #4];                                           NOPM
.return_address
	   800    0xc0 0xc2 0xd0 0x00 0x00 0x03 0xb0 0x68 0x10 0xba                                LDA r16, [p6];                                                                            MOVXM p7, #(TGT_Fcore_1_2_208 + 0)
	   810    0x00 0x00                                                                        NOPX
	   812    0x00 0x00                                                                        NOPX
	   814    0x00 0x00                                                                        NOPX
	   816    0x00 0x00                                                                        NOPX
	   818    0x12 0x11 0xe0 0x18                                                                                                                                                        JNZD r8, r8, p7
.delay_slot
.swstall delay_slot
	   822    0x00 0x00                                                                        NOPX
.delay_slot
	   824    0x14 0x20 0x07 0x18                                                                                                                                                        ADD r16, r16, #1
.delay_slot
	   828    0x5e 0xe1 0x58 0xb0 0xfe 0x24                                                                                                                                              LT r27, r11, r16;             ADD.NC r17, r16, #-2
.delay_slot
	   834    0x14 0x21 0x12 0x18                                                                                                                                                        SEL.EQZ r16, r16, r17, r27
.delay_slot
	   838    0x0e 0x06 0x11 0x98                                                                                                                          ST r16, [p6]
.loop_nesting 1
	   842    0xfa 0x22 0x20 0x00 0x06 0xaa 0x0e 0x60 0x78 0xba                                LDA r8, [sp, #-48];                                                                       MOVX r0, #53;                 MOV r16, p6
.no_stack_arguments
	   852    0x00 0x21 0x00 0x00 0x00 0x00 0x00 0x00 0x40 0xba                                MOVA r1, #1;                                                                              JL #llvm___aie2p___release
.delay_slot
	   862    0x17 0xd2 0xf9 0x18                                                                                                                                                        MOVX r9, #-2
.delay_slot
	   866    0x1f 0x68 0x7e 0x18                                                                                                                                                                                      ADD.NC p7, r16, #-4
.delay_slot
.swstall delay_slot
	   870    0x00 0x00                                                                        NOPX
.delay_slot
.swstall delay_slot
	   872    0x00 0x00                                                                        NOPX
.delay_slot
.swstall delay_slot
	   874    0x00 0x2c 0xf0 0x00 0x20 0x3c                                                    NOPA;                         NOPB
.return_address
	   880    0xf9 0xc2 0x20 0x11 0x50 0x3a 0x28 0x00 0x58 0xba                                LDA r16, [sp, #-52];                                                                      ADD r21, r8, #1;              MOV r17, #0
	   890    0xde 0xce 0xd7 0xd2 0xb5 0x91 0x24 0xe7 0x08 0x00 0x58 0x76                      LDA r19, [p6, #-4];                                         ST r21, [sp, #-48];           LTU r18, r8, r9;              MOV r24, #0
	   902    0x00 0x00                                                                        NOPX
	   904    0x00 0x00                                                                        NOPX
	   906    0x00 0x00                                                                        NOPX
	   908    0x00 0x00                                                                        NOPX
	   910    0x00 0x00                                                                        NOPX
	   912    0x14 0x2a 0xd0 0x18                                                                                                                                                        EQZ r21, r16
	   916    0x15 0x65 0x24 0x98                                                                                                                                                        AND r18, r21, r18
	   920    0x14 0x63 0x25 0x98                                                                                                                                                        OR r17, r17, r18
	   924    0x88 0x00 0x40 0x40 0x01 0x84                                                                                                                                              JNZ r17, #TGT_Fcore_1_2_128
.delay_slot
	   930    0x7f 0xff 0xfa 0x3f 0xfc 0x44                                                                                                                                              MOVXM r20, #2147483646
.delay_slot
	   936    0x15 0x29 0x3c 0x98                                                                                                                                                        LTU r20, r20, r19
.delay_slot
	   940    0x16 0x21 0x02 0x98                                                                                                                                                        ADC r16, r24, r16
.delay_slot
	   944    0x14 0xe7 0x40 0x98                                                                                                                                                        ADD r19, r19, r20
.delay_slot
	   948    0x0f 0x1e 0x71 0x98                                                                                                                          ST r19, [p7], #4
.loop_nesting 0
	   952    0x07 0xd4 0x39 0x18                                                              LDA lr, [sp, #-44]
	   956    0x07 0xd9 0x11 0x18                                                              LDA r8, [sp, #-40]
	   960    0x07 0xdd 0x31 0x18                                                              LDA r9, [sp, #-36]
	   964    0x07 0xe1 0x51 0x18                                                              LDA r10, [sp, #-32]
	   968    0x07 0xe9 0x71 0x18                                                              LDA r11, [sp, #-24]
	   972    0x07 0xf1 0x91 0x18                                                              LDA r12, [sp, #-16]
	   976    0x07 0xf5 0xb1 0x18                                                              LDA r13, [sp, #-12]
	   980    0x07 0xf9 0xd1 0x18                                                              LDA r14, [sp, #-8]
	   984    0x07 0xfd 0xf1 0x18                                                              LDA r15, [sp, #-4]
	   988    0x07 0xe7 0x19 0x18                                                              LDA p6, [sp, #-28]
	   992    0x07 0xef 0x99 0x18                                                              LDA p7, [sp, #-20]
	   996    0x10 0x28 0x00 0x18                                                                                                                                                        RET lr
.delay_slot
	  1000    0xff 0xf8 0x00 0x00 0x01 0xc4                                                                                                                                              PADDXM [sp], #-64
.delay_slot
.swstall delay_slot
	  1006    0x00 0x00                                                                        NOPX
.delay_slot
.swstall delay_slot
	  1008    0x00 0x00                                                                        NOPX
.delay_slot
.swstall delay_slot
	  1010    0x00 0x00                                                                        NOPX
.label core_1_2__end last
.delay_slot
.swstall delay_slot
	  1012    0x00 0x00                                                                        NOPX

.undef global data _anonymous1

.undef global data C_L1L2_1_0_buff_0

.undef global data B_L2L1_1_cons_buff_0

.undef global data B_L2L1_1_cons_buff_1

.undef global data A_L2L1_0_1_cons_buff_0

.undef global data A_L2L1_0_1_cons_buff_1

.undef global text llvm___aie2p___acquire

.undef global text zero_kernel_bf16

.undef global text matmul_vectorized_different_datatypes

.undef global text llvm___aie2p___release

.text_segment_name
.text global 10 core_0_2
.function_start
	     0    0x00 0x18 0x02 0x9c 0x8b 0x00 0x02 0x00 0x00 0x00 0x70 0x76                      MOVA r24, #0;                                               MOVS p2, p7;                  PADDXM [sp], #64
	    12    0x00 0x10 0x07 0xd3 0x15 0x80 0x00 0x03 0xb0 0x00 0x10 0x76                      MOVA r16, #0;                                               ST r24, [sp, #-48];           MOVXM p7, #_anonymous0
	    24    0xe3 0xe2 0x30 0x00 0xab 0xd0 0x70 0x02                                                                                                      ST r24, [p7], #4;                                           MOV r5, r15
	    32    0xe0 0xe2 0x30 0x00 0x8b 0x90 0x70 0x02                                                                                                      ST r24, [p7];                                               MOV r4, r14
	    40    0xff 0x96 0xb0 0x00 0x6b 0x50 0x70 0x02                                                                                                      ST r5, [sp, #-4];                                           MOV r3, r13
	    48    0xff 0x12 0xb0 0x00 0x4b 0x10 0x70 0x02                                                                                                      ST r4, [sp, #-8];                                           MOV r2, r12
	    56    0xfe 0x8e 0xb0 0x00 0xb0 0x28 0x2a 0xd0 0x79 0x3a                                                                                            ST r3, [sp, #-12];            MOVX r11, #1;                 MOV r1, r11
	    66    0xfe 0x0a 0xb0 0x00 0x0a 0x90 0x70 0x02                                                                                                      ST r2, [sp, #-16];                                          MOV r0, r10
	    74    0xfd 0x06 0xb0 0x00 0x00 0x01 0xc8 0x00 0x11 0x3a                                                                                            ST r1, [sp, #-24];            MOVXM r14, #A_L2L1_0_0_cons_buff_1
	    84    0xfc 0x02 0xb0 0x00 0x00 0x01 0xe8 0x00 0x11 0x3a                                                                                            ST r0, [sp, #-32];            MOVXM r15, #A_L2L1_0_0_cons_buff_0
	    94    0x0f 0xdd 0x35 0x98                                                                                                                          ST r9, [sp, #-36]
	    98    0x0f 0xd9 0x15 0x98                                                                                                                          ST r8, [sp, #-40]
	   102    0x0f 0xed 0x1d 0x98                                                                                                                          ST p2, [sp, #-20]
	   106    0x0f 0xe7 0x1d 0x98                                                                                                                          ST p6, [sp, #-28]
	   110    0x0f 0xd4 0x3d 0x98                                                                                                                          ST lr, [sp, #-44]
	   114    0x00 0x2c 0xfe 0x2e 0x23 0x00 0x00 0x40 0x1a 0x57 0x00 0x00 0x1c 0x2e            NOPA;                                                       ST r24, [p7, #4];                                           NOPM;                                   NOPV
.label TGT_Fcore_0_2_128
.loop_nesting 1
.no_stack_arguments
	   128    0x06 0x80 0x07 0xce 0x15 0x80 0x00 0x00 0x00 0x00 0x40 0x76                      MOVA r0, #52;                                               ST r16, [sp, #-52];           JL #llvm___aie2p___acquire
.delay_slot
	   140    0x1e 0x6e 0xc0 0xf8                                                                                                                                                                                      MOV p6, p7
.delay_slot
	   144    0x17 0xc2 0xfd 0x18                                                                                                                                                        MOVX r1, #-1
.delay_slot
.swstall delay_slot
	   148    0x00 0x00                                                                        NOPX
.delay_slot
.swstall delay_slot
	   150    0x00 0x00                                                                        NOPX
.delay_slot
.swstall delay_slot
	   152    0x00 0x2c 0xf0 0x04 0x00 0x00 0x1c 0x22                                          NOPA;                                                                                                                                                           NOPV
.return_address
.no_stack_arguments
	   160    0x00 0x00 0x00 0x00 0x01 0x04                                                                                                                                              JL #zero_kernel_bf16
.delay_slot
	   166    0x00 0x00 0x00 0xc0 0x00 0x44                                                                                                                                              MOVXM p0, #C_L1L2_0_0_buff_0
.delay_slot
.swstall delay_slot
	   172    0x00 0x00                                                                        NOPX
.delay_slot
.swstall delay_slot
	   174    0x00 0x00                                                                        NOPX
.delay_slot
.swstall delay_slot
	   176    0x00 0x00                                                                        NOPX
.delay_slot
.swstall delay_slot
	   178    0x00 0x2c 0xf0 0x02 0xb6 0x00 0x00 0x40 0x1a 0x57 0x00 0x00 0x1c 0x2e            NOPA;                                                       NOPS;                                                       NOPM;                                   NOPV
.return_address
	   192    0x00 0x2c 0xf0 0x00 0x20 0x01 0x5b 0x00 0x81 0xe8 0x01 0xa5 0x78 0x00 0x00 0xe1  NOPA;                         NOPB;                         NOPS;                         MOVX r8, #15;                 NOPM;                                   NOPV
.label TGT_Fcore_0_2_208
.loop_nesting 2
.no_stack_arguments
	   208    0x06 0x60 0x00 0x00 0x00 0x00 0x00 0x00 0x40 0xba                                MOVA r0, #51;                                                                             JL #llvm___aie2p___acquire
.delay_slot
	   218    0x17 0xc2 0xfd 0x18                                                                                                                                                        MOVX r1, #-1
.delay_slot
.swstall delay_slot
	   222    0x00 0x00                                                                        NOPX
.delay_slot
.swstall delay_slot
	   224    0x00 0x00                                                                        NOPX
.delay_slot
.swstall delay_slot
	   226    0x00 0x00                                                                        NOPX
.delay_slot
.swstall delay_slot
	   228    0x00 0x2c 0xf0 0x00 0x20 0x00 0x00 0x00 0x00 0xad 0x81 0x36                      NOPA;                         NOPB;                         NOPS;                         NOPX
.return_address
	   240    0xc0 0xca 0xd0 0x3e 0x17 0xe8 0x08 0x31 0x58 0xba                                LDA r18, [p6];                                                                            MOVX r1, #-1;                 MOV r0, #49
	   250    0x00 0x00                                                                        NOPX
	   252    0x00 0x00                                                                        NOPX
.no_stack_arguments
	   254    0x00 0x00 0x00 0x00 0x01 0x04                                                                                                                                              JL #llvm___aie2p___acquire
.delay_slot
	   260    0x00 0x00 0x08 0x20 0x00 0x44                                                                                                                                              MOVXM r16, #B_L2L1_0_cons_buff_1
.delay_slot
	   266    0x00 0x00 0x08 0xa0 0x00 0x44                                                                                                                                              MOVXM r17, #B_L2L1_0_cons_buff_0
.delay_slot
.swstall delay_slot
	   272    0x00 0x00                                                                        NOPX
.delay_slot
	   274    0x12 0xf7 0x27 0x98                                                                                                                                                        EQ r27, r11, r18
.delay_slot
	   278    0x00 0x2c 0xf0 0x01 0x5b 0x00 0x04 0x53 0x02 0x7a                                NOPA;                                                       NOPS;                         SEL.EQZ r9, r17, r16, r27
.return_address
	   288    0xc2 0xc2 0xd2 0xc9 0x41 0xd4                                                    LDA r16, [p6, #4];                                                                                                      MOV p1, r9
	   294    0x1f 0x62 0xc0 0xf8                                                                                                                                                                                      MOV p7, p1
	   298    0x00 0x00                                                                        NOPX
	   300    0x00 0x00                                                                        NOPX
.no_stack_arguments
	   302    0x00 0x00 0x00 0x00 0x01 0x04                                                                                                                                              JL #matmul_vectorized_different_datatypes
.delay_slot
	   308    0x00 0x00 0x04 0xc0 0x00 0x44                                                                                                                                              MOVXM p2, #C_L1L2_0_0_buff_0
.delay_slot
.swstall delay_slot
	   314    0x00 0x00                                                                        NOPX
.delay_slot
	   316    0x12 0xf7 0x07 0x98                                                                                                                                                        EQ r27, r11, r16
.delay_slot
	   320    0x13 0xe0 0xe2 0x18                                                                                                                                                        SEL.EQZ r16, r15, r14, r27
.delay_slot
	   324    0x00 0x2c 0xf0 0x00 0x20 0x01 0x5b 0x00 0x34 0x10 0x70 0xf6                      NOPA;                         NOPB;                         NOPS;                                                       MOV p0, r16
.return_address
.no_stack_arguments
	   336    0x00 0x21 0x00 0x00 0x00 0x00 0x00 0x00 0x40 0xba                                MOVA r1, #1;                                                                              JL #llvm___aie2p___release
.delay_slot
	   346    0x10 0x00 0xc1 0x18                                                                                                                                                        MOVX r0, #48
.delay_slot
.swstall delay_slot
	   350    0x00 0x00                                                                        NOPX
.delay_slot
.swstall delay_slot
	   352    0x00 0x00                                                                        NOPX
.delay_slot
.swstall delay_slot
	   354    0x00 0x00                                                                        NOPX
.delay_slot
.swstall delay_slot
	   356    0x00 0x2c 0xf0 0x00 0x20 0x00 0x00 0x00 0x00 0xad 0x81 0x36                      NOPA;                         NOPB;                         NOPS;                         NOPX
.return_address
	   368    0xc2 0xc2 0xd0 0x3e 0x17 0xe8 0x08 0x31 0x58 0xba                                LDA r16, [p6, #4];                                                                        MOVX r1, #-1;                 MOV r0, #49
	   378    0x00 0x00                                                                        NOPX
	   380    0x00 0x00                                                                        NOPX
	   382    0x00 0x00                                                                        NOPX
	   384    0x00 0x00                                                                        NOPX
.no_stack_arguments
	   386    0x00 0x00 0x00 0x00 0x01 0x04                                                                                                                                              JL #llvm___aie2p___acquire
.delay_slot
.swstall delay_slot
	   392    0x00 0x00                                                                        NOPX
.delay_slot
	   394    0x14 0x20 0x07 0x18                                                                                                                                                        ADD r16, r16, #1
.delay_slot
	   398    0x5e 0xe1 0x58 0xb0 0xfe 0x24                                                                                                                                              LT r27, r11, r16;             ADD.NC r17, r16, #-2
.delay_slot
	   404    0x14 0x21 0x12 0x18                                                                                                                                                        SEL.EQZ r16, r16, r17, r27
.delay_slot
	   408    0xc2 0xc2 0x30 0x00 0x01 0xa5 0x70 0x02                                                                                                      ST r16, [p6, #4];                                           NOPM
.return_address
	   416    0xc2 0xc2 0xd2 0xdd 0x81 0xd4                                                    LDA r16, [p6, #4];                                                                                                      MOV p1, p7
	   422    0x00 0x00                                                                        NOPX
	   424    0x00 0x00                                                                        NOPX
	   426    0x00 0x00                                                                        NOPX
.no_stack_arguments
	   428    0x00 0x00 0x00 0x00 0x01 0x04                                                                                                                                              JL #matmul_vectorized_different_datatypes
.delay_slot
	   434    0x00 0x00 0x04 0xc0 0x00 0x44                                                                                                                                              MOVXM p2, #C_L1L2_0_0_buff_0
.delay_slot
.swstall delay_slot
	   440    0x00 0x00                                                                        NOPX
.delay_slot
	   442    0x12 0xf7 0x07 0x98                                                                                                                                                        EQ r27, r11, r16
.delay_slot
	   446    0x13 0xe0 0xe2 0x18                                                                                                                                                        SEL.EQZ r16, r15, r14, r27
.delay_slot
	   450    0x00 0x2c 0xf0 0x02 0xb6 0x00 0x00 0x43 0x41 0x07 0x00 0x00 0x1c 0x2e            NOPA;                                                       NOPS;                                                       MOV p0, r16;                            NOPV
.return_address
.no_stack_arguments
	   464    0x00 0x21 0x00 0x00 0x00 0x00 0x00 0x00 0x40 0xba                                MOVA r1, #1;                                                                              JL #llvm___aie2p___release
.delay_slot
	   474    0x10 0x00 0xc1 0x18                                                                                                                                                        MOVX r0, #48
.delay_slot
.swstall delay_slot
	   478    0x00 0x00                                                                        NOPX
.delay_slot
.swstall delay_slot
	   480    0x00 0x00                                                                        NOPX
.delay_slot
.swstall delay_slot
	   482    0x00 0x00                                                                        NOPX
.delay_slot
.swstall delay_slot
	   484    0x00 0x2c 0xf0 0x00 0x20 0x00 0x00 0x00 0x00 0xad 0x81 0x36                      NOPA;                         NOPB;                         NOPS;                         NOPX
.return_address
	   496    0xc2 0xc2 0xd0 0x3e 0x17 0xe8 0x08 0x31 0x58 0xba                                LDA r16, [p6, #4];                                                                        MOVX r1, #-1;                 MOV r0, #49
	   506    0x00 0x00                                                                        NOPX
	   508    0x00 0x00                                                                        NOPX
	   510    0x00 0x00                                                                        NOPX
	   512    0x00 0x00                                                                        NOPX
.no_stack_arguments
	   514    0x00 0x00 0x00 0x00 0x01 0x04                                                                                                                                              JL #llvm___aie2p___acquire
.delay_slot
.swstall delay_slot
	   520    0x00 0x00                                                                        NOPX
.delay_slot
	   522    0x14 0x20 0x07 0x18                                                                                                                                                        ADD r16, r16, #1
.delay_slot
	   526    0x5e 0xe1 0x58 0xb0 0xfe 0x24                                                                                                                                              LT r27, r11, r16;             ADD.NC r17, r16, #-2
.delay_slot
	   532    0x14 0x21 0x12 0x18                                                                                                                                                        SEL.EQZ r16, r16, r17, r27
.delay_slot
	   536    0xc2 0xc2 0x30 0x00 0x01 0xa5 0x70 0x02                                                                                                      ST r16, [p6, #4];                                           NOPM
.return_address
	   544    0xc2 0xc2 0xd2 0xdd 0x81 0xd4                                                    LDA r16, [p6, #4];                                                                                                      MOV p1, p7
	   550    0x00 0x00                                                                        NOPX
	   552    0x00 0x00                                                                        NOPX
	   554    0x00 0x00                                                                        NOPX
.no_stack_arguments
	   556    0x00 0x00 0x00 0x00 0x01 0x04                                                                                                                                              JL #matmul_vectorized_different_datatypes
.delay_slot
	   562    0x00 0x00 0x04 0xc0 0x00 0x44                                                                                                                                              MOVXM p2, #C_L1L2_0_0_buff_0
.delay_slot
.swstall delay_slot
	   568    0x00 0x00                                                                        NOPX
.delay_slot
	   570    0x12 0xf7 0x07 0x98                                                                                                                                                        EQ r27, r11, r16
.delay_slot
	   574    0x13 0xe0 0xe2 0x18                                                                                                                                                        SEL.EQZ r16, r15, r14, r27
.delay_slot
	   578    0x00 0x2c 0xf0 0x02 0xb6 0x00 0x00 0x43 0x41 0x07 0x00 0x00 0x1c 0x2e            NOPA;                                                       NOPS;                                                       MOV p0, r16;                            NOPV
.return_address
.no_stack_arguments
	   592    0x00 0x21 0x00 0x00 0x00 0x00 0x00 0x00 0x40 0xba                                MOVA r1, #1;                                                                              JL #llvm___aie2p___release
.delay_slot
	   602    0x10 0x00 0xc1 0x18                                                                                                                                                        MOVX r0, #48
.delay_slot
.swstall delay_slot
	   606    0x00 0x00                                                                        NOPX
.delay_slot
.swstall delay_slot
	   608    0x00 0x00                                                                        NOPX
.delay_slot
.swstall delay_slot
	   610    0x00 0x00                                                                        NOPX
.delay_slot
.swstall delay_slot
	   612    0x00 0x2c 0xf0 0x00 0x20 0x00 0x00 0x00 0x00 0xad 0x81 0x36                      NOPA;                         NOPB;                         NOPS;                         NOPX
.return_address
	   624    0xc2 0xc2 0xd0 0x3e 0x17 0xe8 0x08 0x31 0x58 0xba                                LDA r16, [p6, #4];                                                                        MOVX r1, #-1;                 MOV r0, #49
	   634    0x00 0x00                                                                        NOPX
	   636    0x00 0x00                                                                        NOPX
	   638    0x00 0x00                                                                        NOPX
	   640    0x00 0x00                                                                        NOPX
.no_stack_arguments
	   642    0x00 0x00 0x00 0x00 0x01 0x04                                                                                                                                              JL #llvm___aie2p___acquire
.delay_slot
.swstall delay_slot
	   648    0x00 0x00                                                                        NOPX
.delay_slot
	   650    0x14 0x20 0x07 0x18                                                                                                                                                        ADD r16, r16, #1
.delay_slot
	   654    0x5e 0xe1 0x58 0xb0 0xfe 0x24                                                                                                                                              LT r27, r11, r16;             ADD.NC r17, r16, #-2
.delay_slot
	   660    0x14 0x21 0x12 0x18                                                                                                                                                        SEL.EQZ r16, r16, r17, r27
.delay_slot
	   664    0xc2 0xc2 0x30 0x00 0x01 0xa5 0x70 0x02                                                                                                      ST r16, [p6, #4];                                           NOPM
.return_address
	   672    0xc2 0xc2 0xd2 0xdd 0x81 0xd4                                                    LDA r16, [p6, #4];                                                                                                      MOV p1, p7
	   678    0x00 0x00                                                                        NOPX
	   680    0x00 0x00                                                                        NOPX
	   682    0x00 0x00                                                                        NOPX
.no_stack_arguments
	   684    0x00 0x00 0x00 0x00 0x01 0x04                                                                                                                                              JL #matmul_vectorized_different_datatypes
.delay_slot
	   690    0x00 0x00 0x04 0xc0 0x00 0x44                                                                                                                                              MOVXM p2, #C_L1L2_0_0_buff_0
.delay_slot
.swstall delay_slot
	   696    0x00 0x00                                                                        NOPX
.delay_slot
	   698    0x12 0xf7 0x07 0x98                                                                                                                                                        EQ r27, r11, r16
.delay_slot
	   702    0x13 0xe0 0xe2 0x18                                                                                                                                                        SEL.EQZ r16, r15, r14, r27
.delay_slot
	   706    0x00 0x2c 0xf0 0x02 0xb6 0x00 0x00 0x43 0x41 0x07 0x00 0x00 0x1c 0x2e            NOPA;                                                       NOPS;                                                       MOV p0, r16;                            NOPV
.return_address
.no_stack_arguments
	   720    0x00 0x21 0x00 0x00 0x00 0x00 0x00 0x00 0x40 0xba                                MOVA r1, #1;                                                                              JL #llvm___aie2p___release
.delay_slot
	   730    0x10 0x00 0xc1 0x18                                                                                                                                                        MOVX r0, #48
.delay_slot
.swstall delay_slot
	   734    0x00 0x00                                                                        NOPX
.delay_slot
.swstall delay_slot
	   736    0x00 0x00                                                                        NOPX
.delay_slot
.swstall delay_slot
	   738    0x00 0x00                                                                        NOPX
.delay_slot
.swstall delay_slot
	   740    0x00 0x2c 0xf0 0x00 0x20 0x00 0x00 0x00 0x00 0xad 0x81 0x36                      NOPA;                         NOPB;                         NOPS;                         NOPX
.return_address
	   752    0xc2 0xc2 0xd0 0x00 0x06 0x48 0x28 0x01 0x58 0xba                                LDA r16, [p6, #4];                                                                        MOVX r0, #50;                 MOV r1, #1
	   762    0x00 0x00                                                                        NOPX
	   764    0x00 0x00                                                                        NOPX
	   766    0x00 0x00                                                                        NOPX
	   768    0x00 0x00                                                                        NOPX
.no_stack_arguments
	   770    0x00 0x00 0x00 0x00 0x01 0x04                                                                                                                                              JL #llvm___aie2p___release
.delay_slot
.swstall delay_slot
	   776    0x00 0x00                                                                        NOPX
.delay_slot
	   778    0x14 0x20 0x07 0x18                                                                                                                                                        ADD r16, r16, #1
.delay_slot
	   782    0x5e 0xe1 0x58 0xb0 0xfe 0x24                                                                                                                                              LT r27, r11, r16;             ADD.NC r17, r16, #-2
.delay_slot
	   788    0x14 0x21 0x12 0x18                                                                                                                                                        SEL.EQZ r16, r16, r17, r27
.delay_slot
	   792    0xc2 0xc2 0x30 0x00 0x01 0xa5 0x70 0x02                                                                                                      ST r16, [p6, #4];                                           NOPM
.return_address
	   800    0xc0 0xc2 0xd0 0x00 0x00 0x03 0xb0 0x68 0x10 0xba                                LDA r16, [p6];                                                                            MOVXM p7, #(TGT_Fcore_0_2_208 + 0)
	   810    0x00 0x00                                                                        NOPX
	   812    0x00 0x00                                                                        NOPX
	   814    0x00 0x00                                                                        NOPX
	   816    0x00 0x00                                                                        NOPX
	   818    0x12 0x11 0xe0 0x18                                                                                                                                                        JNZD r8, r8, p7
.delay_slot
.swstall delay_slot
	   822    0x00 0x00                                                                        NOPX
.delay_slot
	   824    0x14 0x20 0x07 0x18                                                                                                                                                        ADD r16, r16, #1
.delay_slot
	   828    0x5e 0xe1 0x58 0xb0 0xfe 0x24                                                                                                                                              LT r27, r11, r16;             ADD.NC r17, r16, #-2
.delay_slot
	   834    0x14 0x21 0x12 0x18                                                                                                                                                        SEL.EQZ r16, r16, r17, r27
.delay_slot
	   838    0x0e 0x06 0x11 0x98                                                                                                                          ST r16, [p6]
.loop_nesting 1
	   842    0xfa 0x22 0x20 0x00 0x06 0xaa 0x0e 0x60 0x78 0xba                                LDA r8, [sp, #-48];                                                                       MOVX r0, #53;                 MOV r16, p6
.no_stack_arguments
	   852    0x00 0x21 0x00 0x00 0x00 0x00 0x00 0x00 0x40 0xba                                MOVA r1, #1;                                                                              JL #llvm___aie2p___release
.delay_slot
	   862    0x17 0xd2 0xf9 0x18                                                                                                                                                        MOVX r9, #-2
.delay_slot
	   866    0x1f 0x68 0x7e 0x18                                                                                                                                                                                      ADD.NC p7, r16, #-4
.delay_slot
.swstall delay_slot
	   870    0x00 0x00                                                                        NOPX
.delay_slot
.swstall delay_slot
	   872    0x00 0x00                                                                        NOPX
.delay_slot
.swstall delay_slot
	   874    0x00 0x2c 0xf0 0x00 0x20 0x3c                                                    NOPA;                         NOPB
.return_address
	   880    0xf9 0xc2 0x20 0x11 0x50 0x3a 0x28 0x00 0x58 0xba                                LDA r16, [sp, #-52];                                                                      ADD r21, r8, #1;              MOV r17, #0
	   890    0xde 0xce 0xd7 0xd2 0xb5 0x91 0x24 0xe7 0x08 0x00 0x58 0x76                      LDA r19, [p6, #-4];                                         ST r21, [sp, #-48];           LTU r18, r8, r9;              MOV r24, #0
	   902    0x00 0x00                                                                        NOPX
	   904    0x00 0x00                                                                        NOPX
	   906    0x00 0x00                                                                        NOPX
	   908    0x00 0x00                                                                        NOPX
	   910    0x00 0x00                                                                        NOPX
	   912    0x14 0x2a 0xd0 0x18                                                                                                                                                        EQZ r21, r16
	   916    0x15 0x65 0x24 0x98                                                                                                                                                        AND r18, r21, r18
	   920    0x14 0x63 0x25 0x98                                                                                                                                                        OR r17, r17, r18
	   924    0x88 0x00 0x40 0x40 0x01 0x84                                                                                                                                              JNZ r17, #TGT_Fcore_0_2_128
.delay_slot
	   930    0x7f 0xff 0xfa 0x3f 0xfc 0x44                                                                                                                                              MOVXM r20, #2147483646
.delay_slot
	   936    0x15 0x29 0x3c 0x98                                                                                                                                                        LTU r20, r20, r19
.delay_slot
	   940    0x16 0x21 0x02 0x98                                                                                                                                                        ADC r16, r24, r16
.delay_slot
	   944    0x14 0xe7 0x40 0x98                                                                                                                                                        ADD r19, r19, r20
.delay_slot
	   948    0x0f 0x1e 0x71 0x98                                                                                                                          ST r19, [p7], #4
.loop_nesting 0
	   952    0x07 0xd4 0x39 0x18                                                              LDA lr, [sp, #-44]
	   956    0x07 0xd9 0x11 0x18                                                              LDA r8, [sp, #-40]
	   960    0x07 0xdd 0x31 0x18                                                              LDA r9, [sp, #-36]
	   964    0x07 0xe1 0x51 0x18                                                              LDA r10, [sp, #-32]
	   968    0x07 0xe9 0x71 0x18                                                              LDA r11, [sp, #-24]
	   972    0x07 0xf1 0x91 0x18                                                              LDA r12, [sp, #-16]
	   976    0x07 0xf5 0xb1 0x18                                                              LDA r13, [sp, #-12]
	   980    0x07 0xf9 0xd1 0x18                                                              LDA r14, [sp, #-8]
	   984    0x07 0xfd 0xf1 0x18                                                              LDA r15, [sp, #-4]
	   988    0x07 0xe7 0x19 0x18                                                              LDA p6, [sp, #-28]
	   992    0x07 0xef 0x99 0x18                                                              LDA p7, [sp, #-20]
	   996    0x10 0x28 0x00 0x18                                                                                                                                                        RET lr
.delay_slot
	  1000    0xff 0xf8 0x00 0x00 0x01 0xc4                                                                                                                                              PADDXM [sp], #-64
.delay_slot
.swstall delay_slot
	  1006    0x00 0x00                                                                        NOPX
.delay_slot
.swstall delay_slot
	  1008    0x00 0x00                                                                        NOPX
.delay_slot
.swstall delay_slot
	  1010    0x00 0x00                                                                        NOPX
.label core_0_2__end last
.delay_slot
.swstall delay_slot
	  1012    0x00 0x00                                                                        NOPX

.undef global data _anonymous0

.undef global data C_L1L2_0_0_buff_0

.undef global data B_L2L1_0_cons_buff_0

.undef global data B_L2L1_0_cons_buff_1

.undef global data A_L2L1_0_0_cons_buff_0

.undef global data A_L2L1_0_0_cons_buff_1

.undef global text llvm___aie2p___acquire

.undef global text zero_kernel_bf16

.undef global text matmul_vectorized_different_datatypes

.undef global text llvm___aie2p___release

.text_segment_name
.text global 10 llvm___aie2p___acquire
.function_start
	     0    0x10 0x12 0x18 0x18                                                                                                                                                        ACQ r0, r1
	     4    0x10 0x28 0x00 0x18                                                                                                                                                        RET lr
.delay_slot
.swstall delay_slot
	     8    0x00 0x00                                                                        NOPX
.delay_slot
.swstall delay_slot
	    10    0x00 0x00                                                                        NOPX
.delay_slot
.swstall delay_slot
	    12    0x00 0x00                                                                        NOPX
.delay_slot
.swstall delay_slot
	    14    0x00 0x00                                                                        NOPX
.label llvm___aie2p___acquire__end last
.delay_slot
.swstall delay_slot
	    16    0x00 0x00                                                                        NOPX

.text_segment_name
.text global 10 llvm___aie2p___release
.function_start
	     0    0x10 0x10 0x18 0x18                                                                                                                                                        REL r0, r1
	     4    0x10 0x28 0x00 0x18                                                                                                                                                        RET lr
.delay_slot
.swstall delay_slot
	     8    0x00 0x00                                                                        NOPX
.delay_slot
.swstall delay_slot
	    10    0x00 0x00                                                                        NOPX
.delay_slot
.swstall delay_slot
	    12    0x00 0x00                                                                        NOPX
.delay_slot
.swstall delay_slot
	    14    0x00 0x00                                                                        NOPX
.label llvm___aie2p___release__end last
.delay_slot
.swstall delay_slot
	    16    0x00 0x00                                                                        NOPX

.text_segment_name
.text global 10 llvm___aie___event0
.function_start
	     0    0x10 0x28 0x00 0x18                                                                                                                                                        RET lr
.delay_slot
	     4    0x10 0x10 0x00 0x18                                                                                                                                                        EVENT #0
.delay_slot
.swstall delay_slot
	     8    0x00 0x00                                                                        NOPX
.delay_slot
.swstall delay_slot
	    10    0x00 0x00                                                                        NOPX
.delay_slot
.swstall delay_slot
	    12    0x00 0x00                                                                        NOPX
.label llvm___aie___event0__end last
.delay_slot
.swstall delay_slot
	    14    0x00 0x00                                                                        NOPX

.text_segment_name
.text global 10 llvm___aie___event1
.function_start
	     0    0x10 0x28 0x00 0x18                                                                                                                                                        RET lr
.delay_slot
	     4    0x12 0x10 0x00 0x18                                                                                                                                                        EVENT #1
.delay_slot
.swstall delay_slot
	     8    0x00 0x00                                                                        NOPX
.delay_slot
.swstall delay_slot
	    10    0x00 0x00                                                                        NOPX
.delay_slot
.swstall delay_slot
	    12    0x00 0x00                                                                        NOPX
.label llvm___aie___event1__end last
.delay_slot
.swstall delay_slot
	    14    0x00 0x00                                                                        NOPX



.direct_eval +,-,(,)
