
// File generated by darts version V-2024.06#8be6237c82#250729, Mon Jun 29 00:28:03 2026
// Copyright 2014-2024 Synopsys, Inc. All rights reserved.
// darts -I/home/bcloud/torch2aie/toolchain/aietools/data/aie2p/lib -d -h -I/home/bcloud/torch2aie/toolchain/aietools/include -I/home/bcloud/torch2aie/toolchain/aietools/data/aie2p/lib/runtime_cxx/libcxx-lite/include -I/home/bcloud/torch2aie/toolchain/aietools/data/aie2p/lib/runtime_cxx/libs/libcxx-16/include -I/home/bcloud/torch2aie/toolchain/aietools/data/aie2p/lib/runtime_cxx/libs/libcxxabi-16/include -I/home/bcloud/torch2aie/toolchain/aietools/data/aie2p/lib/runtime/include -D__AIENGINE__ -D__AIE_ARCH__=21 -D__AIEARCH__=21 -D__tct_tgt__=250729 -L +Ihex +nanno +u /home/bcloud/torch2aie/examples/gemm_asymmetric_tile_buffering/config1/aie_128x1024x1536_128x64x128.mlir.prj/main_core_7_2.elf me

// Release: ipp V-2024.06-TGT-250729

.text_segment PM      0
.entry_point
.label __AIE_ARCH_MODEL_VERSION__21011400__inlined__1__me_basic___main_init_
.label _main_init
.function_start
           0    0x00 0x07 0x09 0xe0 0x00 0x44                                                                                                                                              MOVXM sp, #458752
           6    0x00 0x00 0x04 0x20 0x00 0x44                                                                                                                                              MOVXM r8, #0
          12    0x00 0x00 0x08 0x20 0x00 0x44                                                                                                                                              MOVXM r16, #0
          18    0x12 0x21 0x07 0x98                                                                                                                                                        EQ r16, r8, r16
          22    0x80 0x00 0x40 0x40 0x01 0x84                                                                                                                                              JNZ r16, #128
.delay_slot
.swstall delay_slot
          28    0x00 0x00                                                                        NOPX
.delay_slot
.swstall delay_slot
          30    0x00 0x00                                                                        NOPX
.delay_slot
.swstall delay_slot
          32    0x00 0x00                                                                        NOPX
.delay_slot
.swstall delay_slot
          34    0x00 0x00                                                                        NOPX
.delay_slot
.swstall delay_slot
          36    0x00 0x00                                                                        NOPX
          38    0x00 0x2c 0xf7 0x80 0x8b 0x01 0x28 0x50 0x72 0xba                                NOPA;                                                       MOVS p7, p0;                                                MOV r9, r1
          48    0x00 0x2c 0xf0 0x00 0x20 0x01 0x5b 0x3f 0xff 0xff 0x37 0xfe 0x10 0x00 0x00 0xe1  NOPA;                         NOPB;                         NOPS;                         MOVXM p6, #-4;                                                        NOPV
.label TGT_F_main_init_64
.loop_nesting 1
          64    0xdf 0x83 0xd5 0x39 0x81 0xd4                                                    LDA p0, [p6], #-4;                                                                                                      MOV r10, p6
          70    0x00 0x00                                                                        NOPX
          72    0x00 0x00                                                                        NOPX
          74    0x00 0x00                                                                        NOPX
          76    0x00 0x00                                                                        NOPX
          78    0x00 0x00                                                                        NOPX
          80    0x00 0x00                                                                        NOPX
.no_stack_arguments
          82    0x10 0x30 0x00 0x18                                                                                                                                                        JL p0
.delay_slot
.swstall delay_slot
          86    0x00 0x00                                                                        NOPX
.delay_slot
.swstall delay_slot
          88    0x00 0x00                                                                        NOPX
.delay_slot
.swstall delay_slot
          90    0x00 0x00                                                                        NOPX
.delay_slot
.swstall delay_slot
          92    0x00 0x00                                                                        NOPX
.delay_slot
.swstall delay_slot
          94    0x00 0x00                                                                        NOPX
.return_address
          96    0x12 0xa0 0x88 0x98                                                                                                                                                        NE r16, r10, r8
         100    0x80 0x00 0x20 0x40 0x01 0x84                                                                                                                                              JNZ r16, #64
.delay_slot
.swstall delay_slot
         106    0x00 0x00                                                                        NOPX
.delay_slot
.swstall delay_slot
         108    0x00 0x00                                                                        NOPX
.delay_slot
.swstall delay_slot
         110    0x00 0x00                                                                        NOPX
.delay_slot
.swstall delay_slot
         112    0x00 0x00                                                                        NOPX
.delay_slot
.swstall delay_slot
         114    0x00 0x00                                                                        NOPX
.loop_nesting 0
         116    0x00 0x2c 0xf0 0x00 0x20 0x9c 0x8b 0x00 0x2a 0x50 0x70 0xf6                      NOPA;                         NOPB;                         MOVS p0, p7;                                                MOV r1, r9
.label TGT_F_main_init_128
.no_stack_arguments
         128    0x00 0x00 0x70 0x00 0x01 0x04                                                                                                                                              JL #224
.delay_slot
.swstall delay_slot
         134    0x00 0x00                                                                        NOPX
.delay_slot
.swstall delay_slot
         136    0x00 0x00                                                                        NOPX
.delay_slot
.swstall delay_slot
         138    0x00 0x00                                                                        NOPX
.delay_slot
.swstall delay_slot
         140    0x00 0x00                                                                        NOPX
.delay_slot
.swstall delay_slot
         142    0x00 0x00                                                                        NOPX
.return_address
.no_stack_arguments
         144    0x00 0x06 0xd0 0x00 0x01 0x04                                                                                                                                              JL #3488
.delay_slot
         150    0x18 0x60 0x00 0xb8                                                                                                                                                                                      MOV p0, #0
.delay_slot
.swstall delay_slot
         154    0x00 0x00                                                                        NOPX
.delay_slot
.swstall delay_slot
         156    0x00 0x00                                                                        NOPX
.delay_slot
.swstall delay_slot
         158    0x00 0x00                                                                        NOPX
.delay_slot
.swstall delay_slot
         160    0x00 0x2c 0xf0 0x00 0x20 0x01 0x5b 0x00 0x00 0x00 0x01 0xa5 0x78 0x00 0x00 0xe1  NOPA;                         NOPB;                         NOPS;                         NOPX;                         NOPM;                                   NOPV
.return_address
.swstall chess_separator_scheduler
         176    0x00 0x00                                                                        NOPX
.swstall chess_separator_scheduler
         178    0x00 0x00                                                                        NOPX
.swstall chess_separator_scheduler
         180    0x00 0x00                                                                        NOPX
.swstall chess_separator_scheduler
         182    0x00 0x00                                                                        NOPX
.swstall chess_separator_scheduler
         184    0x00 0x00                                                                        NOPX
.swstall chess_separator_scheduler
         186    0x00 0x00                                                                        NOPX
         188    0x10 0x08 0x00 0x18                                                                                                                                                        DONE
.swstall chess_separator_scheduler
         192    0x00 0x00                                                                        NOPX
.swstall chess_separator_scheduler
         194    0x00 0x00                                                                        NOPX
.swstall chess_separator_scheduler
         196    0x00 0x00                                                                        NOPX
.swstall chess_separator_scheduler
         198    0x00 0x00                                                                        NOPX
.swstall chess_separator_scheduler
         200    0x00 0x00                                                                        NOPX
.swstall chess_separator_scheduler
         202    0x00 0x00                                                                        NOPX
.swstall for_chess_exit
.exit
         204    0x00 0x01 0x67 0x98                                                              NOPA
.label TGT_F_main_init_208
.loop_nesting 1
         208    0x00 0x00 0x68 0x00 0x00 0x84                                                                                                                                              J #208
.delay_slot
.swstall delay_slot
         214    0x00 0x00                                                                        NOPX
.delay_slot
.swstall delay_slot
         216    0x00 0x00                                                                        NOPX
.delay_slot
.swstall delay_slot
         218    0x00 0x00                                                                        NOPX
.delay_slot
.swstall delay_slot
         220    0x00 0x00                                                                        NOPX
.delay_slot
.swstall delay_slot
         222    0x00 0x00                                                                        NOPX
.label _main_init__end
.label core_7_2
.function_start
         224    0x00 0x18 0x02 0x9c 0x8b 0x00 0x02 0x00 0x00 0x00 0x70 0x76                      MOVA r24, #0;                                               MOVS p2, p7;                  PADDXM [sp], #64
         236    0x00 0x10 0x07 0xd3 0x15 0x80 0x01 0xff 0xb2 0x80 0x10 0x76                      MOVA r16, #0;                                               ST r24, [sp, #-48];           MOVXM p7, #521472
         248    0xe3 0xe2 0x30 0x00 0xab 0xd0 0x70 0x02                                                                                                      ST r24, [p7], #4;                                           MOV r5, r15
         256    0xe0 0xe2 0x30 0x00 0x8b 0x90 0x70 0x02                                                                                                      ST r24, [p7];                                               MOV r4, r14
         264    0xff 0x96 0xb0 0x00 0x6b 0x50 0x70 0x02                                                                                                      ST r5, [sp, #-4];                                           MOV r3, r13
         272    0xff 0x12 0xb0 0x00 0x4b 0x10 0x70 0x02                                                                                                      ST r4, [sp, #-8];                                           MOV r2, r12
         280    0xfe 0x8e 0xb0 0x00 0xb0 0x28 0x2a 0xd0 0x79 0x3a                                                                                            ST r3, [sp, #-12];            MOVX r11, #1;                 MOV r1, r11
         290    0xfe 0x0a 0xb0 0x00 0x0a 0x90 0x70 0x02                                                                                                      ST r2, [sp, #-16];                                          MOV r0, r10
         298    0xfd 0x06 0xb0 0x00 0x01 0xf9 0xca 0x80 0x11 0x3a                                                                                            ST r1, [sp, #-24];            MOVXM r14, #517376
         308    0xfc 0x02 0xb0 0x00 0x01 0xf5 0xea 0x80 0x11 0x3a                                                                                            ST r0, [sp, #-32];            MOVXM r15, #513280
         318    0x0f 0xdd 0x35 0x98                                                                                                                          ST r9, [sp, #-36]
         322    0x0f 0xd9 0x15 0x98                                                                                                                          ST r8, [sp, #-40]
         326    0x0f 0xed 0x1d 0x98                                                                                                                          ST p2, [sp, #-20]
         330    0x0f 0xe7 0x1d 0x98                                                                                                                          ST p6, [sp, #-28]
         334    0x0f 0xd4 0x3d 0x98                                                                                                                          ST lr, [sp, #-44]
         338    0x00 0x2c 0xfe 0x2e 0x23 0x00 0x00 0x40 0x1a 0x57 0x00 0x00 0x1c 0x2e            NOPA;                                                       ST r24, [p7, #4];                                           NOPM;                                   NOPV
.label TGT_Fcore_7_2_128
.loop_nesting 1
.no_stack_arguments
         352    0x06 0x80 0x07 0xce 0x15 0x80 0x00 0x9c 0x00 0x00 0x40 0x76                      MOVA r0, #52;                                               ST r16, [sp, #-52];           JL #1248
.delay_slot
         364    0x1e 0x6e 0xc0 0xf8                                                                                                                                                                                      MOV p6, p7
.delay_slot
         368    0x17 0xc2 0xfd 0x18                                                                                                                                                        MOVX r1, #-1
.delay_slot
.swstall delay_slot
         372    0x00 0x00                                                                        NOPX
.delay_slot
.swstall delay_slot
         374    0x00 0x00                                                                        NOPX
.delay_slot
.swstall delay_slot
         376    0x00 0x2c 0xf0 0x04 0x00 0x00 0x1c 0x22                                          NOPA;                                                                                                                                                           NOPV
.return_address
.no_stack_arguments
         384    0x00 0x06 0x08 0x00 0x01 0x04                                                                                                                                              JL #3088
.delay_slot
         390    0x00 0x07 0x00 0xda 0x00 0x44                                                                                                                                              MOVXM p0, #462080
.delay_slot
.swstall delay_slot
         396    0x00 0x00                                                                        NOPX
.delay_slot
.swstall delay_slot
         398    0x00 0x00                                                                        NOPX
.delay_slot
.swstall delay_slot
         400    0x00 0x00                                                                        NOPX
.delay_slot
.swstall delay_slot
         402    0x00 0x2c 0xf0 0x02 0xb6 0x00 0x00 0x40 0x1a 0x57 0x00 0x00 0x1c 0x2e            NOPA;                                                       NOPS;                                                       NOPM;                                   NOPV
.return_address
         416    0x00 0x2c 0xf0 0x00 0x20 0x01 0x5b 0x00 0x81 0xe8 0x01 0xa5 0x78 0x00 0x00 0xe1  NOPA;                         NOPB;                         NOPS;                         MOVX r8, #15;                 NOPM;                                   NOPV
.label TGT_Fcore_7_2_208
.loop_nesting 2
.no_stack_arguments
         432    0x06 0x60 0x00 0x00 0x00 0x9c 0x00 0x00 0x40 0xba                                MOVA r0, #51;                                                                             JL #1248
.delay_slot
         442    0x17 0xc2 0xfd 0x18                                                                                                                                                        MOVX r1, #-1
.delay_slot
.swstall delay_slot
         446    0x00 0x00                                                                        NOPX
.delay_slot
.swstall delay_slot
         448    0x00 0x00                                                                        NOPX
.delay_slot
.swstall delay_slot
         450    0x00 0x00                                                                        NOPX
.delay_slot
.swstall delay_slot
         452    0x00 0x2c 0xf0 0x00 0x20 0x00 0x00 0x00 0x00 0xad 0x81 0x36                      NOPA;                         NOPB;                         NOPS;                         NOPX
.return_address
         464    0xc0 0xca 0xd0 0x3e 0x17 0xe8 0x08 0x31 0x58 0xba                                LDA r18, [p6];                                                                            MOVX r1, #-1;                 MOV r0, #49
         474    0x00 0x00                                                                        NOPX
         476    0x00 0x00                                                                        NOPX
.no_stack_arguments
         478    0x00 0x02 0x70 0x00 0x01 0x04                                                                                                                                              JL #1248
.delay_slot
         484    0x00 0x07 0xb8 0x22 0x00 0x44                                                                                                                                              MOVXM r16, #504064
.delay_slot
         490    0x00 0x07 0x88 0xba 0x00 0x44                                                                                                                                              MOVXM r17, #494848
.delay_slot
.swstall delay_slot
         496    0x00 0x00                                                                        NOPX
.delay_slot
         498    0x12 0xf7 0x27 0x98                                                                                                                                                        EQ r27, r11, r18
.delay_slot
         502    0x00 0x2c 0xf0 0x01 0x5b 0x00 0x04 0x53 0x02 0x7a                                NOPA;                                                       NOPS;                         SEL.EQZ r9, r17, r16, r27
.return_address
         512    0xc2 0xc2 0xd2 0xc9 0x41 0xd4                                                    LDA r16, [p6, #4];                                                                                                      MOV p1, r9
         518    0x1f 0x62 0xc0 0xf8                                                                                                                                                                                      MOV p7, p1
         522    0x00 0x00                                                                        NOPX
         524    0x00 0x00                                                                        NOPX
.no_stack_arguments
         526    0x00 0x02 0x90 0x00 0x01 0x04                                                                                                                                              JL #1312
.delay_slot
         532    0x00 0x07 0x04 0xda 0x00 0x44                                                                                                                                              MOVXM p2, #462080
.delay_slot
.swstall delay_slot
         538    0x00 0x00                                                                        NOPX
.delay_slot
         540    0x12 0xf7 0x07 0x98                                                                                                                                                        EQ r27, r11, r16
.delay_slot
         544    0x13 0xe0 0xe2 0x18                                                                                                                                                        SEL.EQZ r16, r15, r14, r27
.delay_slot
         548    0x00 0x2c 0xf0 0x00 0x20 0x01 0x5b 0x00 0x34 0x10 0x70 0xf6                      NOPA;                         NOPB;                         NOPS;                                                       MOV p0, r16
.return_address
.no_stack_arguments
         560    0x00 0x21 0x00 0x00 0x00 0xa0 0x00 0x00 0x40 0xba                                MOVA r1, #1;                                                                              JL #1280
.delay_slot
         570    0x10 0x00 0xc1 0x18                                                                                                                                                        MOVX r0, #48
.delay_slot
.swstall delay_slot
         574    0x00 0x00                                                                        NOPX
.delay_slot
.swstall delay_slot
         576    0x00 0x00                                                                        NOPX
.delay_slot
.swstall delay_slot
         578    0x00 0x00                                                                        NOPX
.delay_slot
.swstall delay_slot
         580    0x00 0x2c 0xf0 0x00 0x20 0x00 0x00 0x00 0x00 0xad 0x81 0x36                      NOPA;                         NOPB;                         NOPS;                         NOPX
.return_address
         592    0xc2 0xc2 0xd0 0x3e 0x17 0xe8 0x08 0x31 0x58 0xba                                LDA r16, [p6, #4];                                                                        MOVX r1, #-1;                 MOV r0, #49
         602    0x00 0x00                                                                        NOPX
         604    0x00 0x00                                                                        NOPX
         606    0x00 0x00                                                                        NOPX
         608    0x00 0x00                                                                        NOPX
.no_stack_arguments
         610    0x00 0x02 0x70 0x00 0x01 0x04                                                                                                                                              JL #1248
.delay_slot
.swstall delay_slot
         616    0x00 0x00                                                                        NOPX
.delay_slot
         618    0x14 0x20 0x07 0x18                                                                                                                                                        ADD r16, r16, #1
.delay_slot
         622    0x5e 0xe1 0x58 0xb0 0xfe 0x24                                                                                                                                              LT r27, r11, r16;             ADD.NC r17, r16, #-2
.delay_slot
         628    0x14 0x21 0x12 0x18                                                                                                                                                        SEL.EQZ r16, r16, r17, r27
.delay_slot
         632    0xc2 0xc2 0x30 0x00 0x01 0xa5 0x70 0x02                                                                                                      ST r16, [p6, #4];                                           NOPM
.return_address
         640    0xc2 0xc2 0xd2 0xdd 0x81 0xd4                                                    LDA r16, [p6, #4];                                                                                                      MOV p1, p7
         646    0x00 0x00                                                                        NOPX
         648    0x00 0x00                                                                        NOPX
         650    0x00 0x00                                                                        NOPX
.no_stack_arguments
         652    0x00 0x02 0x90 0x00 0x01 0x04                                                                                                                                              JL #1312
.delay_slot
         658    0x00 0x07 0x04 0xda 0x00 0x44                                                                                                                                              MOVXM p2, #462080
.delay_slot
.swstall delay_slot
         664    0x00 0x00                                                                        NOPX
.delay_slot
         666    0x12 0xf7 0x07 0x98                                                                                                                                                        EQ r27, r11, r16
.delay_slot
         670    0x13 0xe0 0xe2 0x18                                                                                                                                                        SEL.EQZ r16, r15, r14, r27
.delay_slot
         674    0x00 0x2c 0xf0 0x02 0xb6 0x00 0x00 0x43 0x41 0x07 0x00 0x00 0x1c 0x2e            NOPA;                                                       NOPS;                                                       MOV p0, r16;                            NOPV
.return_address
.no_stack_arguments
         688    0x00 0x21 0x00 0x00 0x00 0xa0 0x00 0x00 0x40 0xba                                MOVA r1, #1;                                                                              JL #1280
.delay_slot
         698    0x10 0x00 0xc1 0x18                                                                                                                                                        MOVX r0, #48
.delay_slot
.swstall delay_slot
         702    0x00 0x00                                                                        NOPX
.delay_slot
.swstall delay_slot
         704    0x00 0x00                                                                        NOPX
.delay_slot
.swstall delay_slot
         706    0x00 0x00                                                                        NOPX
.delay_slot
.swstall delay_slot
         708    0x00 0x2c 0xf0 0x00 0x20 0x00 0x00 0x00 0x00 0xad 0x81 0x36                      NOPA;                         NOPB;                         NOPS;                         NOPX
.return_address
         720    0xc2 0xc2 0xd0 0x3e 0x17 0xe8 0x08 0x31 0x58 0xba                                LDA r16, [p6, #4];                                                                        MOVX r1, #-1;                 MOV r0, #49
         730    0x00 0x00                                                                        NOPX
         732    0x00 0x00                                                                        NOPX
         734    0x00 0x00                                                                        NOPX
         736    0x00 0x00                                                                        NOPX
.no_stack_arguments
         738    0x00 0x02 0x70 0x00 0x01 0x04                                                                                                                                              JL #1248
.delay_slot
.swstall delay_slot
         744    0x00 0x00                                                                        NOPX
.delay_slot
         746    0x14 0x20 0x07 0x18                                                                                                                                                        ADD r16, r16, #1
.delay_slot
         750    0x5e 0xe1 0x58 0xb0 0xfe 0x24                                                                                                                                              LT r27, r11, r16;             ADD.NC r17, r16, #-2
.delay_slot
         756    0x14 0x21 0x12 0x18                                                                                                                                                        SEL.EQZ r16, r16, r17, r27
.delay_slot
         760    0xc2 0xc2 0x30 0x00 0x01 0xa5 0x70 0x02                                                                                                      ST r16, [p6, #4];                                           NOPM
.return_address
         768    0xc2 0xc2 0xd2 0xdd 0x81 0xd4                                                    LDA r16, [p6, #4];                                                                                                      MOV p1, p7
         774    0x00 0x00                                                                        NOPX
         776    0x00 0x00                                                                        NOPX
         778    0x00 0x00                                                                        NOPX
.no_stack_arguments
         780    0x00 0x02 0x90 0x00 0x01 0x04                                                                                                                                              JL #1312
.delay_slot
         786    0x00 0x07 0x04 0xda 0x00 0x44                                                                                                                                              MOVXM p2, #462080
.delay_slot
.swstall delay_slot
         792    0x00 0x00                                                                        NOPX
.delay_slot
         794    0x12 0xf7 0x07 0x98                                                                                                                                                        EQ r27, r11, r16
.delay_slot
         798    0x13 0xe0 0xe2 0x18                                                                                                                                                        SEL.EQZ r16, r15, r14, r27
.delay_slot
         802    0x00 0x2c 0xf0 0x02 0xb6 0x00 0x00 0x43 0x41 0x07 0x00 0x00 0x1c 0x2e            NOPA;                                                       NOPS;                                                       MOV p0, r16;                            NOPV
.return_address
.no_stack_arguments
         816    0x00 0x21 0x00 0x00 0x00 0xa0 0x00 0x00 0x40 0xba                                MOVA r1, #1;                                                                              JL #1280
.delay_slot
         826    0x10 0x00 0xc1 0x18                                                                                                                                                        MOVX r0, #48
.delay_slot
.swstall delay_slot
         830    0x00 0x00                                                                        NOPX
.delay_slot
.swstall delay_slot
         832    0x00 0x00                                                                        NOPX
.delay_slot
.swstall delay_slot
         834    0x00 0x00                                                                        NOPX
.delay_slot
.swstall delay_slot
         836    0x00 0x2c 0xf0 0x00 0x20 0x00 0x00 0x00 0x00 0xad 0x81 0x36                      NOPA;                         NOPB;                         NOPS;                         NOPX
.return_address
         848    0xc2 0xc2 0xd0 0x3e 0x17 0xe8 0x08 0x31 0x58 0xba                                LDA r16, [p6, #4];                                                                        MOVX r1, #-1;                 MOV r0, #49
         858    0x00 0x00                                                                        NOPX
         860    0x00 0x00                                                                        NOPX
         862    0x00 0x00                                                                        NOPX
         864    0x00 0x00                                                                        NOPX
.no_stack_arguments
         866    0x00 0x02 0x70 0x00 0x01 0x04                                                                                                                                              JL #1248
.delay_slot
.swstall delay_slot
         872    0x00 0x00                                                                        NOPX
.delay_slot
         874    0x14 0x20 0x07 0x18                                                                                                                                                        ADD r16, r16, #1
.delay_slot
         878    0x5e 0xe1 0x58 0xb0 0xfe 0x24                                                                                                                                              LT r27, r11, r16;             ADD.NC r17, r16, #-2
.delay_slot
         884    0x14 0x21 0x12 0x18                                                                                                                                                        SEL.EQZ r16, r16, r17, r27
.delay_slot
         888    0xc2 0xc2 0x30 0x00 0x01 0xa5 0x70 0x02                                                                                                      ST r16, [p6, #4];                                           NOPM
.return_address
         896    0xc2 0xc2 0xd2 0xdd 0x81 0xd4                                                    LDA r16, [p6, #4];                                                                                                      MOV p1, p7
         902    0x00 0x00                                                                        NOPX
         904    0x00 0x00                                                                        NOPX
         906    0x00 0x00                                                                        NOPX
.no_stack_arguments
         908    0x00 0x02 0x90 0x00 0x01 0x04                                                                                                                                              JL #1312
.delay_slot
         914    0x00 0x07 0x04 0xda 0x00 0x44                                                                                                                                              MOVXM p2, #462080
.delay_slot
.swstall delay_slot
         920    0x00 0x00                                                                        NOPX
.delay_slot
         922    0x12 0xf7 0x07 0x98                                                                                                                                                        EQ r27, r11, r16
.delay_slot
         926    0x13 0xe0 0xe2 0x18                                                                                                                                                        SEL.EQZ r16, r15, r14, r27
.delay_slot
         930    0x00 0x2c 0xf0 0x02 0xb6 0x00 0x00 0x43 0x41 0x07 0x00 0x00 0x1c 0x2e            NOPA;                                                       NOPS;                                                       MOV p0, r16;                            NOPV
.return_address
.no_stack_arguments
         944    0x00 0x21 0x00 0x00 0x00 0xa0 0x00 0x00 0x40 0xba                                MOVA r1, #1;                                                                              JL #1280
.delay_slot
         954    0x10 0x00 0xc1 0x18                                                                                                                                                        MOVX r0, #48
.delay_slot
.swstall delay_slot
         958    0x00 0x00                                                                        NOPX
.delay_slot
.swstall delay_slot
         960    0x00 0x00                                                                        NOPX
.delay_slot
.swstall delay_slot
         962    0x00 0x00                                                                        NOPX
.delay_slot
.swstall delay_slot
         964    0x00 0x2c 0xf0 0x00 0x20 0x00 0x00 0x00 0x00 0xad 0x81 0x36                      NOPA;                         NOPB;                         NOPS;                         NOPX
.return_address
         976    0xc2 0xc2 0xd0 0x00 0x06 0x48 0x28 0x01 0x58 0xba                                LDA r16, [p6, #4];                                                                        MOVX r0, #50;                 MOV r1, #1
         986    0x00 0x00                                                                        NOPX
         988    0x00 0x00                                                                        NOPX
         990    0x00 0x00                                                                        NOPX
         992    0x00 0x00                                                                        NOPX
.no_stack_arguments
         994    0x00 0x02 0x80 0x00 0x01 0x04                                                                                                                                              JL #1280
.delay_slot
.swstall delay_slot
        1000    0x00 0x00                                                                        NOPX
.delay_slot
        1002    0x14 0x20 0x07 0x18                                                                                                                                                        ADD r16, r16, #1
.delay_slot
        1006    0x5e 0xe1 0x58 0xb0 0xfe 0x24                                                                                                                                              LT r27, r11, r16;             ADD.NC r17, r16, #-2
.delay_slot
        1012    0x14 0x21 0x12 0x18                                                                                                                                                        SEL.EQZ r16, r16, r17, r27
.delay_slot
        1016    0xc2 0xc2 0x30 0x00 0x01 0xa5 0x70 0x02                                                                                                      ST r16, [p6, #4];                                           NOPM
.return_address
        1024    0xc0 0xc2 0xd0 0x00 0x00 0x03 0xb0 0xd8 0x10 0xba                                LDA r16, [p6];                                                                            MOVXM p7, #432
        1034    0x00 0x00                                                                        NOPX
        1036    0x00 0x00                                                                        NOPX
        1038    0x00 0x00                                                                        NOPX
        1040    0x00 0x00                                                                        NOPX
        1042    0x12 0x11 0xe0 0x18                                                                                                                                                        JNZD r8, r8, p7
.delay_slot
.swstall delay_slot
        1046    0x00 0x00                                                                        NOPX
.delay_slot
        1048    0x14 0x20 0x07 0x18                                                                                                                                                        ADD r16, r16, #1
.delay_slot
        1052    0x5e 0xe1 0x58 0xb0 0xfe 0x24                                                                                                                                              LT r27, r11, r16;             ADD.NC r17, r16, #-2
.delay_slot
        1058    0x14 0x21 0x12 0x18                                                                                                                                                        SEL.EQZ r16, r16, r17, r27
.delay_slot
        1062    0x0e 0x06 0x11 0x98                                                                                                                          ST r16, [p6]
.loop_nesting 1
        1066    0xfa 0x22 0x20 0x00 0x06 0xaa 0x0e 0x60 0x78 0xba                                LDA r8, [sp, #-48];                                                                       MOVX r0, #53;                 MOV r16, p6
.no_stack_arguments
        1076    0x00 0x21 0x00 0x00 0x00 0xa0 0x00 0x00 0x40 0xba                                MOVA r1, #1;                                                                              JL #1280
.delay_slot
        1086    0x17 0xd2 0xf9 0x18                                                                                                                                                        MOVX r9, #-2
.delay_slot
        1090    0x1f 0x68 0x7e 0x18                                                                                                                                                                                      ADD.NC p7, r16, #-4
.delay_slot
.swstall delay_slot
        1094    0x00 0x00                                                                        NOPX
.delay_slot
.swstall delay_slot
        1096    0x00 0x00                                                                        NOPX
.delay_slot
.swstall delay_slot
        1098    0x00 0x2c 0xf0 0x00 0x20 0x3c                                                    NOPA;                         NOPB
.return_address
        1104    0xf9 0xc2 0x20 0x11 0x50 0x3a 0x28 0x00 0x58 0xba                                LDA r16, [sp, #-52];                                                                      ADD r21, r8, #1;              MOV r17, #0
        1114    0xde 0xce 0xd7 0xd2 0xb5 0x91 0x24 0xe7 0x08 0x00 0x58 0x76                      LDA r19, [p6, #-4];                                         ST r21, [sp, #-48];           LTU r18, r8, r9;              MOV r24, #0
        1126    0x00 0x00                                                                        NOPX
        1128    0x00 0x00                                                                        NOPX
        1130    0x00 0x00                                                                        NOPX
        1132    0x00 0x00                                                                        NOPX
        1134    0x00 0x00                                                                        NOPX
        1136    0x14 0x2a 0xd0 0x18                                                                                                                                                        EQZ r21, r16
        1140    0x15 0x65 0x24 0x98                                                                                                                                                        AND r18, r21, r18
        1144    0x14 0x63 0x25 0x98                                                                                                                                                        OR r17, r17, r18
        1148    0x88 0x00 0xb0 0x40 0x01 0x84                                                                                                                                              JNZ r17, #352
.delay_slot
        1154    0x7f 0xff 0xfa 0x3f 0xfc 0x44                                                                                                                                              MOVXM r20, #2147483646
.delay_slot
        1160    0x15 0x29 0x3c 0x98                                                                                                                                                        LTU r20, r20, r19
.delay_slot
        1164    0x16 0x21 0x02 0x98                                                                                                                                                        ADC r16, r24, r16
.delay_slot
        1168    0x14 0xe7 0x40 0x98                                                                                                                                                        ADD r19, r19, r20
.delay_slot
        1172    0x0f 0x1e 0x71 0x98                                                                                                                          ST r19, [p7], #4
.loop_nesting 0
        1176    0x07 0xd4 0x39 0x18                                                              LDA lr, [sp, #-44]
        1180    0x07 0xd9 0x11 0x18                                                              LDA r8, [sp, #-40]
        1184    0x07 0xdd 0x31 0x18                                                              LDA r9, [sp, #-36]
        1188    0x07 0xe1 0x51 0x18                                                              LDA r10, [sp, #-32]
        1192    0x07 0xe9 0x71 0x18                                                              LDA r11, [sp, #-24]
        1196    0x07 0xf1 0x91 0x18                                                              LDA r12, [sp, #-16]
        1200    0x07 0xf5 0xb1 0x18                                                              LDA r13, [sp, #-12]
        1204    0x07 0xf9 0xd1 0x18                                                              LDA r14, [sp, #-8]
        1208    0x07 0xfd 0xf1 0x18                                                              LDA r15, [sp, #-4]
        1212    0x07 0xe7 0x19 0x18                                                              LDA p6, [sp, #-28]
        1216    0x07 0xef 0x99 0x18                                                              LDA p7, [sp, #-20]
        1220    0x10 0x28 0x00 0x18                                                                                                                                                        RET lr
.delay_slot
        1224    0xff 0xf8 0x00 0x00 0x01 0xc4                                                                                                                                              PADDXM [sp], #-64
.delay_slot
.swstall delay_slot
        1230    0x00 0x00                                                                        NOPX
.delay_slot
.swstall delay_slot
        1232    0x00 0x00                                                                        NOPX
.delay_slot
.swstall delay_slot
        1234    0x00 0x00                                                                        NOPX
.delay_slot
.swstall delay_slot
        1236    0x00 0x00                                                                        NOPX
.label core_7_2__end

.text_segment PM   1248
.label llvm___aie2p___acquire
.function_start
        1248    0x10 0x12 0x18 0x18                                                                                                                                                        ACQ r0, r1
        1252    0x10 0x28 0x00 0x18                                                                                                                                                        RET lr
.delay_slot
.swstall delay_slot
        1256    0x00 0x00                                                                        NOPX
.delay_slot
.swstall delay_slot
        1258    0x00 0x00                                                                        NOPX
.delay_slot
.swstall delay_slot
        1260    0x00 0x00                                                                        NOPX
.delay_slot
.swstall delay_slot
        1262    0x00 0x00                                                                        NOPX
.delay_slot
.swstall delay_slot
        1264    0x00 0x00                                                                        NOPX
.label llvm___aie2p___acquire__end

.text_segment PM   1280
.label llvm___aie2p___release
.function_start
        1280    0x10 0x10 0x18 0x18                                                                                                                                                        REL r0, r1
        1284    0x10 0x28 0x00 0x18                                                                                                                                                        RET lr
.delay_slot
.swstall delay_slot
        1288    0x00 0x00                                                                        NOPX
.delay_slot
.swstall delay_slot
        1290    0x00 0x00                                                                        NOPX
.delay_slot
.swstall delay_slot
        1292    0x00 0x00                                                                        NOPX
.delay_slot
.swstall delay_slot
        1294    0x00 0x00                                                                        NOPX
.delay_slot
.swstall delay_slot
        1296    0x00 0x00                                                                        NOPX
.label llvm___aie2p___release__end

.text_segment PM   1312
.label matmul_vectorized_different_datatypes
.function_start
        1312    0x10 0x34 0x01 0x18                                                                                                                                                        MOVX r26, #0
        1316    0x78 0x0c 0x80 0x00 0x01 0xfe 0x32 0x86 0x10 0xba                                MOVA m3, #960;                                                                            MOVXM p4, #521484
        1326    0x88 0x10 0x80 0x00 0x48 0x00 0x00 0x00 0x70 0xba                                MOVA m4, #-960;                                                                           PADDXM [sp], #2304
        1336    0x80 0x8a 0xd0 0x00 0x01 0xfe 0xb2 0x88 0x10 0xba                                LDA r2, [p4];                                                                             MOVXM p5, #521488
        1346    0x01 0xbf 0x00 0x00 0x00 0x00 0x7a 0xd8 0x10 0xba                                MOVA r31, #13;                                                                            MOVXM ls, #1456
        1356    0x03 0x95 0x70 0x00 0x00 0x01 0xba 0xf0 0x10 0xba                                VLDA.CONV.fp32.bf16 cml1, [p0], #64;                                                      MOVXM le, #1504
        1366    0xa0 0xf8 0x50 0x00 0x00 0x6a 0xaa 0x60 0x78 0xba                                LDA.s8 r30, [p5];                                                                         MOVX r0, #3;                  MOV r21, p2
        1376    0x0d 0x1d 0x70 0x3f 0xff 0xfc 0x2b 0x80 0x10 0xba                                VLDA.CONV.fp32.bf16 cmh1, [p0], m3;                                                       MOVXM r1, #-2304
        1386    0x03 0xa5 0x70 0x00 0x80 0x02 0x8a 0xf0 0x78 0xba                                VLDA.CONV.fp32.bf16 cml2, [p0], #64;                                                      EVENT #0;                     MOV r20, sp
.aggressive_scheduled_block_id 1
.aggressive_scheduled_block_id first
        1396    0x11 0x2d 0x70 0x00 0x08 0xc8 0x28 0x68 0xa8 0xba                                VLDA.CONV.fp32.bf16 cmh2, [p0], m4;                                                       MOVX lc, #6;                  ADD.NC r1, r1, r20
.aggressive_scheduled_block_id 1
.noswbrkpt
        1406    0x03 0x95 0x70 0x05 0xb0 0x3d 0x30 0x40 0x08 0xba                                VLDA.CONV.fp32.bf16 cml1, [p0], #64;                                                      EQ r27, r2, r0;               ADD.NC p2, r1, #0
.aggressive_scheduled_block_id 1
.nohwbrkpt
.noswbrkpt
        1416    0x0d 0x1d 0x70 0x04 0x2f 0xec 0x08 0x80 0x48 0xba                                VLDA.CONV.fp32.bf16 cmh1, [p0], m3;                                                       LSHL r2, r2, r31;             ADD.NC r0, r2, #1
.aggressive_scheduled_block_id 1
.nohwbrkpt
.noswbrkpt
        1426    0x03 0xa5 0x70 0x00 0x20 0x3f 0xa2 0x01 0xa8 0x95 0x00 0x2b 0x60 0x7e            VLDA.CONV.fp32.bf16 cml2, [p0], #64;NOPB;                   NOPS;                         SEL.EQZ r31, r0, r26, r27;    ADD.NC r0, r21, r2
.aggressive_scheduled_block_id 1
.nohwbrkpt
.noswbrkpt
        1440    0x11 0x2d 0x70 0x00 0x24 0x07 0xf1 0xbd 0xd4 0x00 0x49 0x60 0x78 0x00 0x00 0xe1  VLDA.CONV.fp32.bf16 cmh2, [p0], m4;NOPB;                    ST r31, [p4];                 MOVX crRnd, r30;              MOV r2, p1;                             NOPV
.label ZLS_Fmatmul_vectorized_different_datatypes_144
.loop_nesting 1
.begin_of_loop
.aggressive_scheduled_block_id 1
.nohwbrkpt
.noswbrkpt
        1456    0x03 0x95 0x70 0x00 0x25 0x80 0x83 0x00 0x00 0x00 0x01 0xa5 0x78 0x00 0x00 0xe1  VLDA.CONV.fp32.bf16 cml1, [p0], #64;NOPB;                   VST.PUSH.576.CONV.bfp16ebs8.fp32 dm1, [p2, sf, r26];NOPX;   NOPM;                                   NOPV
.aggressive_scheduled_block_id 1
.nohwbrkpt
.noswbrkpt
        1472    0x0d 0x1d 0x70 0x00 0x21 0x00 0x03 0x00 0x00 0x00 0x01 0xa5 0x78 0x00 0x00 0xe1  VLDA.CONV.fp32.bf16 cmh1, [p0], m3;NOPB;                    VST.FLUSH.512.CONV [p2, sf, r26];NOPX;                      NOPM;                                   NOPV
.aggressive_scheduled_block_id 1
.nohwbrkpt
.noswbrkpt
        1488    0x03 0xa5 0x70 0x00 0x25 0x81 0x03 0x00 0x00 0x00 0x01 0xa5 0x78 0x00 0x00 0xe1  VLDA.CONV.fp32.bf16 cml2, [p0], #64;NOPB;                   VST.PUSH.576.CONV.bfp16ebs8.fp32 dm2, [p2, sf, r26];NOPX;   NOPM;                                   NOPV
.label ZLE_Fmatmul_vectorized_different_datatypes_192
.end_of_loop
.aggressive_scheduled_block_id 1
.nohwbrkpt
.noswbrkpt
        1504    0x11 0x2d 0x70 0x00 0x21 0x00 0x03 0x00 0x00 0x00 0x01 0xa5 0x78 0x00 0x00 0xe1  VLDA.CONV.fp32.bf16 cmh2, [p0], m4;NOPB;                    VST.FLUSH.512.CONV [p2, sf, r26];NOPX;                      NOPM;                                   NOPV
.loop_nesting 0
.aggressive_scheduled_block_id 1
.nohwbrkpt
.noswbrkpt
        1520    0x00 0xc5 0x45 0x80 0x83 0x00 0x00 0x02 0x82 0x00 0x10 0x76                      MOVA lc, #6;                                                VST.PUSH.576.CONV.bfp16ebs8.fp32 dm1, [p2, sf, r26];MOVXM m5, #1024
.aggressive_scheduled_block_id 1
.nohwbrkpt
.noswbrkpt
        1532    0x20 0x00 0x61 0x57 0x20 0x00 0x00 0x00 0x7b 0x20 0x10 0x36                                                    PADDB [p0], m5;               VST.FLUSH.512.CONV [p2, sf, r26];MOVXM ls, #1600
.aggressive_scheduled_block_id 1
.nohwbrkpt
.noswbrkpt
        1544    0x03 0x95 0x75 0x81 0x03 0x00 0x00 0x01 0xbb 0x38 0x10 0x76                      VLDA.CONV.fp32.bf16 cml1, [p0], #64;                        VST.PUSH.576.CONV.bfp16ebs8.fp32 dm2, [p2, sf, r26];MOVXM le, #1648
.aggressive_scheduled_block_id 1
.nohwbrkpt
.noswbrkpt
        1556    0x0d 0x1d 0x72 0x00 0x06 0x0c                                                    VLDA.CONV.fp32.bf16 cmh1, [p0], m3;                         VST.FLUSH.512.CONV [p2, sf, r26]
.aggressive_scheduled_block_id 1
.nohwbrkpt
.noswbrkpt
        1562    0x00 0x1d 0xab 0x98                                                              VLDA.CONV.fp32.bf16 cml3, [p0], #64
.aggressive_scheduled_block_id 1
.nohwbrkpt
.noswbrkpt
        1566    0x00 0x89 0xeb 0x98                                                              VLDA.CONV.fp32.bf16 cmh3, [p0], m4
.aggressive_scheduled_block_id 1
.nohwbrkpt
.noswbrkpt
        1570    0x03 0x95 0x7b 0x01 0x06 0x0c                                                    VLDA.CONV.fp32.bf16 cml1, [p0], #64;                        VST.PUSH.576.CONV.bfp16ebs8.fp32 dm1, [p2, sf, r26]
.aggressive_scheduled_block_id 1
.nohwbrkpt
.noswbrkpt
        1576    0x0d 0x1d 0x72 0x00 0x06 0x0c                                                    VLDA.CONV.fp32.bf16 cmh1, [p0], m3;                         VST.FLUSH.512.CONV [p2, sf, r26]
.aggressive_scheduled_block_id 1
.nohwbrkpt
.noswbrkpt
        1582    0x03 0xb5 0x7b 0x02 0x06 0x0c                                                    VLDA.CONV.fp32.bf16 cml3, [p0], #64;                        VST.PUSH.576.CONV.bfp16ebs8.fp32 dm2, [p2, sf, r26]
.aggressive_scheduled_block_id 1
.nohwbrkpt
.noswbrkpt
        1588    0x11 0x3d 0x70 0x00 0x20 0x00 0x00 0x00 0x80 0x01 0x81 0x36                      VLDA.CONV.fp32.bf16 cmh3, [p0], m4;NOPB;                    VST.FLUSH.512.CONV [p2, sf, r26];NOPX
.label ZLS_Fmatmul_vectorized_different_datatypes_288
.loop_nesting 1
.begin_of_loop
.aggressive_scheduled_block_id 1
.nohwbrkpt
.noswbrkpt
        1600    0x03 0x95 0x70 0x00 0x25 0x80 0x83 0x00 0x00 0x00 0x01 0xa5 0x78 0x00 0x00 0xe1  VLDA.CONV.fp32.bf16 cml1, [p0], #64;NOPB;                   VST.PUSH.576.CONV.bfp16ebs8.fp32 dm1, [p2, sf, r26];NOPX;   NOPM;                                   NOPV
.aggressive_scheduled_block_id 1
.nohwbrkpt
.noswbrkpt
        1616    0x0d 0x1d 0x70 0x00 0x21 0x00 0x03 0x00 0x00 0x00 0x01 0xa5 0x78 0x00 0x00 0xe1  VLDA.CONV.fp32.bf16 cmh1, [p0], m3;NOPB;                    VST.FLUSH.512.CONV [p2, sf, r26];NOPX;                      NOPM;                                   NOPV
.aggressive_scheduled_block_id 1
.nohwbrkpt
.noswbrkpt
        1632    0x03 0xb5 0x70 0x00 0x25 0x81 0x83 0x00 0x00 0x00 0x01 0xa5 0x78 0x00 0x00 0xe1  VLDA.CONV.fp32.bf16 cml3, [p0], #64;NOPB;                   VST.PUSH.576.CONV.bfp16ebs8.fp32 dm3, [p2, sf, r26];NOPX;   NOPM;                                   NOPV
.label ZLE_Fmatmul_vectorized_different_datatypes_336
.end_of_loop
.aggressive_scheduled_block_id 1
.nohwbrkpt
.noswbrkpt
        1648    0x11 0x3d 0x70 0x00 0x21 0x00 0x03 0x00 0x00 0x00 0x01 0xa5 0x78 0x00 0x00 0xe1  VLDA.CONV.fp32.bf16 cmh3, [p0], m4;NOPB;                    VST.FLUSH.512.CONV [p2, sf, r26];NOPX;                      NOPM;                                   NOPV
.loop_nesting 0
.aggressive_scheduled_block_id 1
.nohwbrkpt
.noswbrkpt
        1664    0x00 0x85 0x45 0x80 0x83 0x00 0x00 0x00 0x7b 0x70 0x10 0x76                      MOVA lc, #4;                                                VST.PUSH.576.CONV.bfp16ebs8.fp32 dm1, [p2, sf, r26];MOVXM ls, #1760
.aggressive_scheduled_block_id 1
.nohwbrkpt
.noswbrkpt
        1676    0x61 0x84 0x01 0x00 0x03 0x00 0x00 0x01 0xbd 0xf0 0x10 0x76                      MOVA r4, #780;                                              VST.FLUSH.512.CONV [p2, sf, r26];MOVXM le, #3040
.aggressive_scheduled_block_id 1
.aggressive_scheduled_block_id last
.nohwbrkpt
.noswbrkpt
        1688    0x00 0x85 0x05 0x81 0x83 0x3f 0xff 0xfc 0x03 0xa0 0x10 0x76                      MOVA r5, #4;                                                VST.PUSH.576.CONV.bfp16ebs8.fp32 dm3, [p2, sf, r26];MOVXM m0, #-2240
        1700    0xff 0xa6 0x01 0x00 0x03 0x00 0x00 0x00 0x83 0x20 0x10 0x76                      MOVA r6, #-3;                                               VST.FLUSH.512.CONV [p2, sf, r26];MOVXM m1, #1600
        1712    0x01 0x90 0x05 0x80 0x83 0x00 0x00 0x00 0xea 0x40 0x10 0x76                      MOVA r16, #12;                                              VST.PUSH.576.CONV.bfp16ebs8.fp32 dm1, [p2, sf, r26];MOVXM r7, #1152
        1724    0x01 0x11 0x01 0x00 0x03 0x00 0x00 0x01 0x03 0xa0 0x10 0x76                      MOVA r17, #8;                                               VST.FLUSH.512.CONV [p2, sf, r26];MOVXM m2, #1856
        1736    0xb0 0x30 0x60 0x00 0x20 0x24 0x01 0x52                                                                        NOPB;                         VST.PUSH.576.CONV.bfp16ebs8.fp32 dm3, [p2, sf, r26];MOVX r18, #0
        1744    0x00 0x2c 0xf0 0x00 0x21 0x00 0x03 0x00 0x00 0x00 0x01 0xa5 0x78 0x00 0x00 0xe1  NOPA;                         NOPB;                         VST.FLUSH.512.CONV [p2, sf, r26];NOPX;                      NOPM;                                   NOPV
.label ZLS_Fmatmul_vectorized_different_datatypes_448
.loop_nesting 1
.begin_of_loop
        1760    0x00 0x18 0x00 0x25 0x73 0x6e 0xc8 0x90 0x78 0xba                                MOVA r24, #0;                                                                             LSHL r23, r18, r6;            MOV r22, r2
        1770    0x00 0x19 0x00 0x0b 0xc9 0x26 0x68 0x50 0x78 0xba                                MOVA r25, #0;                                                                             AND r28, r5, r18;             MOV r19, r1
        1780    0x3d 0xb8 0xc9 0x32 0x04 0x24                                                                                                                                              MAC r22, r22, r7, r28;        ADD.NC r18, r18, #4
        1786    0x15 0xe6 0x76 0x18                                                                                                                                                        MAC r19, r19, r23, r7
        1790    0xbf 0x61 0xb0 0xd6 0x41 0xe4                                                                                                                                              LSHL r29, r23, r16;           MOV p0, r22
        1796    0x08 0x28 0x28 0x39 0x58 0xec 0xb4 0xd0 0x78 0x3a                                                              VLDB.FILL.512 [p0, lf0, r24];                               LSHL r21, r28, r17;           MOV p1, r19
        1806    0x80 0x11 0x75 0x14 0x14 0x02 0x8f 0x40 0xae 0xba                                VLDA.POP.576 ex2, [p0, lf0, r24];VLDB.FILL.512 [p1, lf1, r25];                                                          ADD.NC r20, r29, r0
        1816    0x80 0x19 0x73 0x00 0x14 0x01 0xb5 0x68 0xae 0xba                                VLDA.POP.576 ex3, [p0, lf0, r24];VLDB.POP.576 ex0, [p1, lf1, r25];                                                      ADD.NC p3, r21, r20
        1826    0x63 0x95 0x76 0x00 0xa8 0x3c                                                    VLDA.CONV.fp32.bf16 cml1, [p3], #64;VLDB.POP.576 ex1, [p1, lf1, r25]
        1832    0x63 0x9d 0x74 0x02 0xa8 0x3c                                                    VLDA.CONV.fp32.bf16 cmh1, [p3], #64;VLDB.POP.576 ex5, [p0, lf0, r24]
        1838    0x63 0xa5 0x76 0x02 0x28 0x3c                                                    VLDA.CONV.fp32.bf16 cml2, [p3], #64;VLDB.POP.576 ex4, [p1, lf1, r25]
        1844    0x69 0x2d 0x74 0x03 0xa8 0x3c                                                    VLDA.CONV.fp32.bf16 cmh2, [p3], m2;VLDB.POP.576 ex7, [p0, lf0, r24]
.aggressive_scheduled_block_id 2
.aggressive_scheduled_block_id first
        1850    0x63 0xb5 0x76 0x03 0x28 0x3c                                                    VLDA.CONV.fp32.bf16 cml3, [p3], #64;VLDB.POP.576 ex6, [p1, lf1, r25]
.aggressive_scheduled_block_id 2
.noswbrkpt
        1856    0x63 0xbd 0x74 0x01 0x28 0x3c                                                    VLDA.CONV.fp32.bf16 cmh3, [p3], #64;VLDB.POP.576 ex2, [p0, lf0, r24]
.aggressive_scheduled_block_id 2
.nohwbrkpt
.noswbrkpt
        1862    0x63 0xc5 0x76 0x00 0x28 0x3c                                                    VLDA.CONV.fp32.bf16 cml4, [p3], #64;VLDB.POP.576 ex0, [p1, lf1, r25]
.aggressive_scheduled_block_id 2
.nohwbrkpt
.noswbrkpt
        1868    0x61 0x4d 0x72 0x00 0xd4 0x1d 0x21 0x20 0x49 0x4a                                VLDA.CONV.fp32.bf16 cmh4, [p3], m0;VLDB.POP.576 ex3, [p0, lf0, r24];                                                                                            VMAC.f dm1, dm1, ex0, ex2, r4
.aggressive_scheduled_block_id 2
.nohwbrkpt
.noswbrkpt
        1878    0x80 0x29 0x73 0x00 0x54 0x1d 0x22 0x40 0x69 0x4a                                VLDA.POP.576 ex5, [p0, lf0, r24];VLDB.POP.576 ex1, [p1, lf1, r25];                                                                                              VMAC.f dm2, dm2, ex0, ex3, r4
.aggressive_scheduled_block_id 2
.nohwbrkpt
.noswbrkpt
        1888    0x80 0x39 0x73 0x01 0x14 0x1d 0x23 0x62 0x49 0x4a                                VLDA.POP.576 ex7, [p0, lf0, r24];VLDB.POP.576 ex4, [p1, lf1, r25];                                                                                              VMAC.f dm3, dm3, ex1, ex2, r4
.aggressive_scheduled_block_id 2
.nohwbrkpt
.noswbrkpt
        1898    0x02 0x81 0x73 0x01 0x94 0x1d 0x21 0x28 0xa9 0x4a                                VLDA.FILL.512 [p0, lf0, r24]; VLDB.POP.576 ex6, [p1, lf1, r25];                                                                                                 VMAC.f dm1, dm1, ex4, ex5, r4
.aggressive_scheduled_block_id 2
.nohwbrkpt
.noswbrkpt
        1908    0x80 0x11 0x75 0x14 0x14 0x1d 0x24 0x82 0x69 0x4a                                VLDA.POP.576 ex2, [p0, lf0, r24];VLDB.FILL.512 [p1, lf1, r25];                                                                                                  VMAC.f dm4, dm4, ex1, ex3, r4
.aggressive_scheduled_block_id 2
.nohwbrkpt
.noswbrkpt
        1918    0x80 0x19 0x73 0x00 0x14 0x1d 0x22 0x48 0xe9 0x4a                                VLDA.POP.576 ex3, [p0, lf0, r24];VLDB.POP.576 ex0, [p1, lf1, r25];                                                                                              VMAC.f dm2, dm2, ex4, ex7, r4
.aggressive_scheduled_block_id 2
.nohwbrkpt
.noswbrkpt
        1928    0x03 0x00 0x54 0x00 0x23 0x6c 0xa9 0x62                                                                        VLDB.POP.576 ex1, [p1, lf1, r25];                                                                                                 VMAC.f dm3, dm3, ex6, ex5, r4
.aggressive_scheduled_block_id 2
.nohwbrkpt
.noswbrkpt
        1936    0x03 0x01 0x14 0x00 0x21 0x20 0x49 0x62                                                                        VLDB.POP.576 ex4, [p1, lf1, r25];                                                                                                 VMAC.f dm1, dm1, ex0, ex2, r4
.aggressive_scheduled_block_id 2
.nohwbrkpt
.noswbrkpt
        1944    0x02 0x01 0x54 0x00 0x24 0x8c 0xe9 0x62                                                                        VLDB.POP.576 ex5, [p0, lf0, r24];                                                                                                 VMAC.f dm4, dm4, ex6, ex7, r4
.aggressive_scheduled_block_id 2
.nohwbrkpt
.noswbrkpt
        1952    0x22 0x40 0x69 0x48                                                                                                                                                                                                                              VMAC.f dm2, dm2, ex0, ex3, r4
.aggressive_scheduled_block_id 2
.nohwbrkpt
.noswbrkpt
        1956    0xa0 0x31 0x72 0x01 0xd4 0x1d 0x21 0x28 0xa9 0x4a                                VLDA.POP.576 ex6, [p1, lf1, r25];VLDB.POP.576 ex7, [p0, lf0, r24];                                                                                              VMAC.f dm1, dm1, ex4, ex5, r4
.aggressive_scheduled_block_id 2
.nohwbrkpt
.noswbrkpt
        1966    0x03 0x00 0x14 0x00 0x23 0x62 0x49 0x62                                                                        VLDB.POP.576 ex0, [p1, lf1, r25];                                                                                                 VMAC.f dm3, dm3, ex1, ex2, r4
.aggressive_scheduled_block_id 2
.nohwbrkpt
.noswbrkpt
        1974    0x02 0x00 0x94 0x00 0x24 0x82 0x69 0x62                                                                        VLDB.POP.576 ex2, [p0, lf0, r24];                                                                                                 VMAC.f dm4, dm4, ex1, ex3, r4
.aggressive_scheduled_block_id 2
.nohwbrkpt
.noswbrkpt
        1982    0x21 0x20 0x49 0x48                                                                                                                                                                                                                              VMAC.f dm1, dm1, ex0, ex2, r4
.aggressive_scheduled_block_id 2
.nohwbrkpt
.noswbrkpt
        1986    0x80 0x19 0x73 0x00 0x54 0x1d 0x22 0x48 0xe9 0x4a                                VLDA.POP.576 ex3, [p0, lf0, r24];VLDB.POP.576 ex1, [p1, lf1, r25];                                                                                              VMAC.f dm2, dm2, ex4, ex7, r4
.aggressive_scheduled_block_id 2
.nohwbrkpt
.noswbrkpt
        1996    0x03 0x01 0x14 0x00 0x23 0x6c 0xa9 0x62                                                                        VLDB.POP.576 ex4, [p1, lf1, r25];                                                                                                 VMAC.f dm3, dm3, ex6, ex5, r4
.aggressive_scheduled_block_id 2
.nohwbrkpt
.noswbrkpt
        2004    0x02 0x01 0x54 0x00 0x21 0x28 0xa9 0x62                                                                        VLDB.POP.576 ex5, [p0, lf0, r24];                                                                                                 VMAC.f dm1, dm1, ex4, ex5, r4
.aggressive_scheduled_block_id 2
.nohwbrkpt
.noswbrkpt
        2012    0x24 0x8c 0xe9 0x48                                                                                                                                                                                                                              VMAC.f dm4, dm4, ex6, ex7, r4
.aggressive_scheduled_block_id 2
.nohwbrkpt
.noswbrkpt
        2016    0x22 0x40 0x69 0x48                                                                                                                                                                                                                              VMAC.f dm2, dm2, ex0, ex3, r4
.aggressive_scheduled_block_id 2
.nohwbrkpt
.noswbrkpt
        2020    0xa0 0x31 0x72 0x01 0xd4 0x1d 0x23 0x62 0x49 0x4a                                VLDA.POP.576 ex6, [p1, lf1, r25];VLDB.POP.576 ex7, [p0, lf0, r24];                                                                                              VMAC.f dm3, dm3, ex1, ex2, r4
.aggressive_scheduled_block_id 2
.nohwbrkpt
.noswbrkpt
        2030    0x82 0x82 0x83 0x20 0x11 0x69 0xa0 0xfa 0x21 0x20 0x49 0x66                                                    VLDB.FILL.512 [p0, lf0, r24];                               MOVX r25, #0;                 MOV p1, r19;                            VMAC.f dm1, dm1, ex0, ex2, r4
.aggressive_scheduled_block_id 2
.nohwbrkpt
.noswbrkpt
        2042    0x80 0x51 0x7a 0x28 0x28 0xc2 0xc0 0xe2 0x24 0x82 0x69 0x66                      VLDA.POP.576 ex10, [p0, lf0, r24];VLDB.FILL.512 [p1, lf1, r25];                                                         MOV dc0, p1;                            VMAC.f dm4, dm4, ex1, ex3, r4
.aggressive_scheduled_block_id 2
.nohwbrkpt
.noswbrkpt
        2054    0x80 0x59 0x73 0x02 0x14 0x1d 0x22 0x48 0xe9 0x4a                                VLDA.POP.576 ex11, [p0, lf0, r24];VLDB.POP.576 ex8, [p1, lf1, r25];                                                                                             VMAC.f dm2, dm2, ex4, ex7, r4
.aggressive_scheduled_block_id 2
.nohwbrkpt
.noswbrkpt
        2064    0x80 0x29 0x73 0x02 0x54 0x1d 0x23 0x6c 0xa9 0x4a                                VLDA.POP.576 ex5, [p0, lf0, r24];VLDB.POP.576 ex9, [p1, lf1, r25];                                                                                              VMAC.f dm3, dm3, ex6, ex5, r4
.aggressive_scheduled_block_id 2
.nohwbrkpt
.noswbrkpt
        2074    0x03 0x01 0x14 0x00 0x21 0x28 0xa9 0x62                                                                        VLDB.POP.576 ex4, [p1, lf1, r25];                                                                                                 VMAC.f dm1, dm1, ex4, ex5, r4
.aggressive_scheduled_block_id 2
.nohwbrkpt
.noswbrkpt
        2082    0x80 0x39 0x73 0x01 0x94 0x1d 0x22 0x40 0x69 0x4a                                VLDA.POP.576 ex7, [p0, lf0, r24];VLDB.POP.576 ex6, [p1, lf1, r25];                                                                                              VMAC.f dm2, dm2, ex0, ex3, r4
.aggressive_scheduled_block_id 2
.nohwbrkpt
.noswbrkpt
        2092    0x24 0x8c 0xe9 0x48                                                                                                                                                                                                                              VMAC.f dm4, dm4, ex6, ex7, r4
.aggressive_scheduled_block_id 2
.nohwbrkpt
.noswbrkpt
        2096    0x23 0x62 0x49 0x48                                                                                                                                                                                                                              VMAC.f dm3, dm3, ex1, ex2, r4
.aggressive_scheduled_block_id 2
.nohwbrkpt
.noswbrkpt
        2100    0x22 0x48 0xe9 0x48                                                                                                                                                                                                                              VMAC.f dm2, dm2, ex4, ex7, r4
.aggressive_scheduled_block_id 2
.nohwbrkpt
.noswbrkpt
        2104    0x24 0x82 0x69 0x48                                                                                                                                                                                                                              VMAC.f dm4, dm4, ex1, ex3, r4
.aggressive_scheduled_block_id 2
.nohwbrkpt
.noswbrkpt
        2108    0x63 0x94 0x60 0x02 0x23 0x6c 0xa9 0x62                                                                                                      VST.CONV.bf16.fp32 cml1, [p3], #64;                                                                 VMAC.f dm3, dm3, ex6, ex5, r4
.aggressive_scheduled_block_id 2
.nohwbrkpt
.noswbrkpt
        2116    0x0b 0x3c 0xe3 0x18                                                                                                                          VST.CONV.bf16.fp32 cmh1, [p3], #192
.aggressive_scheduled_block_id 2
.aggressive_scheduled_block_id last
.nohwbrkpt
.noswbrkpt
        2120    0x63 0x95 0x70 0x04 0x24 0x8c 0xe9 0x62                                          VLDA.CONV.fp32.bf16 cml1, [p3], #64;                                                                                                                            VMAC.f dm4, dm4, ex6, ex7, r4
.aggressive_scheduled_block_id 3
.aggressive_scheduled_block_id first
        2128    0x03 0xdc 0xeb 0x98                                                              VLDA.CONV.fp32.bf16 cmh1, [p3], #-192
.aggressive_scheduled_block_id 3
.noswbrkpt
        2132    0x60 0x42 0x86 0x3a 0x46 0x4c                                                                                  VLDB.POP.576 ex8, [p1, lf1, r25];VST.CONV.bf16.fp32 cml2, [p3], #64
.aggressive_scheduled_block_id 3
.nohwbrkpt
.noswbrkpt
        2138    0x0b 0x3d 0x63 0x18                                                                                                                          VST.CONV.bf16.fp32 cmh2, [p3], #192
.aggressive_scheduled_block_id 3
.nohwbrkpt
.noswbrkpt
        2142    0x03 0x1d 0x2b 0x98                                                              VLDA.CONV.fp32.bf16 cml2, [p3], #64
.aggressive_scheduled_block_id 3
.nohwbrkpt
.noswbrkpt
        2146    0x65 0x2d 0x70 0x04 0x21 0x31 0x49 0x62                                          VLDA.CONV.fp32.bf16 cmh2, [p3], m1;                                                                                                                             VMAC.f dm1, dm1, ex8, ex10, r4
.aggressive_scheduled_block_id 3
.nohwbrkpt
.noswbrkpt
        2154    0x40 0x52 0x86 0x3b 0x46 0x4c                                                                                  VLDB.POP.576 ex10, [p0, lf0, r24];VST.CONV.bf16.fp32 cml3, [p3], #64
.aggressive_scheduled_block_id 3
.nohwbrkpt
.noswbrkpt
        2160    0x0b 0x3d 0xe3 0x18                                                                                                                          VST.CONV.bf16.fp32 cmh3, [p3], #192
.aggressive_scheduled_block_id 3
.nohwbrkpt
.noswbrkpt
        2164    0x63 0xb5 0x70 0x04 0x21 0x28 0xa9 0x62                                          VLDA.CONV.fp32.bf16 cml3, [p3], #64;                                                                                                                            VMAC.f dm1, dm1, ex4, ex5, r4
.aggressive_scheduled_block_id 3
.nohwbrkpt
.noswbrkpt
        2172    0x7b 0xbd 0x70 0x04 0x22 0x51 0x69 0x62                                          VLDA.CONV.fp32.bf16 cmh3, [p3], #-192;                                                                                                                          VMAC.f dm2, dm2, ex8, ex11, r4
.aggressive_scheduled_block_id 3
.nohwbrkpt
.noswbrkpt
        2180    0x80 0x59 0x76 0x04 0xab 0x1e 0x23 0x32                                          VLDA.POP.576 ex11, [p0, lf0, r24];VLDB.POP.576 ex9, [p1, lf1, r25];VST.CONV.bf16.fp32 cml4, [p3], #64
.aggressive_scheduled_block_id 3
.nohwbrkpt
.noswbrkpt
        2188    0x80 0x29 0x76 0x02 0x2b 0x3e 0x63 0x32                                          VLDA.POP.576 ex5, [p0, lf0, r24];VLDB.POP.576 ex4, [p1, lf1, r25];VST.CONV.bf16.fp32 cmh4, [p3], #192
.aggressive_scheduled_block_id 3
.nohwbrkpt
.noswbrkpt
        2196    0x63 0xc5 0x70 0x04 0x22 0x48 0xe9 0x62                                          VLDA.CONV.fp32.bf16 cml4, [p3], #64;                                                                                                                            VMAC.f dm2, dm2, ex4, ex7, r4
.aggressive_scheduled_block_id 3
.nohwbrkpt
.noswbrkpt
        2204    0x61 0x4d 0x73 0x01 0x94 0x1d 0x23 0x73 0x49 0x4a                                VLDA.CONV.fp32.bf16 cmh4, [p3], m0;VLDB.POP.576 ex6, [p1, lf1, r25];                                                                                            VMAC.f dm3, dm3, ex9, ex10, r4
.aggressive_scheduled_block_id 3
.nohwbrkpt
.noswbrkpt
        2214    0x22 0x81 0x72 0x01 0xd4 0x1d 0x21 0x31 0x49 0x4a                                VLDA.FILL.512 [p1, lf1, r25]; VLDB.POP.576 ex7, [p0, lf0, r24];                                                                                                 VMAC.f dm1, dm1, ex8, ex10, r4
.aggressive_scheduled_block_id 3
.nohwbrkpt
.noswbrkpt
        2224    0xa0 0x41 0x78 0x28 0x28 0x3c                                                    VLDA.POP.576 ex8, [p1, lf1, r25];VLDB.FILL.512 [p0, lf0, r24]
.aggressive_scheduled_block_id 3
.nohwbrkpt
.noswbrkpt
        2230    0xa0 0x49 0x72 0x02 0x94 0x1d 0x23 0x6c 0xa9 0x4a                                VLDA.POP.576 ex9, [p1, lf1, r25];VLDB.POP.576 ex10, [p0, lf0, r24];                                                                                             VMAC.f dm3, dm3, ex6, ex5, r4
.aggressive_scheduled_block_id 3
.nohwbrkpt
.noswbrkpt
        2240    0xa0 0x21 0x72 0x02 0xd4 0x1d 0x24 0x93 0x69 0x4a                                VLDA.POP.576 ex4, [p1, lf1, r25];VLDB.POP.576 ex11, [p0, lf0, r24];                                                                                             VMAC.f dm4, dm4, ex9, ex11, r4
.aggressive_scheduled_block_id 3
.nohwbrkpt
.noswbrkpt
        2250    0x02 0x01 0x54 0x00 0x22 0x51 0x69 0x62                                                                        VLDB.POP.576 ex5, [p0, lf0, r24];                                                                                                 VMAC.f dm2, dm2, ex8, ex11, r4
.aggressive_scheduled_block_id 3
.nohwbrkpt
.noswbrkpt
        2258    0x80 0x39 0x73 0x01 0x94 0x1d 0x21 0x28 0xa9 0x4a                                VLDA.POP.576 ex7, [p0, lf0, r24];VLDB.POP.576 ex6, [p1, lf1, r25];                                                                                              VMAC.f dm1, dm1, ex4, ex5, r4
.aggressive_scheduled_block_id 3
.nohwbrkpt
.noswbrkpt
        2268    0x24 0x8c 0xe9 0x48                                                                                                                                                                                                                              VMAC.f dm4, dm4, ex6, ex7, r4
.aggressive_scheduled_block_id 3
.nohwbrkpt
.noswbrkpt
        2272    0x03 0x02 0x14 0x00 0x23 0x73 0x49 0x62                                                                        VLDB.POP.576 ex8, [p1, lf1, r25];                                                                                                 VMAC.f dm3, dm3, ex9, ex10, r4
.aggressive_scheduled_block_id 3
.nohwbrkpt
.noswbrkpt
        2280    0x02 0x02 0x94 0x00 0x22 0x48 0xe9 0x62                                                                        VLDB.POP.576 ex10, [p0, lf0, r24];                                                                                                VMAC.f dm2, dm2, ex4, ex7, r4
.aggressive_scheduled_block_id 3
.nohwbrkpt
.noswbrkpt
        2288    0x24 0x93 0x69 0x48                                                                                                                                                                                                                              VMAC.f dm4, dm4, ex9, ex11, r4
.aggressive_scheduled_block_id 3
.nohwbrkpt
.noswbrkpt
        2292    0x80 0x59 0x73 0x02 0x54 0x1d 0x21 0x31 0x49 0x4a                                VLDA.POP.576 ex11, [p0, lf0, r24];VLDB.POP.576 ex9, [p1, lf1, r25];                                                                                             VMAC.f dm1, dm1, ex8, ex10, r4
.aggressive_scheduled_block_id 3
.nohwbrkpt
.noswbrkpt
        2302    0x03 0x01 0x14 0x00 0x23 0x6c 0xa9 0x62                                                                        VLDB.POP.576 ex4, [p1, lf1, r25];                                                                                                 VMAC.f dm3, dm3, ex6, ex5, r4
.aggressive_scheduled_block_id 3
.nohwbrkpt
.noswbrkpt
        2310    0x02 0x01 0x54 0x00 0x24 0x8c 0xe9 0x62                                                                        VLDB.POP.576 ex5, [p0, lf0, r24];                                                                                                 VMAC.f dm4, dm4, ex6, ex7, r4
.aggressive_scheduled_block_id 3
.nohwbrkpt
.noswbrkpt
        2318    0x21 0x28 0xa9 0x48                                                                                                                                                                                                                              VMAC.f dm1, dm1, ex4, ex5, r4
.aggressive_scheduled_block_id 3
.nohwbrkpt
.noswbrkpt
        2322    0x22 0x51 0x69 0x48                                                                                                                                                                                                                              VMAC.f dm2, dm2, ex8, ex11, r4
.aggressive_scheduled_block_id 3
.nohwbrkpt
.noswbrkpt
        2326    0xa0 0x31 0x72 0x01 0xd4 0x1d 0x23 0x73 0x49 0x4a                                VLDA.POP.576 ex6, [p1, lf1, r25];VLDB.POP.576 ex7, [p0, lf0, r24];                                                                                              VMAC.f dm3, dm3, ex9, ex10, r4
.aggressive_scheduled_block_id 3
.nohwbrkpt
.noswbrkpt
        2336    0x82 0x82 0x83 0x20 0x11 0x61 0x80 0xfa 0x21 0x31 0x49 0x66                                                    VLDB.FILL.512 [p0, lf0, r24];                               MOVX r25, #0;                 MOV p1, dc0;                            VMAC.f dm1, dm1, ex8, ex10, r4
.aggressive_scheduled_block_id 3
.nohwbrkpt
.noswbrkpt
        2348    0x80 0x11 0x7a 0x28 0x28 0x42 0xc0 0xe2 0x24 0x93 0x69 0x66                      VLDA.POP.576 ex2, [p0, lf0, r24];VLDB.FILL.512 [p1, lf1, r25];                                                          MOV dn0, p1;                            VMAC.f dm4, dm4, ex9, ex11, r4
.aggressive_scheduled_block_id 3
.nohwbrkpt
.noswbrkpt
        2360    0x80 0x19 0x73 0x00 0x14 0x1d 0x22 0x48 0xe9 0x4a                                VLDA.POP.576 ex3, [p0, lf0, r24];VLDB.POP.576 ex0, [p1, lf1, r25];                                                                                              VMAC.f dm2, dm2, ex4, ex7, r4
.aggressive_scheduled_block_id 3
.nohwbrkpt
.noswbrkpt
        2370    0x80 0x29 0x73 0x00 0x54 0x1d 0x23 0x6c 0xa9 0x4a                                VLDA.POP.576 ex5, [p0, lf0, r24];VLDB.POP.576 ex1, [p1, lf1, r25];                                                                                              VMAC.f dm3, dm3, ex6, ex5, r4
.aggressive_scheduled_block_id 3
.nohwbrkpt
.noswbrkpt
        2380    0x03 0x01 0x14 0x00 0x21 0x28 0xa9 0x62                                                                        VLDB.POP.576 ex4, [p1, lf1, r25];                                                                                                 VMAC.f dm1, dm1, ex4, ex5, r4
.aggressive_scheduled_block_id 3
.nohwbrkpt
.noswbrkpt
        2388    0x80 0x39 0x73 0x01 0x94 0x1d 0x22 0x51 0x69 0x4a                                VLDA.POP.576 ex7, [p0, lf0, r24];VLDB.POP.576 ex6, [p1, lf1, r25];                                                                                              VMAC.f dm2, dm2, ex8, ex11, r4
.aggressive_scheduled_block_id 3
.nohwbrkpt
.noswbrkpt
        2398    0x24 0x8c 0xe9 0x48                                                                                                                                                                                                                              VMAC.f dm4, dm4, ex6, ex7, r4
.aggressive_scheduled_block_id 3
.nohwbrkpt
.noswbrkpt
        2402    0x23 0x73 0x49 0x48                                                                                                                                                                                                                              VMAC.f dm3, dm3, ex9, ex10, r4
.aggressive_scheduled_block_id 3
.nohwbrkpt
.noswbrkpt
        2406    0x22 0x48 0xe9 0x48                                                                                                                                                                                                                              VMAC.f dm2, dm2, ex4, ex7, r4
.aggressive_scheduled_block_id 3
.nohwbrkpt
.noswbrkpt
        2410    0x24 0x93 0x69 0x48                                                                                                                                                                                                                              VMAC.f dm4, dm4, ex9, ex11, r4
.aggressive_scheduled_block_id 3
.nohwbrkpt
.noswbrkpt
        2414    0x63 0x94 0x60 0x02 0x23 0x6c 0xa9 0x62                                                                                                      VST.CONV.bf16.fp32 cml1, [p3], #64;                                                                 VMAC.f dm3, dm3, ex6, ex5, r4
.aggressive_scheduled_block_id 3
.nohwbrkpt
.noswbrkpt
        2422    0x0b 0x3c 0xe3 0x18                                                                                                                          VST.CONV.bf16.fp32 cmh1, [p3], #192
.aggressive_scheduled_block_id 3
.aggressive_scheduled_block_id last
.nohwbrkpt
.noswbrkpt
        2426    0x63 0x95 0x70 0x04 0x24 0x8c 0xe9 0x62                                          VLDA.CONV.fp32.bf16 cml1, [p3], #64;                                                                                                                            VMAC.f dm4, dm4, ex6, ex7, r4
.aggressive_scheduled_block_id 4
.aggressive_scheduled_block_id first
        2434    0x03 0xdc 0xeb 0x98                                                              VLDA.CONV.fp32.bf16 cmh1, [p3], #-192
.aggressive_scheduled_block_id 4
.noswbrkpt
        2438    0x60 0x02 0x86 0x3a 0x46 0x4c                                                                                  VLDB.POP.576 ex0, [p1, lf1, r25];VST.CONV.bf16.fp32 cml2, [p3], #64
.aggressive_scheduled_block_id 4
.nohwbrkpt
.noswbrkpt
        2444    0x0b 0x3d 0x63 0x18                                                                                                                          VST.CONV.bf16.fp32 cmh2, [p3], #192
.aggressive_scheduled_block_id 4
.nohwbrkpt
.noswbrkpt
        2448    0x03 0x1d 0x2b 0x98                                                              VLDA.CONV.fp32.bf16 cml2, [p3], #64
.aggressive_scheduled_block_id 4
.nohwbrkpt
.noswbrkpt
        2452    0x65 0x2d 0x70 0x04 0x21 0x20 0x49 0x62                                          VLDA.CONV.fp32.bf16 cmh2, [p3], m1;                                                                                                                             VMAC.f dm1, dm1, ex0, ex2, r4
.aggressive_scheduled_block_id 4
.nohwbrkpt
.noswbrkpt
        2460    0x40 0x12 0x86 0x3b 0x46 0x4c                                                                                  VLDB.POP.576 ex2, [p0, lf0, r24];VST.CONV.bf16.fp32 cml3, [p3], #64
.aggressive_scheduled_block_id 4
.nohwbrkpt
.noswbrkpt
        2466    0x0b 0x3d 0xe3 0x18                                                                                                                          VST.CONV.bf16.fp32 cmh3, [p3], #192
.aggressive_scheduled_block_id 4
.nohwbrkpt
.noswbrkpt
        2470    0x63 0xb5 0x70 0x04 0x21 0x28 0xa9 0x62                                          VLDA.CONV.fp32.bf16 cml3, [p3], #64;                                                                                                                            VMAC.f dm1, dm1, ex4, ex5, r4
.aggressive_scheduled_block_id 4
.nohwbrkpt
.noswbrkpt
        2478    0x7b 0xbd 0x70 0x04 0x22 0x40 0x69 0x62                                          VLDA.CONV.fp32.bf16 cmh3, [p3], #-192;                                                                                                                          VMAC.f dm2, dm2, ex0, ex3, r4
.aggressive_scheduled_block_id 4
.nohwbrkpt
.noswbrkpt
        2486    0x80 0x19 0x76 0x00 0xab 0x1e 0x23 0x32                                          VLDA.POP.576 ex3, [p0, lf0, r24];VLDB.POP.576 ex1, [p1, lf1, r25];VST.CONV.bf16.fp32 cml4, [p3], #64
.aggressive_scheduled_block_id 4
.nohwbrkpt
.noswbrkpt
        2494    0x80 0x29 0x76 0x02 0x2b 0x3e 0x63 0x32                                          VLDA.POP.576 ex5, [p0, lf0, r24];VLDB.POP.576 ex4, [p1, lf1, r25];VST.CONV.bf16.fp32 cmh4, [p3], #192
.aggressive_scheduled_block_id 4
.nohwbrkpt
.noswbrkpt
        2502    0x63 0xc5 0x70 0x04 0x22 0x48 0xe9 0x62                                          VLDA.CONV.fp32.bf16 cml4, [p3], #64;                                                                                                                            VMAC.f dm2, dm2, ex4, ex7, r4
.aggressive_scheduled_block_id 4
.nohwbrkpt
.noswbrkpt
        2510    0x61 0x4d 0x73 0x01 0x94 0x1d 0x23 0x62 0x49 0x4a                                VLDA.CONV.fp32.bf16 cmh4, [p3], m0;VLDB.POP.576 ex6, [p1, lf1, r25];                                                                                            VMAC.f dm3, dm3, ex1, ex2, r4
.aggressive_scheduled_block_id 4
.nohwbrkpt
.noswbrkpt
        2520    0x22 0x81 0x72 0x01 0xd4 0x1d 0x21 0x20 0x49 0x4a                                VLDA.FILL.512 [p1, lf1, r25]; VLDB.POP.576 ex7, [p0, lf0, r24];                                                                                                 VMAC.f dm1, dm1, ex0, ex2, r4
.aggressive_scheduled_block_id 4
.nohwbrkpt
.noswbrkpt
        2530    0xa0 0x01 0x78 0x28 0x28 0x3c                                                    VLDA.POP.576 ex0, [p1, lf1, r25];VLDB.FILL.512 [p0, lf0, r24]
.aggressive_scheduled_block_id 4
.nohwbrkpt
.noswbrkpt
        2536    0xa0 0x09 0x72 0x00 0x94 0x1d 0x23 0x6c 0xa9 0x4a                                VLDA.POP.576 ex1, [p1, lf1, r25];VLDB.POP.576 ex2, [p0, lf0, r24];                                                                                              VMAC.f dm3, dm3, ex6, ex5, r4
.aggressive_scheduled_block_id 4
.nohwbrkpt
.noswbrkpt
        2546    0xa0 0x21 0x72 0x00 0xd4 0x1d 0x24 0x82 0x69 0x4a                                VLDA.POP.576 ex4, [p1, lf1, r25];VLDB.POP.576 ex3, [p0, lf0, r24];                                                                                              VMAC.f dm4, dm4, ex1, ex3, r4
.aggressive_scheduled_block_id 4
.nohwbrkpt
.noswbrkpt
        2556    0x02 0x01 0x54 0x00 0x22 0x40 0x69 0x62                                                                        VLDB.POP.576 ex5, [p0, lf0, r24];                                                                                                 VMAC.f dm2, dm2, ex0, ex3, r4
.aggressive_scheduled_block_id 4
.nohwbrkpt
.noswbrkpt
        2564    0x80 0x39 0x73 0x01 0x94 0x1d 0x21 0x28 0xa9 0x4a                                VLDA.POP.576 ex7, [p0, lf0, r24];VLDB.POP.576 ex6, [p1, lf1, r25];                                                                                              VMAC.f dm1, dm1, ex4, ex5, r4
.aggressive_scheduled_block_id 4
.nohwbrkpt
.noswbrkpt
        2574    0x24 0x8c 0xe9 0x48                                                                                                                                                                                                                              VMAC.f dm4, dm4, ex6, ex7, r4
.aggressive_scheduled_block_id 4
.nohwbrkpt
.noswbrkpt
        2578    0x03 0x00 0x14 0x00 0x23 0x62 0x49 0x62                                                                        VLDB.POP.576 ex0, [p1, lf1, r25];                                                                                                 VMAC.f dm3, dm3, ex1, ex2, r4
.aggressive_scheduled_block_id 4
.nohwbrkpt
.noswbrkpt
        2586    0x02 0x00 0x94 0x00 0x22 0x48 0xe9 0x62                                                                        VLDB.POP.576 ex2, [p0, lf0, r24];                                                                                                 VMAC.f dm2, dm2, ex4, ex7, r4
.aggressive_scheduled_block_id 4
.nohwbrkpt
.noswbrkpt
        2594    0x24 0x82 0x69 0x48                                                                                                                                                                                                                              VMAC.f dm4, dm4, ex1, ex3, r4
.aggressive_scheduled_block_id 4
.nohwbrkpt
.noswbrkpt
        2598    0x80 0x19 0x73 0x00 0x54 0x1d 0x21 0x20 0x49 0x4a                                VLDA.POP.576 ex3, [p0, lf0, r24];VLDB.POP.576 ex1, [p1, lf1, r25];                                                                                              VMAC.f dm1, dm1, ex0, ex2, r4
.aggressive_scheduled_block_id 4
.nohwbrkpt
.noswbrkpt
        2608    0x03 0x01 0x14 0x00 0x23 0x6c 0xa9 0x62                                                                        VLDB.POP.576 ex4, [p1, lf1, r25];                                                                                                 VMAC.f dm3, dm3, ex6, ex5, r4
.aggressive_scheduled_block_id 4
.nohwbrkpt
.noswbrkpt
        2616    0x02 0x01 0x54 0x00 0x24 0x8c 0xe9 0x62                                                                        VLDB.POP.576 ex5, [p0, lf0, r24];                                                                                                 VMAC.f dm4, dm4, ex6, ex7, r4
.aggressive_scheduled_block_id 4
.nohwbrkpt
.noswbrkpt
        2624    0x21 0x28 0xa9 0x48                                                                                                                                                                                                                              VMAC.f dm1, dm1, ex4, ex5, r4
.aggressive_scheduled_block_id 4
.nohwbrkpt
.noswbrkpt
        2628    0x22 0x40 0x69 0x48                                                                                                                                                                                                                              VMAC.f dm2, dm2, ex0, ex3, r4
.aggressive_scheduled_block_id 4
.nohwbrkpt
.noswbrkpt
        2632    0xa0 0x31 0x72 0x01 0xd4 0x1d 0x23 0x62 0x49 0x4a                                VLDA.POP.576 ex6, [p1, lf1, r25];VLDB.POP.576 ex7, [p0, lf0, r24];                                                                                              VMAC.f dm3, dm3, ex1, ex2, r4
.aggressive_scheduled_block_id 4
.nohwbrkpt
.noswbrkpt
        2642    0x82 0x82 0x83 0x20 0x11 0x60 0x80 0xfa 0x21 0x20 0x49 0x66                                                    VLDB.FILL.512 [p0, lf0, r24];                               MOVX r25, #0;                 MOV p1, dn0;                            VMAC.f dm1, dm1, ex0, ex2, r4
.aggressive_scheduled_block_id 4
.nohwbrkpt
.noswbrkpt
        2654    0x80 0x11 0x75 0x14 0x14 0x1d 0x24 0x82 0x69 0x4a                                VLDA.POP.576 ex2, [p0, lf0, r24];VLDB.FILL.512 [p1, lf1, r25];                                                                                                  VMAC.f dm4, dm4, ex1, ex3, r4
.aggressive_scheduled_block_id 4
.nohwbrkpt
.noswbrkpt
        2664    0x80 0x19 0x73 0x00 0x14 0x1d 0x22 0x48 0xe9 0x4a                                VLDA.POP.576 ex3, [p0, lf0, r24];VLDB.POP.576 ex0, [p1, lf1, r25];                                                                                              VMAC.f dm2, dm2, ex4, ex7, r4
.aggressive_scheduled_block_id 4
.nohwbrkpt
.noswbrkpt
        2674    0x80 0x29 0x73 0x00 0x54 0x1d 0x23 0x6c 0xa9 0x4a                                VLDA.POP.576 ex5, [p0, lf0, r24];VLDB.POP.576 ex1, [p1, lf1, r25];                                                                                              VMAC.f dm3, dm3, ex6, ex5, r4
.aggressive_scheduled_block_id 4
.nohwbrkpt
.noswbrkpt
        2684    0x03 0x01 0x14 0x00 0x21 0x28 0xa9 0x62                                                                        VLDB.POP.576 ex4, [p1, lf1, r25];                                                                                                 VMAC.f dm1, dm1, ex4, ex5, r4
.aggressive_scheduled_block_id 4
.nohwbrkpt
.noswbrkpt
        2692    0xa0 0x31 0x72 0x01 0xd4 0x1d 0x22 0x40 0x69 0x4a                                VLDA.POP.576 ex6, [p1, lf1, r25];VLDB.POP.576 ex7, [p0, lf0, r24];                                                                                              VMAC.f dm2, dm2, ex0, ex3, r4
.aggressive_scheduled_block_id 4
.nohwbrkpt
.noswbrkpt
        2702    0x24 0x8c 0xe9 0x48                                                                                                                                                                                                                              VMAC.f dm4, dm4, ex6, ex7, r4
.aggressive_scheduled_block_id 4
.nohwbrkpt
.noswbrkpt
        2706    0x23 0x62 0x49 0x48                                                                                                                                                                                                                              VMAC.f dm3, dm3, ex1, ex2, r4
.aggressive_scheduled_block_id 4
.nohwbrkpt
.noswbrkpt
        2710    0x22 0x48 0xe9 0x48                                                                                                                                                                                                                              VMAC.f dm2, dm2, ex4, ex7, r4
.aggressive_scheduled_block_id 4
.nohwbrkpt
.noswbrkpt
        2714    0x24 0x82 0x69 0x48                                                                                                                                                                                                                              VMAC.f dm4, dm4, ex1, ex3, r4
.aggressive_scheduled_block_id 4
.nohwbrkpt
.noswbrkpt
        2718    0x63 0x94 0x60 0x02 0x23 0x6c 0xa9 0x62                                                                                                      VST.CONV.bf16.fp32 cml1, [p3], #64;                                                                 VMAC.f dm3, dm3, ex6, ex5, r4
.aggressive_scheduled_block_id 4
.nohwbrkpt
.noswbrkpt
        2726    0x0b 0x3c 0xe3 0x18                                                                                                                          VST.CONV.bf16.fp32 cmh1, [p3], #192
.aggressive_scheduled_block_id 4
.aggressive_scheduled_block_id last
.nohwbrkpt
.noswbrkpt
        2730    0x63 0x95 0x70 0x04 0x24 0x8c 0xe9 0x62                                          VLDA.CONV.fp32.bf16 cml1, [p3], #64;                                                                                                                            VMAC.f dm4, dm4, ex6, ex7, r4
.aggressive_scheduled_block_id 5
.aggressive_scheduled_block_id first
        2738    0x03 0xdc 0xeb 0x98                                                              VLDA.CONV.fp32.bf16 cmh1, [p3], #-192
.aggressive_scheduled_block_id 5
.noswbrkpt
        2742    0x60 0x02 0x86 0x3a 0x46 0x4c                                                                                  VLDB.POP.576 ex0, [p1, lf1, r25];VST.CONV.bf16.fp32 cml2, [p3], #64
.aggressive_scheduled_block_id 5
.nohwbrkpt
.noswbrkpt
        2748    0x0b 0x3d 0x63 0x18                                                                                                                          VST.CONV.bf16.fp32 cmh2, [p3], #192
.aggressive_scheduled_block_id 5
.nohwbrkpt
.noswbrkpt
        2752    0x03 0x1d 0x2b 0x98                                                              VLDA.CONV.fp32.bf16 cml2, [p3], #64
.aggressive_scheduled_block_id 5
.nohwbrkpt
.noswbrkpt
        2756    0x65 0x2d 0x70 0x04 0x21 0x20 0x49 0x62                                          VLDA.CONV.fp32.bf16 cmh2, [p3], m1;                                                                                                                             VMAC.f dm1, dm1, ex0, ex2, r4
.aggressive_scheduled_block_id 5
.nohwbrkpt
.noswbrkpt
        2764    0x40 0x12 0x86 0x3b 0x46 0x4c                                                                                  VLDB.POP.576 ex2, [p0, lf0, r24];VST.CONV.bf16.fp32 cml3, [p3], #64
.aggressive_scheduled_block_id 5
.nohwbrkpt
.noswbrkpt
        2770    0x0b 0x3d 0xe3 0x18                                                                                                                          VST.CONV.bf16.fp32 cmh3, [p3], #192
.aggressive_scheduled_block_id 5
.nohwbrkpt
.noswbrkpt
        2774    0x63 0xb5 0x70 0x04 0x21 0x28 0xa9 0x62                                          VLDA.CONV.fp32.bf16 cml3, [p3], #64;                                                                                                                            VMAC.f dm1, dm1, ex4, ex5, r4
.aggressive_scheduled_block_id 5
.nohwbrkpt
.noswbrkpt
        2782    0x7b 0xbd 0x70 0x04 0x22 0x40 0x69 0x62                                          VLDA.CONV.fp32.bf16 cmh3, [p3], #-192;                                                                                                                          VMAC.f dm2, dm2, ex0, ex3, r4
.aggressive_scheduled_block_id 5
.nohwbrkpt
.noswbrkpt
        2790    0xa0 0x09 0x74 0x01 0xab 0x1e 0x23 0x32                                          VLDA.POP.576 ex1, [p1, lf1, r25];VLDB.POP.576 ex3, [p0, lf0, r24];VST.CONV.bf16.fp32 cml4, [p3], #64
.aggressive_scheduled_block_id 5
.nohwbrkpt
.noswbrkpt
        2798    0x80 0x29 0x76 0x02 0x2b 0x3e 0x63 0x32                                          VLDA.POP.576 ex5, [p0, lf0, r24];VLDB.POP.576 ex4, [p1, lf1, r25];VST.CONV.bf16.fp32 cmh4, [p3], #192
.aggressive_scheduled_block_id 5
.nohwbrkpt
.noswbrkpt
        2806    0x63 0xc5 0x70 0x04 0x22 0x48 0xe9 0x62                                          VLDA.CONV.fp32.bf16 cml4, [p3], #64;                                                                                                                            VMAC.f dm2, dm2, ex4, ex7, r4
.aggressive_scheduled_block_id 5
.nohwbrkpt
.noswbrkpt
        2814    0x61 0x4d 0x72 0x01 0xd4 0x1d 0x23 0x62 0x49 0x4a                                VLDA.CONV.fp32.bf16 cmh4, [p3], m0;VLDB.POP.576 ex7, [p0, lf0, r24];                                                                                            VMAC.f dm3, dm3, ex1, ex2, r4
.aggressive_scheduled_block_id 5
.nohwbrkpt
.noswbrkpt
        2824    0x02 0x81 0x73 0x01 0x94 0x1d 0x21 0x20 0x49 0x4a                                VLDA.FILL.512 [p0, lf0, r24]; VLDB.POP.576 ex6, [p1, lf1, r25];                                                                                                 VMAC.f dm1, dm1, ex0, ex2, r4
.aggressive_scheduled_block_id 5
.nohwbrkpt
.noswbrkpt
        2834    0x80 0x11 0x7a 0x28 0x28 0x3c                                                    VLDA.POP.576 ex2, [p0, lf0, r24];VLDB.FILL.512 [p1, lf1, r25]
.aggressive_scheduled_block_id 5
.nohwbrkpt
.noswbrkpt
        2840    0x80 0x19 0x73 0x00 0x14 0x1d 0x23 0x6c 0xa9 0x4a                                VLDA.POP.576 ex3, [p0, lf0, r24];VLDB.POP.576 ex0, [p1, lf1, r25];                                                                                              VMAC.f dm3, dm3, ex6, ex5, r4
.aggressive_scheduled_block_id 5
.nohwbrkpt
.noswbrkpt
        2850    0x03 0x00 0x54 0x00 0x24 0x82 0x69 0x62                                                                        VLDB.POP.576 ex1, [p1, lf1, r25];                                                                                                 VMAC.f dm4, dm4, ex1, ex3, r4
.aggressive_scheduled_block_id 5
.nohwbrkpt
.noswbrkpt
        2858    0x80 0x29 0x73 0x01 0x14 0x1d 0x22 0x40 0x69 0x4a                                VLDA.POP.576 ex5, [p0, lf0, r24];VLDB.POP.576 ex4, [p1, lf1, r25];                                                                                              VMAC.f dm2, dm2, ex0, ex3, r4
.aggressive_scheduled_block_id 5
.nohwbrkpt
.noswbrkpt
        2868    0x21 0x28 0xa9 0x48                                                                                                                                                                                                                              VMAC.f dm1, dm1, ex4, ex5, r4
.aggressive_scheduled_block_id 5
.nohwbrkpt
.noswbrkpt
        2872    0xa0 0x31 0x72 0x01 0xd4 0x1d 0x24 0x8c 0xe9 0x4a                                VLDA.POP.576 ex6, [p1, lf1, r25];VLDB.POP.576 ex7, [p0, lf0, r24];                                                                                              VMAC.f dm4, dm4, ex6, ex7, r4
.aggressive_scheduled_block_id 5
.nohwbrkpt
.noswbrkpt
        2882    0x03 0x00 0x14 0x00 0x23 0x62 0x49 0x62                                                                        VLDB.POP.576 ex0, [p1, lf1, r25];                                                                                                 VMAC.f dm3, dm3, ex1, ex2, r4
.aggressive_scheduled_block_id 5
.nohwbrkpt
.noswbrkpt
        2890    0x02 0x00 0x94 0x00 0x22 0x48 0xe9 0x62                                                                        VLDB.POP.576 ex2, [p0, lf0, r24];                                                                                                 VMAC.f dm2, dm2, ex4, ex7, r4
.aggressive_scheduled_block_id 5
.nohwbrkpt
.noswbrkpt
        2898    0x24 0x82 0x69 0x48                                                                                                                                                                                                                              VMAC.f dm4, dm4, ex1, ex3, r4
.aggressive_scheduled_block_id 5
.nohwbrkpt
.noswbrkpt
        2902    0x80 0x19 0x73 0x00 0x54 0x1d 0x21 0x20 0x49 0x4a                                VLDA.POP.576 ex3, [p0, lf0, r24];VLDB.POP.576 ex1, [p1, lf1, r25];                                                                                              VMAC.f dm1, dm1, ex0, ex2, r4
.aggressive_scheduled_block_id 5
.nohwbrkpt
.noswbrkpt
        2912    0x03 0x01 0x14 0x00 0x23 0x6c 0xa9 0x62                                                                        VLDB.POP.576 ex4, [p1, lf1, r25];                                                                                                 VMAC.f dm3, dm3, ex6, ex5, r4
.aggressive_scheduled_block_id 5
.nohwbrkpt
.noswbrkpt
        2920    0x02 0x01 0x54 0x00 0x22 0x40 0x69 0x62                                                                        VLDB.POP.576 ex5, [p0, lf0, r24];                                                                                                 VMAC.f dm2, dm2, ex0, ex3, r4
.aggressive_scheduled_block_id 5
.nohwbrkpt
.noswbrkpt
        2928    0x24 0x8c 0xe9 0x48                                                                                                                                                                                                                              VMAC.f dm4, dm4, ex6, ex7, r4
.aggressive_scheduled_block_id 5
.nohwbrkpt
.noswbrkpt
        2932    0x21 0x28 0xa9 0x48                                                                                                                                                                                                                              VMAC.f dm1, dm1, ex4, ex5, r4
.aggressive_scheduled_block_id 5
.nohwbrkpt
.noswbrkpt
        2936    0xa0 0x31 0x72 0x01 0xd4 0x1d 0x23 0x62 0x49 0x4a                                VLDA.POP.576 ex6, [p1, lf1, r25];VLDB.POP.576 ex7, [p0, lf0, r24];                                                                                              VMAC.f dm3, dm3, ex1, ex2, r4
.aggressive_scheduled_block_id 5
.nohwbrkpt
.noswbrkpt
        2946    0x22 0x48 0xe9 0x48                                                                                                                                                                                                                              VMAC.f dm2, dm2, ex4, ex7, r4
.aggressive_scheduled_block_id 5
.nohwbrkpt
.noswbrkpt
        2950    0x24 0x82 0x69 0x48                                                                                                                                                                                                                              VMAC.f dm4, dm4, ex1, ex3, r4
.aggressive_scheduled_block_id 5
.nohwbrkpt
.noswbrkpt
        2954    0x21 0x20 0x49 0x48                                                                                                                                                                                                                              VMAC.f dm1, dm1, ex0, ex2, r4
.aggressive_scheduled_block_id 5
.nohwbrkpt
.noswbrkpt
        2958    0x23 0x6c 0xa9 0x48                                                                                                                                                                                                                              VMAC.f dm3, dm3, ex6, ex5, r4
.aggressive_scheduled_block_id 5
.nohwbrkpt
.noswbrkpt
        2962    0x22 0x40 0x69 0x48                                                                                                                                                                                                                              VMAC.f dm2, dm2, ex0, ex3, r4
.aggressive_scheduled_block_id 5
.nohwbrkpt
.noswbrkpt
        2966    0x21 0x28 0xa9 0x48                                                                                                                                                                                                                              VMAC.f dm1, dm1, ex4, ex5, r4
.aggressive_scheduled_block_id 5
.aggressive_scheduled_block_id last
.nohwbrkpt
.noswbrkpt
        2970    0x24 0x8c 0xe9 0x48                                                                                                                                                                                                                              VMAC.f dm4, dm4, ex6, ex7, r4
        2974    0x22 0x48 0xe9 0x48                                                                                                                                                                                                                              VMAC.f dm2, dm2, ex4, ex7, r4
        2978    0x23 0x62 0x49 0x48                                                                                                                                                                                                                              VMAC.f dm3, dm3, ex1, ex2, r4
        2982    0x24 0x82 0x69 0x48                                                                                                                                                                                                                              VMAC.f dm4, dm4, ex1, ex3, r4
        2986    0x00 0x00                                                                        NOPX
        2988    0x63 0x94 0x60 0x02 0x23 0x6c 0xa9 0x62                                                                                                      VST.CONV.bf16.fp32 cml1, [p3], #64;                                                                 VMAC.f dm3, dm3, ex6, ex5, r4
        2996    0x63 0x9c 0x60 0x02 0x24 0x8c 0xe9 0x62                                                                                                      VST.CONV.bf16.fp32 cmh1, [p3], #64;                                                                 VMAC.f dm4, dm4, ex6, ex7, r4
        3004    0x0b 0x1d 0x23 0x18                                                                                                                          VST.CONV.bf16.fp32 cml2, [p3], #64
        3008    0x0b 0x49 0x63 0x18                                                                                                                          VST.CONV.bf16.fp32 cmh2, [p3], m2
        3012    0x00 0x00                                                                        NOPX
        3014    0x00 0x00                                                                        NOPX
        3016    0x0b 0x1d 0xa3 0x18                                                                                                                          VST.CONV.bf16.fp32 cml3, [p3], #64
        3020    0x0b 0x1d 0xe3 0x18                                                                                                                          VST.CONV.bf16.fp32 cmh3, [p3], #64
        3024    0x00 0x2c 0xf0 0x00 0x23 0x06 0x23 0x00 0x00 0x00 0x01 0xa5 0x78 0x00 0x00 0xe1  NOPA;                         NOPB;                         VST.CONV.bf16.fp32 cml4, [p3];NOPX;                         NOPM;                                   NOPV
.label ZLE_Fmatmul_vectorized_different_datatypes_1728
.end_of_loop
        3040    0x00 0x2c 0xf0 0x00 0x23 0x16 0x63 0x00 0x00 0x00 0x01 0xa5 0x78 0x00 0x00 0xe1  NOPA;                         NOPB;                         VST.CONV.bf16.fp32 cmh4, [p3, #64];NOPX;                    NOPM;                                   NOPV
.loop_nesting 0
        3056    0x10 0x28 0x00 0x18                                                                                                                                                        RET lr
.delay_slot
        3060    0xfe 0xe0 0x00 0x00 0x01 0xc4                                                                                                                                              PADDXM [sp], #-2304
.delay_slot
        3066    0x12 0x10 0x00 0x18                                                                                                                                                        EVENT #1
.delay_slot
.swstall delay_slot
        3070    0x00 0x00                                                                        NOPX
.delay_slot
.swstall delay_slot
        3072    0x00 0x00                                                                        NOPX
.delay_slot
.swstall delay_slot
        3074    0x00 0x00                                                                        NOPX
.label matmul_vectorized_different_datatypes__end

.text_segment PM   3088
.label zero_kernel_bf16
.function_start
        3088    0x18 0x10 0xc0 0xf8                                                                                                                                                                                      MOV r0, p0
        3092    0x00 0x00 0x80 0xa0 0x00 0x44                                                                                                                                              MOVXM r1, #32768
        3098    0x18 0x50 0x81 0x58                                                                                                                                                                                      ADD.NC r1, r1, r0
        3102    0x10 0x04 0x1b 0x98                                                                                                                                                        GEU r2, r0, r1
        3106    0x10 0x06 0x70 0x40 0x01 0x84                                                                                                                                              JNZ r2, #3296
.delay_slot
.swstall delay_slot
        3112    0x00 0x00                                                                        NOPX
.delay_slot
.swstall delay_slot
        3114    0x00 0x00                                                                        NOPX
.delay_slot
.swstall delay_slot
        3116    0x00 0x00                                                                        NOPX
.delay_slot
.swstall delay_slot
        3118    0x00 0x00                                                                        NOPX
.delay_slot
.swstall delay_slot
        3120    0x00 0x00                                                                        NOPX
        3122    0x00 0x18 0x00 0x00 0x00 0x00 0x7e 0x68 0x10 0xba                                MOVA r24, #0;                                                                             MOVXM ls, #3280
        3132    0x00 0x00 0x06 0xf9 0xa0 0x44                                                                                                                                              MOVXM le, #3280
        3138    0xff 0x40 0x00 0x02 0x20 0x0c 0x68 0x10 0x08 0xba                                MOVA r0, #-6;                                                                             SUB r2, r1, r0;               ADD.NC r3, r0, #64
        3148    0x00 0x21 0x00 0x07 0xb0 0xe4 0x48 0xbf 0xc8 0xba                                MOVA r1, #1;                                                                              LTU r27, r3, r1;              ADD.NC r2, r2, #-1
        3158    0x10 0x01 0xd0 0xc2 0xe5 0xe4                                                                                                                                              ASHL r0, r2, r0;              VBCST.16 x0, r24
        3164    0x00 0x00 0xe0 0x01 0x25 0xe4                                                                                                                                              ADD r0, r0, #1;               VMOV bmll0, x0
        3170    0x10 0x40 0x02 0x18                                                                                                                                                        SEL.EQZ r0, r1, r0, r27
        3174    0x00 0x2c 0xf0 0x00 0x10 0x02 0xb8 0x10 0x7e 0xba                                NOPA;                         NOPB;                                                                                     MOV lc, r0
        3184    0x00 0x2c 0xf0 0x00 0x20 0x01 0x5b 0x00 0x00 0x00 0x01 0xa5 0x78 0x00 0x00 0xe1  NOPA;                         NOPB;                         NOPS;                         NOPX;                         NOPM;                                   NOPV
        3200    0x00 0x2c 0xf0 0x00 0x20 0x01 0x5b 0x00 0x00 0x00 0x01 0xa5 0x78 0x00 0x00 0xe1  NOPA;                         NOPB;                         NOPS;                         NOPX;                         NOPM;                                   NOPV
        3216    0x00 0x2c 0xf0 0x00 0x20 0x01 0x5b 0x00 0x00 0x00 0x01 0xa5 0x78 0x00 0x00 0xe1  NOPA;                         NOPB;                         NOPS;                         NOPX;                         NOPM;                                   NOPV
        3232    0x00 0x2c 0xf0 0x00 0x20 0x01 0x5b 0x00 0x00 0x00 0x01 0xa5 0x78 0x00 0x00 0xe1  NOPA;                         NOPB;                         NOPS;                         NOPX;                         NOPM;                                   NOPV
        3248    0x00 0x2c 0xf0 0x00 0x20 0x01 0x5b 0x00 0x00 0x00 0x01 0xa5 0x78 0x00 0x00 0xe1  NOPA;                         NOPB;                         NOPS;                         NOPX;                         NOPM;                                   NOPV
        3264    0x00 0x2c 0xf0 0x00 0x20 0x01 0x5b 0x00 0x00 0x00 0x01 0xa5 0x78 0x00 0x00 0xe1  NOPA;                         NOPB;                         NOPS;                         NOPX;                         NOPM;                                   NOPV
.label ZLS_Fzero_kernel_bf16_192
.loop_nesting 1
.begin_of_loop
.end_of_loop
        3280    0x00 0x2c 0xf0 0x00 0x20 0x1c 0x06 0x80 0x00 0x00 0x01 0xa5 0x78 0x00 0x00 0xe1  NOPA;                         NOPB;                         VST bmll0, [p0], #64;         NOPX;                         NOPM;                                   NOPV
.label TGT_Fzero_kernel_bf16_208
.loop_nesting 0
        3296    0x10 0x28 0x00 0x18                                                                                                                                                        RET lr
.delay_slot
.swstall delay_slot
        3300    0x00 0x00                                                                        NOPX
.delay_slot
.swstall delay_slot
        3302    0x00 0x00                                                                        NOPX
.delay_slot
.swstall delay_slot
        3304    0x00 0x00                                                                        NOPX
.delay_slot
.swstall delay_slot
        3306    0x00 0x00                                                                        NOPX
.delay_slot
.swstall delay_slot
        3308    0x00 0x00                                                                        NOPX
.label zero_kernel_bf16__end

.text_segment PM   3312
.label _fini
.function_start
        3312    0x00 0x08 0x00 0x00 0x01 0xc4                                                                                                                                              PADDXM [sp], #64
        3318    0xff 0x3a 0xb0 0x00 0x00 0x02 0x08 0x00 0x11 0x3a                                                                                            ST r14, [sp, #-8];            MOVXM r16, #0
        3328    0xfe 0xf3 0xb0 0x00 0x00 0x01 0xc8 0x00 0x11 0x3a                                                                                            ST p7, [sp, #-12];            MOVXM r14, #0
        3338    0x74 0x20 0xfe 0xd0 0x41 0xe4                                                                                                                                              EQ r16, r14, r16;             MOV p7, r16
        3344    0x80 0x06 0xb8 0x40 0x01 0x84                                                                                                                                              JNZ r16, #3440
.delay_slot
        3350    0x0f 0xfd 0xf5 0x98                                                                                                                          ST r15, [sp, #-4]
.delay_slot
        3354    0x0f 0xf0 0x3d 0x98                                                                                                                          ST lr, [sp, #-16]
.delay_slot
.swstall delay_slot
        3358    0x00 0x00                                                                        NOPX
.delay_slot
.swstall delay_slot
        3360    0x00 0x00                                                                        NOPX
.delay_slot
.swstall delay_slot
        3362    0x00 0x2c 0xf0 0x02 0xb6 0x00 0x00 0x40 0x1a 0x57 0x00 0x00 0x1c 0x2e            NOPA;                                                       NOPS;                                                       NOPM;                                   NOPV
.label TGT_F_fini_64
.loop_nesting 1
        3376    0x07 0x1c 0x1e 0x98                                                              LDA p0, [p7], #4
        3380    0x00 0x00                                                                        NOPX
        3382    0x00 0x00                                                                        NOPX
        3384    0x00 0x00                                                                        NOPX
        3386    0x00 0x00                                                                        NOPX
        3388    0x00 0x00                                                                        NOPX
        3390    0x00 0x00                                                                        NOPX
.no_stack_arguments
        3392    0x10 0x30 0x00 0x18                                                                                                                                                        JL p0
.delay_slot
        3396    0x1b 0xde 0xc0 0xf8                                                                                                                                                                                      MOV r15, p7
.delay_slot
.swstall delay_slot
        3400    0x00 0x00                                                                        NOPX
.delay_slot
.swstall delay_slot
        3402    0x00 0x00                                                                        NOPX
.delay_slot
.swstall delay_slot
        3404    0x00 0x00                                                                        NOPX
.delay_slot
.swstall delay_slot
        3406    0x00 0x00                                                                        NOPX
.return_address
        3408    0x13 0xe0 0xe8 0x98                                                                                                                                                        NE r16, r15, r14
        3412    0x80 0x06 0x98 0x40 0x01 0x84                                                                                                                                              JNZ r16, #3376
.delay_slot
.swstall delay_slot
        3418    0x00 0x00                                                                        NOPX
.delay_slot
.swstall delay_slot
        3420    0x00 0x00                                                                        NOPX
.delay_slot
.swstall delay_slot
        3422    0x00 0x00                                                                        NOPX
.delay_slot
.swstall delay_slot
        3424    0x00 0x00                                                                        NOPX
.delay_slot
.swstall delay_slot
        3426    0x00 0x2c 0xf0 0x02 0xb6 0x00 0x00 0x40 0x1a 0x57 0x00 0x00 0x1c 0x2e            NOPA;                                                       NOPS;                                                       NOPM;                                   NOPV
.label TGT_F_fini_128
.loop_nesting 0
        3440    0x07 0xf0 0x39 0x18                                                              LDA lr, [sp, #-16]
        3444    0x07 0xf9 0xd1 0x18                                                              LDA r14, [sp, #-8]
        3448    0x07 0xfd 0xf1 0x18                                                              LDA r15, [sp, #-4]
        3452    0x07 0xf7 0x99 0x18                                                              LDA p7, [sp, #-12]
        3456    0x00 0x00                                                                        NOPX
        3458    0x00 0x00                                                                        NOPX
        3460    0x00 0x00                                                                        NOPX
        3462    0x10 0x28 0x00 0x18                                                                                                                                                        RET lr
.delay_slot
        3466    0xff 0xf8 0x00 0x00 0x01 0xc4                                                                                                                                              PADDXM [sp], #-64
.delay_slot
.swstall delay_slot
        3472    0x00 0x00                                                                        NOPX
.delay_slot
.swstall delay_slot
        3474    0x00 0x00                                                                        NOPX
.delay_slot
.swstall delay_slot
        3476    0x00 0x00                                                                        NOPX
.delay_slot
.swstall delay_slot
        3478    0x00 0x00                                                                        NOPX
.label _fini__end

.text_segment PM   3488
.label __cxa_finalize
.function_start
        3488    0xff 0xa1 0x00 0x00 0x02 0x00 0x00 0x00 0x70 0xba                                MOVA r1, #-3;                                                                             PADDXM [sp], #64
        3498    0xfa 0x82 0xb0 0x00 0x41 0x08 0x6d 0xe0 0x79 0x3a                                                                                            ST r0, [sp, #-44];            MOVX r4, #8;                  MOV r3, packSign1
        3508    0xfb 0x0e 0xb0 0x00 0x6e 0x30 0x70 0x02                                                                                                      ST r3, [sp, #-40];                                          MOV r3, unpackSign1
        3516    0xfc 0x0e 0xb0 0x00 0x6a 0x30 0x70 0x02                                                                                                      ST r3, [sp, #-32];                                          MOV r3, unpackSign0
        3524    0xfc 0x8e 0xb0 0x00 0x6c 0x70 0x70 0x02                                                                                                      ST r3, [sp, #-28];                                          MOV r3, crSRSMode
        3532    0xfd 0x8e 0xb0 0x00 0x6b 0xb0 0x70 0x02                                                                                                      ST r3, [sp, #-20];                                          MOV r3, crPackSize
        3540    0xfe 0x8e 0xb0 0x00 0x01 0xfc 0x32 0x9a 0x11 0x3a                                                                                            ST r3, [sp, #-12];            MOVXM p0, #521524
        3550    0x00 0x8a 0xd7 0xdc 0x3d 0x80 0x6a 0x70 0x72 0xba                                LDA r2, [p0];                                               ST lr, [sp, #-36];                                          MOV r3, crSat
        3560    0xff 0x8e 0xb0 0x00 0x69 0x70 0x70 0x02                                                                                                      ST r3, [sp, #-4];                                           MOV r3, crUnpackSize
        3568    0x00 0x92 0x30 0x01 0x4c 0x30 0x70 0x02                                                                                                      ST r4, [p0];                                                MOV r10, upsSign1
        3576    0xff 0x0e 0xb0 0x01 0x08 0x30 0x70 0x02                                                                                                      ST r3, [sp, #-8];                                           MOV r8, upsSign0
        3584    0x1b 0x1a 0x60 0xf8                                                                                                                                                                                      MOV r12, vaddSign1
        3588    0x1a 0x52 0x60 0xf8                                                                                                                                                                                      MOV r9, vaddSign0
        3592    0x1a 0xdf 0xc0 0xf8                                                                                                                                                                                      MOV r11, srsSign1
        3596    0x10 0xbc 0x66 0xaf 0x81 0xe4                                                                                                                                              ADD r2, r2, #-8;              MOV r13, srsSign0
        3602    0x13 0x83 0xd0 0xbe 0xc1 0xe4                                                                                                                                              ASHL r14, r2, r1;             MOV r1, crRnd
        3608    0xfe 0x06 0xb0 0x00 0x2e 0x70 0x70 0x02                                                                                                      ST r1, [sp, #-16];                                          MOV r1, crUPSMode
        3616    0xfd 0x06 0xb0 0x01 0xe9 0xe0 0x70 0x02                                                                                                      ST r1, [sp, #-24];                                          MOV r15, packSign0
        3624    0x00 0x07 0xf0 0xaa 0x28 0x44                                                                                                                                              MOVXM r1, #521492
        3630    0x1e 0x60 0x89 0x58                                                                                                                                                                                      ADD.NC p6, r1, r2
        3634    0x00 0x2c 0xf0 0x00 0x20 0x00 0x00 0x76 0xe4 0x02 0x00 0x2b 0x60 0x7e            NOPA;                         NOPB;                         NOPS;                         MOVXM p7, #3648
.label TGT_F__cxa_finalize_160
.loop_nesting 1
        3648    0x06 0x1c 0x9e 0x98                                                              LDA p1, [p6], #4
        3652    0x06 0xdc 0x1e 0x98                                                              LDA p0, [p6], #-12
        3656    0x00 0x00                                                                        NOPX
        3658    0x00 0x00                                                                        NOPX
        3660    0x00 0x00                                                                        NOPX
        3662    0x00 0x00                                                                        NOPX
        3664    0x00 0x00                                                                        NOPX
.no_stack_arguments
        3666    0x10 0x30 0x40 0x18                                                                                                                                                        JL p1
.delay_slot
.swstall delay_slot
        3670    0x00 0x00                                                                        NOPX
.delay_slot
.swstall delay_slot
        3672    0x00 0x00                                                                        NOPX
.delay_slot
.swstall delay_slot
        3674    0x00 0x00                                                                        NOPX
.delay_slot
.swstall delay_slot
        3676    0x00 0x00                                                                        NOPX
.delay_slot
.swstall delay_slot
        3678    0x00 0x00                                                                        NOPX
.return_address
        3680    0x13 0x9d 0xe0 0x18                                                                                                                                                        JNZD r14, r14, p7
.delay_slot
.swstall delay_slot
        3684    0x00 0x00                                                                        NOPX
.delay_slot
.swstall delay_slot
        3686    0x00 0x00                                                                        NOPX
.delay_slot
.swstall delay_slot
        3688    0x00 0x00                                                                        NOPX
.delay_slot
.swstall delay_slot
        3690    0x00 0x00                                                                        NOPX
.delay_slot
.swstall delay_slot
        3692    0x00 0x00                                                                        NOPX
.loop_nesting 0
        3694    0xfb 0x87 0x20 0x15 0xea 0x02 0x9b 0x10 0x78 0xba                                LDA lr, [sp, #-36];                                                                       MOVX upsSign1, r10;           MOV vaddSign1, r12
        3704    0xfb 0x06 0x20 0x11 0xca 0x00 0x9a 0x50 0x78 0xba                                LDA r1, [sp, #-40];                                                                       MOVX upsSign0, r8;            MOV vaddSign0, r9
        3714    0xfc 0x0a 0x20 0x17 0xe6 0x00 0xf3 0xd0 0x78 0xba                                LDA r2, [sp, #-32];                                                                       MOVX srsSign1, r11;           MOV packSign0, r15
        3724    0xfd 0x82 0x26 0xf1 0x80 0x2c                                                    LDA r0, [sp, #-20];                                                                       MOVX srsSign0, r13
        3730    0x07 0xe4 0xb1 0x18                                                              LDA r5, [sp, #-28]
        3734    0x07 0xf4 0x71 0x18                                                              LDA r3, [sp, #-12]
        3738    0x07 0xfc 0x91 0x18                                                              LDA r4, [sp, #-4]
        3742    0x07 0xf8 0xd1 0x18                                                              LDA r6, [sp, #-8]
        3746    0xfe 0x06 0x20 0xf8 0x80 0x2c                                                    LDA r1, [sp, #-16];                                                                       MOVX packSign1, r1
        3752    0xfd 0x0a 0x21 0x7b 0x80 0x2c                                                    LDA r2, [sp, #-24];                                                                       MOVX unpackSign1, r2
        3758    0xfa 0x82 0x20 0x76 0x00 0x2c                                                    LDA r0, [sp, #-44];                                                                       MOVX crSRSMode, r0
        3764    0x05 0x00 0x04 0x65 0x41 0xe4                                                                                                                                              RET lr;                       MOV unpackSign0, r5
.delay_slot
        3770    0xff 0xf8 0x00 0x00 0x01 0xc4                                                                                                                                              PADDXM [sp], #-64
.delay_slot
        3776    0x1f 0x40 0x04 0xe4 0x41 0xe4                                                                                                                                              MOVX crPackSize, r3;          MOV crSat, r4
.delay_slot
        3782    0x11 0xbc 0x80 0x18                                                                                                                                                        MOVX crUnpackSize, r6
.delay_slot
        3786    0x10 0x7a 0x80 0x18                                                                                                                                                        MOVX crRnd, r1
.delay_slot
        3790    0x10 0xbc 0x00 0x18                                                                                                                                                        MOVX crUPSMode, r2
.label __cxa_finalize__end

.bss_segment DMb 521484	    4

.bss_segment DMb 521488	    1

.data_segment DMb 521492
.label _ZL7atexits
	0xf0
	0xc
	0x0
	0x0
	0x0
	0x0
	0x0
	0x0
	0x0
	0x0
	0x0
	0x0
	0x0
	0x0
	0x0
	0x0
	0x0
	0x0
	0x0
	0x0
	0x0
	0x0
	0x0
	0x0
	0x0
	0x0
	0x0
	0x0
	0x0
	0x0
	0x0
	0x0
.label _ZL10atexit_cnt
	0x8
	0x0
	0x0
	0x0

.stack DM_stack 458752 462080
