
// File generated by darts version V-2024.06#8be6237c82#250729, Sun Jun 28 22:08:55 2026
// Copyright 2014-2024 Synopsys, Inc. All rights reserved.
// darts -I/home/bcloud/torch2aie/toolchain/aietools/data/aie2p/lib -d -h -I/home/bcloud/torch2aie/toolchain/aietools/include -I/home/bcloud/torch2aie/toolchain/aietools/data/aie2p/lib/runtime_cxx/libcxx-lite/include -I/home/bcloud/torch2aie/toolchain/aietools/data/aie2p/lib/runtime_cxx/libs/libcxx-16/include -I/home/bcloud/torch2aie/toolchain/aietools/data/aie2p/lib/runtime_cxx/libs/libcxxabi-16/include -I/home/bcloud/torch2aie/toolchain/aietools/data/aie2p/lib/runtime/include -D__AIENGINE__ -D__AIE_ARCH__=21 -D__AIEARCH__=21 -D__tct_tgt__=250729 -L +Ihex +nanno +u /home/bcloud/torch2aie/examples/gemm_asymmetric_tile_buffering/config2/build_40col/aie_6144x4096x3840_192x128x96.mlir.prj/main_core_28_5.elf me

// Release: ipp V-2024.06-TGT-250729

.text_segment PM      0
.entry_point
.label __AIE_ARCH_MODEL_VERSION__21011400__inlined__1__me_basic___main_init_
.label _main_init
.function_start
           0    0x00 0x07 0x09 0xe0 0x00 0x44                                                                                                                                              MOVXM sp, #458752
           6    0x00 0x00 0x04 0x20 0x00 0x44                                                                                                                                              MOVXM r8, #0
          12    0x00 0x00 0x08 0x20 0x00 0x44                                                                                                                                              MOVXM r16, #0
          18    0x12 0x21 0x07 0x98                                                                                                                                                        EQ r16, r8, r16
          22    0x80 0x00 0x40 0x40 0x01 0x84                                                                                                                                              JNZ r16, #128
.delay_slot
.swstall delay_slot
          28    0x00 0x00                                                                        NOPX
.delay_slot
.swstall delay_slot
          30    0x00 0x00                                                                        NOPX
.delay_slot
.swstall delay_slot
          32    0x00 0x00                                                                        NOPX
.delay_slot
.swstall delay_slot
          34    0x00 0x00                                                                        NOPX
.delay_slot
.swstall delay_slot
          36    0x00 0x00                                                                        NOPX
          38    0x00 0x2c 0xf7 0x80 0x8b 0x01 0x28 0x50 0x72 0xba                                NOPA;                                                       MOVS p7, p0;                                                MOV r9, r1
          48    0x00 0x2c 0xf0 0x00 0x20 0x01 0x5b 0x3f 0xff 0xff 0x37 0xfe 0x10 0x00 0x00 0xe1  NOPA;                         NOPB;                         NOPS;                         MOVXM p6, #-4;                                                        NOPV
.label TGT_F_main_init_64
.loop_nesting 1
          64    0xdf 0x83 0xd5 0x39 0x81 0xd4                                                    LDA p0, [p6], #-4;                                                                                                      MOV r10, p6
          70    0x00 0x00                                                                        NOPX
          72    0x00 0x00                                                                        NOPX
          74    0x00 0x00                                                                        NOPX
          76    0x00 0x00                                                                        NOPX
          78    0x00 0x00                                                                        NOPX
          80    0x00 0x00                                                                        NOPX
.no_stack_arguments
          82    0x10 0x30 0x00 0x18                                                                                                                                                        JL p0
.delay_slot
.swstall delay_slot
          86    0x00 0x00                                                                        NOPX
.delay_slot
.swstall delay_slot
          88    0x00 0x00                                                                        NOPX
.delay_slot
.swstall delay_slot
          90    0x00 0x00                                                                        NOPX
.delay_slot
.swstall delay_slot
          92    0x00 0x00                                                                        NOPX
.delay_slot
.swstall delay_slot
          94    0x00 0x00                                                                        NOPX
.return_address
          96    0x12 0xa0 0x88 0x98                                                                                                                                                        NE r16, r10, r8
         100    0x80 0x00 0x20 0x40 0x01 0x84                                                                                                                                              JNZ r16, #64
.delay_slot
.swstall delay_slot
         106    0x00 0x00                                                                        NOPX
.delay_slot
.swstall delay_slot
         108    0x00 0x00                                                                        NOPX
.delay_slot
.swstall delay_slot
         110    0x00 0x00                                                                        NOPX
.delay_slot
.swstall delay_slot
         112    0x00 0x00                                                                        NOPX
.delay_slot
.swstall delay_slot
         114    0x00 0x00                                                                        NOPX
.loop_nesting 0
         116    0x00 0x2c 0xf0 0x00 0x20 0x9c 0x8b 0x00 0x2a 0x50 0x70 0xf6                      NOPA;                         NOPB;                         MOVS p0, p7;                                                MOV r1, r9
.label TGT_F_main_init_128
.no_stack_arguments
         128    0x00 0x00 0x70 0x00 0x01 0x04                                                                                                                                              JL #224
.delay_slot
.swstall delay_slot
         134    0x00 0x00                                                                        NOPX
.delay_slot
.swstall delay_slot
         136    0x00 0x00                                                                        NOPX
.delay_slot
.swstall delay_slot
         138    0x00 0x00                                                                        NOPX
.delay_slot
.swstall delay_slot
         140    0x00 0x00                                                                        NOPX
.delay_slot
.swstall delay_slot
         142    0x00 0x00                                                                        NOPX
.return_address
.no_stack_arguments
         144    0x00 0x13 0x50 0x00 0x01 0x04                                                                                                                                              JL #9888
.delay_slot
         150    0x18 0x60 0x00 0xb8                                                                                                                                                                                      MOV p0, #0
.delay_slot
.swstall delay_slot
         154    0x00 0x00                                                                        NOPX
.delay_slot
.swstall delay_slot
         156    0x00 0x00                                                                        NOPX
.delay_slot
.swstall delay_slot
         158    0x00 0x00                                                                        NOPX
.delay_slot
.swstall delay_slot
         160    0x00 0x2c 0xf0 0x00 0x20 0x01 0x5b 0x00 0x00 0x00 0x01 0xa5 0x78 0x00 0x00 0xe1  NOPA;                         NOPB;                         NOPS;                         NOPX;                         NOPM;                                   NOPV
.return_address
.swstall chess_separator_scheduler
         176    0x00 0x00                                                                        NOPX
.swstall chess_separator_scheduler
         178    0x00 0x00                                                                        NOPX
.swstall chess_separator_scheduler
         180    0x00 0x00                                                                        NOPX
.swstall chess_separator_scheduler
         182    0x00 0x00                                                                        NOPX
.swstall chess_separator_scheduler
         184    0x00 0x00                                                                        NOPX
.swstall chess_separator_scheduler
         186    0x00 0x00                                                                        NOPX
         188    0x10 0x08 0x00 0x18                                                                                                                                                        DONE
.swstall chess_separator_scheduler
         192    0x00 0x00                                                                        NOPX
.swstall chess_separator_scheduler
         194    0x00 0x00                                                                        NOPX
.swstall chess_separator_scheduler
         196    0x00 0x00                                                                        NOPX
.swstall chess_separator_scheduler
         198    0x00 0x00                                                                        NOPX
.swstall chess_separator_scheduler
         200    0x00 0x00                                                                        NOPX
.swstall chess_separator_scheduler
         202    0x00 0x00                                                                        NOPX
.swstall for_chess_exit
.exit
         204    0x00 0x01 0x67 0x98                                                              NOPA
.label TGT_F_main_init_208
.loop_nesting 1
         208    0x00 0x00 0x68 0x00 0x00 0x84                                                                                                                                              J #208
.delay_slot
.swstall delay_slot
         214    0x00 0x00                                                                        NOPX
.delay_slot
.swstall delay_slot
         216    0x00 0x00                                                                        NOPX
.delay_slot
.swstall delay_slot
         218    0x00 0x00                                                                        NOPX
.delay_slot
.swstall delay_slot
         220    0x00 0x00                                                                        NOPX
.delay_slot
.swstall delay_slot
         222    0x00 0x00                                                                        NOPX
.label _main_init__end
.label core_28_5
.function_start
         224    0x00 0x18 0x02 0x9c 0x8b 0x00 0x02 0x00 0x00 0x00 0x70 0x76                      MOVA r24, #0;                                               MOVS p2, p7;                  PADDXM [sp], #64
         236    0x00 0x13 0x07 0xd3 0x15 0x80 0x01 0xfb 0xb7 0x00 0x10 0x76                      MOVA r19, #0;                                               ST r24, [sp, #-48];           MOVXM p7, #519680
         248    0xe3 0xe2 0x30 0x00 0xf0 0x28 0x4b 0xd0 0x79 0x3a                                                                                            ST r24, [p7], #4;             MOVX r15, #1;                 MOV r2, r15
         258    0xe0 0xe2 0x30 0x00 0x0b 0x90 0x70 0x02                                                                                                      ST r24, [p7];                                               MOV r0, r14
         266    0xff 0x8a 0xb0 0x00 0x8b 0x50 0x70 0x02                                                                                                      ST r2, [sp, #-4];                                           MOV r4, r13
         274    0xff 0x02 0xb0 0x00 0x2b 0x10 0x70 0x02                                                                                                      ST r0, [sp, #-8];                                           MOV r1, r12
         282    0xfe 0x92 0xb0 0x00 0xaa 0xd0 0x70 0x02                                                                                                      ST r4, [sp, #-12];                                          MOV r5, r11
         290    0xfe 0x06 0xb0 0x00 0x6a 0x90 0x70 0x02                                                                                                      ST r1, [sp, #-16];                                          MOV r3, r10
         298    0xfd 0x16 0xb0 0x00 0x01 0xf5 0x4e 0x00 0x11 0x3a                                                                                            ST r5, [sp, #-24];            MOVXM r10, #515072
         308    0xfc 0x0e 0xb0 0x00 0x01 0xf1 0x6d 0x00 0x11 0x3a                                                                                            ST r3, [sp, #-32];            MOVXM r11, #510464
         318    0x0f 0xdd 0x35 0x98                                                                                                                          ST r9, [sp, #-36]
         322    0x0f 0xd9 0x15 0x98                                                                                                                          ST r8, [sp, #-40]
         326    0x0f 0xed 0x1d 0x98                                                                                                                          ST p2, [sp, #-20]
         330    0x0f 0xe7 0x1d 0x98                                                                                                                          ST p6, [sp, #-28]
         334    0x0f 0xd4 0x3d 0x98                                                                                                                          ST lr, [sp, #-44]
         338    0x00 0x2c 0xfe 0x2e 0x23 0x00 0x00 0x40 0x1a 0x57 0x00 0x00 0x1c 0x2e            NOPA;                                                       ST r24, [p7, #4];                                           NOPM;                                   NOPV
.label TGT_Fcore_28_5_128
.loop_nesting 1
.no_stack_arguments
         352    0xff 0xe1 0x00 0x00 0x04 0x30 0x00 0x00 0x40 0xba                                MOVA r1, #-1;                                                                             JL #8576
.delay_slot
         362    0x10 0x00 0xd1 0x18                                                                                                                                                        MOVX r0, #52
.delay_slot
         366    0x0f 0xce 0x75 0x98                                                                                                                          ST r19, [sp, #-52]
.delay_slot
.swstall delay_slot
         370    0x00 0x00                                                                        NOPX
.delay_slot
.swstall delay_slot
         372    0x00 0x00                                                                        NOPX
.delay_slot
.swstall delay_slot
         374    0x00 0x2c 0xf0 0x00 0x10 0x00 0x01 0xa5 0x7e 0xba                                NOPA;                         NOPB;                                                                                     NOPM
.return_address
.no_stack_arguments
         384    0x00 0x12 0xa0 0x00 0x01 0x04                                                                                                                                              JL #9536
.delay_slot
         390    0x00 0x07 0x00 0xda 0x00 0x44                                                                                                                                              MOVXM p0, #462080
.delay_slot
.swstall delay_slot
         396    0x00 0x00                                                                        NOPX
.delay_slot
.swstall delay_slot
         398    0x00 0x00                                                                        NOPX
.delay_slot
.swstall delay_slot
         400    0x00 0x00                                                                        NOPX
.delay_slot
.swstall delay_slot
         402    0x00 0x2c 0xf0 0x02 0xb6 0x00 0x00 0x40 0x1a 0x57 0x00 0x00 0x1c 0x2e            NOPA;                                                       NOPS;                                                       NOPM;                                   NOPV
.return_address
         416    0x00 0x2c 0xf0 0x00 0x20 0x01 0x5b 0x00 0x83 0xe8 0x01 0xa5 0x78 0x00 0x00 0xe1  NOPA;                         NOPB;                         NOPS;                         MOVX r8, #31;                 NOPM;                                   NOPV
.label TGT_Fcore_28_5_208
.loop_nesting 2
.no_stack_arguments
         432    0x06 0x60 0x00 0x00 0x04 0x30 0x00 0x00 0x40 0xba                                MOVA r0, #51;                                                                             JL #8576
.delay_slot
         442    0x17 0xc2 0xfd 0x18                                                                                                                                                        MOVX r1, #-1
.delay_slot
.swstall delay_slot
         446    0x00 0x00                                                                        NOPX
.delay_slot
.swstall delay_slot
         448    0x00 0x00                                                                        NOPX
.delay_slot
.swstall delay_slot
         450    0x00 0x00                                                                        NOPX
.delay_slot
.swstall delay_slot
         452    0x00 0x2c 0xf0 0x00 0x20 0x00 0x00 0x00 0x00 0xad 0x81 0x36                      NOPA;                         NOPB;                         NOPS;                         NOPX
.return_address
         464    0xe0 0xca 0xd0 0x3e 0x17 0xe8 0x08 0x31 0x58 0xba                                LDA r18, [p7];                                                                            MOVX r1, #-1;                 MOV r0, #49
         474    0x00 0x00                                                                        NOPX
         476    0x00 0x00                                                                        NOPX
.no_stack_arguments
         478    0x00 0x10 0xc0 0x00 0x01 0x04                                                                                                                                              JL #8576
.delay_slot
         484    0x00 0x07 0x98 0x28 0x00 0x44                                                                                                                                              MOVXM r16, #496640
.delay_slot
         490    0x00 0x07 0x58 0xbc 0x00 0x44                                                                                                                                              MOVXM r17, #482816
.delay_slot
.swstall delay_slot
         496    0x00 0x00                                                                        NOPX
.delay_slot
         498    0x13 0xf7 0x27 0x98                                                                                                                                                        EQ r27, r15, r18
.delay_slot
         502    0x00 0x2c 0xf0 0x01 0x5b 0x00 0x04 0x5d 0x02 0x7a                                NOPA;                                                       NOPS;                         SEL.EQZ r14, r17, r16, r27
.return_address
         512    0xe2 0xc2 0xd2 0xce 0x41 0xd4                                                    LDA r16, [p7, #4];                                                                                                      MOV p1, r14
         518    0x1e 0x62 0xc0 0xf8                                                                                                                                                                                      MOV p6, p1
         522    0x00 0x00                                                                        NOPX
         524    0x00 0x00                                                                        NOPX
.no_stack_arguments
         526    0x00 0x10 0xe0 0x00 0x01 0x04                                                                                                                                              JL #8640
.delay_slot
         532    0x00 0x07 0x04 0xda 0x00 0x44                                                                                                                                              MOVXM p2, #462080
.delay_slot
.swstall delay_slot
         538    0x00 0x00                                                                        NOPX
.delay_slot
         540    0x13 0xf7 0x07 0x98                                                                                                                                                        EQ r27, r15, r16
.delay_slot
         544    0x12 0xe0 0xa2 0x18                                                                                                                                                        SEL.EQZ r16, r11, r10, r27
.delay_slot
         548    0x00 0x2c 0xf0 0x00 0x20 0x01 0x5b 0x00 0x34 0x10 0x70 0xf6                      NOPA;                         NOPB;                         NOPS;                                                       MOV p0, r16
.return_address
.no_stack_arguments
         560    0x06 0x00 0x00 0x00 0x04 0x34 0x00 0x00 0x40 0xba                                MOVA r0, #48;                                                                             JL #8608
.delay_slot
         570    0x10 0x02 0x05 0x18                                                                                                                                                        MOVX r1, #1
.delay_slot
         574    0x10 0x1a 0x05 0x18                                                                                                                                                        MOVX r13, #1
.delay_slot
.swstall delay_slot
         578    0x00 0x00                                                                        NOPX
.delay_slot
.swstall delay_slot
         580    0x00 0x00                                                                        NOPX
.delay_slot
.swstall delay_slot
         582    0x00 0x2c 0xf0 0x00 0x10 0x00 0x01 0xa5 0x7e 0xba                                NOPA;                         NOPB;                                                                                     NOPM
.return_address
         592    0xe2 0xc2 0xd0 0x3e 0x17 0xe8 0x08 0x31 0x58 0xba                                LDA r16, [p7, #4];                                                                        MOVX r1, #-1;                 MOV r0, #49
         602    0x00 0x00                                                                        NOPX
         604    0x00 0x00                                                                        NOPX
         606    0x00 0x00                                                                        NOPX
         608    0x00 0x00                                                                        NOPX
.no_stack_arguments
         610    0x00 0x10 0xc0 0x00 0x01 0x04                                                                                                                                              JL #8576
.delay_slot
.swstall delay_slot
         616    0x00 0x00                                                                        NOPX
.delay_slot
         618    0x14 0x20 0x07 0x18                                                                                                                                                        ADD r16, r16, #1
.delay_slot
         622    0x6e 0xe1 0x58 0xb0 0xfe 0x24                                                                                                                                              LT r27, r13, r16;             ADD.NC r17, r16, #-2
.delay_slot
         628    0x14 0x21 0x12 0x18                                                                                                                                                        SEL.EQZ r16, r16, r17, r27
.delay_slot
         632    0xe2 0xc2 0x30 0x00 0x01 0xa5 0x70 0x02                                                                                                      ST r16, [p7, #4];                                           NOPM
.return_address
         640    0xe2 0xc2 0xd2 0xd9 0x81 0xd4                                                    LDA r16, [p7, #4];                                                                                                      MOV p1, p6
         646    0x00 0x00                                                                        NOPX
         648    0x00 0x00                                                                        NOPX
         650    0x00 0x00                                                                        NOPX
.no_stack_arguments
         652    0x00 0x10 0xe0 0x00 0x01 0x04                                                                                                                                              JL #8640
.delay_slot
         658    0x00 0x07 0x04 0xda 0x00 0x44                                                                                                                                              MOVXM p2, #462080
.delay_slot
.swstall delay_slot
         664    0x00 0x00                                                                        NOPX
.delay_slot
         666    0x13 0x77 0x07 0x98                                                                                                                                                        EQ r27, r13, r16
.delay_slot
         670    0x12 0xe0 0xa2 0x18                                                                                                                                                        SEL.EQZ r16, r11, r10, r27
.delay_slot
         674    0x00 0x2c 0xf0 0x02 0xb6 0x00 0x00 0x43 0x41 0x07 0x00 0x00 0x1c 0x2e            NOPA;                                                       NOPS;                                                       MOV p0, r16;                            NOPV
.return_address
.no_stack_arguments
         688    0x06 0x00 0x00 0x00 0x04 0x34 0x00 0x00 0x40 0xba                                MOVA r0, #48;                                                                             JL #8608
.delay_slot
         698    0x10 0x02 0x05 0x18                                                                                                                                                        MOVX r1, #1
.delay_slot
.swstall delay_slot
         702    0x00 0x00                                                                        NOPX
.delay_slot
.swstall delay_slot
         704    0x00 0x00                                                                        NOPX
.delay_slot
.swstall delay_slot
         706    0x00 0x00                                                                        NOPX
.delay_slot
.swstall delay_slot
         708    0x00 0x2c 0xf0 0x00 0x20 0x00 0x00 0x00 0x00 0xad 0x81 0x36                      NOPA;                         NOPB;                         NOPS;                         NOPX
.return_address
         720    0xe2 0xc2 0xd0 0x3e 0x17 0xe8 0x08 0x31 0x58 0xba                                LDA r16, [p7, #4];                                                                        MOVX r1, #-1;                 MOV r0, #49
         730    0x00 0x00                                                                        NOPX
         732    0x00 0x00                                                                        NOPX
         734    0x00 0x00                                                                        NOPX
         736    0x00 0x00                                                                        NOPX
.no_stack_arguments
         738    0x00 0x10 0xc0 0x00 0x01 0x04                                                                                                                                              JL #8576
.delay_slot
.swstall delay_slot
         744    0x00 0x00                                                                        NOPX
.delay_slot
         746    0x14 0x20 0x07 0x18                                                                                                                                                        ADD r16, r16, #1
.delay_slot
         750    0x6e 0xe1 0x58 0xb0 0xfe 0x24                                                                                                                                              LT r27, r13, r16;             ADD.NC r17, r16, #-2
.delay_slot
         756    0x14 0x21 0x12 0x18                                                                                                                                                        SEL.EQZ r16, r16, r17, r27
.delay_slot
         760    0xe2 0xc2 0x30 0x00 0x01 0xa5 0x70 0x02                                                                                                      ST r16, [p7, #4];                                           NOPM
.return_address
         768    0xe2 0xc2 0xd2 0xd9 0x81 0xd4                                                    LDA r16, [p7, #4];                                                                                                      MOV p1, p6
         774    0x00 0x00                                                                        NOPX
         776    0x00 0x00                                                                        NOPX
         778    0x00 0x00                                                                        NOPX
.no_stack_arguments
         780    0x00 0x10 0xe0 0x00 0x01 0x04                                                                                                                                              JL #8640
.delay_slot
         786    0x00 0x07 0x04 0xda 0x00 0x44                                                                                                                                              MOVXM p2, #462080
.delay_slot
.swstall delay_slot
         792    0x00 0x00                                                                        NOPX
.delay_slot
         794    0x13 0x77 0x07 0x98                                                                                                                                                        EQ r27, r13, r16
.delay_slot
         798    0x12 0xe0 0xa2 0x18                                                                                                                                                        SEL.EQZ r16, r11, r10, r27
.delay_slot
         802    0x00 0x2c 0xf0 0x02 0xb6 0x00 0x00 0x43 0x41 0x07 0x00 0x00 0x1c 0x2e            NOPA;                                                       NOPS;                                                       MOV p0, r16;                            NOPV
.return_address
.no_stack_arguments
         816    0x06 0x00 0x00 0x00 0x04 0x34 0x00 0x00 0x40 0xba                                MOVA r0, #48;                                                                             JL #8608
.delay_slot
         826    0x10 0x02 0x05 0x18                                                                                                                                                        MOVX r1, #1
.delay_slot
.swstall delay_slot
         830    0x00 0x00                                                                        NOPX
.delay_slot
.swstall delay_slot
         832    0x00 0x00                                                                        NOPX
.delay_slot
.swstall delay_slot
         834    0x00 0x00                                                                        NOPX
.delay_slot
.swstall delay_slot
         836    0x00 0x2c 0xf0 0x00 0x20 0x00 0x00 0x00 0x00 0xad 0x81 0x36                      NOPA;                         NOPB;                         NOPS;                         NOPX
.return_address
         848    0xe2 0xc2 0xd0 0x3e 0x17 0xe8 0x08 0x31 0x58 0xba                                LDA r16, [p7, #4];                                                                        MOVX r1, #-1;                 MOV r0, #49
         858    0x00 0x00                                                                        NOPX
         860    0x00 0x00                                                                        NOPX
         862    0x00 0x00                                                                        NOPX
         864    0x00 0x00                                                                        NOPX
.no_stack_arguments
         866    0x00 0x10 0xc0 0x00 0x01 0x04                                                                                                                                              JL #8576
.delay_slot
.swstall delay_slot
         872    0x00 0x00                                                                        NOPX
.delay_slot
         874    0x14 0x20 0x07 0x18                                                                                                                                                        ADD r16, r16, #1
.delay_slot
         878    0x6e 0xe1 0x58 0xb0 0xfe 0x24                                                                                                                                              LT r27, r13, r16;             ADD.NC r17, r16, #-2
.delay_slot
         884    0x14 0x21 0x12 0x18                                                                                                                                                        SEL.EQZ r16, r16, r17, r27
.delay_slot
         888    0xe2 0xc2 0x30 0x00 0x01 0xa5 0x70 0x02                                                                                                      ST r16, [p7, #4];                                           NOPM
.return_address
         896    0xe2 0xc2 0xd2 0xd9 0x81 0xd4                                                    LDA r16, [p7, #4];                                                                                                      MOV p1, p6
         902    0x00 0x00                                                                        NOPX
         904    0x00 0x00                                                                        NOPX
         906    0x00 0x00                                                                        NOPX
.no_stack_arguments
         908    0x00 0x10 0xe0 0x00 0x01 0x04                                                                                                                                              JL #8640
.delay_slot
         914    0x00 0x07 0x04 0xda 0x00 0x44                                                                                                                                              MOVXM p2, #462080
.delay_slot
.swstall delay_slot
         920    0x00 0x00                                                                        NOPX
.delay_slot
         922    0x13 0x77 0x07 0x98                                                                                                                                                        EQ r27, r13, r16
.delay_slot
         926    0x12 0xe0 0xa2 0x18                                                                                                                                                        SEL.EQZ r16, r11, r10, r27
.delay_slot
         930    0x00 0x2c 0xf0 0x02 0xb6 0x00 0x00 0x43 0x41 0x07 0x00 0x00 0x1c 0x2e            NOPA;                                                       NOPS;                                                       MOV p0, r16;                            NOPV
.return_address
.no_stack_arguments
         944    0x06 0x00 0x00 0x00 0x04 0x34 0x00 0x00 0x40 0xba                                MOVA r0, #48;                                                                             JL #8608
.delay_slot
         954    0x10 0x02 0x05 0x18                                                                                                                                                        MOVX r1, #1
.delay_slot
.swstall delay_slot
         958    0x00 0x00                                                                        NOPX
.delay_slot
.swstall delay_slot
         960    0x00 0x00                                                                        NOPX
.delay_slot
.swstall delay_slot
         962    0x00 0x00                                                                        NOPX
.delay_slot
.swstall delay_slot
         964    0x00 0x2c 0xf0 0x00 0x20 0x00 0x00 0x00 0x00 0xad 0x81 0x36                      NOPA;                         NOPB;                         NOPS;                         NOPX
.return_address
         976    0xe2 0xc2 0xd0 0x3e 0x17 0xe8 0x08 0x31 0x58 0xba                                LDA r16, [p7, #4];                                                                        MOVX r1, #-1;                 MOV r0, #49
         986    0x00 0x00                                                                        NOPX
         988    0x00 0x00                                                                        NOPX
         990    0x00 0x00                                                                        NOPX
         992    0x00 0x00                                                                        NOPX
.no_stack_arguments
         994    0x00 0x10 0xc0 0x00 0x01 0x04                                                                                                                                              JL #8576
.delay_slot
.swstall delay_slot
        1000    0x00 0x00                                                                        NOPX
.delay_slot
        1002    0x14 0x20 0x07 0x18                                                                                                                                                        ADD r16, r16, #1
.delay_slot
        1006    0x6e 0xe1 0x58 0xb0 0xfe 0x24                                                                                                                                              LT r27, r13, r16;             ADD.NC r17, r16, #-2
.delay_slot
        1012    0x14 0x21 0x12 0x18                                                                                                                                                        SEL.EQZ r16, r16, r17, r27
.delay_slot
        1016    0xe2 0xc2 0x30 0x00 0x01 0xa5 0x70 0x02                                                                                                      ST r16, [p7, #4];                                           NOPM
.return_address
        1024    0xe2 0xc2 0xd2 0xd9 0x81 0xd4                                                    LDA r16, [p7, #4];                                                                                                      MOV p1, p6
        1030    0x00 0x00                                                                        NOPX
        1032    0x00 0x00                                                                        NOPX
        1034    0x00 0x00                                                                        NOPX
.no_stack_arguments
        1036    0x00 0x10 0xe0 0x00 0x01 0x04                                                                                                                                              JL #8640
.delay_slot
        1042    0x00 0x07 0x04 0xda 0x00 0x44                                                                                                                                              MOVXM p2, #462080
.delay_slot
.swstall delay_slot
        1048    0x00 0x00                                                                        NOPX
.delay_slot
        1050    0x13 0x77 0x07 0x98                                                                                                                                                        EQ r27, r13, r16
.delay_slot
        1054    0x12 0xe0 0xa2 0x18                                                                                                                                                        SEL.EQZ r16, r11, r10, r27
.delay_slot
        1058    0x00 0x2c 0xf0 0x02 0xb6 0x00 0x00 0x43 0x41 0x07 0x00 0x00 0x1c 0x2e            NOPA;                                                       NOPS;                                                       MOV p0, r16;                            NOPV
.return_address
.no_stack_arguments
        1072    0x06 0x00 0x00 0x00 0x04 0x34 0x00 0x00 0x40 0xba                                MOVA r0, #48;                                                                             JL #8608
.delay_slot
        1082    0x10 0x02 0x05 0x18                                                                                                                                                        MOVX r1, #1
.delay_slot
.swstall delay_slot
        1086    0x00 0x00                                                                        NOPX
.delay_slot
.swstall delay_slot
        1088    0x00 0x00                                                                        NOPX
.delay_slot
.swstall delay_slot
        1090    0x00 0x00                                                                        NOPX
.delay_slot
.swstall delay_slot
        1092    0x00 0x2c 0xf0 0x00 0x20 0x00 0x00 0x00 0x00 0xad 0x81 0x36                      NOPA;                         NOPB;                         NOPS;                         NOPX
.return_address
        1104    0xe2 0xc2 0xd0 0x3e 0x17 0xe8 0x08 0x31 0x58 0xba                                LDA r16, [p7, #4];                                                                        MOVX r1, #-1;                 MOV r0, #49
        1114    0x00 0x00                                                                        NOPX
        1116    0x00 0x00                                                                        NOPX
        1118    0x00 0x00                                                                        NOPX
        1120    0x00 0x00                                                                        NOPX
.no_stack_arguments
        1122    0x00 0x10 0xc0 0x00 0x01 0x04                                                                                                                                              JL #8576
.delay_slot
.swstall delay_slot
        1128    0x00 0x00                                                                        NOPX
.delay_slot
        1130    0x14 0x20 0x07 0x18                                                                                                                                                        ADD r16, r16, #1
.delay_slot
        1134    0x6e 0xe1 0x58 0xb0 0xfe 0x24                                                                                                                                              LT r27, r13, r16;             ADD.NC r17, r16, #-2
.delay_slot
        1140    0x14 0x21 0x12 0x18                                                                                                                                                        SEL.EQZ r16, r16, r17, r27
.delay_slot
        1144    0xe2 0xc2 0x30 0x00 0x01 0xa5 0x70 0x02                                                                                                      ST r16, [p7, #4];                                           NOPM
.return_address
        1152    0xe2 0xc2 0xd2 0xd9 0x81 0xd4                                                    LDA r16, [p7, #4];                                                                                                      MOV p1, p6
        1158    0x00 0x00                                                                        NOPX
        1160    0x00 0x00                                                                        NOPX
        1162    0x00 0x00                                                                        NOPX
.no_stack_arguments
        1164    0x00 0x10 0xe0 0x00 0x01 0x04                                                                                                                                              JL #8640
.delay_slot
        1170    0x00 0x07 0x04 0xda 0x00 0x44                                                                                                                                              MOVXM p2, #462080
.delay_slot
.swstall delay_slot
        1176    0x00 0x00                                                                        NOPX
.delay_slot
        1178    0x13 0x77 0x07 0x98                                                                                                                                                        EQ r27, r13, r16
.delay_slot
        1182    0x12 0xe0 0xa2 0x18                                                                                                                                                        SEL.EQZ r16, r11, r10, r27
.delay_slot
        1186    0x00 0x2c 0xf0 0x02 0xb6 0x00 0x00 0x43 0x41 0x07 0x00 0x00 0x1c 0x2e            NOPA;                                                       NOPS;                                                       MOV p0, r16;                            NOPV
.return_address
.no_stack_arguments
        1200    0x06 0x00 0x00 0x00 0x04 0x34 0x00 0x00 0x40 0xba                                MOVA r0, #48;                                                                             JL #8608
.delay_slot
        1210    0x10 0x02 0x05 0x18                                                                                                                                                        MOVX r1, #1
.delay_slot
        1214    0x10 0x12 0x05 0x18                                                                                                                                                        MOVX r9, #1
.delay_slot
.swstall delay_slot
        1218    0x00 0x00                                                                        NOPX
.delay_slot
.swstall delay_slot
        1220    0x00 0x00                                                                        NOPX
.delay_slot
.swstall delay_slot
        1222    0x00 0x2c 0xf0 0x00 0x10 0x00 0x01 0xa5 0x7e 0xba                                NOPA;                         NOPB;                                                                                     NOPM
.return_address
        1232    0xe2 0xc2 0xd0 0x00 0x06 0x48 0x28 0x01 0x58 0xba                                LDA r16, [p7, #4];                                                                        MOVX r0, #50;                 MOV r1, #1
        1242    0x10 0x1e 0x05 0x18                                                                                                                                                        MOVX r15, #1
        1246    0x00 0x00                                                                        NOPX
        1248    0x00 0x00                                                                        NOPX
        1250    0x00 0x00                                                                        NOPX
.no_stack_arguments
        1252    0x00 0x10 0xd0 0x00 0x01 0x04                                                                                                                                              JL #8608
.delay_slot
.swstall delay_slot
        1258    0x00 0x00                                                                        NOPX
.delay_slot
        1260    0x14 0x20 0x07 0x18                                                                                                                                                        ADD r16, r16, #1
.delay_slot
        1264    0x4e 0xe1 0x58 0xb0 0xfe 0x24                                                                                                                                              LT r27, r9, r16;              ADD.NC r17, r16, #-2
.delay_slot
        1270    0x14 0x21 0x12 0x18                                                                                                                                                        SEL.EQZ r16, r16, r17, r27
.delay_slot
        1274    0x00 0x2c 0xfe 0x2c 0x23 0x0c                                                    NOPA;                                                       ST r16, [p7, #4]
.return_address
        1280    0xe0 0xc2 0xd0 0x00 0x00 0x03 0x30 0xd8 0x10 0xba                                LDA r16, [p7];                                                                            MOVXM p6, #432
        1290    0x00 0x00                                                                        NOPX
        1292    0x00 0x00                                                                        NOPX
        1294    0x00 0x00                                                                        NOPX
        1296    0x00 0x00                                                                        NOPX
        1298    0x12 0x11 0xa0 0x18                                                                                                                                                        JNZD r8, r8, p6
.delay_slot
.swstall delay_slot
        1302    0x00 0x00                                                                        NOPX
.delay_slot
        1304    0x14 0x20 0x07 0x18                                                                                                                                                        ADD r16, r16, #1
.delay_slot
        1308    0x7e 0xe1 0x58 0xb0 0xfe 0x24                                                                                                                                              LT r27, r15, r16;             ADD.NC r17, r16, #-2
.delay_slot
        1314    0x14 0x21 0x12 0x18                                                                                                                                                        SEL.EQZ r16, r16, r17, r27
.delay_slot
        1318    0x0f 0x06 0x11 0x98                                                                                                                          ST r16, [p7]
.loop_nesting 1
.no_stack_arguments
        1322    0x00 0x21 0x00 0x00 0x04 0x34 0x00 0x00 0x40 0xba                                MOVA r1, #1;                                                                              JL #8608
.delay_slot
        1332    0x02 0x40 0xa8 0x3d 0x81 0xe4                                                                                                                                              MOVX r9, #1;                  MOV r16, p7
.delay_slot
        1338    0x10 0x00 0xd5 0x18                                                                                                                                                        MOVX r0, #53
.delay_slot
        1342    0x1a 0x18 0x7e 0x18                                                                                                                                                                                      ADD.NC r8, r16, #-4
.delay_slot
.swstall delay_slot
        1346    0x00 0x00                                                                        NOPX
.delay_slot
.swstall delay_slot
        1348    0x00 0x2c 0xf0 0x00 0x20 0x00 0x00 0x00 0x00 0xad 0x81 0x36                      NOPA;                         NOPB;                         NOPS;                         NOPX
.return_address
        1360    0xfe 0xc2 0xd0 0x00 0x06 0x88 0x2f 0xff 0x58 0xba                                LDA r16, [p7, #-4];                                                                       MOVX r0, #52;                 MOV r1, #-1
        1370    0x00 0x00                                                                        NOPX
        1372    0x00 0x00                                                                        NOPX
        1374    0x00 0x00                                                                        NOPX
.no_stack_arguments
        1376    0x00 0x10 0xc0 0x00 0x01 0x04                                                                                                                                              JL #8576
.delay_slot
        1382    0x7f 0xff 0xf8 0xbf 0xfc 0x44                                                                                                                                              MOVXM r17, #2147483646
.delay_slot
.swstall delay_slot
        1388    0x00 0x00                                                                        NOPX
.delay_slot
        1390    0x14 0x63 0x0c 0x98                                                                                                                                                        LTU r17, r17, r16
.delay_slot
        1394    0x14 0x61 0x00 0x98                                                                                                                                                        ADD r16, r17, r16
.delay_slot
        1398    0x00 0x2c 0xf7 0xf6 0x11 0x80 0x00 0x00 0x00 0x7a                                NOPA;                                                       ST r16, [p7, #-4];            NOPX
.return_address
.no_stack_arguments
        1408    0x00 0x12 0xa0 0x00 0x01 0x04                                                                                                                                              JL #9536
.delay_slot
        1414    0x00 0x07 0x00 0xda 0x00 0x44                                                                                                                                              MOVXM p0, #462080
.delay_slot
.swstall delay_slot
        1420    0x00 0x00                                                                        NOPX
.delay_slot
.swstall delay_slot
        1422    0x00 0x00                                                                        NOPX
.delay_slot
.swstall delay_slot
        1424    0x00 0x00                                                                        NOPX
.delay_slot
.swstall delay_slot
        1426    0x00 0x2c 0xf0 0x02 0xb6 0x00 0x00 0x40 0x1a 0x57 0x00 0x00 0x1c 0x2e            NOPA;                                                       NOPS;                                                       NOPM;                                   NOPV
.return_address
        1440    0x00 0x2c 0xf0 0x00 0x27 0xc9 0x15 0x80 0x83 0xe8 0x01 0xa5 0x78 0x00 0x00 0xe1  NOPA;                         NOPB;                         ST r8, [sp, #-56];            MOVX r8, #31;                 NOPM;                                   NOPV
.label TGT_Fcore_28_5_1232
.loop_nesting 2
.no_stack_arguments
        1456    0x06 0x60 0x00 0x00 0x04 0x30 0x00 0x00 0x40 0xba                                MOVA r0, #51;                                                                             JL #8576
.delay_slot
        1466    0x17 0xc2 0xfd 0x18                                                                                                                                                        MOVX r1, #-1
.delay_slot
.swstall delay_slot
        1470    0x00 0x00                                                                        NOPX
.delay_slot
.swstall delay_slot
        1472    0x00 0x00                                                                        NOPX
.delay_slot
.swstall delay_slot
        1474    0x00 0x00                                                                        NOPX
.delay_slot
.swstall delay_slot
        1476    0x00 0x2c 0xf0 0x00 0x20 0x00 0x00 0x00 0x00 0xad 0x81 0x36                      NOPA;                         NOPB;                         NOPS;                         NOPX
.return_address
        1488    0xe0 0xca 0xd0 0x3e 0x17 0xe8 0x08 0x31 0x58 0xba                                LDA r18, [p7];                                                                            MOVX r1, #-1;                 MOV r0, #49
        1498    0x00 0x00                                                                        NOPX
        1500    0x00 0x00                                                                        NOPX
.no_stack_arguments
        1502    0x00 0x10 0xc0 0x00 0x01 0x04                                                                                                                                              JL #8576
.delay_slot
        1508    0x00 0x07 0x98 0x28 0x00 0x44                                                                                                                                              MOVXM r16, #496640
.delay_slot
        1514    0x00 0x07 0x58 0xbc 0x00 0x44                                                                                                                                              MOVXM r17, #482816
.delay_slot
.swstall delay_slot
        1520    0x00 0x00                                                                        NOPX
.delay_slot
        1522    0x12 0x77 0x27 0x98                                                                                                                                                        EQ r27, r9, r18
.delay_slot
        1526    0x00 0x2c 0xf0 0x01 0x5b 0x00 0x04 0x5f 0x02 0x7a                                NOPA;                                                       NOPS;                         SEL.EQZ r15, r17, r16, r27
.return_address
        1536    0xe2 0xc2 0xd2 0xcf 0x41 0xd4                                                    LDA r16, [p7, #4];                                                                                                      MOV p1, r15
        1542    0x1e 0x62 0xc0 0xf8                                                                                                                                                                                      MOV p6, p1
        1546    0x00 0x00                                                                        NOPX
        1548    0x00 0x00                                                                        NOPX
.no_stack_arguments
        1550    0x00 0x10 0xe0 0x00 0x01 0x04                                                                                                                                              JL #8640
.delay_slot
        1556    0x00 0x07 0x04 0xda 0x00 0x44                                                                                                                                              MOVXM p2, #462080
.delay_slot
.swstall delay_slot
        1562    0x00 0x00                                                                        NOPX
.delay_slot
        1564    0x12 0x77 0x07 0x98                                                                                                                                                        EQ r27, r9, r16
.delay_slot
        1568    0x12 0xe0 0xa2 0x18                                                                                                                                                        SEL.EQZ r16, r11, r10, r27
.delay_slot
        1572    0x00 0x2c 0xf0 0x00 0x20 0x01 0x5b 0x00 0x34 0x10 0x70 0xf6                      NOPA;                         NOPB;                         NOPS;                                                       MOV p0, r16
.return_address
.no_stack_arguments
        1584    0x06 0x00 0x00 0x00 0x04 0x34 0x00 0x00 0x40 0xba                                MOVA r0, #48;                                                                             JL #8608
.delay_slot
        1594    0x10 0x02 0x05 0x18                                                                                                                                                        MOVX r1, #1
.delay_slot
        1598    0x10 0x1a 0x05 0x18                                                                                                                                                        MOVX r13, #1
.delay_slot
.swstall delay_slot
        1602    0x00 0x00                                                                        NOPX
.delay_slot
.swstall delay_slot
        1604    0x00 0x00                                                                        NOPX
.delay_slot
.swstall delay_slot
        1606    0x00 0x2c 0xf0 0x00 0x10 0x00 0x01 0xa5 0x7e 0xba                                NOPA;                         NOPB;                                                                                     NOPM
.return_address
        1616    0xe2 0xc2 0xd0 0x3e 0x17 0xe8 0x08 0x31 0x58 0xba                                LDA r16, [p7, #4];                                                                        MOVX r1, #-1;                 MOV r0, #49
        1626    0x00 0x00                                                                        NOPX
        1628    0x00 0x00                                                                        NOPX
        1630    0x00 0x00                                                                        NOPX
        1632    0x00 0x00                                                                        NOPX
.no_stack_arguments
        1634    0x00 0x10 0xc0 0x00 0x01 0x04                                                                                                                                              JL #8576
.delay_slot
.swstall delay_slot
        1640    0x00 0x00                                                                        NOPX
.delay_slot
        1642    0x14 0x20 0x07 0x18                                                                                                                                                        ADD r16, r16, #1
.delay_slot
        1646    0x6e 0xe1 0x58 0xb0 0xfe 0x24                                                                                                                                              LT r27, r13, r16;             ADD.NC r17, r16, #-2
.delay_slot
        1652    0x14 0x21 0x12 0x18                                                                                                                                                        SEL.EQZ r16, r16, r17, r27
.delay_slot
        1656    0xe2 0xc2 0x30 0x00 0x01 0xa5 0x70 0x02                                                                                                      ST r16, [p7, #4];                                           NOPM
.return_address
        1664    0xe2 0xc2 0xd2 0xd9 0x81 0xd4                                                    LDA r16, [p7, #4];                                                                                                      MOV p1, p6
        1670    0x00 0x00                                                                        NOPX
        1672    0x00 0x00                                                                        NOPX
        1674    0x00 0x00                                                                        NOPX
.no_stack_arguments
        1676    0x00 0x10 0xe0 0x00 0x01 0x04                                                                                                                                              JL #8640
.delay_slot
        1682    0x00 0x07 0x04 0xda 0x00 0x44                                                                                                                                              MOVXM p2, #462080
.delay_slot
.swstall delay_slot
        1688    0x00 0x00                                                                        NOPX
.delay_slot
        1690    0x13 0x77 0x07 0x98                                                                                                                                                        EQ r27, r13, r16
.delay_slot
        1694    0x12 0xe0 0xa2 0x18                                                                                                                                                        SEL.EQZ r16, r11, r10, r27
.delay_slot
        1698    0x00 0x2c 0xf0 0x02 0xb6 0x00 0x00 0x43 0x41 0x07 0x00 0x00 0x1c 0x2e            NOPA;                                                       NOPS;                                                       MOV p0, r16;                            NOPV
.return_address
.no_stack_arguments
        1712    0x06 0x00 0x00 0x00 0x04 0x34 0x00 0x00 0x40 0xba                                MOVA r0, #48;                                                                             JL #8608
.delay_slot
        1722    0x10 0x02 0x05 0x18                                                                                                                                                        MOVX r1, #1
.delay_slot
.swstall delay_slot
        1726    0x00 0x00                                                                        NOPX
.delay_slot
.swstall delay_slot
        1728    0x00 0x00                                                                        NOPX
.delay_slot
.swstall delay_slot
        1730    0x00 0x00                                                                        NOPX
.delay_slot
.swstall delay_slot
        1732    0x00 0x2c 0xf0 0x00 0x20 0x00 0x00 0x00 0x00 0xad 0x81 0x36                      NOPA;                         NOPB;                         NOPS;                         NOPX
.return_address
        1744    0xe2 0xc2 0xd0 0x3e 0x17 0xe8 0x08 0x31 0x58 0xba                                LDA r16, [p7, #4];                                                                        MOVX r1, #-1;                 MOV r0, #49
        1754    0x00 0x00                                                                        NOPX
        1756    0x00 0x00                                                                        NOPX
        1758    0x00 0x00                                                                        NOPX
        1760    0x00 0x00                                                                        NOPX
.no_stack_arguments
        1762    0x00 0x10 0xc0 0x00 0x01 0x04                                                                                                                                              JL #8576
.delay_slot
.swstall delay_slot
        1768    0x00 0x00                                                                        NOPX
.delay_slot
        1770    0x14 0x20 0x07 0x18                                                                                                                                                        ADD r16, r16, #1
.delay_slot
        1774    0x6e 0xe1 0x58 0xb0 0xfe 0x24                                                                                                                                              LT r27, r13, r16;             ADD.NC r17, r16, #-2
.delay_slot
        1780    0x14 0x21 0x12 0x18                                                                                                                                                        SEL.EQZ r16, r16, r17, r27
.delay_slot
        1784    0xe2 0xc2 0x30 0x00 0x01 0xa5 0x70 0x02                                                                                                      ST r16, [p7, #4];                                           NOPM
.return_address
        1792    0xe2 0xc2 0xd2 0xd9 0x81 0xd4                                                    LDA r16, [p7, #4];                                                                                                      MOV p1, p6
        1798    0x00 0x00                                                                        NOPX
        1800    0x00 0x00                                                                        NOPX
        1802    0x00 0x00                                                                        NOPX
.no_stack_arguments
        1804    0x00 0x10 0xe0 0x00 0x01 0x04                                                                                                                                              JL #8640
.delay_slot
        1810    0x00 0x07 0x04 0xda 0x00 0x44                                                                                                                                              MOVXM p2, #462080
.delay_slot
.swstall delay_slot
        1816    0x00 0x00                                                                        NOPX
.delay_slot
        1818    0x13 0x77 0x07 0x98                                                                                                                                                        EQ r27, r13, r16
.delay_slot
        1822    0x12 0xe0 0xa2 0x18                                                                                                                                                        SEL.EQZ r16, r11, r10, r27
.delay_slot
        1826    0x00 0x2c 0xf0 0x02 0xb6 0x00 0x00 0x43 0x41 0x07 0x00 0x00 0x1c 0x2e            NOPA;                                                       NOPS;                                                       MOV p0, r16;                            NOPV
.return_address
.no_stack_arguments
        1840    0x06 0x00 0x00 0x00 0x04 0x34 0x00 0x00 0x40 0xba                                MOVA r0, #48;                                                                             JL #8608
.delay_slot
        1850    0x10 0x02 0x05 0x18                                                                                                                                                        MOVX r1, #1
.delay_slot
.swstall delay_slot
        1854    0x00 0x00                                                                        NOPX
.delay_slot
.swstall delay_slot
        1856    0x00 0x00                                                                        NOPX
.delay_slot
.swstall delay_slot
        1858    0x00 0x00                                                                        NOPX
.delay_slot
.swstall delay_slot
        1860    0x00 0x2c 0xf0 0x00 0x20 0x00 0x00 0x00 0x00 0xad 0x81 0x36                      NOPA;                         NOPB;                         NOPS;                         NOPX
.return_address
        1872    0xe2 0xc2 0xd0 0x3e 0x17 0xe8 0x08 0x31 0x58 0xba                                LDA r16, [p7, #4];                                                                        MOVX r1, #-1;                 MOV r0, #49
        1882    0x00 0x00                                                                        NOPX
        1884    0x00 0x00                                                                        NOPX
        1886    0x00 0x00                                                                        NOPX
        1888    0x00 0x00                                                                        NOPX
.no_stack_arguments
        1890    0x00 0x10 0xc0 0x00 0x01 0x04                                                                                                                                              JL #8576
.delay_slot
.swstall delay_slot
        1896    0x00 0x00                                                                        NOPX
.delay_slot
        1898    0x14 0x20 0x07 0x18                                                                                                                                                        ADD r16, r16, #1
.delay_slot
        1902    0x6e 0xe1 0x58 0xb0 0xfe 0x24                                                                                                                                              LT r27, r13, r16;             ADD.NC r17, r16, #-2
.delay_slot
        1908    0x14 0x21 0x12 0x18                                                                                                                                                        SEL.EQZ r16, r16, r17, r27
.delay_slot
        1912    0xe2 0xc2 0x30 0x00 0x01 0xa5 0x70 0x02                                                                                                      ST r16, [p7, #4];                                           NOPM
.return_address
        1920    0xe2 0xc2 0xd2 0xd9 0x81 0xd4                                                    LDA r16, [p7, #4];                                                                                                      MOV p1, p6
        1926    0x00 0x00                                                                        NOPX
        1928    0x00 0x00                                                                        NOPX
        1930    0x00 0x00                                                                        NOPX
.no_stack_arguments
        1932    0x00 0x10 0xe0 0x00 0x01 0x04                                                                                                                                              JL #8640
.delay_slot
        1938    0x00 0x07 0x04 0xda 0x00 0x44                                                                                                                                              MOVXM p2, #462080
.delay_slot
.swstall delay_slot
        1944    0x00 0x00                                                                        NOPX
.delay_slot
        1946    0x13 0x77 0x07 0x98                                                                                                                                                        EQ r27, r13, r16
.delay_slot
        1950    0x12 0xe0 0xa2 0x18                                                                                                                                                        SEL.EQZ r16, r11, r10, r27
.delay_slot
        1954    0x00 0x2c 0xf0 0x02 0xb6 0x00 0x00 0x43 0x41 0x07 0x00 0x00 0x1c 0x2e            NOPA;                                                       NOPS;                                                       MOV p0, r16;                            NOPV
.return_address
.no_stack_arguments
        1968    0x06 0x00 0x00 0x00 0x04 0x34 0x00 0x00 0x40 0xba                                MOVA r0, #48;                                                                             JL #8608
.delay_slot
        1978    0x10 0x02 0x05 0x18                                                                                                                                                        MOVX r1, #1
.delay_slot
.swstall delay_slot
        1982    0x00 0x00                                                                        NOPX
.delay_slot
.swstall delay_slot
        1984    0x00 0x00                                                                        NOPX
.delay_slot
.swstall delay_slot
        1986    0x00 0x00                                                                        NOPX
.delay_slot
.swstall delay_slot
        1988    0x00 0x2c 0xf0 0x00 0x20 0x00 0x00 0x00 0x00 0xad 0x81 0x36                      NOPA;                         NOPB;                         NOPS;                         NOPX
.return_address
        2000    0xe2 0xc2 0xd0 0x3e 0x17 0xe8 0x08 0x31 0x58 0xba                                LDA r16, [p7, #4];                                                                        MOVX r1, #-1;                 MOV r0, #49
        2010    0x00 0x00                                                                        NOPX
        2012    0x00 0x00                                                                        NOPX
        2014    0x00 0x00                                                                        NOPX
        2016    0x00 0x00                                                                        NOPX
.no_stack_arguments
        2018    0x00 0x10 0xc0 0x00 0x01 0x04                                                                                                                                              JL #8576
.delay_slot
.swstall delay_slot
        2024    0x00 0x00                                                                        NOPX
.delay_slot
        2026    0x14 0x20 0x07 0x18                                                                                                                                                        ADD r16, r16, #1
.delay_slot
        2030    0x6e 0xe1 0x58 0xb0 0xfe 0x24                                                                                                                                              LT r27, r13, r16;             ADD.NC r17, r16, #-2
.delay_slot
        2036    0x14 0x21 0x12 0x18                                                                                                                                                        SEL.EQZ r16, r16, r17, r27
.delay_slot
        2040    0xe2 0xc2 0x30 0x00 0x01 0xa5 0x70 0x02                                                                                                      ST r16, [p7, #4];                                           NOPM
.return_address
        2048    0xe2 0xc2 0xd2 0xd9 0x81 0xd4                                                    LDA r16, [p7, #4];                                                                                                      MOV p1, p6
        2054    0x00 0x00                                                                        NOPX
        2056    0x00 0x00                                                                        NOPX
        2058    0x00 0x00                                                                        NOPX
.no_stack_arguments
        2060    0x00 0x10 0xe0 0x00 0x01 0x04                                                                                                                                              JL #8640
.delay_slot
        2066    0x00 0x07 0x04 0xda 0x00 0x44                                                                                                                                              MOVXM p2, #462080
.delay_slot
.swstall delay_slot
        2072    0x00 0x00                                                                        NOPX
.delay_slot
        2074    0x13 0x77 0x07 0x98                                                                                                                                                        EQ r27, r13, r16
.delay_slot
        2078    0x12 0xe0 0xa2 0x18                                                                                                                                                        SEL.EQZ r16, r11, r10, r27
.delay_slot
        2082    0x00 0x2c 0xf0 0x02 0xb6 0x00 0x00 0x43 0x41 0x07 0x00 0x00 0x1c 0x2e            NOPA;                                                       NOPS;                                                       MOV p0, r16;                            NOPV
.return_address
.no_stack_arguments
        2096    0x06 0x00 0x00 0x00 0x04 0x34 0x00 0x00 0x40 0xba                                MOVA r0, #48;                                                                             JL #8608
.delay_slot
        2106    0x10 0x02 0x05 0x18                                                                                                                                                        MOVX r1, #1
.delay_slot
.swstall delay_slot
        2110    0x00 0x00                                                                        NOPX
.delay_slot
.swstall delay_slot
        2112    0x00 0x00                                                                        NOPX
.delay_slot
.swstall delay_slot
        2114    0x00 0x00                                                                        NOPX
.delay_slot
.swstall delay_slot
        2116    0x00 0x2c 0xf0 0x00 0x20 0x00 0x00 0x00 0x00 0xad 0x81 0x36                      NOPA;                         NOPB;                         NOPS;                         NOPX
.return_address
        2128    0xe2 0xc2 0xd0 0x3e 0x17 0xe8 0x08 0x31 0x58 0xba                                LDA r16, [p7, #4];                                                                        MOVX r1, #-1;                 MOV r0, #49
        2138    0x00 0x00                                                                        NOPX
        2140    0x00 0x00                                                                        NOPX
        2142    0x00 0x00                                                                        NOPX
        2144    0x00 0x00                                                                        NOPX
.no_stack_arguments
        2146    0x00 0x10 0xc0 0x00 0x01 0x04                                                                                                                                              JL #8576
.delay_slot
.swstall delay_slot
        2152    0x00 0x00                                                                        NOPX
.delay_slot
        2154    0x14 0x20 0x07 0x18                                                                                                                                                        ADD r16, r16, #1
.delay_slot
        2158    0x6e 0xe1 0x58 0xb0 0xfe 0x24                                                                                                                                              LT r27, r13, r16;             ADD.NC r17, r16, #-2
.delay_slot
        2164    0x14 0x21 0x12 0x18                                                                                                                                                        SEL.EQZ r16, r16, r17, r27
.delay_slot
        2168    0xe2 0xc2 0x30 0x00 0x01 0xa5 0x70 0x02                                                                                                      ST r16, [p7, #4];                                           NOPM
.return_address
        2176    0xe2 0xc2 0xd2 0xd9 0x81 0xd4                                                    LDA r16, [p7, #4];                                                                                                      MOV p1, p6
        2182    0x00 0x00                                                                        NOPX
        2184    0x00 0x00                                                                        NOPX
        2186    0x00 0x00                                                                        NOPX
.no_stack_arguments
        2188    0x00 0x10 0xe0 0x00 0x01 0x04                                                                                                                                              JL #8640
.delay_slot
        2194    0x00 0x07 0x04 0xda 0x00 0x44                                                                                                                                              MOVXM p2, #462080
.delay_slot
.swstall delay_slot
        2200    0x00 0x00                                                                        NOPX
.delay_slot
        2202    0x13 0x77 0x07 0x98                                                                                                                                                        EQ r27, r13, r16
.delay_slot
        2206    0x12 0xe0 0xa2 0x18                                                                                                                                                        SEL.EQZ r16, r11, r10, r27
.delay_slot
        2210    0x00 0x2c 0xf0 0x02 0xb6 0x00 0x00 0x43 0x41 0x07 0x00 0x00 0x1c 0x2e            NOPA;                                                       NOPS;                                                       MOV p0, r16;                            NOPV
.return_address
.no_stack_arguments
        2224    0x06 0x00 0x00 0x00 0x04 0x34 0x00 0x00 0x40 0xba                                MOVA r0, #48;                                                                             JL #8608
.delay_slot
        2234    0x10 0x02 0x05 0x18                                                                                                                                                        MOVX r1, #1
.delay_slot
        2238    0x10 0x12 0x05 0x18                                                                                                                                                        MOVX r9, #1
.delay_slot
.swstall delay_slot
        2242    0x00 0x00                                                                        NOPX
.delay_slot
.swstall delay_slot
        2244    0x00 0x00                                                                        NOPX
.delay_slot
.swstall delay_slot
        2246    0x00 0x2c 0xf0 0x00 0x10 0x00 0x01 0xa5 0x7e 0xba                                NOPA;                         NOPB;                                                                                     NOPM
.return_address
        2256    0xe2 0xc2 0xd0 0x00 0x06 0x48 0x28 0x01 0x58 0xba                                LDA r16, [p7, #4];                                                                        MOVX r0, #50;                 MOV r1, #1
        2266    0x00 0x00                                                                        NOPX
        2268    0x00 0x00                                                                        NOPX
        2270    0x00 0x00                                                                        NOPX
        2272    0x00 0x00                                                                        NOPX
.no_stack_arguments
        2274    0x00 0x10 0xd0 0x00 0x01 0x04                                                                                                                                              JL #8608
.delay_slot
.swstall delay_slot
        2280    0x00 0x00                                                                        NOPX
.delay_slot
        2282    0x14 0x20 0x07 0x18                                                                                                                                                        ADD r16, r16, #1
.delay_slot
        2286    0x4e 0xe1 0x58 0xb0 0xfe 0x24                                                                                                                                              LT r27, r9, r16;              ADD.NC r17, r16, #-2
.delay_slot
        2292    0x14 0x21 0x12 0x18                                                                                                                                                        SEL.EQZ r16, r16, r17, r27
.delay_slot
        2296    0xe2 0xc2 0x30 0x00 0x01 0xa5 0x70 0x02                                                                                                      ST r16, [p7, #4];                                           NOPM
.return_address
        2304    0xe0 0xc2 0xd0 0x00 0x00 0x03 0x32 0xd8 0x10 0xba                                LDA r16, [p7];                                                                            MOVXM p6, #1456
        2314    0x00 0x00                                                                        NOPX
        2316    0x00 0x00                                                                        NOPX
        2318    0x00 0x00                                                                        NOPX
        2320    0x00 0x00                                                                        NOPX
        2322    0x12 0x11 0xa0 0x18                                                                                                                                                        JNZD r8, r8, p6
.delay_slot
.swstall delay_slot
        2326    0x00 0x00                                                                        NOPX
.delay_slot
        2328    0x14 0x20 0x07 0x18                                                                                                                                                        ADD r16, r16, #1
.delay_slot
        2332    0x4e 0xe1 0x58 0xb0 0xfe 0x24                                                                                                                                              LT r27, r9, r16;              ADD.NC r17, r16, #-2
.delay_slot
        2338    0x14 0x21 0x12 0x18                                                                                                                                                        SEL.EQZ r16, r16, r17, r27
.delay_slot
        2342    0x0f 0x06 0x11 0x98                                                                                                                          ST r16, [p7]
.loop_nesting 1
.no_stack_arguments
        2346    0x06 0xa0 0x00 0x00 0x04 0x34 0x00 0x00 0x40 0xba                                MOVA r0, #53;                                                                             JL #8608
.delay_slot
        2356    0x10 0x02 0x05 0x18                                                                                                                                                        MOVX r1, #1
.delay_slot
.swstall delay_slot
        2360    0x00 0x00                                                                        NOPX
.delay_slot
.swstall delay_slot
        2362    0x00 0x00                                                                        NOPX
.delay_slot
.swstall delay_slot
        2364    0x00 0x00                                                                        NOPX
.delay_slot
.swstall delay_slot
        2366    0x00 0x00                                                                        NOPX
.return_address
        2368    0xfe 0xc2 0xd0 0x00 0x06 0x88 0x2f 0xff 0x58 0xba                                LDA r16, [p7, #-4];                                                                       MOVX r0, #52;                 MOV r1, #-1
        2378    0x00 0x00                                                                        NOPX
        2380    0x00 0x00                                                                        NOPX
        2382    0x00 0x00                                                                        NOPX
.no_stack_arguments
        2384    0x00 0x10 0xc0 0x00 0x01 0x04                                                                                                                                              JL #8576
.delay_slot
        2390    0x7f 0xff 0xf8 0xbf 0xfc 0x44                                                                                                                                              MOVXM r17, #2147483646
.delay_slot
.swstall delay_slot
        2396    0x00 0x00                                                                        NOPX
.delay_slot
        2398    0x14 0x63 0x0c 0x98                                                                                                                                                        LTU r17, r17, r16
.delay_slot
        2402    0x14 0x61 0x00 0x98                                                                                                                                                        ADD r16, r17, r16
.delay_slot
        2406    0x00 0x2c 0xf7 0xf6 0x11 0x80 0x00 0x00 0x00 0x7a                                NOPA;                                                       ST r16, [p7, #-4];            NOPX
.return_address
.no_stack_arguments
        2416    0x00 0x12 0xa0 0x00 0x01 0x04                                                                                                                                              JL #9536
.delay_slot
        2422    0x00 0x07 0x00 0xda 0x00 0x44                                                                                                                                              MOVXM p0, #462080
.delay_slot
.swstall delay_slot
        2428    0x00 0x00                                                                        NOPX
.delay_slot
.swstall delay_slot
        2430    0x00 0x00                                                                        NOPX
.delay_slot
.swstall delay_slot
        2432    0x00 0x00                                                                        NOPX
.delay_slot
.swstall delay_slot
        2434    0x00 0x2c 0xf0 0x02 0xb6 0x00 0x00 0x40 0x1a 0x57 0x00 0x00 0x1c 0x2e            NOPA;                                                       NOPS;                                                       NOPM;                                   NOPV
.return_address
        2448    0x00 0x2c 0xf0 0x00 0x20 0x01 0x5b 0x00 0x83 0xe8 0x01 0xa5 0x78 0x00 0x00 0xe1  NOPA;                         NOPB;                         NOPS;                         MOVX r8, #31;                 NOPM;                                   NOPV
.label TGT_Fcore_28_5_2240
.loop_nesting 2
.no_stack_arguments
        2464    0x06 0x60 0x00 0x00 0x04 0x30 0x00 0x00 0x40 0xba                                MOVA r0, #51;                                                                             JL #8576
.delay_slot
        2474    0x17 0xc2 0xfd 0x18                                                                                                                                                        MOVX r1, #-1
.delay_slot
.swstall delay_slot
        2478    0x00 0x00                                                                        NOPX
.delay_slot
.swstall delay_slot
        2480    0x00 0x00                                                                        NOPX
.delay_slot
.swstall delay_slot
        2482    0x00 0x00                                                                        NOPX
.delay_slot
.swstall delay_slot
        2484    0x00 0x2c 0xf0 0x00 0x20 0x00 0x00 0x00 0x00 0xad 0x81 0x36                      NOPA;                         NOPB;                         NOPS;                         NOPX
.return_address
        2496    0xe0 0xca 0xd0 0x3e 0x17 0xe8 0x08 0x31 0x58 0xba                                LDA r18, [p7];                                                                            MOVX r1, #-1;                 MOV r0, #49
        2506    0x00 0x00                                                                        NOPX
        2508    0x00 0x00                                                                        NOPX
.no_stack_arguments
        2510    0x00 0x10 0xc0 0x00 0x01 0x04                                                                                                                                              JL #8576
.delay_slot
        2516    0x00 0x07 0x98 0x28 0x00 0x44                                                                                                                                              MOVXM r16, #496640
.delay_slot
        2522    0x00 0x07 0x58 0xbc 0x00 0x44                                                                                                                                              MOVXM r17, #482816
.delay_slot
.swstall delay_slot
        2528    0x00 0x00                                                                        NOPX
.delay_slot
        2530    0x12 0x77 0x27 0x98                                                                                                                                                        EQ r27, r9, r18
.delay_slot
        2534    0x00 0x2c 0xf0 0x01 0x5b 0x00 0x04 0x5f 0x02 0x7a                                NOPA;                                                       NOPS;                         SEL.EQZ r15, r17, r16, r27
.return_address
        2544    0xe2 0xc2 0xd2 0xcf 0x41 0xd4                                                    LDA r16, [p7, #4];                                                                                                      MOV p1, r15
        2550    0x1e 0x62 0xc0 0xf8                                                                                                                                                                                      MOV p6, p1
        2554    0x00 0x00                                                                        NOPX
        2556    0x00 0x00                                                                        NOPX
.no_stack_arguments
        2558    0x00 0x10 0xe0 0x00 0x01 0x04                                                                                                                                              JL #8640
.delay_slot
        2564    0x00 0x07 0x04 0xda 0x00 0x44                                                                                                                                              MOVXM p2, #462080
.delay_slot
.swstall delay_slot
        2570    0x00 0x00                                                                        NOPX
.delay_slot
        2572    0x12 0x77 0x07 0x98                                                                                                                                                        EQ r27, r9, r16
.delay_slot
        2576    0x12 0xe0 0xa2 0x18                                                                                                                                                        SEL.EQZ r16, r11, r10, r27
.delay_slot
        2580    0x00 0x2c 0xf0 0x00 0x20 0x01 0x5b 0x00 0x34 0x10 0x70 0xf6                      NOPA;                         NOPB;                         NOPS;                                                       MOV p0, r16
.return_address
.no_stack_arguments
        2592    0x06 0x00 0x00 0x00 0x04 0x34 0x00 0x00 0x40 0xba                                MOVA r0, #48;                                                                             JL #8608
.delay_slot
        2602    0x10 0x02 0x05 0x18                                                                                                                                                        MOVX r1, #1
.delay_slot
        2606    0x10 0x1a 0x05 0x18                                                                                                                                                        MOVX r13, #1
.delay_slot
.swstall delay_slot
        2610    0x00 0x00                                                                        NOPX
.delay_slot
.swstall delay_slot
        2612    0x00 0x00                                                                        NOPX
.delay_slot
.swstall delay_slot
        2614    0x00 0x2c 0xf0 0x00 0x10 0x00 0x01 0xa5 0x7e 0xba                                NOPA;                         NOPB;                                                                                     NOPM
.return_address
        2624    0xe2 0xc2 0xd0 0x3e 0x17 0xe8 0x08 0x31 0x58 0xba                                LDA r16, [p7, #4];                                                                        MOVX r1, #-1;                 MOV r0, #49
        2634    0x00 0x00                                                                        NOPX
        2636    0x00 0x00                                                                        NOPX
        2638    0x00 0x00                                                                        NOPX
        2640    0x00 0x00                                                                        NOPX
.no_stack_arguments
        2642    0x00 0x10 0xc0 0x00 0x01 0x04                                                                                                                                              JL #8576
.delay_slot
.swstall delay_slot
        2648    0x00 0x00                                                                        NOPX
.delay_slot
        2650    0x14 0x20 0x07 0x18                                                                                                                                                        ADD r16, r16, #1
.delay_slot
        2654    0x6e 0xe1 0x58 0xb0 0xfe 0x24                                                                                                                                              LT r27, r13, r16;             ADD.NC r17, r16, #-2
.delay_slot
        2660    0x14 0x21 0x12 0x18                                                                                                                                                        SEL.EQZ r16, r16, r17, r27
.delay_slot
        2664    0xe2 0xc2 0x30 0x00 0x01 0xa5 0x70 0x02                                                                                                      ST r16, [p7, #4];                                           NOPM
.return_address
        2672    0xe2 0xc2 0xd2 0xd9 0x81 0xd4                                                    LDA r16, [p7, #4];                                                                                                      MOV p1, p6
        2678    0x00 0x00                                                                        NOPX
        2680    0x00 0x00                                                                        NOPX
        2682    0x00 0x00                                                                        NOPX
.no_stack_arguments
        2684    0x00 0x10 0xe0 0x00 0x01 0x04                                                                                                                                              JL #8640
.delay_slot
        2690    0x00 0x07 0x04 0xda 0x00 0x44                                                                                                                                              MOVXM p2, #462080
.delay_slot
.swstall delay_slot
        2696    0x00 0x00                                                                        NOPX
.delay_slot
        2698    0x13 0x77 0x07 0x98                                                                                                                                                        EQ r27, r13, r16
.delay_slot
        2702    0x12 0xe0 0xa2 0x18                                                                                                                                                        SEL.EQZ r16, r11, r10, r27
.delay_slot
        2706    0x00 0x2c 0xf0 0x02 0xb6 0x00 0x00 0x43 0x41 0x07 0x00 0x00 0x1c 0x2e            NOPA;                                                       NOPS;                                                       MOV p0, r16;                            NOPV
.return_address
.no_stack_arguments
        2720    0x06 0x00 0x00 0x00 0x04 0x34 0x00 0x00 0x40 0xba                                MOVA r0, #48;                                                                             JL #8608
.delay_slot
        2730    0x10 0x02 0x05 0x18                                                                                                                                                        MOVX r1, #1
.delay_slot
.swstall delay_slot
        2734    0x00 0x00                                                                        NOPX
.delay_slot
.swstall delay_slot
        2736    0x00 0x00                                                                        NOPX
.delay_slot
.swstall delay_slot
        2738    0x00 0x00                                                                        NOPX
.delay_slot
.swstall delay_slot
        2740    0x00 0x2c 0xf0 0x00 0x20 0x00 0x00 0x00 0x00 0xad 0x81 0x36                      NOPA;                         NOPB;                         NOPS;                         NOPX
.return_address
        2752    0xe2 0xc2 0xd0 0x3e 0x17 0xe8 0x08 0x31 0x58 0xba                                LDA r16, [p7, #4];                                                                        MOVX r1, #-1;                 MOV r0, #49
        2762    0x00 0x00                                                                        NOPX
        2764    0x00 0x00                                                                        NOPX
        2766    0x00 0x00                                                                        NOPX
        2768    0x00 0x00                                                                        NOPX
.no_stack_arguments
        2770    0x00 0x10 0xc0 0x00 0x01 0x04                                                                                                                                              JL #8576
.delay_slot
.swstall delay_slot
        2776    0x00 0x00                                                                        NOPX
.delay_slot
        2778    0x14 0x20 0x07 0x18                                                                                                                                                        ADD r16, r16, #1
.delay_slot
        2782    0x6e 0xe1 0x58 0xb0 0xfe 0x24                                                                                                                                              LT r27, r13, r16;             ADD.NC r17, r16, #-2
.delay_slot
        2788    0x14 0x21 0x12 0x18                                                                                                                                                        SEL.EQZ r16, r16, r17, r27
.delay_slot
        2792    0xe2 0xc2 0x30 0x00 0x01 0xa5 0x70 0x02                                                                                                      ST r16, [p7, #4];                                           NOPM
.return_address
        2800    0xe2 0xc2 0xd2 0xd9 0x81 0xd4                                                    LDA r16, [p7, #4];                                                                                                      MOV p1, p6
        2806    0x00 0x00                                                                        NOPX
        2808    0x00 0x00                                                                        NOPX
        2810    0x00 0x00                                                                        NOPX
.no_stack_arguments
        2812    0x00 0x10 0xe0 0x00 0x01 0x04                                                                                                                                              JL #8640
.delay_slot
        2818    0x00 0x07 0x04 0xda 0x00 0x44                                                                                                                                              MOVXM p2, #462080
.delay_slot
.swstall delay_slot
        2824    0x00 0x00                                                                        NOPX
.delay_slot
        2826    0x13 0x77 0x07 0x98                                                                                                                                                        EQ r27, r13, r16
.delay_slot
        2830    0x12 0xe0 0xa2 0x18                                                                                                                                                        SEL.EQZ r16, r11, r10, r27
.delay_slot
        2834    0x00 0x2c 0xf0 0x02 0xb6 0x00 0x00 0x43 0x41 0x07 0x00 0x00 0x1c 0x2e            NOPA;                                                       NOPS;                                                       MOV p0, r16;                            NOPV
.return_address
.no_stack_arguments
        2848    0x06 0x00 0x00 0x00 0x04 0x34 0x00 0x00 0x40 0xba                                MOVA r0, #48;                                                                             JL #8608
.delay_slot
        2858    0x10 0x02 0x05 0x18                                                                                                                                                        MOVX r1, #1
.delay_slot
.swstall delay_slot
        2862    0x00 0x00                                                                        NOPX
.delay_slot
.swstall delay_slot
        2864    0x00 0x00                                                                        NOPX
.delay_slot
.swstall delay_slot
        2866    0x00 0x00                                                                        NOPX
.delay_slot
.swstall delay_slot
        2868    0x00 0x2c 0xf0 0x00 0x20 0x00 0x00 0x00 0x00 0xad 0x81 0x36                      NOPA;                         NOPB;                         NOPS;                         NOPX
.return_address
        2880    0xe2 0xc2 0xd0 0x3e 0x17 0xe8 0x08 0x31 0x58 0xba                                LDA r16, [p7, #4];                                                                        MOVX r1, #-1;                 MOV r0, #49
        2890    0x00 0x00                                                                        NOPX
        2892    0x00 0x00                                                                        NOPX
        2894    0x00 0x00                                                                        NOPX
        2896    0x00 0x00                                                                        NOPX
.no_stack_arguments
        2898    0x00 0x10 0xc0 0x00 0x01 0x04                                                                                                                                              JL #8576
.delay_slot
.swstall delay_slot
        2904    0x00 0x00                                                                        NOPX
.delay_slot
        2906    0x14 0x20 0x07 0x18                                                                                                                                                        ADD r16, r16, #1
.delay_slot
        2910    0x6e 0xe1 0x58 0xb0 0xfe 0x24                                                                                                                                              LT r27, r13, r16;             ADD.NC r17, r16, #-2
.delay_slot
        2916    0x14 0x21 0x12 0x18                                                                                                                                                        SEL.EQZ r16, r16, r17, r27
.delay_slot
        2920    0xe2 0xc2 0x30 0x00 0x01 0xa5 0x70 0x02                                                                                                      ST r16, [p7, #4];                                           NOPM
.return_address
        2928    0xe2 0xc2 0xd2 0xd9 0x81 0xd4                                                    LDA r16, [p7, #4];                                                                                                      MOV p1, p6
        2934    0x00 0x00                                                                        NOPX
        2936    0x00 0x00                                                                        NOPX
        2938    0x00 0x00                                                                        NOPX
.no_stack_arguments
        2940    0x00 0x10 0xe0 0x00 0x01 0x04                                                                                                                                              JL #8640
.delay_slot
        2946    0x00 0x07 0x04 0xda 0x00 0x44                                                                                                                                              MOVXM p2, #462080
.delay_slot
.swstall delay_slot
        2952    0x00 0x00                                                                        NOPX
.delay_slot
        2954    0x13 0x77 0x07 0x98                                                                                                                                                        EQ r27, r13, r16
.delay_slot
        2958    0x12 0xe0 0xa2 0x18                                                                                                                                                        SEL.EQZ r16, r11, r10, r27
.delay_slot
        2962    0x00 0x2c 0xf0 0x02 0xb6 0x00 0x00 0x43 0x41 0x07 0x00 0x00 0x1c 0x2e            NOPA;                                                       NOPS;                                                       MOV p0, r16;                            NOPV
.return_address
.no_stack_arguments
        2976    0x06 0x00 0x00 0x00 0x04 0x34 0x00 0x00 0x40 0xba                                MOVA r0, #48;                                                                             JL #8608
.delay_slot
        2986    0x10 0x02 0x05 0x18                                                                                                                                                        MOVX r1, #1
.delay_slot
.swstall delay_slot
        2990    0x00 0x00                                                                        NOPX
.delay_slot
.swstall delay_slot
        2992    0x00 0x00                                                                        NOPX
.delay_slot
.swstall delay_slot
        2994    0x00 0x00                                                                        NOPX
.delay_slot
.swstall delay_slot
        2996    0x00 0x2c 0xf0 0x00 0x20 0x00 0x00 0x00 0x00 0xad 0x81 0x36                      NOPA;                         NOPB;                         NOPS;                         NOPX
.return_address
        3008    0xe2 0xc2 0xd0 0x3e 0x17 0xe8 0x08 0x31 0x58 0xba                                LDA r16, [p7, #4];                                                                        MOVX r1, #-1;                 MOV r0, #49
        3018    0x00 0x00                                                                        NOPX
        3020    0x00 0x00                                                                        NOPX
        3022    0x00 0x00                                                                        NOPX
        3024    0x00 0x00                                                                        NOPX
.no_stack_arguments
        3026    0x00 0x10 0xc0 0x00 0x01 0x04                                                                                                                                              JL #8576
.delay_slot
.swstall delay_slot
        3032    0x00 0x00                                                                        NOPX
.delay_slot
        3034    0x14 0x20 0x07 0x18                                                                                                                                                        ADD r16, r16, #1
.delay_slot
        3038    0x6e 0xe1 0x58 0xb0 0xfe 0x24                                                                                                                                              LT r27, r13, r16;             ADD.NC r17, r16, #-2
.delay_slot
        3044    0x14 0x21 0x12 0x18                                                                                                                                                        SEL.EQZ r16, r16, r17, r27
.delay_slot
        3048    0xe2 0xc2 0x30 0x00 0x01 0xa5 0x70 0x02                                                                                                      ST r16, [p7, #4];                                           NOPM
.return_address
        3056    0xe2 0xc2 0xd2 0xd9 0x81 0xd4                                                    LDA r16, [p7, #4];                                                                                                      MOV p1, p6
        3062    0x00 0x00                                                                        NOPX
        3064    0x00 0x00                                                                        NOPX
        3066    0x00 0x00                                                                        NOPX
.no_stack_arguments
        3068    0x00 0x10 0xe0 0x00 0x01 0x04                                                                                                                                              JL #8640
.delay_slot
        3074    0x00 0x07 0x04 0xda 0x00 0x44                                                                                                                                              MOVXM p2, #462080
.delay_slot
.swstall delay_slot
        3080    0x00 0x00                                                                        NOPX
.delay_slot
        3082    0x13 0x77 0x07 0x98                                                                                                                                                        EQ r27, r13, r16
.delay_slot
        3086    0x12 0xe0 0xa2 0x18                                                                                                                                                        SEL.EQZ r16, r11, r10, r27
.delay_slot
        3090    0x00 0x2c 0xf0 0x02 0xb6 0x00 0x00 0x43 0x41 0x07 0x00 0x00 0x1c 0x2e            NOPA;                                                       NOPS;                                                       MOV p0, r16;                            NOPV
.return_address
.no_stack_arguments
        3104    0x06 0x00 0x00 0x00 0x04 0x34 0x00 0x00 0x40 0xba                                MOVA r0, #48;                                                                             JL #8608
.delay_slot
        3114    0x10 0x02 0x05 0x18                                                                                                                                                        MOVX r1, #1
.delay_slot
.swstall delay_slot
        3118    0x00 0x00                                                                        NOPX
.delay_slot
.swstall delay_slot
        3120    0x00 0x00                                                                        NOPX
.delay_slot
.swstall delay_slot
        3122    0x00 0x00                                                                        NOPX
.delay_slot
.swstall delay_slot
        3124    0x00 0x2c 0xf0 0x00 0x20 0x00 0x00 0x00 0x00 0xad 0x81 0x36                      NOPA;                         NOPB;                         NOPS;                         NOPX
.return_address
        3136    0xe2 0xc2 0xd0 0x3e 0x17 0xe8 0x08 0x31 0x58 0xba                                LDA r16, [p7, #4];                                                                        MOVX r1, #-1;                 MOV r0, #49
        3146    0x00 0x00                                                                        NOPX
        3148    0x00 0x00                                                                        NOPX
        3150    0x00 0x00                                                                        NOPX
        3152    0x00 0x00                                                                        NOPX
.no_stack_arguments
        3154    0x00 0x10 0xc0 0x00 0x01 0x04                                                                                                                                              JL #8576
.delay_slot
.swstall delay_slot
        3160    0x00 0x00                                                                        NOPX
.delay_slot
        3162    0x14 0x20 0x07 0x18                                                                                                                                                        ADD r16, r16, #1
.delay_slot
        3166    0x6e 0xe1 0x58 0xb0 0xfe 0x24                                                                                                                                              LT r27, r13, r16;             ADD.NC r17, r16, #-2
.delay_slot
        3172    0x14 0x21 0x12 0x18                                                                                                                                                        SEL.EQZ r16, r16, r17, r27
.delay_slot
        3176    0xe2 0xc2 0x30 0x00 0x01 0xa5 0x70 0x02                                                                                                      ST r16, [p7, #4];                                           NOPM
.return_address
        3184    0xe2 0xc2 0xd2 0xd9 0x81 0xd4                                                    LDA r16, [p7, #4];                                                                                                      MOV p1, p6
        3190    0x00 0x00                                                                        NOPX
        3192    0x00 0x00                                                                        NOPX
        3194    0x00 0x00                                                                        NOPX
.no_stack_arguments
        3196    0x00 0x10 0xe0 0x00 0x01 0x04                                                                                                                                              JL #8640
.delay_slot
        3202    0x00 0x07 0x04 0xda 0x00 0x44                                                                                                                                              MOVXM p2, #462080
.delay_slot
.swstall delay_slot
        3208    0x00 0x00                                                                        NOPX
.delay_slot
        3210    0x13 0x77 0x07 0x98                                                                                                                                                        EQ r27, r13, r16
.delay_slot
        3214    0x12 0xe0 0xa2 0x18                                                                                                                                                        SEL.EQZ r16, r11, r10, r27
.delay_slot
        3218    0x00 0x2c 0xf0 0x02 0xb6 0x00 0x00 0x43 0x41 0x07 0x00 0x00 0x1c 0x2e            NOPA;                                                       NOPS;                                                       MOV p0, r16;                            NOPV
.return_address
.no_stack_arguments
        3232    0x06 0x00 0x00 0x00 0x04 0x34 0x00 0x00 0x40 0xba                                MOVA r0, #48;                                                                             JL #8608
.delay_slot
        3242    0x10 0x02 0x05 0x18                                                                                                                                                        MOVX r1, #1
.delay_slot
        3246    0x10 0x12 0x05 0x18                                                                                                                                                        MOVX r9, #1
.delay_slot
.swstall delay_slot
        3250    0x00 0x00                                                                        NOPX
.delay_slot
.swstall delay_slot
        3252    0x00 0x00                                                                        NOPX
.delay_slot
.swstall delay_slot
        3254    0x00 0x2c 0xf0 0x00 0x10 0x00 0x01 0xa5 0x7e 0xba                                NOPA;                         NOPB;                                                                                     NOPM
.return_address
        3264    0xe2 0xc2 0xd0 0x00 0x06 0x48 0x28 0x01 0x58 0xba                                LDA r16, [p7, #4];                                                                        MOVX r0, #50;                 MOV r1, #1
        3274    0x00 0x00                                                                        NOPX
        3276    0x00 0x00                                                                        NOPX
        3278    0x00 0x00                                                                        NOPX
        3280    0x00 0x00                                                                        NOPX
.no_stack_arguments
        3282    0x00 0x10 0xd0 0x00 0x01 0x04                                                                                                                                              JL #8608
.delay_slot
.swstall delay_slot
        3288    0x00 0x00                                                                        NOPX
.delay_slot
        3290    0x14 0x20 0x07 0x18                                                                                                                                                        ADD r16, r16, #1
.delay_slot
        3294    0x4e 0xe1 0x58 0xb0 0xfe 0x24                                                                                                                                              LT r27, r9, r16;              ADD.NC r17, r16, #-2
.delay_slot
        3300    0x14 0x21 0x12 0x18                                                                                                                                                        SEL.EQZ r16, r16, r17, r27
.delay_slot
        3304    0xe2 0xc2 0x30 0x00 0x01 0xa5 0x70 0x02                                                                                                      ST r16, [p7, #4];                                           NOPM
.return_address
        3312    0xe0 0xc2 0xd0 0x00 0x00 0x03 0x34 0xd0 0x10 0xba                                LDA r16, [p7];                                                                            MOVXM p6, #2464
        3322    0x00 0x00                                                                        NOPX
        3324    0x00 0x00                                                                        NOPX
        3326    0x00 0x00                                                                        NOPX
        3328    0x00 0x00                                                                        NOPX
        3330    0x12 0x11 0xa0 0x18                                                                                                                                                        JNZD r8, r8, p6
.delay_slot
.swstall delay_slot
        3334    0x00 0x00                                                                        NOPX
.delay_slot
        3336    0x14 0x20 0x07 0x18                                                                                                                                                        ADD r16, r16, #1
.delay_slot
        3340    0x4e 0xe1 0x58 0xb0 0xfe 0x24                                                                                                                                              LT r27, r9, r16;              ADD.NC r17, r16, #-2
.delay_slot
        3346    0x14 0x21 0x12 0x18                                                                                                                                                        SEL.EQZ r16, r16, r17, r27
.delay_slot
        3350    0x0f 0x06 0x11 0x98                                                                                                                          ST r16, [p7]
.loop_nesting 1
.no_stack_arguments
        3354    0x06 0xa0 0x00 0x00 0x04 0x34 0x00 0x00 0x40 0xba                                MOVA r0, #53;                                                                             JL #8608
.delay_slot
        3364    0x10 0x02 0x05 0x18                                                                                                                                                        MOVX r1, #1
.delay_slot
.swstall delay_slot
        3368    0x00 0x00                                                                        NOPX
.delay_slot
.swstall delay_slot
        3370    0x00 0x00                                                                        NOPX
.delay_slot
.swstall delay_slot
        3372    0x00 0x00                                                                        NOPX
.delay_slot
.swstall delay_slot
        3374    0x00 0x00                                                                        NOPX
.return_address
        3376    0xfe 0xc2 0xd0 0x00 0x06 0x88 0x2f 0xff 0x58 0xba                                LDA r16, [p7, #-4];                                                                       MOVX r0, #52;                 MOV r1, #-1
        3386    0x00 0x00                                                                        NOPX
        3388    0x00 0x00                                                                        NOPX
        3390    0x00 0x00                                                                        NOPX
.no_stack_arguments
        3392    0x00 0x10 0xc0 0x00 0x01 0x04                                                                                                                                              JL #8576
.delay_slot
        3398    0x7f 0xff 0xf8 0xbf 0xfc 0x44                                                                                                                                              MOVXM r17, #2147483646
.delay_slot
.swstall delay_slot
        3404    0x00 0x00                                                                        NOPX
.delay_slot
        3406    0x14 0x63 0x0c 0x98                                                                                                                                                        LTU r17, r17, r16
.delay_slot
        3410    0x14 0x61 0x00 0x98                                                                                                                                                        ADD r16, r17, r16
.delay_slot
        3414    0x00 0x2c 0xf7 0xf6 0x11 0x80 0x00 0x00 0x00 0x7a                                NOPA;                                                       ST r16, [p7, #-4];            NOPX
.return_address
.no_stack_arguments
        3424    0x00 0x12 0xa0 0x00 0x01 0x04                                                                                                                                              JL #9536
.delay_slot
        3430    0x00 0x07 0x00 0xda 0x00 0x44                                                                                                                                              MOVXM p0, #462080
.delay_slot
.swstall delay_slot
        3436    0x00 0x00                                                                        NOPX
.delay_slot
.swstall delay_slot
        3438    0x00 0x00                                                                        NOPX
.delay_slot
.swstall delay_slot
        3440    0x00 0x00                                                                        NOPX
.delay_slot
.swstall delay_slot
        3442    0x00 0x2c 0xf0 0x02 0xb6 0x00 0x00 0x40 0x1a 0x57 0x00 0x00 0x1c 0x2e            NOPA;                                                       NOPS;                                                       NOPM;                                   NOPV
.return_address
        3456    0x00 0x2c 0xf0 0x00 0x20 0x01 0x5b 0x00 0x83 0xe8 0x01 0xa5 0x78 0x00 0x00 0xe1  NOPA;                         NOPB;                         NOPS;                         MOVX r8, #31;                 NOPM;                                   NOPV
.label TGT_Fcore_28_5_3248
.loop_nesting 2
.no_stack_arguments
        3472    0x06 0x60 0x00 0x00 0x04 0x30 0x00 0x00 0x40 0xba                                MOVA r0, #51;                                                                             JL #8576
.delay_slot
        3482    0x17 0xc2 0xfd 0x18                                                                                                                                                        MOVX r1, #-1
.delay_slot
.swstall delay_slot
        3486    0x00 0x00                                                                        NOPX
.delay_slot
.swstall delay_slot
        3488    0x00 0x00                                                                        NOPX
.delay_slot
.swstall delay_slot
        3490    0x00 0x00                                                                        NOPX
.delay_slot
.swstall delay_slot
        3492    0x00 0x2c 0xf0 0x00 0x20 0x00 0x00 0x00 0x00 0xad 0x81 0x36                      NOPA;                         NOPB;                         NOPS;                         NOPX
.return_address
        3504    0xe0 0xca 0xd0 0x3e 0x17 0xe8 0x08 0x31 0x58 0xba                                LDA r18, [p7];                                                                            MOVX r1, #-1;                 MOV r0, #49
        3514    0x00 0x00                                                                        NOPX
        3516    0x00 0x00                                                                        NOPX
.no_stack_arguments
        3518    0x00 0x10 0xc0 0x00 0x01 0x04                                                                                                                                              JL #8576
.delay_slot
        3524    0x00 0x07 0x98 0x28 0x00 0x44                                                                                                                                              MOVXM r16, #496640
.delay_slot
        3530    0x00 0x07 0x58 0xbc 0x00 0x44                                                                                                                                              MOVXM r17, #482816
.delay_slot
.swstall delay_slot
        3536    0x00 0x00                                                                        NOPX
.delay_slot
        3538    0x12 0x77 0x27 0x98                                                                                                                                                        EQ r27, r9, r18
.delay_slot
        3542    0x00 0x2c 0xf0 0x01 0x5b 0x00 0x04 0x5f 0x02 0x7a                                NOPA;                                                       NOPS;                         SEL.EQZ r15, r17, r16, r27
.return_address
        3552    0xe2 0xc2 0xd2 0xcf 0x41 0xd4                                                    LDA r16, [p7, #4];                                                                                                      MOV p1, r15
        3558    0x1e 0x62 0xc0 0xf8                                                                                                                                                                                      MOV p6, p1
        3562    0x00 0x00                                                                        NOPX
        3564    0x00 0x00                                                                        NOPX
.no_stack_arguments
        3566    0x00 0x10 0xe0 0x00 0x01 0x04                                                                                                                                              JL #8640
.delay_slot
        3572    0x00 0x07 0x04 0xda 0x00 0x44                                                                                                                                              MOVXM p2, #462080
.delay_slot
.swstall delay_slot
        3578    0x00 0x00                                                                        NOPX
.delay_slot
        3580    0x12 0x77 0x07 0x98                                                                                                                                                        EQ r27, r9, r16
.delay_slot
        3584    0x12 0xe0 0xa2 0x18                                                                                                                                                        SEL.EQZ r16, r11, r10, r27
.delay_slot
        3588    0x00 0x2c 0xf0 0x00 0x20 0x01 0x5b 0x00 0x34 0x10 0x70 0xf6                      NOPA;                         NOPB;                         NOPS;                                                       MOV p0, r16
.return_address
.no_stack_arguments
        3600    0x06 0x00 0x00 0x00 0x04 0x34 0x00 0x00 0x40 0xba                                MOVA r0, #48;                                                                             JL #8608
.delay_slot
        3610    0x10 0x02 0x05 0x18                                                                                                                                                        MOVX r1, #1
.delay_slot
        3614    0x10 0x1a 0x05 0x18                                                                                                                                                        MOVX r13, #1
.delay_slot
.swstall delay_slot
        3618    0x00 0x00                                                                        NOPX
.delay_slot
.swstall delay_slot
        3620    0x00 0x00                                                                        NOPX
.delay_slot
.swstall delay_slot
        3622    0x00 0x2c 0xf0 0x00 0x10 0x00 0x01 0xa5 0x7e 0xba                                NOPA;                         NOPB;                                                                                     NOPM
.return_address
        3632    0xe2 0xc2 0xd0 0x3e 0x17 0xe8 0x08 0x31 0x58 0xba                                LDA r16, [p7, #4];                                                                        MOVX r1, #-1;                 MOV r0, #49
        3642    0x00 0x00                                                                        NOPX
        3644    0x00 0x00                                                                        NOPX
        3646    0x00 0x00                                                                        NOPX
        3648    0x00 0x00                                                                        NOPX
.no_stack_arguments
        3650    0x00 0x10 0xc0 0x00 0x01 0x04                                                                                                                                              JL #8576
.delay_slot
.swstall delay_slot
        3656    0x00 0x00                                                                        NOPX
.delay_slot
        3658    0x14 0x20 0x07 0x18                                                                                                                                                        ADD r16, r16, #1
.delay_slot
        3662    0x6e 0xe1 0x58 0xb0 0xfe 0x24                                                                                                                                              LT r27, r13, r16;             ADD.NC r17, r16, #-2
.delay_slot
        3668    0x14 0x21 0x12 0x18                                                                                                                                                        SEL.EQZ r16, r16, r17, r27
.delay_slot
        3672    0xe2 0xc2 0x30 0x00 0x01 0xa5 0x70 0x02                                                                                                      ST r16, [p7, #4];                                           NOPM
.return_address
        3680    0xe2 0xc2 0xd2 0xd9 0x81 0xd4                                                    LDA r16, [p7, #4];                                                                                                      MOV p1, p6
        3686    0x00 0x00                                                                        NOPX
        3688    0x00 0x00                                                                        NOPX
        3690    0x00 0x00                                                                        NOPX
.no_stack_arguments
        3692    0x00 0x10 0xe0 0x00 0x01 0x04                                                                                                                                              JL #8640
.delay_slot
        3698    0x00 0x07 0x04 0xda 0x00 0x44                                                                                                                                              MOVXM p2, #462080
.delay_slot
.swstall delay_slot
        3704    0x00 0x00                                                                        NOPX
.delay_slot
        3706    0x13 0x77 0x07 0x98                                                                                                                                                        EQ r27, r13, r16
.delay_slot
        3710    0x12 0xe0 0xa2 0x18                                                                                                                                                        SEL.EQZ r16, r11, r10, r27
.delay_slot
        3714    0x00 0x2c 0xf0 0x02 0xb6 0x00 0x00 0x43 0x41 0x07 0x00 0x00 0x1c 0x2e            NOPA;                                                       NOPS;                                                       MOV p0, r16;                            NOPV
.return_address
.no_stack_arguments
        3728    0x06 0x00 0x00 0x00 0x04 0x34 0x00 0x00 0x40 0xba                                MOVA r0, #48;                                                                             JL #8608
.delay_slot
        3738    0x10 0x02 0x05 0x18                                                                                                                                                        MOVX r1, #1
.delay_slot
.swstall delay_slot
        3742    0x00 0x00                                                                        NOPX
.delay_slot
.swstall delay_slot
        3744    0x00 0x00                                                                        NOPX
.delay_slot
.swstall delay_slot
        3746    0x00 0x00                                                                        NOPX
.delay_slot
.swstall delay_slot
        3748    0x00 0x2c 0xf0 0x00 0x20 0x00 0x00 0x00 0x00 0xad 0x81 0x36                      NOPA;                         NOPB;                         NOPS;                         NOPX
.return_address
        3760    0xe2 0xc2 0xd0 0x3e 0x17 0xe8 0x08 0x31 0x58 0xba                                LDA r16, [p7, #4];                                                                        MOVX r1, #-1;                 MOV r0, #49
        3770    0x00 0x00                                                                        NOPX
        3772    0x00 0x00                                                                        NOPX
        3774    0x00 0x00                                                                        NOPX
        3776    0x00 0x00                                                                        NOPX
.no_stack_arguments
        3778    0x00 0x10 0xc0 0x00 0x01 0x04                                                                                                                                              JL #8576
.delay_slot
.swstall delay_slot
        3784    0x00 0x00                                                                        NOPX
.delay_slot
        3786    0x14 0x20 0x07 0x18                                                                                                                                                        ADD r16, r16, #1
.delay_slot
        3790    0x6e 0xe1 0x58 0xb0 0xfe 0x24                                                                                                                                              LT r27, r13, r16;             ADD.NC r17, r16, #-2
.delay_slot
        3796    0x14 0x21 0x12 0x18                                                                                                                                                        SEL.EQZ r16, r16, r17, r27
.delay_slot
        3800    0xe2 0xc2 0x30 0x00 0x01 0xa5 0x70 0x02                                                                                                      ST r16, [p7, #4];                                           NOPM
.return_address
        3808    0xe2 0xc2 0xd2 0xd9 0x81 0xd4                                                    LDA r16, [p7, #4];                                                                                                      MOV p1, p6
        3814    0x00 0x00                                                                        NOPX
        3816    0x00 0x00                                                                        NOPX
        3818    0x00 0x00                                                                        NOPX
.no_stack_arguments
        3820    0x00 0x10 0xe0 0x00 0x01 0x04                                                                                                                                              JL #8640
.delay_slot
        3826    0x00 0x07 0x04 0xda 0x00 0x44                                                                                                                                              MOVXM p2, #462080
.delay_slot
.swstall delay_slot
        3832    0x00 0x00                                                                        NOPX
.delay_slot
        3834    0x13 0x77 0x07 0x98                                                                                                                                                        EQ r27, r13, r16
.delay_slot
        3838    0x12 0xe0 0xa2 0x18                                                                                                                                                        SEL.EQZ r16, r11, r10, r27
.delay_slot
        3842    0x00 0x2c 0xf0 0x02 0xb6 0x00 0x00 0x43 0x41 0x07 0x00 0x00 0x1c 0x2e            NOPA;                                                       NOPS;                                                       MOV p0, r16;                            NOPV
.return_address
.no_stack_arguments
        3856    0x06 0x00 0x00 0x00 0x04 0x34 0x00 0x00 0x40 0xba                                MOVA r0, #48;                                                                             JL #8608
.delay_slot
        3866    0x10 0x02 0x05 0x18                                                                                                                                                        MOVX r1, #1
.delay_slot
.swstall delay_slot
        3870    0x00 0x00                                                                        NOPX
.delay_slot
.swstall delay_slot
        3872    0x00 0x00                                                                        NOPX
.delay_slot
.swstall delay_slot
        3874    0x00 0x00                                                                        NOPX
.delay_slot
.swstall delay_slot
        3876    0x00 0x2c 0xf0 0x00 0x20 0x00 0x00 0x00 0x00 0xad 0x81 0x36                      NOPA;                         NOPB;                         NOPS;                         NOPX
.return_address
        3888    0xe2 0xc2 0xd0 0x3e 0x17 0xe8 0x08 0x31 0x58 0xba                                LDA r16, [p7, #4];                                                                        MOVX r1, #-1;                 MOV r0, #49
        3898    0x00 0x00                                                                        NOPX
        3900    0x00 0x00                                                                        NOPX
        3902    0x00 0x00                                                                        NOPX
        3904    0x00 0x00                                                                        NOPX
.no_stack_arguments
        3906    0x00 0x10 0xc0 0x00 0x01 0x04                                                                                                                                              JL #8576
.delay_slot
.swstall delay_slot
        3912    0x00 0x00                                                                        NOPX
.delay_slot
        3914    0x14 0x20 0x07 0x18                                                                                                                                                        ADD r16, r16, #1
.delay_slot
        3918    0x6e 0xe1 0x58 0xb0 0xfe 0x24                                                                                                                                              LT r27, r13, r16;             ADD.NC r17, r16, #-2
.delay_slot
        3924    0x14 0x21 0x12 0x18                                                                                                                                                        SEL.EQZ r16, r16, r17, r27
.delay_slot
        3928    0xe2 0xc2 0x30 0x00 0x01 0xa5 0x70 0x02                                                                                                      ST r16, [p7, #4];                                           NOPM
.return_address
        3936    0xe2 0xc2 0xd2 0xd9 0x81 0xd4                                                    LDA r16, [p7, #4];                                                                                                      MOV p1, p6
        3942    0x00 0x00                                                                        NOPX
        3944    0x00 0x00                                                                        NOPX
        3946    0x00 0x00                                                                        NOPX
.no_stack_arguments
        3948    0x00 0x10 0xe0 0x00 0x01 0x04                                                                                                                                              JL #8640
.delay_slot
        3954    0x00 0x07 0x04 0xda 0x00 0x44                                                                                                                                              MOVXM p2, #462080
.delay_slot
.swstall delay_slot
        3960    0x00 0x00                                                                        NOPX
.delay_slot
        3962    0x13 0x77 0x07 0x98                                                                                                                                                        EQ r27, r13, r16
.delay_slot
        3966    0x12 0xe0 0xa2 0x18                                                                                                                                                        SEL.EQZ r16, r11, r10, r27
.delay_slot
        3970    0x00 0x2c 0xf0 0x02 0xb6 0x00 0x00 0x43 0x41 0x07 0x00 0x00 0x1c 0x2e            NOPA;                                                       NOPS;                                                       MOV p0, r16;                            NOPV
.return_address
.no_stack_arguments
        3984    0x06 0x00 0x00 0x00 0x04 0x34 0x00 0x00 0x40 0xba                                MOVA r0, #48;                                                                             JL #8608
.delay_slot
        3994    0x10 0x02 0x05 0x18                                                                                                                                                        MOVX r1, #1
.delay_slot
.swstall delay_slot
        3998    0x00 0x00                                                                        NOPX
.delay_slot
.swstall delay_slot
        4000    0x00 0x00                                                                        NOPX
.delay_slot
.swstall delay_slot
        4002    0x00 0x00                                                                        NOPX
.delay_slot
.swstall delay_slot
        4004    0x00 0x2c 0xf0 0x00 0x20 0x00 0x00 0x00 0x00 0xad 0x81 0x36                      NOPA;                         NOPB;                         NOPS;                         NOPX
.return_address
        4016    0xe2 0xc2 0xd0 0x3e 0x17 0xe8 0x08 0x31 0x58 0xba                                LDA r16, [p7, #4];                                                                        MOVX r1, #-1;                 MOV r0, #49
        4026    0x00 0x00                                                                        NOPX
        4028    0x00 0x00                                                                        NOPX
        4030    0x00 0x00                                                                        NOPX
        4032    0x00 0x00                                                                        NOPX
.no_stack_arguments
        4034    0x00 0x10 0xc0 0x00 0x01 0x04                                                                                                                                              JL #8576
.delay_slot
.swstall delay_slot
        4040    0x00 0x00                                                                        NOPX
.delay_slot
        4042    0x14 0x20 0x07 0x18                                                                                                                                                        ADD r16, r16, #1
.delay_slot
        4046    0x6e 0xe1 0x58 0xb0 0xfe 0x24                                                                                                                                              LT r27, r13, r16;             ADD.NC r17, r16, #-2
.delay_slot
        4052    0x14 0x21 0x12 0x18                                                                                                                                                        SEL.EQZ r16, r16, r17, r27
.delay_slot
        4056    0xe2 0xc2 0x30 0x00 0x01 0xa5 0x70 0x02                                                                                                      ST r16, [p7, #4];                                           NOPM
.return_address
        4064    0xe2 0xc2 0xd2 0xd9 0x81 0xd4                                                    LDA r16, [p7, #4];                                                                                                      MOV p1, p6
        4070    0x00 0x00                                                                        NOPX
        4072    0x00 0x00                                                                        NOPX
        4074    0x00 0x00                                                                        NOPX
.no_stack_arguments
        4076    0x00 0x10 0xe0 0x00 0x01 0x04                                                                                                                                              JL #8640
.delay_slot
        4082    0x00 0x07 0x04 0xda 0x00 0x44                                                                                                                                              MOVXM p2, #462080
.delay_slot
.swstall delay_slot
        4088    0x00 0x00                                                                        NOPX
.delay_slot
        4090    0x13 0x77 0x07 0x98                                                                                                                                                        EQ r27, r13, r16
.delay_slot
        4094    0x12 0xe0 0xa2 0x18                                                                                                                                                        SEL.EQZ r16, r11, r10, r27
.delay_slot
        4098    0x00 0x2c 0xf0 0x02 0xb6 0x00 0x00 0x43 0x41 0x07 0x00 0x00 0x1c 0x2e            NOPA;                                                       NOPS;                                                       MOV p0, r16;                            NOPV
.return_address
.no_stack_arguments
        4112    0x06 0x00 0x00 0x00 0x04 0x34 0x00 0x00 0x40 0xba                                MOVA r0, #48;                                                                             JL #8608
.delay_slot
        4122    0x10 0x02 0x05 0x18                                                                                                                                                        MOVX r1, #1
.delay_slot
.swstall delay_slot
        4126    0x00 0x00                                                                        NOPX
.delay_slot
.swstall delay_slot
        4128    0x00 0x00                                                                        NOPX
.delay_slot
.swstall delay_slot
        4130    0x00 0x00                                                                        NOPX
.delay_slot
.swstall delay_slot
        4132    0x00 0x2c 0xf0 0x00 0x20 0x00 0x00 0x00 0x00 0xad 0x81 0x36                      NOPA;                         NOPB;                         NOPS;                         NOPX
.return_address
        4144    0xe2 0xc2 0xd0 0x3e 0x17 0xe8 0x08 0x31 0x58 0xba                                LDA r16, [p7, #4];                                                                        MOVX r1, #-1;                 MOV r0, #49
        4154    0x00 0x00                                                                        NOPX
        4156    0x00 0x00                                                                        NOPX
        4158    0x00 0x00                                                                        NOPX
        4160    0x00 0x00                                                                        NOPX
.no_stack_arguments
        4162    0x00 0x10 0xc0 0x00 0x01 0x04                                                                                                                                              JL #8576
.delay_slot
.swstall delay_slot
        4168    0x00 0x00                                                                        NOPX
.delay_slot
        4170    0x14 0x20 0x07 0x18                                                                                                                                                        ADD r16, r16, #1
.delay_slot
        4174    0x6e 0xe1 0x58 0xb0 0xfe 0x24                                                                                                                                              LT r27, r13, r16;             ADD.NC r17, r16, #-2
.delay_slot
        4180    0x14 0x21 0x12 0x18                                                                                                                                                        SEL.EQZ r16, r16, r17, r27
.delay_slot
        4184    0xe2 0xc2 0x30 0x00 0x01 0xa5 0x70 0x02                                                                                                      ST r16, [p7, #4];                                           NOPM
.return_address
        4192    0xe2 0xc2 0xd2 0xd9 0x81 0xd4                                                    LDA r16, [p7, #4];                                                                                                      MOV p1, p6
        4198    0x00 0x00                                                                        NOPX
        4200    0x00 0x00                                                                        NOPX
        4202    0x00 0x00                                                                        NOPX
.no_stack_arguments
        4204    0x00 0x10 0xe0 0x00 0x01 0x04                                                                                                                                              JL #8640
.delay_slot
        4210    0x00 0x07 0x04 0xda 0x00 0x44                                                                                                                                              MOVXM p2, #462080
.delay_slot
.swstall delay_slot
        4216    0x00 0x00                                                                        NOPX
.delay_slot
        4218    0x13 0x77 0x07 0x98                                                                                                                                                        EQ r27, r13, r16
.delay_slot
        4222    0x12 0xe0 0xa2 0x18                                                                                                                                                        SEL.EQZ r16, r11, r10, r27
.delay_slot
        4226    0x00 0x2c 0xf0 0x02 0xb6 0x00 0x00 0x43 0x41 0x07 0x00 0x00 0x1c 0x2e            NOPA;                                                       NOPS;                                                       MOV p0, r16;                            NOPV
.return_address
.no_stack_arguments
        4240    0x06 0x00 0x00 0x00 0x04 0x34 0x00 0x00 0x40 0xba                                MOVA r0, #48;                                                                             JL #8608
.delay_slot
        4250    0x10 0x02 0x05 0x18                                                                                                                                                        MOVX r1, #1
.delay_slot
        4254    0x10 0x12 0x05 0x18                                                                                                                                                        MOVX r9, #1
.delay_slot
.swstall delay_slot
        4258    0x00 0x00                                                                        NOPX
.delay_slot
.swstall delay_slot
        4260    0x00 0x00                                                                        NOPX
.delay_slot
.swstall delay_slot
        4262    0x00 0x2c 0xf0 0x00 0x10 0x00 0x01 0xa5 0x7e 0xba                                NOPA;                         NOPB;                                                                                     NOPM
.return_address
        4272    0xe2 0xc2 0xd0 0x00 0x06 0x48 0x28 0x01 0x58 0xba                                LDA r16, [p7, #4];                                                                        MOVX r0, #50;                 MOV r1, #1
        4282    0x00 0x00                                                                        NOPX
        4284    0x00 0x00                                                                        NOPX
        4286    0x00 0x00                                                                        NOPX
        4288    0x00 0x00                                                                        NOPX
.no_stack_arguments
        4290    0x00 0x10 0xd0 0x00 0x01 0x04                                                                                                                                              JL #8608
.delay_slot
.swstall delay_slot
        4296    0x00 0x00                                                                        NOPX
.delay_slot
        4298    0x14 0x20 0x07 0x18                                                                                                                                                        ADD r16, r16, #1
.delay_slot
        4302    0x4e 0xe1 0x58 0xb0 0xfe 0x24                                                                                                                                              LT r27, r9, r16;              ADD.NC r17, r16, #-2
.delay_slot
        4308    0x14 0x21 0x12 0x18                                                                                                                                                        SEL.EQZ r16, r16, r17, r27
.delay_slot
        4312    0xe2 0xc2 0x30 0x00 0x01 0xa5 0x70 0x02                                                                                                      ST r16, [p7, #4];                                           NOPM
.return_address
        4320    0xe0 0xc2 0xd0 0x00 0x00 0x03 0x36 0xc8 0x10 0xba                                LDA r16, [p7];                                                                            MOVXM p6, #3472
        4330    0x00 0x00                                                                        NOPX
        4332    0x00 0x00                                                                        NOPX
        4334    0x00 0x00                                                                        NOPX
        4336    0x00 0x00                                                                        NOPX
        4338    0x12 0x11 0xa0 0x18                                                                                                                                                        JNZD r8, r8, p6
.delay_slot
.swstall delay_slot
        4342    0x00 0x00                                                                        NOPX
.delay_slot
        4344    0x14 0x20 0x07 0x18                                                                                                                                                        ADD r16, r16, #1
.delay_slot
        4348    0x4e 0xe1 0x58 0xb0 0xfe 0x24                                                                                                                                              LT r27, r9, r16;              ADD.NC r17, r16, #-2
.delay_slot
        4354    0x14 0x21 0x12 0x18                                                                                                                                                        SEL.EQZ r16, r16, r17, r27
.delay_slot
        4358    0x0f 0x06 0x11 0x98                                                                                                                          ST r16, [p7]
.loop_nesting 1
.no_stack_arguments
        4362    0x06 0xa0 0x00 0x00 0x04 0x34 0x00 0x00 0x40 0xba                                MOVA r0, #53;                                                                             JL #8608
.delay_slot
        4372    0x10 0x02 0x05 0x18                                                                                                                                                        MOVX r1, #1
.delay_slot
.swstall delay_slot
        4376    0x00 0x00                                                                        NOPX
.delay_slot
.swstall delay_slot
        4378    0x00 0x00                                                                        NOPX
.delay_slot
.swstall delay_slot
        4380    0x00 0x00                                                                        NOPX
.delay_slot
.swstall delay_slot
        4382    0x00 0x00                                                                        NOPX
.return_address
        4384    0xfe 0xc2 0xd0 0x00 0x06 0x88 0x2f 0xff 0x58 0xba                                LDA r16, [p7, #-4];                                                                       MOVX r0, #52;                 MOV r1, #-1
        4394    0x00 0x00                                                                        NOPX
        4396    0x00 0x00                                                                        NOPX
        4398    0x00 0x00                                                                        NOPX
.no_stack_arguments
        4400    0x00 0x10 0xc0 0x00 0x01 0x04                                                                                                                                              JL #8576
.delay_slot
        4406    0x7f 0xff 0xf8 0xbf 0xfc 0x44                                                                                                                                              MOVXM r17, #2147483646
.delay_slot
.swstall delay_slot
        4412    0x00 0x00                                                                        NOPX
.delay_slot
        4414    0x14 0x63 0x0c 0x98                                                                                                                                                        LTU r17, r17, r16
.delay_slot
        4418    0x14 0x61 0x00 0x98                                                                                                                                                        ADD r16, r17, r16
.delay_slot
        4422    0x00 0x2c 0xf7 0xf6 0x11 0x80 0x00 0x00 0x00 0x7a                                NOPA;                                                       ST r16, [p7, #-4];            NOPX
.return_address
.no_stack_arguments
        4432    0x00 0x12 0xa0 0x00 0x01 0x04                                                                                                                                              JL #9536
.delay_slot
        4438    0x00 0x07 0x00 0xda 0x00 0x44                                                                                                                                              MOVXM p0, #462080
.delay_slot
.swstall delay_slot
        4444    0x00 0x00                                                                        NOPX
.delay_slot
.swstall delay_slot
        4446    0x00 0x00                                                                        NOPX
.delay_slot
.swstall delay_slot
        4448    0x00 0x00                                                                        NOPX
.delay_slot
.swstall delay_slot
        4450    0x00 0x2c 0xf0 0x02 0xb6 0x00 0x00 0x40 0x1a 0x57 0x00 0x00 0x1c 0x2e            NOPA;                                                       NOPS;                                                       NOPM;                                   NOPV
.return_address
        4464    0x00 0x2c 0xf0 0x00 0x20 0x01 0x5b 0x00 0x83 0xe8 0x01 0xa5 0x78 0x00 0x00 0xe1  NOPA;                         NOPB;                         NOPS;                         MOVX r8, #31;                 NOPM;                                   NOPV
.label TGT_Fcore_28_5_4256
.loop_nesting 2
.no_stack_arguments
        4480    0x06 0x60 0x00 0x00 0x04 0x30 0x00 0x00 0x40 0xba                                MOVA r0, #51;                                                                             JL #8576
.delay_slot
        4490    0x17 0xc2 0xfd 0x18                                                                                                                                                        MOVX r1, #-1
.delay_slot
.swstall delay_slot
        4494    0x00 0x00                                                                        NOPX
.delay_slot
.swstall delay_slot
        4496    0x00 0x00                                                                        NOPX
.delay_slot
.swstall delay_slot
        4498    0x00 0x00                                                                        NOPX
.delay_slot
.swstall delay_slot
        4500    0x00 0x2c 0xf0 0x00 0x20 0x00 0x00 0x00 0x00 0xad 0x81 0x36                      NOPA;                         NOPB;                         NOPS;                         NOPX
.return_address
        4512    0xe0 0xca 0xd0 0x3e 0x17 0xe8 0x08 0x31 0x58 0xba                                LDA r18, [p7];                                                                            MOVX r1, #-1;                 MOV r0, #49
        4522    0x00 0x00                                                                        NOPX
        4524    0x00 0x00                                                                        NOPX
.no_stack_arguments
        4526    0x00 0x10 0xc0 0x00 0x01 0x04                                                                                                                                              JL #8576
.delay_slot
        4532    0x00 0x07 0x98 0x28 0x00 0x44                                                                                                                                              MOVXM r16, #496640
.delay_slot
        4538    0x00 0x07 0x58 0xbc 0x00 0x44                                                                                                                                              MOVXM r17, #482816
.delay_slot
.swstall delay_slot
        4544    0x00 0x00                                                                        NOPX
.delay_slot
        4546    0x12 0x77 0x27 0x98                                                                                                                                                        EQ r27, r9, r18
.delay_slot
        4550    0x00 0x2c 0xf0 0x01 0x5b 0x00 0x04 0x5f 0x02 0x7a                                NOPA;                                                       NOPS;                         SEL.EQZ r15, r17, r16, r27
.return_address
        4560    0xe2 0xc2 0xd2 0xcf 0x41 0xd4                                                    LDA r16, [p7, #4];                                                                                                      MOV p1, r15
        4566    0x1e 0x62 0xc0 0xf8                                                                                                                                                                                      MOV p6, p1
        4570    0x00 0x00                                                                        NOPX
        4572    0x00 0x00                                                                        NOPX
.no_stack_arguments
        4574    0x00 0x10 0xe0 0x00 0x01 0x04                                                                                                                                              JL #8640
.delay_slot
        4580    0x00 0x07 0x04 0xda 0x00 0x44                                                                                                                                              MOVXM p2, #462080
.delay_slot
.swstall delay_slot
        4586    0x00 0x00                                                                        NOPX
.delay_slot
        4588    0x12 0x77 0x07 0x98                                                                                                                                                        EQ r27, r9, r16
.delay_slot
        4592    0x12 0xe0 0xa2 0x18                                                                                                                                                        SEL.EQZ r16, r11, r10, r27
.delay_slot
        4596    0x00 0x2c 0xf0 0x00 0x20 0x01 0x5b 0x00 0x34 0x10 0x70 0xf6                      NOPA;                         NOPB;                         NOPS;                                                       MOV p0, r16
.return_address
.no_stack_arguments
        4608    0x06 0x00 0x00 0x00 0x04 0x34 0x00 0x00 0x40 0xba                                MOVA r0, #48;                                                                             JL #8608
.delay_slot
        4618    0x10 0x02 0x05 0x18                                                                                                                                                        MOVX r1, #1
.delay_slot
        4622    0x10 0x1a 0x05 0x18                                                                                                                                                        MOVX r13, #1
.delay_slot
.swstall delay_slot
        4626    0x00 0x00                                                                        NOPX
.delay_slot
.swstall delay_slot
        4628    0x00 0x00                                                                        NOPX
.delay_slot
.swstall delay_slot
        4630    0x00 0x2c 0xf0 0x00 0x10 0x00 0x01 0xa5 0x7e 0xba                                NOPA;                         NOPB;                                                                                     NOPM
.return_address
        4640    0xe2 0xc2 0xd0 0x3e 0x17 0xe8 0x08 0x31 0x58 0xba                                LDA r16, [p7, #4];                                                                        MOVX r1, #-1;                 MOV r0, #49
        4650    0x00 0x00                                                                        NOPX
        4652    0x00 0x00                                                                        NOPX
        4654    0x00 0x00                                                                        NOPX
        4656    0x00 0x00                                                                        NOPX
.no_stack_arguments
        4658    0x00 0x10 0xc0 0x00 0x01 0x04                                                                                                                                              JL #8576
.delay_slot
.swstall delay_slot
        4664    0x00 0x00                                                                        NOPX
.delay_slot
        4666    0x14 0x20 0x07 0x18                                                                                                                                                        ADD r16, r16, #1
.delay_slot
        4670    0x6e 0xe1 0x58 0xb0 0xfe 0x24                                                                                                                                              LT r27, r13, r16;             ADD.NC r17, r16, #-2
.delay_slot
        4676    0x14 0x21 0x12 0x18                                                                                                                                                        SEL.EQZ r16, r16, r17, r27
.delay_slot
        4680    0xe2 0xc2 0x30 0x00 0x01 0xa5 0x70 0x02                                                                                                      ST r16, [p7, #4];                                           NOPM
.return_address
        4688    0xe2 0xc2 0xd2 0xd9 0x81 0xd4                                                    LDA r16, [p7, #4];                                                                                                      MOV p1, p6
        4694    0x00 0x00                                                                        NOPX
        4696    0x00 0x00                                                                        NOPX
        4698    0x00 0x00                                                                        NOPX
.no_stack_arguments
        4700    0x00 0x10 0xe0 0x00 0x01 0x04                                                                                                                                              JL #8640
.delay_slot
        4706    0x00 0x07 0x04 0xda 0x00 0x44                                                                                                                                              MOVXM p2, #462080
.delay_slot
.swstall delay_slot
        4712    0x00 0x00                                                                        NOPX
.delay_slot
        4714    0x13 0x77 0x07 0x98                                                                                                                                                        EQ r27, r13, r16
.delay_slot
        4718    0x12 0xe0 0xa2 0x18                                                                                                                                                        SEL.EQZ r16, r11, r10, r27
.delay_slot
        4722    0x00 0x2c 0xf0 0x02 0xb6 0x00 0x00 0x43 0x41 0x07 0x00 0x00 0x1c 0x2e            NOPA;                                                       NOPS;                                                       MOV p0, r16;                            NOPV
.return_address
.no_stack_arguments
        4736    0x06 0x00 0x00 0x00 0x04 0x34 0x00 0x00 0x40 0xba                                MOVA r0, #48;                                                                             JL #8608
.delay_slot
        4746    0x10 0x02 0x05 0x18                                                                                                                                                        MOVX r1, #1
.delay_slot
.swstall delay_slot
        4750    0x00 0x00                                                                        NOPX
.delay_slot
.swstall delay_slot
        4752    0x00 0x00                                                                        NOPX
.delay_slot
.swstall delay_slot
        4754    0x00 0x00                                                                        NOPX
.delay_slot
.swstall delay_slot
        4756    0x00 0x2c 0xf0 0x00 0x20 0x00 0x00 0x00 0x00 0xad 0x81 0x36                      NOPA;                         NOPB;                         NOPS;                         NOPX
.return_address
        4768    0xe2 0xc2 0xd0 0x3e 0x17 0xe8 0x08 0x31 0x58 0xba                                LDA r16, [p7, #4];                                                                        MOVX r1, #-1;                 MOV r0, #49
        4778    0x00 0x00                                                                        NOPX
        4780    0x00 0x00                                                                        NOPX
        4782    0x00 0x00                                                                        NOPX
        4784    0x00 0x00                                                                        NOPX
.no_stack_arguments
        4786    0x00 0x10 0xc0 0x00 0x01 0x04                                                                                                                                              JL #8576
.delay_slot
.swstall delay_slot
        4792    0x00 0x00                                                                        NOPX
.delay_slot
        4794    0x14 0x20 0x07 0x18                                                                                                                                                        ADD r16, r16, #1
.delay_slot
        4798    0x6e 0xe1 0x58 0xb0 0xfe 0x24                                                                                                                                              LT r27, r13, r16;             ADD.NC r17, r16, #-2
.delay_slot
        4804    0x14 0x21 0x12 0x18                                                                                                                                                        SEL.EQZ r16, r16, r17, r27
.delay_slot
        4808    0xe2 0xc2 0x30 0x00 0x01 0xa5 0x70 0x02                                                                                                      ST r16, [p7, #4];                                           NOPM
.return_address
        4816    0xe2 0xc2 0xd2 0xd9 0x81 0xd4                                                    LDA r16, [p7, #4];                                                                                                      MOV p1, p6
        4822    0x00 0x00                                                                        NOPX
        4824    0x00 0x00                                                                        NOPX
        4826    0x00 0x00                                                                        NOPX
.no_stack_arguments
        4828    0x00 0x10 0xe0 0x00 0x01 0x04                                                                                                                                              JL #8640
.delay_slot
        4834    0x00 0x07 0x04 0xda 0x00 0x44                                                                                                                                              MOVXM p2, #462080
.delay_slot
.swstall delay_slot
        4840    0x00 0x00                                                                        NOPX
.delay_slot
        4842    0x13 0x77 0x07 0x98                                                                                                                                                        EQ r27, r13, r16
.delay_slot
        4846    0x12 0xe0 0xa2 0x18                                                                                                                                                        SEL.EQZ r16, r11, r10, r27
.delay_slot
        4850    0x00 0x2c 0xf0 0x02 0xb6 0x00 0x00 0x43 0x41 0x07 0x00 0x00 0x1c 0x2e            NOPA;                                                       NOPS;                                                       MOV p0, r16;                            NOPV
.return_address
.no_stack_arguments
        4864    0x06 0x00 0x00 0x00 0x04 0x34 0x00 0x00 0x40 0xba                                MOVA r0, #48;                                                                             JL #8608
.delay_slot
        4874    0x10 0x02 0x05 0x18                                                                                                                                                        MOVX r1, #1
.delay_slot
.swstall delay_slot
        4878    0x00 0x00                                                                        NOPX
.delay_slot
.swstall delay_slot
        4880    0x00 0x00                                                                        NOPX
.delay_slot
.swstall delay_slot
        4882    0x00 0x00                                                                        NOPX
.delay_slot
.swstall delay_slot
        4884    0x00 0x2c 0xf0 0x00 0x20 0x00 0x00 0x00 0x00 0xad 0x81 0x36                      NOPA;                         NOPB;                         NOPS;                         NOPX
.return_address
        4896    0xe2 0xc2 0xd0 0x3e 0x17 0xe8 0x08 0x31 0x58 0xba                                LDA r16, [p7, #4];                                                                        MOVX r1, #-1;                 MOV r0, #49
        4906    0x00 0x00                                                                        NOPX
        4908    0x00 0x00                                                                        NOPX
        4910    0x00 0x00                                                                        NOPX
        4912    0x00 0x00                                                                        NOPX
.no_stack_arguments
        4914    0x00 0x10 0xc0 0x00 0x01 0x04                                                                                                                                              JL #8576
.delay_slot
.swstall delay_slot
        4920    0x00 0x00                                                                        NOPX
.delay_slot
        4922    0x14 0x20 0x07 0x18                                                                                                                                                        ADD r16, r16, #1
.delay_slot
        4926    0x6e 0xe1 0x58 0xb0 0xfe 0x24                                                                                                                                              LT r27, r13, r16;             ADD.NC r17, r16, #-2
.delay_slot
        4932    0x14 0x21 0x12 0x18                                                                                                                                                        SEL.EQZ r16, r16, r17, r27
.delay_slot
        4936    0xe2 0xc2 0x30 0x00 0x01 0xa5 0x70 0x02                                                                                                      ST r16, [p7, #4];                                           NOPM
.return_address
        4944    0xe2 0xc2 0xd2 0xd9 0x81 0xd4                                                    LDA r16, [p7, #4];                                                                                                      MOV p1, p6
        4950    0x00 0x00                                                                        NOPX
        4952    0x00 0x00                                                                        NOPX
        4954    0x00 0x00                                                                        NOPX
.no_stack_arguments
        4956    0x00 0x10 0xe0 0x00 0x01 0x04                                                                                                                                              JL #8640
.delay_slot
        4962    0x00 0x07 0x04 0xda 0x00 0x44                                                                                                                                              MOVXM p2, #462080
.delay_slot
.swstall delay_slot
        4968    0x00 0x00                                                                        NOPX
.delay_slot
        4970    0x13 0x77 0x07 0x98                                                                                                                                                        EQ r27, r13, r16
.delay_slot
        4974    0x12 0xe0 0xa2 0x18                                                                                                                                                        SEL.EQZ r16, r11, r10, r27
.delay_slot
        4978    0x00 0x2c 0xf0 0x02 0xb6 0x00 0x00 0x43 0x41 0x07 0x00 0x00 0x1c 0x2e            NOPA;                                                       NOPS;                                                       MOV p0, r16;                            NOPV
.return_address
.no_stack_arguments
        4992    0x06 0x00 0x00 0x00 0x04 0x34 0x00 0x00 0x40 0xba                                MOVA r0, #48;                                                                             JL #8608
.delay_slot
        5002    0x10 0x02 0x05 0x18                                                                                                                                                        MOVX r1, #1
.delay_slot
.swstall delay_slot
        5006    0x00 0x00                                                                        NOPX
.delay_slot
.swstall delay_slot
        5008    0x00 0x00                                                                        NOPX
.delay_slot
.swstall delay_slot
        5010    0x00 0x00                                                                        NOPX
.delay_slot
.swstall delay_slot
        5012    0x00 0x2c 0xf0 0x00 0x20 0x00 0x00 0x00 0x00 0xad 0x81 0x36                      NOPA;                         NOPB;                         NOPS;                         NOPX
.return_address
        5024    0xe2 0xc2 0xd0 0x3e 0x17 0xe8 0x08 0x31 0x58 0xba                                LDA r16, [p7, #4];                                                                        MOVX r1, #-1;                 MOV r0, #49
        5034    0x00 0x00                                                                        NOPX
        5036    0x00 0x00                                                                        NOPX
        5038    0x00 0x00                                                                        NOPX
        5040    0x00 0x00                                                                        NOPX
.no_stack_arguments
        5042    0x00 0x10 0xc0 0x00 0x01 0x04                                                                                                                                              JL #8576
.delay_slot
.swstall delay_slot
        5048    0x00 0x00                                                                        NOPX
.delay_slot
        5050    0x14 0x20 0x07 0x18                                                                                                                                                        ADD r16, r16, #1
.delay_slot
        5054    0x6e 0xe1 0x58 0xb0 0xfe 0x24                                                                                                                                              LT r27, r13, r16;             ADD.NC r17, r16, #-2
.delay_slot
        5060    0x14 0x21 0x12 0x18                                                                                                                                                        SEL.EQZ r16, r16, r17, r27
.delay_slot
        5064    0xe2 0xc2 0x30 0x00 0x01 0xa5 0x70 0x02                                                                                                      ST r16, [p7, #4];                                           NOPM
.return_address
        5072    0xe2 0xc2 0xd2 0xd9 0x81 0xd4                                                    LDA r16, [p7, #4];                                                                                                      MOV p1, p6
        5078    0x00 0x00                                                                        NOPX
        5080    0x00 0x00                                                                        NOPX
        5082    0x00 0x00                                                                        NOPX
.no_stack_arguments
        5084    0x00 0x10 0xe0 0x00 0x01 0x04                                                                                                                                              JL #8640
.delay_slot
        5090    0x00 0x07 0x04 0xda 0x00 0x44                                                                                                                                              MOVXM p2, #462080
.delay_slot
.swstall delay_slot
        5096    0x00 0x00                                                                        NOPX
.delay_slot
        5098    0x13 0x77 0x07 0x98                                                                                                                                                        EQ r27, r13, r16
.delay_slot
        5102    0x12 0xe0 0xa2 0x18                                                                                                                                                        SEL.EQZ r16, r11, r10, r27
.delay_slot
        5106    0x00 0x2c 0xf0 0x02 0xb6 0x00 0x00 0x43 0x41 0x07 0x00 0x00 0x1c 0x2e            NOPA;                                                       NOPS;                                                       MOV p0, r16;                            NOPV
.return_address
.no_stack_arguments
        5120    0x06 0x00 0x00 0x00 0x04 0x34 0x00 0x00 0x40 0xba                                MOVA r0, #48;                                                                             JL #8608
.delay_slot
        5130    0x10 0x02 0x05 0x18                                                                                                                                                        MOVX r1, #1
.delay_slot
.swstall delay_slot
        5134    0x00 0x00                                                                        NOPX
.delay_slot
.swstall delay_slot
        5136    0x00 0x00                                                                        NOPX
.delay_slot
.swstall delay_slot
        5138    0x00 0x00                                                                        NOPX
.delay_slot
.swstall delay_slot
        5140    0x00 0x2c 0xf0 0x00 0x20 0x00 0x00 0x00 0x00 0xad 0x81 0x36                      NOPA;                         NOPB;                         NOPS;                         NOPX
.return_address
        5152    0xe2 0xc2 0xd0 0x3e 0x17 0xe8 0x08 0x31 0x58 0xba                                LDA r16, [p7, #4];                                                                        MOVX r1, #-1;                 MOV r0, #49
        5162    0x00 0x00                                                                        NOPX
        5164    0x00 0x00                                                                        NOPX
        5166    0x00 0x00                                                                        NOPX
        5168    0x00 0x00                                                                        NOPX
.no_stack_arguments
        5170    0x00 0x10 0xc0 0x00 0x01 0x04                                                                                                                                              JL #8576
.delay_slot
.swstall delay_slot
        5176    0x00 0x00                                                                        NOPX
.delay_slot
        5178    0x14 0x20 0x07 0x18                                                                                                                                                        ADD r16, r16, #1
.delay_slot
        5182    0x6e 0xe1 0x58 0xb0 0xfe 0x24                                                                                                                                              LT r27, r13, r16;             ADD.NC r17, r16, #-2
.delay_slot
        5188    0x14 0x21 0x12 0x18                                                                                                                                                        SEL.EQZ r16, r16, r17, r27
.delay_slot
        5192    0xe2 0xc2 0x30 0x00 0x01 0xa5 0x70 0x02                                                                                                      ST r16, [p7, #4];                                           NOPM
.return_address
        5200    0xe2 0xc2 0xd2 0xd9 0x81 0xd4                                                    LDA r16, [p7, #4];                                                                                                      MOV p1, p6
        5206    0x00 0x00                                                                        NOPX
        5208    0x00 0x00                                                                        NOPX
        5210    0x00 0x00                                                                        NOPX
.no_stack_arguments
        5212    0x00 0x10 0xe0 0x00 0x01 0x04                                                                                                                                              JL #8640
.delay_slot
        5218    0x00 0x07 0x04 0xda 0x00 0x44                                                                                                                                              MOVXM p2, #462080
.delay_slot
.swstall delay_slot
        5224    0x00 0x00                                                                        NOPX
.delay_slot
        5226    0x13 0x77 0x07 0x98                                                                                                                                                        EQ r27, r13, r16
.delay_slot
        5230    0x12 0xe0 0xa2 0x18                                                                                                                                                        SEL.EQZ r16, r11, r10, r27
.delay_slot
        5234    0x00 0x2c 0xf0 0x02 0xb6 0x00 0x00 0x43 0x41 0x07 0x00 0x00 0x1c 0x2e            NOPA;                                                       NOPS;                                                       MOV p0, r16;                            NOPV
.return_address
.no_stack_arguments
        5248    0x06 0x00 0x00 0x00 0x04 0x34 0x00 0x00 0x40 0xba                                MOVA r0, #48;                                                                             JL #8608
.delay_slot
        5258    0x10 0x02 0x05 0x18                                                                                                                                                        MOVX r1, #1
.delay_slot
        5262    0x10 0x12 0x05 0x18                                                                                                                                                        MOVX r9, #1
.delay_slot
.swstall delay_slot
        5266    0x00 0x00                                                                        NOPX
.delay_slot
.swstall delay_slot
        5268    0x00 0x00                                                                        NOPX
.delay_slot
.swstall delay_slot
        5270    0x00 0x2c 0xf0 0x00 0x10 0x00 0x01 0xa5 0x7e 0xba                                NOPA;                         NOPB;                                                                                     NOPM
.return_address
        5280    0xe2 0xc2 0xd0 0x00 0x06 0x48 0x28 0x01 0x58 0xba                                LDA r16, [p7, #4];                                                                        MOVX r0, #50;                 MOV r1, #1
        5290    0x00 0x00                                                                        NOPX
        5292    0x00 0x00                                                                        NOPX
        5294    0x00 0x00                                                                        NOPX
        5296    0x00 0x00                                                                        NOPX
.no_stack_arguments
        5298    0x00 0x10 0xd0 0x00 0x01 0x04                                                                                                                                              JL #8608
.delay_slot
.swstall delay_slot
        5304    0x00 0x00                                                                        NOPX
.delay_slot
        5306    0x14 0x20 0x07 0x18                                                                                                                                                        ADD r16, r16, #1
.delay_slot
        5310    0x4e 0xe1 0x58 0xb0 0xfe 0x24                                                                                                                                              LT r27, r9, r16;              ADD.NC r17, r16, #-2
.delay_slot
        5316    0x14 0x21 0x12 0x18                                                                                                                                                        SEL.EQZ r16, r16, r17, r27
.delay_slot
        5320    0xe2 0xc2 0x30 0x00 0x01 0xa5 0x70 0x02                                                                                                      ST r16, [p7, #4];                                           NOPM
.return_address
        5328    0xe0 0xc2 0xd0 0x00 0x00 0x07 0x30 0xc0 0x10 0xba                                LDA r16, [p7];                                                                            MOVXM p6, #4480
        5338    0x00 0x00                                                                        NOPX
        5340    0x00 0x00                                                                        NOPX
        5342    0x00 0x00                                                                        NOPX
        5344    0x00 0x00                                                                        NOPX
        5346    0x12 0x11 0xa0 0x18                                                                                                                                                        JNZD r8, r8, p6
.delay_slot
.swstall delay_slot
        5350    0x00 0x00                                                                        NOPX
.delay_slot
        5352    0x14 0x20 0x07 0x18                                                                                                                                                        ADD r16, r16, #1
.delay_slot
        5356    0x4e 0xe1 0x58 0xb0 0xfe 0x24                                                                                                                                              LT r27, r9, r16;              ADD.NC r17, r16, #-2
.delay_slot
        5362    0x14 0x21 0x12 0x18                                                                                                                                                        SEL.EQZ r16, r16, r17, r27
.delay_slot
        5366    0x0f 0x06 0x11 0x98                                                                                                                          ST r16, [p7]
.loop_nesting 1
.no_stack_arguments
        5370    0x06 0xa0 0x00 0x00 0x04 0x34 0x00 0x00 0x40 0xba                                MOVA r0, #53;                                                                             JL #8608
.delay_slot
        5380    0x10 0x02 0x05 0x18                                                                                                                                                        MOVX r1, #1
.delay_slot
.swstall delay_slot
        5384    0x00 0x00                                                                        NOPX
.delay_slot
.swstall delay_slot
        5386    0x00 0x00                                                                        NOPX
.delay_slot
.swstall delay_slot
        5388    0x00 0x00                                                                        NOPX
.delay_slot
.swstall delay_slot
        5390    0x00 0x00                                                                        NOPX
.return_address
        5392    0xfe 0xc2 0xd0 0x00 0x06 0x88 0x2f 0xff 0x58 0xba                                LDA r16, [p7, #-4];                                                                       MOVX r0, #52;                 MOV r1, #-1
        5402    0x00 0x00                                                                        NOPX
        5404    0x00 0x00                                                                        NOPX
        5406    0x00 0x00                                                                        NOPX
.no_stack_arguments
        5408    0x00 0x10 0xc0 0x00 0x01 0x04                                                                                                                                              JL #8576
.delay_slot
        5414    0x7f 0xff 0xf8 0xbf 0xfc 0x44                                                                                                                                              MOVXM r17, #2147483646
.delay_slot
.swstall delay_slot
        5420    0x00 0x00                                                                        NOPX
.delay_slot
        5422    0x14 0x63 0x0c 0x98                                                                                                                                                        LTU r17, r17, r16
.delay_slot
        5426    0x14 0x61 0x00 0x98                                                                                                                                                        ADD r16, r17, r16
.delay_slot
        5430    0x00 0x2c 0xf7 0xf6 0x11 0x80 0x00 0x00 0x00 0x7a                                NOPA;                                                       ST r16, [p7, #-4];            NOPX
.return_address
.no_stack_arguments
        5440    0x00 0x12 0xa0 0x00 0x01 0x04                                                                                                                                              JL #9536
.delay_slot
        5446    0x00 0x07 0x00 0xda 0x00 0x44                                                                                                                                              MOVXM p0, #462080
.delay_slot
.swstall delay_slot
        5452    0x00 0x00                                                                        NOPX
.delay_slot
.swstall delay_slot
        5454    0x00 0x00                                                                        NOPX
.delay_slot
.swstall delay_slot
        5456    0x00 0x00                                                                        NOPX
.delay_slot
.swstall delay_slot
        5458    0x00 0x2c 0xf0 0x02 0xb6 0x00 0x00 0x40 0x1a 0x57 0x00 0x00 0x1c 0x2e            NOPA;                                                       NOPS;                                                       NOPM;                                   NOPV
.return_address
        5472    0x00 0x2c 0xf0 0x00 0x20 0x01 0x5b 0x00 0x83 0xe8 0x01 0xa5 0x78 0x00 0x00 0xe1  NOPA;                         NOPB;                         NOPS;                         MOVX r8, #31;                 NOPM;                                   NOPV
.label TGT_Fcore_28_5_5264
.loop_nesting 2
.no_stack_arguments
        5488    0x06 0x60 0x00 0x00 0x04 0x30 0x00 0x00 0x40 0xba                                MOVA r0, #51;                                                                             JL #8576
.delay_slot
        5498    0x17 0xc2 0xfd 0x18                                                                                                                                                        MOVX r1, #-1
.delay_slot
.swstall delay_slot
        5502    0x00 0x00                                                                        NOPX
.delay_slot
.swstall delay_slot
        5504    0x00 0x00                                                                        NOPX
.delay_slot
.swstall delay_slot
        5506    0x00 0x00                                                                        NOPX
.delay_slot
.swstall delay_slot
        5508    0x00 0x2c 0xf0 0x00 0x20 0x00 0x00 0x00 0x00 0xad 0x81 0x36                      NOPA;                         NOPB;                         NOPS;                         NOPX
.return_address
        5520    0xe0 0xca 0xd0 0x3e 0x17 0xe8 0x08 0x31 0x58 0xba                                LDA r18, [p7];                                                                            MOVX r1, #-1;                 MOV r0, #49
        5530    0x00 0x00                                                                        NOPX
        5532    0x00 0x00                                                                        NOPX
.no_stack_arguments
        5534    0x00 0x10 0xc0 0x00 0x01 0x04                                                                                                                                              JL #8576
.delay_slot
        5540    0x00 0x07 0x98 0x28 0x00 0x44                                                                                                                                              MOVXM r16, #496640
.delay_slot
        5546    0x00 0x07 0x58 0xbc 0x00 0x44                                                                                                                                              MOVXM r17, #482816
.delay_slot
.swstall delay_slot
        5552    0x00 0x00                                                                        NOPX
.delay_slot
        5554    0x12 0x77 0x27 0x98                                                                                                                                                        EQ r27, r9, r18
.delay_slot
        5558    0x00 0x2c 0xf0 0x01 0x5b 0x00 0x04 0x5f 0x02 0x7a                                NOPA;                                                       NOPS;                         SEL.EQZ r15, r17, r16, r27
.return_address
        5568    0xe2 0xc2 0xd2 0xcf 0x41 0xd4                                                    LDA r16, [p7, #4];                                                                                                      MOV p1, r15
        5574    0x1e 0x62 0xc0 0xf8                                                                                                                                                                                      MOV p6, p1
        5578    0x00 0x00                                                                        NOPX
        5580    0x00 0x00                                                                        NOPX
.no_stack_arguments
        5582    0x00 0x10 0xe0 0x00 0x01 0x04                                                                                                                                              JL #8640
.delay_slot
        5588    0x00 0x07 0x04 0xda 0x00 0x44                                                                                                                                              MOVXM p2, #462080
.delay_slot
.swstall delay_slot
        5594    0x00 0x00                                                                        NOPX
.delay_slot
        5596    0x12 0x77 0x07 0x98                                                                                                                                                        EQ r27, r9, r16
.delay_slot
        5600    0x12 0xe0 0xa2 0x18                                                                                                                                                        SEL.EQZ r16, r11, r10, r27
.delay_slot
        5604    0x00 0x2c 0xf0 0x00 0x20 0x01 0x5b 0x00 0x34 0x10 0x70 0xf6                      NOPA;                         NOPB;                         NOPS;                                                       MOV p0, r16
.return_address
.no_stack_arguments
        5616    0x06 0x00 0x00 0x00 0x04 0x34 0x00 0x00 0x40 0xba                                MOVA r0, #48;                                                                             JL #8608
.delay_slot
        5626    0x10 0x02 0x05 0x18                                                                                                                                                        MOVX r1, #1
.delay_slot
        5630    0x10 0x1a 0x05 0x18                                                                                                                                                        MOVX r13, #1
.delay_slot
.swstall delay_slot
        5634    0x00 0x00                                                                        NOPX
.delay_slot
.swstall delay_slot
        5636    0x00 0x00                                                                        NOPX
.delay_slot
.swstall delay_slot
        5638    0x00 0x2c 0xf0 0x00 0x10 0x00 0x01 0xa5 0x7e 0xba                                NOPA;                         NOPB;                                                                                     NOPM
.return_address
        5648    0xe2 0xc2 0xd0 0x3e 0x17 0xe8 0x08 0x31 0x58 0xba                                LDA r16, [p7, #4];                                                                        MOVX r1, #-1;                 MOV r0, #49
        5658    0x00 0x00                                                                        NOPX
        5660    0x00 0x00                                                                        NOPX
        5662    0x00 0x00                                                                        NOPX
        5664    0x00 0x00                                                                        NOPX
.no_stack_arguments
        5666    0x00 0x10 0xc0 0x00 0x01 0x04                                                                                                                                              JL #8576
.delay_slot
.swstall delay_slot
        5672    0x00 0x00                                                                        NOPX
.delay_slot
        5674    0x14 0x20 0x07 0x18                                                                                                                                                        ADD r16, r16, #1
.delay_slot
        5678    0x6e 0xe1 0x58 0xb0 0xfe 0x24                                                                                                                                              LT r27, r13, r16;             ADD.NC r17, r16, #-2
.delay_slot
        5684    0x14 0x21 0x12 0x18                                                                                                                                                        SEL.EQZ r16, r16, r17, r27
.delay_slot
        5688    0xe2 0xc2 0x30 0x00 0x01 0xa5 0x70 0x02                                                                                                      ST r16, [p7, #4];                                           NOPM
.return_address
        5696    0xe2 0xc2 0xd2 0xd9 0x81 0xd4                                                    LDA r16, [p7, #4];                                                                                                      MOV p1, p6
        5702    0x00 0x00                                                                        NOPX
        5704    0x00 0x00                                                                        NOPX
        5706    0x00 0x00                                                                        NOPX
.no_stack_arguments
        5708    0x00 0x10 0xe0 0x00 0x01 0x04                                                                                                                                              JL #8640
.delay_slot
        5714    0x00 0x07 0x04 0xda 0x00 0x44                                                                                                                                              MOVXM p2, #462080
.delay_slot
.swstall delay_slot
        5720    0x00 0x00                                                                        NOPX
.delay_slot
        5722    0x13 0x77 0x07 0x98                                                                                                                                                        EQ r27, r13, r16
.delay_slot
        5726    0x12 0xe0 0xa2 0x18                                                                                                                                                        SEL.EQZ r16, r11, r10, r27
.delay_slot
        5730    0x00 0x2c 0xf0 0x02 0xb6 0x00 0x00 0x43 0x41 0x07 0x00 0x00 0x1c 0x2e            NOPA;                                                       NOPS;                                                       MOV p0, r16;                            NOPV
.return_address
.no_stack_arguments
        5744    0x06 0x00 0x00 0x00 0x04 0x34 0x00 0x00 0x40 0xba                                MOVA r0, #48;                                                                             JL #8608
.delay_slot
        5754    0x10 0x02 0x05 0x18                                                                                                                                                        MOVX r1, #1
.delay_slot
.swstall delay_slot
        5758    0x00 0x00                                                                        NOPX
.delay_slot
.swstall delay_slot
        5760    0x00 0x00                                                                        NOPX
.delay_slot
.swstall delay_slot
        5762    0x00 0x00                                                                        NOPX
.delay_slot
.swstall delay_slot
        5764    0x00 0x2c 0xf0 0x00 0x20 0x00 0x00 0x00 0x00 0xad 0x81 0x36                      NOPA;                         NOPB;                         NOPS;                         NOPX
.return_address
        5776    0xe2 0xc2 0xd0 0x3e 0x17 0xe8 0x08 0x31 0x58 0xba                                LDA r16, [p7, #4];                                                                        MOVX r1, #-1;                 MOV r0, #49
        5786    0x00 0x00                                                                        NOPX
        5788    0x00 0x00                                                                        NOPX
        5790    0x00 0x00                                                                        NOPX
        5792    0x00 0x00                                                                        NOPX
.no_stack_arguments
        5794    0x00 0x10 0xc0 0x00 0x01 0x04                                                                                                                                              JL #8576
.delay_slot
.swstall delay_slot
        5800    0x00 0x00                                                                        NOPX
.delay_slot
        5802    0x14 0x20 0x07 0x18                                                                                                                                                        ADD r16, r16, #1
.delay_slot
        5806    0x6e 0xe1 0x58 0xb0 0xfe 0x24                                                                                                                                              LT r27, r13, r16;             ADD.NC r17, r16, #-2
.delay_slot
        5812    0x14 0x21 0x12 0x18                                                                                                                                                        SEL.EQZ r16, r16, r17, r27
.delay_slot
        5816    0xe2 0xc2 0x30 0x00 0x01 0xa5 0x70 0x02                                                                                                      ST r16, [p7, #4];                                           NOPM
.return_address
        5824    0xe2 0xc2 0xd2 0xd9 0x81 0xd4                                                    LDA r16, [p7, #4];                                                                                                      MOV p1, p6
        5830    0x00 0x00                                                                        NOPX
        5832    0x00 0x00                                                                        NOPX
        5834    0x00 0x00                                                                        NOPX
.no_stack_arguments
        5836    0x00 0x10 0xe0 0x00 0x01 0x04                                                                                                                                              JL #8640
.delay_slot
        5842    0x00 0x07 0x04 0xda 0x00 0x44                                                                                                                                              MOVXM p2, #462080
.delay_slot
.swstall delay_slot
        5848    0x00 0x00                                                                        NOPX
.delay_slot
        5850    0x13 0x77 0x07 0x98                                                                                                                                                        EQ r27, r13, r16
.delay_slot
        5854    0x12 0xe0 0xa2 0x18                                                                                                                                                        SEL.EQZ r16, r11, r10, r27
.delay_slot
        5858    0x00 0x2c 0xf0 0x02 0xb6 0x00 0x00 0x43 0x41 0x07 0x00 0x00 0x1c 0x2e            NOPA;                                                       NOPS;                                                       MOV p0, r16;                            NOPV
.return_address
.no_stack_arguments
        5872    0x06 0x00 0x00 0x00 0x04 0x34 0x00 0x00 0x40 0xba                                MOVA r0, #48;                                                                             JL #8608
.delay_slot
        5882    0x10 0x02 0x05 0x18                                                                                                                                                        MOVX r1, #1
.delay_slot
.swstall delay_slot
        5886    0x00 0x00                                                                        NOPX
.delay_slot
.swstall delay_slot
        5888    0x00 0x00                                                                        NOPX
.delay_slot
.swstall delay_slot
        5890    0x00 0x00                                                                        NOPX
.delay_slot
.swstall delay_slot
        5892    0x00 0x2c 0xf0 0x00 0x20 0x00 0x00 0x00 0x00 0xad 0x81 0x36                      NOPA;                         NOPB;                         NOPS;                         NOPX
.return_address
        5904    0xe2 0xc2 0xd0 0x3e 0x17 0xe8 0x08 0x31 0x58 0xba                                LDA r16, [p7, #4];                                                                        MOVX r1, #-1;                 MOV r0, #49
        5914    0x00 0x00                                                                        NOPX
        5916    0x00 0x00                                                                        NOPX
        5918    0x00 0x00                                                                        NOPX
        5920    0x00 0x00                                                                        NOPX
.no_stack_arguments
        5922    0x00 0x10 0xc0 0x00 0x01 0x04                                                                                                                                              JL #8576
.delay_slot
.swstall delay_slot
        5928    0x00 0x00                                                                        NOPX
.delay_slot
        5930    0x14 0x20 0x07 0x18                                                                                                                                                        ADD r16, r16, #1
.delay_slot
        5934    0x6e 0xe1 0x58 0xb0 0xfe 0x24                                                                                                                                              LT r27, r13, r16;             ADD.NC r17, r16, #-2
.delay_slot
        5940    0x14 0x21 0x12 0x18                                                                                                                                                        SEL.EQZ r16, r16, r17, r27
.delay_slot
        5944    0xe2 0xc2 0x30 0x00 0x01 0xa5 0x70 0x02                                                                                                      ST r16, [p7, #4];                                           NOPM
.return_address
        5952    0xe2 0xc2 0xd2 0xd9 0x81 0xd4                                                    LDA r16, [p7, #4];                                                                                                      MOV p1, p6
        5958    0x00 0x00                                                                        NOPX
        5960    0x00 0x00                                                                        NOPX
        5962    0x00 0x00                                                                        NOPX
.no_stack_arguments
        5964    0x00 0x10 0xe0 0x00 0x01 0x04                                                                                                                                              JL #8640
.delay_slot
        5970    0x00 0x07 0x04 0xda 0x00 0x44                                                                                                                                              MOVXM p2, #462080
.delay_slot
.swstall delay_slot
        5976    0x00 0x00                                                                        NOPX
.delay_slot
        5978    0x13 0x77 0x07 0x98                                                                                                                                                        EQ r27, r13, r16
.delay_slot
        5982    0x12 0xe0 0xa2 0x18                                                                                                                                                        SEL.EQZ r16, r11, r10, r27
.delay_slot
        5986    0x00 0x2c 0xf0 0x02 0xb6 0x00 0x00 0x43 0x41 0x07 0x00 0x00 0x1c 0x2e            NOPA;                                                       NOPS;                                                       MOV p0, r16;                            NOPV
.return_address
.no_stack_arguments
        6000    0x06 0x00 0x00 0x00 0x04 0x34 0x00 0x00 0x40 0xba                                MOVA r0, #48;                                                                             JL #8608
.delay_slot
        6010    0x10 0x02 0x05 0x18                                                                                                                                                        MOVX r1, #1
.delay_slot
.swstall delay_slot
        6014    0x00 0x00                                                                        NOPX
.delay_slot
.swstall delay_slot
        6016    0x00 0x00                                                                        NOPX
.delay_slot
.swstall delay_slot
        6018    0x00 0x00                                                                        NOPX
.delay_slot
.swstall delay_slot
        6020    0x00 0x2c 0xf0 0x00 0x20 0x00 0x00 0x00 0x00 0xad 0x81 0x36                      NOPA;                         NOPB;                         NOPS;                         NOPX
.return_address
        6032    0xe2 0xc2 0xd0 0x3e 0x17 0xe8 0x08 0x31 0x58 0xba                                LDA r16, [p7, #4];                                                                        MOVX r1, #-1;                 MOV r0, #49
        6042    0x00 0x00                                                                        NOPX
        6044    0x00 0x00                                                                        NOPX
        6046    0x00 0x00                                                                        NOPX
        6048    0x00 0x00                                                                        NOPX
.no_stack_arguments
        6050    0x00 0x10 0xc0 0x00 0x01 0x04                                                                                                                                              JL #8576
.delay_slot
.swstall delay_slot
        6056    0x00 0x00                                                                        NOPX
.delay_slot
        6058    0x14 0x20 0x07 0x18                                                                                                                                                        ADD r16, r16, #1
.delay_slot
        6062    0x6e 0xe1 0x58 0xb0 0xfe 0x24                                                                                                                                              LT r27, r13, r16;             ADD.NC r17, r16, #-2
.delay_slot
        6068    0x14 0x21 0x12 0x18                                                                                                                                                        SEL.EQZ r16, r16, r17, r27
.delay_slot
        6072    0xe2 0xc2 0x30 0x00 0x01 0xa5 0x70 0x02                                                                                                      ST r16, [p7, #4];                                           NOPM
.return_address
        6080    0xe2 0xc2 0xd2 0xd9 0x81 0xd4                                                    LDA r16, [p7, #4];                                                                                                      MOV p1, p6
        6086    0x00 0x00                                                                        NOPX
        6088    0x00 0x00                                                                        NOPX
        6090    0x00 0x00                                                                        NOPX
.no_stack_arguments
        6092    0x00 0x10 0xe0 0x00 0x01 0x04                                                                                                                                              JL #8640
.delay_slot
        6098    0x00 0x07 0x04 0xda 0x00 0x44                                                                                                                                              MOVXM p2, #462080
.delay_slot
.swstall delay_slot
        6104    0x00 0x00                                                                        NOPX
.delay_slot
        6106    0x13 0x77 0x07 0x98                                                                                                                                                        EQ r27, r13, r16
.delay_slot
        6110    0x12 0xe0 0xa2 0x18                                                                                                                                                        SEL.EQZ r16, r11, r10, r27
.delay_slot
        6114    0x00 0x2c 0xf0 0x02 0xb6 0x00 0x00 0x43 0x41 0x07 0x00 0x00 0x1c 0x2e            NOPA;                                                       NOPS;                                                       MOV p0, r16;                            NOPV
.return_address
.no_stack_arguments
        6128    0x06 0x00 0x00 0x00 0x04 0x34 0x00 0x00 0x40 0xba                                MOVA r0, #48;                                                                             JL #8608
.delay_slot
        6138    0x10 0x02 0x05 0x18                                                                                                                                                        MOVX r1, #1
.delay_slot
.swstall delay_slot
        6142    0x00 0x00                                                                        NOPX
.delay_slot
.swstall delay_slot
        6144    0x00 0x00                                                                        NOPX
.delay_slot
.swstall delay_slot
        6146    0x00 0x00                                                                        NOPX
.delay_slot
.swstall delay_slot
        6148    0x00 0x2c 0xf0 0x00 0x20 0x00 0x00 0x00 0x00 0xad 0x81 0x36                      NOPA;                         NOPB;                         NOPS;                         NOPX
.return_address
        6160    0xe2 0xc2 0xd0 0x3e 0x17 0xe8 0x08 0x31 0x58 0xba                                LDA r16, [p7, #4];                                                                        MOVX r1, #-1;                 MOV r0, #49
        6170    0x00 0x00                                                                        NOPX
        6172    0x00 0x00                                                                        NOPX
        6174    0x00 0x00                                                                        NOPX
        6176    0x00 0x00                                                                        NOPX
.no_stack_arguments
        6178    0x00 0x10 0xc0 0x00 0x01 0x04                                                                                                                                              JL #8576
.delay_slot
.swstall delay_slot
        6184    0x00 0x00                                                                        NOPX
.delay_slot
        6186    0x14 0x20 0x07 0x18                                                                                                                                                        ADD r16, r16, #1
.delay_slot
        6190    0x6e 0xe1 0x58 0xb0 0xfe 0x24                                                                                                                                              LT r27, r13, r16;             ADD.NC r17, r16, #-2
.delay_slot
        6196    0x14 0x21 0x12 0x18                                                                                                                                                        SEL.EQZ r16, r16, r17, r27
.delay_slot
        6200    0xe2 0xc2 0x30 0x00 0x01 0xa5 0x70 0x02                                                                                                      ST r16, [p7, #4];                                           NOPM
.return_address
        6208    0xe2 0xc2 0xd2 0xd9 0x81 0xd4                                                    LDA r16, [p7, #4];                                                                                                      MOV p1, p6
        6214    0x00 0x00                                                                        NOPX
        6216    0x00 0x00                                                                        NOPX
        6218    0x00 0x00                                                                        NOPX
.no_stack_arguments
        6220    0x00 0x10 0xe0 0x00 0x01 0x04                                                                                                                                              JL #8640
.delay_slot
        6226    0x00 0x07 0x04 0xda 0x00 0x44                                                                                                                                              MOVXM p2, #462080
.delay_slot
.swstall delay_slot
        6232    0x00 0x00                                                                        NOPX
.delay_slot
        6234    0x13 0x77 0x07 0x98                                                                                                                                                        EQ r27, r13, r16
.delay_slot
        6238    0x12 0xe0 0xa2 0x18                                                                                                                                                        SEL.EQZ r16, r11, r10, r27
.delay_slot
        6242    0x00 0x2c 0xf0 0x02 0xb6 0x00 0x00 0x43 0x41 0x07 0x00 0x00 0x1c 0x2e            NOPA;                                                       NOPS;                                                       MOV p0, r16;                            NOPV
.return_address
.no_stack_arguments
        6256    0x06 0x00 0x00 0x00 0x04 0x34 0x00 0x00 0x40 0xba                                MOVA r0, #48;                                                                             JL #8608
.delay_slot
        6266    0x10 0x02 0x05 0x18                                                                                                                                                        MOVX r1, #1
.delay_slot
        6270    0x10 0x12 0x05 0x18                                                                                                                                                        MOVX r9, #1
.delay_slot
.swstall delay_slot
        6274    0x00 0x00                                                                        NOPX
.delay_slot
.swstall delay_slot
        6276    0x00 0x00                                                                        NOPX
.delay_slot
.swstall delay_slot
        6278    0x00 0x2c 0xf0 0x00 0x10 0x00 0x01 0xa5 0x7e 0xba                                NOPA;                         NOPB;                                                                                     NOPM
.return_address
        6288    0xe2 0xc2 0xd0 0x00 0x06 0x48 0x28 0x01 0x58 0xba                                LDA r16, [p7, #4];                                                                        MOVX r0, #50;                 MOV r1, #1
        6298    0x00 0x00                                                                        NOPX
        6300    0x00 0x00                                                                        NOPX
        6302    0x00 0x00                                                                        NOPX
        6304    0x00 0x00                                                                        NOPX
.no_stack_arguments
        6306    0x00 0x10 0xd0 0x00 0x01 0x04                                                                                                                                              JL #8608
.delay_slot
.swstall delay_slot
        6312    0x00 0x00                                                                        NOPX
.delay_slot
        6314    0x14 0x20 0x07 0x18                                                                                                                                                        ADD r16, r16, #1
.delay_slot
        6318    0x4e 0xe1 0x58 0xb0 0xfe 0x24                                                                                                                                              LT r27, r9, r16;              ADD.NC r17, r16, #-2
.delay_slot
        6324    0x14 0x21 0x12 0x18                                                                                                                                                        SEL.EQZ r16, r16, r17, r27
.delay_slot
        6328    0xe2 0xc2 0x30 0x00 0x01 0xa5 0x70 0x02                                                                                                      ST r16, [p7, #4];                                           NOPM
.return_address
        6336    0xe0 0xc2 0xd0 0x00 0x00 0x07 0x32 0xb8 0x10 0xba                                LDA r16, [p7];                                                                            MOVXM p6, #5488
        6346    0x00 0x00                                                                        NOPX
        6348    0x00 0x00                                                                        NOPX
        6350    0x00 0x00                                                                        NOPX
        6352    0x00 0x00                                                                        NOPX
        6354    0x12 0x11 0xa0 0x18                                                                                                                                                        JNZD r8, r8, p6
.delay_slot
.swstall delay_slot
        6358    0x00 0x00                                                                        NOPX
.delay_slot
        6360    0x14 0x20 0x07 0x18                                                                                                                                                        ADD r16, r16, #1
.delay_slot
        6364    0x4e 0xe1 0x58 0xb0 0xfe 0x24                                                                                                                                              LT r27, r9, r16;              ADD.NC r17, r16, #-2
.delay_slot
        6370    0x14 0x21 0x12 0x18                                                                                                                                                        SEL.EQZ r16, r16, r17, r27
.delay_slot
        6374    0x0f 0x06 0x11 0x98                                                                                                                          ST r16, [p7]
.loop_nesting 1
.no_stack_arguments
        6378    0x06 0xa0 0x00 0x00 0x04 0x34 0x00 0x00 0x40 0xba                                MOVA r0, #53;                                                                             JL #8608
.delay_slot
        6388    0x10 0x02 0x05 0x18                                                                                                                                                        MOVX r1, #1
.delay_slot
.swstall delay_slot
        6392    0x00 0x00                                                                        NOPX
.delay_slot
.swstall delay_slot
        6394    0x00 0x00                                                                        NOPX
.delay_slot
.swstall delay_slot
        6396    0x00 0x00                                                                        NOPX
.delay_slot
.swstall delay_slot
        6398    0x00 0x00                                                                        NOPX
.return_address
        6400    0xfe 0xc2 0xd0 0x00 0x06 0x88 0x2f 0xff 0x58 0xba                                LDA r16, [p7, #-4];                                                                       MOVX r0, #52;                 MOV r1, #-1
        6410    0x00 0x00                                                                        NOPX
        6412    0x00 0x00                                                                        NOPX
        6414    0x00 0x00                                                                        NOPX
.no_stack_arguments
        6416    0x00 0x10 0xc0 0x00 0x01 0x04                                                                                                                                              JL #8576
.delay_slot
        6422    0x7f 0xff 0xf8 0xbf 0xfc 0x44                                                                                                                                              MOVXM r17, #2147483646
.delay_slot
.swstall delay_slot
        6428    0x00 0x00                                                                        NOPX
.delay_slot
        6430    0x14 0x63 0x0c 0x98                                                                                                                                                        LTU r17, r17, r16
.delay_slot
        6434    0x14 0x61 0x00 0x98                                                                                                                                                        ADD r16, r17, r16
.delay_slot
        6438    0x00 0x2c 0xf7 0xf6 0x11 0x80 0x00 0x00 0x00 0x7a                                NOPA;                                                       ST r16, [p7, #-4];            NOPX
.return_address
.no_stack_arguments
        6448    0x00 0x12 0xa0 0x00 0x01 0x04                                                                                                                                              JL #9536
.delay_slot
        6454    0x00 0x07 0x00 0xda 0x00 0x44                                                                                                                                              MOVXM p0, #462080
.delay_slot
.swstall delay_slot
        6460    0x00 0x00                                                                        NOPX
.delay_slot
.swstall delay_slot
        6462    0x00 0x00                                                                        NOPX
.delay_slot
.swstall delay_slot
        6464    0x00 0x00                                                                        NOPX
.delay_slot
.swstall delay_slot
        6466    0x00 0x2c 0xf0 0x02 0xb6 0x00 0x00 0x40 0x1a 0x57 0x00 0x00 0x1c 0x2e            NOPA;                                                       NOPS;                                                       NOPM;                                   NOPV
.return_address
        6480    0x00 0x2c 0xf0 0x00 0x20 0x01 0x5b 0x00 0x83 0xe8 0x01 0xa5 0x78 0x00 0x00 0xe1  NOPA;                         NOPB;                         NOPS;                         MOVX r8, #31;                 NOPM;                                   NOPV
.label TGT_Fcore_28_5_6272
.loop_nesting 2
.no_stack_arguments
        6496    0x06 0x60 0x00 0x00 0x04 0x30 0x00 0x00 0x40 0xba                                MOVA r0, #51;                                                                             JL #8576
.delay_slot
        6506    0x17 0xc2 0xfd 0x18                                                                                                                                                        MOVX r1, #-1
.delay_slot
.swstall delay_slot
        6510    0x00 0x00                                                                        NOPX
.delay_slot
.swstall delay_slot
        6512    0x00 0x00                                                                        NOPX
.delay_slot
.swstall delay_slot
        6514    0x00 0x00                                                                        NOPX
.delay_slot
.swstall delay_slot
        6516    0x00 0x2c 0xf0 0x00 0x20 0x00 0x00 0x00 0x00 0xad 0x81 0x36                      NOPA;                         NOPB;                         NOPS;                         NOPX
.return_address
        6528    0xe0 0xca 0xd0 0x3e 0x17 0xe8 0x08 0x31 0x58 0xba                                LDA r18, [p7];                                                                            MOVX r1, #-1;                 MOV r0, #49
        6538    0x00 0x00                                                                        NOPX
        6540    0x00 0x00                                                                        NOPX
.no_stack_arguments
        6542    0x00 0x10 0xc0 0x00 0x01 0x04                                                                                                                                              JL #8576
.delay_slot
        6548    0x00 0x07 0x98 0x28 0x00 0x44                                                                                                                                              MOVXM r16, #496640
.delay_slot
        6554    0x00 0x07 0x58 0xbc 0x00 0x44                                                                                                                                              MOVXM r17, #482816
.delay_slot
.swstall delay_slot
        6560    0x00 0x00                                                                        NOPX
.delay_slot
        6562    0x12 0x77 0x27 0x98                                                                                                                                                        EQ r27, r9, r18
.delay_slot
        6566    0x00 0x2c 0xf0 0x01 0x5b 0x00 0x04 0x5f 0x02 0x7a                                NOPA;                                                       NOPS;                         SEL.EQZ r15, r17, r16, r27
.return_address
        6576    0xe2 0xc2 0xd2 0xcf 0x41 0xd4                                                    LDA r16, [p7, #4];                                                                                                      MOV p1, r15
        6582    0x1e 0x62 0xc0 0xf8                                                                                                                                                                                      MOV p6, p1
        6586    0x00 0x00                                                                        NOPX
        6588    0x00 0x00                                                                        NOPX
.no_stack_arguments
        6590    0x00 0x10 0xe0 0x00 0x01 0x04                                                                                                                                              JL #8640
.delay_slot
        6596    0x00 0x07 0x04 0xda 0x00 0x44                                                                                                                                              MOVXM p2, #462080
.delay_slot
.swstall delay_slot
        6602    0x00 0x00                                                                        NOPX
.delay_slot
        6604    0x12 0x77 0x07 0x98                                                                                                                                                        EQ r27, r9, r16
.delay_slot
        6608    0x12 0xe0 0xa2 0x18                                                                                                                                                        SEL.EQZ r16, r11, r10, r27
.delay_slot
        6612    0x00 0x2c 0xf0 0x00 0x20 0x01 0x5b 0x00 0x34 0x10 0x70 0xf6                      NOPA;                         NOPB;                         NOPS;                                                       MOV p0, r16
.return_address
.no_stack_arguments
        6624    0x06 0x00 0x00 0x00 0x04 0x34 0x00 0x00 0x40 0xba                                MOVA r0, #48;                                                                             JL #8608
.delay_slot
        6634    0x10 0x02 0x05 0x18                                                                                                                                                        MOVX r1, #1
.delay_slot
        6638    0x10 0x1a 0x05 0x18                                                                                                                                                        MOVX r13, #1
.delay_slot
.swstall delay_slot
        6642    0x00 0x00                                                                        NOPX
.delay_slot
.swstall delay_slot
        6644    0x00 0x00                                                                        NOPX
.delay_slot
.swstall delay_slot
        6646    0x00 0x2c 0xf0 0x00 0x10 0x00 0x01 0xa5 0x7e 0xba                                NOPA;                         NOPB;                                                                                     NOPM
.return_address
        6656    0xe2 0xc2 0xd0 0x3e 0x17 0xe8 0x08 0x31 0x58 0xba                                LDA r16, [p7, #4];                                                                        MOVX r1, #-1;                 MOV r0, #49
        6666    0x00 0x00                                                                        NOPX
        6668    0x00 0x00                                                                        NOPX
        6670    0x00 0x00                                                                        NOPX
        6672    0x00 0x00                                                                        NOPX
.no_stack_arguments
        6674    0x00 0x10 0xc0 0x00 0x01 0x04                                                                                                                                              JL #8576
.delay_slot
.swstall delay_slot
        6680    0x00 0x00                                                                        NOPX
.delay_slot
        6682    0x14 0x20 0x07 0x18                                                                                                                                                        ADD r16, r16, #1
.delay_slot
        6686    0x6e 0xe1 0x58 0xb0 0xfe 0x24                                                                                                                                              LT r27, r13, r16;             ADD.NC r17, r16, #-2
.delay_slot
        6692    0x14 0x21 0x12 0x18                                                                                                                                                        SEL.EQZ r16, r16, r17, r27
.delay_slot
        6696    0xe2 0xc2 0x30 0x00 0x01 0xa5 0x70 0x02                                                                                                      ST r16, [p7, #4];                                           NOPM
.return_address
        6704    0xe2 0xc2 0xd2 0xd9 0x81 0xd4                                                    LDA r16, [p7, #4];                                                                                                      MOV p1, p6
        6710    0x00 0x00                                                                        NOPX
        6712    0x00 0x00                                                                        NOPX
        6714    0x00 0x00                                                                        NOPX
.no_stack_arguments
        6716    0x00 0x10 0xe0 0x00 0x01 0x04                                                                                                                                              JL #8640
.delay_slot
        6722    0x00 0x07 0x04 0xda 0x00 0x44                                                                                                                                              MOVXM p2, #462080
.delay_slot
.swstall delay_slot
        6728    0x00 0x00                                                                        NOPX
.delay_slot
        6730    0x13 0x77 0x07 0x98                                                                                                                                                        EQ r27, r13, r16
.delay_slot
        6734    0x12 0xe0 0xa2 0x18                                                                                                                                                        SEL.EQZ r16, r11, r10, r27
.delay_slot
        6738    0x00 0x2c 0xf0 0x02 0xb6 0x00 0x00 0x43 0x41 0x07 0x00 0x00 0x1c 0x2e            NOPA;                                                       NOPS;                                                       MOV p0, r16;                            NOPV
.return_address
.no_stack_arguments
        6752    0x06 0x00 0x00 0x00 0x04 0x34 0x00 0x00 0x40 0xba                                MOVA r0, #48;                                                                             JL #8608
.delay_slot
        6762    0x10 0x02 0x05 0x18                                                                                                                                                        MOVX r1, #1
.delay_slot
.swstall delay_slot
        6766    0x00 0x00                                                                        NOPX
.delay_slot
.swstall delay_slot
        6768    0x00 0x00                                                                        NOPX
.delay_slot
.swstall delay_slot
        6770    0x00 0x00                                                                        NOPX
.delay_slot
.swstall delay_slot
        6772    0x00 0x2c 0xf0 0x00 0x20 0x00 0x00 0x00 0x00 0xad 0x81 0x36                      NOPA;                         NOPB;                         NOPS;                         NOPX
.return_address
        6784    0xe2 0xc2 0xd0 0x3e 0x17 0xe8 0x08 0x31 0x58 0xba                                LDA r16, [p7, #4];                                                                        MOVX r1, #-1;                 MOV r0, #49
        6794    0x00 0x00                                                                        NOPX
        6796    0x00 0x00                                                                        NOPX
        6798    0x00 0x00                                                                        NOPX
        6800    0x00 0x00                                                                        NOPX
.no_stack_arguments
        6802    0x00 0x10 0xc0 0x00 0x01 0x04                                                                                                                                              JL #8576
.delay_slot
.swstall delay_slot
        6808    0x00 0x00                                                                        NOPX
.delay_slot
        6810    0x14 0x20 0x07 0x18                                                                                                                                                        ADD r16, r16, #1
.delay_slot
        6814    0x6e 0xe1 0x58 0xb0 0xfe 0x24                                                                                                                                              LT r27, r13, r16;             ADD.NC r17, r16, #-2
.delay_slot
        6820    0x14 0x21 0x12 0x18                                                                                                                                                        SEL.EQZ r16, r16, r17, r27
.delay_slot
        6824    0xe2 0xc2 0x30 0x00 0x01 0xa5 0x70 0x02                                                                                                      ST r16, [p7, #4];                                           NOPM
.return_address
        6832    0xe2 0xc2 0xd2 0xd9 0x81 0xd4                                                    LDA r16, [p7, #4];                                                                                                      MOV p1, p6
        6838    0x00 0x00                                                                        NOPX
        6840    0x00 0x00                                                                        NOPX
        6842    0x00 0x00                                                                        NOPX
.no_stack_arguments
        6844    0x00 0x10 0xe0 0x00 0x01 0x04                                                                                                                                              JL #8640
.delay_slot
        6850    0x00 0x07 0x04 0xda 0x00 0x44                                                                                                                                              MOVXM p2, #462080
.delay_slot
.swstall delay_slot
        6856    0x00 0x00                                                                        NOPX
.delay_slot
        6858    0x13 0x77 0x07 0x98                                                                                                                                                        EQ r27, r13, r16
.delay_slot
        6862    0x12 0xe0 0xa2 0x18                                                                                                                                                        SEL.EQZ r16, r11, r10, r27
.delay_slot
        6866    0x00 0x2c 0xf0 0x02 0xb6 0x00 0x00 0x43 0x41 0x07 0x00 0x00 0x1c 0x2e            NOPA;                                                       NOPS;                                                       MOV p0, r16;                            NOPV
.return_address
.no_stack_arguments
        6880    0x06 0x00 0x00 0x00 0x04 0x34 0x00 0x00 0x40 0xba                                MOVA r0, #48;                                                                             JL #8608
.delay_slot
        6890    0x10 0x02 0x05 0x18                                                                                                                                                        MOVX r1, #1
.delay_slot
.swstall delay_slot
        6894    0x00 0x00                                                                        NOPX
.delay_slot
.swstall delay_slot
        6896    0x00 0x00                                                                        NOPX
.delay_slot
.swstall delay_slot
        6898    0x00 0x00                                                                        NOPX
.delay_slot
.swstall delay_slot
        6900    0x00 0x2c 0xf0 0x00 0x20 0x00 0x00 0x00 0x00 0xad 0x81 0x36                      NOPA;                         NOPB;                         NOPS;                         NOPX
.return_address
        6912    0xe2 0xc2 0xd0 0x3e 0x17 0xe8 0x08 0x31 0x58 0xba                                LDA r16, [p7, #4];                                                                        MOVX r1, #-1;                 MOV r0, #49
        6922    0x00 0x00                                                                        NOPX
        6924    0x00 0x00                                                                        NOPX
        6926    0x00 0x00                                                                        NOPX
        6928    0x00 0x00                                                                        NOPX
.no_stack_arguments
        6930    0x00 0x10 0xc0 0x00 0x01 0x04                                                                                                                                              JL #8576
.delay_slot
.swstall delay_slot
        6936    0x00 0x00                                                                        NOPX
.delay_slot
        6938    0x14 0x20 0x07 0x18                                                                                                                                                        ADD r16, r16, #1
.delay_slot
        6942    0x6e 0xe1 0x58 0xb0 0xfe 0x24                                                                                                                                              LT r27, r13, r16;             ADD.NC r17, r16, #-2
.delay_slot
        6948    0x14 0x21 0x12 0x18                                                                                                                                                        SEL.EQZ r16, r16, r17, r27
.delay_slot
        6952    0xe2 0xc2 0x30 0x00 0x01 0xa5 0x70 0x02                                                                                                      ST r16, [p7, #4];                                           NOPM
.return_address
        6960    0xe2 0xc2 0xd2 0xd9 0x81 0xd4                                                    LDA r16, [p7, #4];                                                                                                      MOV p1, p6
        6966    0x00 0x00                                                                        NOPX
        6968    0x00 0x00                                                                        NOPX
        6970    0x00 0x00                                                                        NOPX
.no_stack_arguments
        6972    0x00 0x10 0xe0 0x00 0x01 0x04                                                                                                                                              JL #8640
.delay_slot
        6978    0x00 0x07 0x04 0xda 0x00 0x44                                                                                                                                              MOVXM p2, #462080
.delay_slot
.swstall delay_slot
        6984    0x00 0x00                                                                        NOPX
.delay_slot
        6986    0x13 0x77 0x07 0x98                                                                                                                                                        EQ r27, r13, r16
.delay_slot
        6990    0x12 0xe0 0xa2 0x18                                                                                                                                                        SEL.EQZ r16, r11, r10, r27
.delay_slot
        6994    0x00 0x2c 0xf0 0x02 0xb6 0x00 0x00 0x43 0x41 0x07 0x00 0x00 0x1c 0x2e            NOPA;                                                       NOPS;                                                       MOV p0, r16;                            NOPV
.return_address
.no_stack_arguments
        7008    0x06 0x00 0x00 0x00 0x04 0x34 0x00 0x00 0x40 0xba                                MOVA r0, #48;                                                                             JL #8608
.delay_slot
        7018    0x10 0x02 0x05 0x18                                                                                                                                                        MOVX r1, #1
.delay_slot
.swstall delay_slot
        7022    0x00 0x00                                                                        NOPX
.delay_slot
.swstall delay_slot
        7024    0x00 0x00                                                                        NOPX
.delay_slot
.swstall delay_slot
        7026    0x00 0x00                                                                        NOPX
.delay_slot
.swstall delay_slot
        7028    0x00 0x2c 0xf0 0x00 0x20 0x00 0x00 0x00 0x00 0xad 0x81 0x36                      NOPA;                         NOPB;                         NOPS;                         NOPX
.return_address
        7040    0xe2 0xc2 0xd0 0x3e 0x17 0xe8 0x08 0x31 0x58 0xba                                LDA r16, [p7, #4];                                                                        MOVX r1, #-1;                 MOV r0, #49
        7050    0x00 0x00                                                                        NOPX
        7052    0x00 0x00                                                                        NOPX
        7054    0x00 0x00                                                                        NOPX
        7056    0x00 0x00                                                                        NOPX
.no_stack_arguments
        7058    0x00 0x10 0xc0 0x00 0x01 0x04                                                                                                                                              JL #8576
.delay_slot
.swstall delay_slot
        7064    0x00 0x00                                                                        NOPX
.delay_slot
        7066    0x14 0x20 0x07 0x18                                                                                                                                                        ADD r16, r16, #1
.delay_slot
        7070    0x6e 0xe1 0x58 0xb0 0xfe 0x24                                                                                                                                              LT r27, r13, r16;             ADD.NC r17, r16, #-2
.delay_slot
        7076    0x14 0x21 0x12 0x18                                                                                                                                                        SEL.EQZ r16, r16, r17, r27
.delay_slot
        7080    0xe2 0xc2 0x30 0x00 0x01 0xa5 0x70 0x02                                                                                                      ST r16, [p7, #4];                                           NOPM
.return_address
        7088    0xe2 0xc2 0xd2 0xd9 0x81 0xd4                                                    LDA r16, [p7, #4];                                                                                                      MOV p1, p6
        7094    0x00 0x00                                                                        NOPX
        7096    0x00 0x00                                                                        NOPX
        7098    0x00 0x00                                                                        NOPX
.no_stack_arguments
        7100    0x00 0x10 0xe0 0x00 0x01 0x04                                                                                                                                              JL #8640
.delay_slot
        7106    0x00 0x07 0x04 0xda 0x00 0x44                                                                                                                                              MOVXM p2, #462080
.delay_slot
.swstall delay_slot
        7112    0x00 0x00                                                                        NOPX
.delay_slot
        7114    0x13 0x77 0x07 0x98                                                                                                                                                        EQ r27, r13, r16
.delay_slot
        7118    0x12 0xe0 0xa2 0x18                                                                                                                                                        SEL.EQZ r16, r11, r10, r27
.delay_slot
        7122    0x00 0x2c 0xf0 0x02 0xb6 0x00 0x00 0x43 0x41 0x07 0x00 0x00 0x1c 0x2e            NOPA;                                                       NOPS;                                                       MOV p0, r16;                            NOPV
.return_address
.no_stack_arguments
        7136    0x06 0x00 0x00 0x00 0x04 0x34 0x00 0x00 0x40 0xba                                MOVA r0, #48;                                                                             JL #8608
.delay_slot
        7146    0x10 0x02 0x05 0x18                                                                                                                                                        MOVX r1, #1
.delay_slot
.swstall delay_slot
        7150    0x00 0x00                                                                        NOPX
.delay_slot
.swstall delay_slot
        7152    0x00 0x00                                                                        NOPX
.delay_slot
.swstall delay_slot
        7154    0x00 0x00                                                                        NOPX
.delay_slot
.swstall delay_slot
        7156    0x00 0x2c 0xf0 0x00 0x20 0x00 0x00 0x00 0x00 0xad 0x81 0x36                      NOPA;                         NOPB;                         NOPS;                         NOPX
.return_address
        7168    0xe2 0xc2 0xd0 0x3e 0x17 0xe8 0x08 0x31 0x58 0xba                                LDA r16, [p7, #4];                                                                        MOVX r1, #-1;                 MOV r0, #49
        7178    0x00 0x00                                                                        NOPX
        7180    0x00 0x00                                                                        NOPX
        7182    0x00 0x00                                                                        NOPX
        7184    0x00 0x00                                                                        NOPX
.no_stack_arguments
        7186    0x00 0x10 0xc0 0x00 0x01 0x04                                                                                                                                              JL #8576
.delay_slot
.swstall delay_slot
        7192    0x00 0x00                                                                        NOPX
.delay_slot
        7194    0x14 0x20 0x07 0x18                                                                                                                                                        ADD r16, r16, #1
.delay_slot
        7198    0x6e 0xe1 0x58 0xb0 0xfe 0x24                                                                                                                                              LT r27, r13, r16;             ADD.NC r17, r16, #-2
.delay_slot
        7204    0x14 0x21 0x12 0x18                                                                                                                                                        SEL.EQZ r16, r16, r17, r27
.delay_slot
        7208    0xe2 0xc2 0x30 0x00 0x01 0xa5 0x70 0x02                                                                                                      ST r16, [p7, #4];                                           NOPM
.return_address
        7216    0xe2 0xc2 0xd2 0xd9 0x81 0xd4                                                    LDA r16, [p7, #4];                                                                                                      MOV p1, p6
        7222    0x00 0x00                                                                        NOPX
        7224    0x00 0x00                                                                        NOPX
        7226    0x00 0x00                                                                        NOPX
.no_stack_arguments
        7228    0x00 0x10 0xe0 0x00 0x01 0x04                                                                                                                                              JL #8640
.delay_slot
        7234    0x00 0x07 0x04 0xda 0x00 0x44                                                                                                                                              MOVXM p2, #462080
.delay_slot
.swstall delay_slot
        7240    0x00 0x00                                                                        NOPX
.delay_slot
        7242    0x13 0x77 0x07 0x98                                                                                                                                                        EQ r27, r13, r16
.delay_slot
        7246    0x12 0xe0 0xa2 0x18                                                                                                                                                        SEL.EQZ r16, r11, r10, r27
.delay_slot
        7250    0x00 0x2c 0xf0 0x02 0xb6 0x00 0x00 0x43 0x41 0x07 0x00 0x00 0x1c 0x2e            NOPA;                                                       NOPS;                                                       MOV p0, r16;                            NOPV
.return_address
.no_stack_arguments
        7264    0x06 0x00 0x00 0x00 0x04 0x34 0x00 0x00 0x40 0xba                                MOVA r0, #48;                                                                             JL #8608
.delay_slot
        7274    0x10 0x02 0x05 0x18                                                                                                                                                        MOVX r1, #1
.delay_slot
        7278    0x10 0x12 0x05 0x18                                                                                                                                                        MOVX r9, #1
.delay_slot
.swstall delay_slot
        7282    0x00 0x00                                                                        NOPX
.delay_slot
.swstall delay_slot
        7284    0x00 0x00                                                                        NOPX
.delay_slot
.swstall delay_slot
        7286    0x00 0x2c 0xf0 0x00 0x10 0x00 0x01 0xa5 0x7e 0xba                                NOPA;                         NOPB;                                                                                     NOPM
.return_address
        7296    0xe2 0xc2 0xd0 0x00 0x06 0x48 0x28 0x01 0x58 0xba                                LDA r16, [p7, #4];                                                                        MOVX r0, #50;                 MOV r1, #1
        7306    0x00 0x00                                                                        NOPX
        7308    0x00 0x00                                                                        NOPX
        7310    0x00 0x00                                                                        NOPX
        7312    0x00 0x00                                                                        NOPX
.no_stack_arguments
        7314    0x00 0x10 0xd0 0x00 0x01 0x04                                                                                                                                              JL #8608
.delay_slot
.swstall delay_slot
        7320    0x00 0x00                                                                        NOPX
.delay_slot
        7322    0x14 0x20 0x07 0x18                                                                                                                                                        ADD r16, r16, #1
.delay_slot
        7326    0x4e 0xe1 0x58 0xb0 0xfe 0x24                                                                                                                                              LT r27, r9, r16;              ADD.NC r17, r16, #-2
.delay_slot
        7332    0x14 0x21 0x12 0x18                                                                                                                                                        SEL.EQZ r16, r16, r17, r27
.delay_slot
        7336    0xe2 0xc2 0x30 0x00 0x01 0xa5 0x70 0x02                                                                                                      ST r16, [p7, #4];                                           NOPM
.return_address
        7344    0xe0 0xc2 0xd0 0x00 0x00 0x07 0x34 0xb0 0x10 0xba                                LDA r16, [p7];                                                                            MOVXM p6, #6496
        7354    0x00 0x00                                                                        NOPX
        7356    0x00 0x00                                                                        NOPX
        7358    0x00 0x00                                                                        NOPX
        7360    0x00 0x00                                                                        NOPX
        7362    0x12 0x11 0xa0 0x18                                                                                                                                                        JNZD r8, r8, p6
.delay_slot
.swstall delay_slot
        7366    0x00 0x00                                                                        NOPX
.delay_slot
        7368    0x14 0x20 0x07 0x18                                                                                                                                                        ADD r16, r16, #1
.delay_slot
        7372    0x4e 0xe1 0x58 0xb0 0xfe 0x24                                                                                                                                              LT r27, r9, r16;              ADD.NC r17, r16, #-2
.delay_slot
        7378    0x14 0x21 0x12 0x18                                                                                                                                                        SEL.EQZ r16, r16, r17, r27
.delay_slot
        7382    0x0f 0x06 0x11 0x98                                                                                                                          ST r16, [p7]
.loop_nesting 1
.no_stack_arguments
        7386    0x06 0xa0 0x00 0x00 0x04 0x34 0x00 0x00 0x40 0xba                                MOVA r0, #53;                                                                             JL #8608
.delay_slot
        7396    0x10 0x02 0x05 0x18                                                                                                                                                        MOVX r1, #1
.delay_slot
        7400    0x10 0x1e 0x05 0x18                                                                                                                                                        MOVX r15, #1
.delay_slot
.swstall delay_slot
        7404    0x00 0x00                                                                        NOPX
.delay_slot
.swstall delay_slot
        7406    0x00 0x00                                                                        NOPX
.delay_slot
.swstall delay_slot
        7408    0x00 0x2c 0xf0 0x00 0x20 0x01 0x5b 0x00 0x00 0x00 0x01 0xa5 0x78 0x00 0x00 0xe1  NOPA;                         NOPB;                         NOPS;                         NOPX;                         NOPM;                                   NOPV
.return_address
        7424    0xfe 0xc2 0xd0 0x00 0x06 0x88 0x2f 0xff 0x58 0xba                                LDA r16, [p7, #-4];                                                                       MOVX r0, #52;                 MOV r1, #-1
        7434    0x00 0x00                                                                        NOPX
        7436    0x00 0x00                                                                        NOPX
        7438    0x00 0x00                                                                        NOPX
.no_stack_arguments
        7440    0x00 0x10 0xc0 0x00 0x01 0x04                                                                                                                                              JL #8576
.delay_slot
        7446    0x7f 0xff 0xf8 0xbf 0xfc 0x44                                                                                                                                              MOVXM r17, #2147483646
.delay_slot
.swstall delay_slot
        7452    0x00 0x00                                                                        NOPX
.delay_slot
        7454    0x14 0x63 0x0c 0x98                                                                                                                                                        LTU r17, r17, r16
.delay_slot
        7458    0x14 0x61 0x00 0x98                                                                                                                                                        ADD r16, r17, r16
.delay_slot
        7462    0x00 0x2c 0xf7 0xf6 0x11 0x80 0x00 0x00 0x00 0x7a                                NOPA;                                                       ST r16, [p7, #-4];            NOPX
.return_address
.no_stack_arguments
        7472    0x00 0x12 0xa0 0x00 0x01 0x04                                                                                                                                              JL #9536
.delay_slot
        7478    0x00 0x07 0x00 0xda 0x00 0x44                                                                                                                                              MOVXM p0, #462080
.delay_slot
.swstall delay_slot
        7484    0x00 0x00                                                                        NOPX
.delay_slot
.swstall delay_slot
        7486    0x00 0x00                                                                        NOPX
.delay_slot
.swstall delay_slot
        7488    0x00 0x00                                                                        NOPX
.delay_slot
.swstall delay_slot
        7490    0x00 0x2c 0xf0 0x02 0xb6 0x00 0x00 0x40 0x1a 0x57 0x00 0x00 0x1c 0x2e            NOPA;                                                       NOPS;                                                       NOPM;                                   NOPV
.return_address
        7504    0x00 0x2c 0xf0 0x00 0x20 0x01 0x5b 0x00 0x83 0xe8 0x01 0xa5 0x78 0x00 0x00 0xe1  NOPA;                         NOPB;                         NOPS;                         MOVX r8, #31;                 NOPM;                                   NOPV
.label TGT_Fcore_28_5_7296
.loop_nesting 2
.no_stack_arguments
        7520    0x06 0x60 0x00 0x00 0x04 0x30 0x00 0x00 0x40 0xba                                MOVA r0, #51;                                                                             JL #8576
.delay_slot
        7530    0x17 0xc2 0xfd 0x18                                                                                                                                                        MOVX r1, #-1
.delay_slot
.swstall delay_slot
        7534    0x00 0x00                                                                        NOPX
.delay_slot
.swstall delay_slot
        7536    0x00 0x00                                                                        NOPX
.delay_slot
.swstall delay_slot
        7538    0x00 0x00                                                                        NOPX
.delay_slot
.swstall delay_slot
        7540    0x00 0x2c 0xf0 0x00 0x20 0x00 0x00 0x00 0x00 0xad 0x81 0x36                      NOPA;                         NOPB;                         NOPS;                         NOPX
.return_address
        7552    0xe0 0xca 0xd0 0x3e 0x17 0xe8 0x08 0x31 0x58 0xba                                LDA r18, [p7];                                                                            MOVX r1, #-1;                 MOV r0, #49
        7562    0x00 0x00                                                                        NOPX
        7564    0x00 0x00                                                                        NOPX
.no_stack_arguments
        7566    0x00 0x10 0xc0 0x00 0x01 0x04                                                                                                                                              JL #8576
.delay_slot
        7572    0x00 0x07 0x98 0x28 0x00 0x44                                                                                                                                              MOVXM r16, #496640
.delay_slot
        7578    0x00 0x07 0x58 0xbc 0x00 0x44                                                                                                                                              MOVXM r17, #482816
.delay_slot
.swstall delay_slot
        7584    0x00 0x00                                                                        NOPX
.delay_slot
        7586    0x13 0xf7 0x27 0x98                                                                                                                                                        EQ r27, r15, r18
.delay_slot
        7590    0x00 0x2c 0xf0 0x01 0x5b 0x00 0x04 0x5d 0x02 0x7a                                NOPA;                                                       NOPS;                         SEL.EQZ r14, r17, r16, r27
.return_address
        7600    0xe2 0xc2 0xd2 0xce 0x41 0xd4                                                    LDA r16, [p7, #4];                                                                                                      MOV p1, r14
        7606    0x1e 0x62 0xc0 0xf8                                                                                                                                                                                      MOV p6, p1
        7610    0x00 0x00                                                                        NOPX
        7612    0x00 0x00                                                                        NOPX
.no_stack_arguments
        7614    0x00 0x10 0xe0 0x00 0x01 0x04                                                                                                                                              JL #8640
.delay_slot
        7620    0x00 0x07 0x04 0xda 0x00 0x44                                                                                                                                              MOVXM p2, #462080
.delay_slot
.swstall delay_slot
        7626    0x00 0x00                                                                        NOPX
.delay_slot
        7628    0x13 0xf7 0x07 0x98                                                                                                                                                        EQ r27, r15, r16
.delay_slot
        7632    0x12 0xe0 0xa2 0x18                                                                                                                                                        SEL.EQZ r16, r11, r10, r27
.delay_slot
        7636    0x00 0x2c 0xf0 0x00 0x20 0x01 0x5b 0x00 0x34 0x10 0x70 0xf6                      NOPA;                         NOPB;                         NOPS;                                                       MOV p0, r16
.return_address
.no_stack_arguments
        7648    0x06 0x00 0x00 0x00 0x04 0x34 0x00 0x00 0x40 0xba                                MOVA r0, #48;                                                                             JL #8608
.delay_slot
        7658    0x10 0x02 0x05 0x18                                                                                                                                                        MOVX r1, #1
.delay_slot
        7662    0x10 0x1a 0x05 0x18                                                                                                                                                        MOVX r13, #1
.delay_slot
.swstall delay_slot
        7666    0x00 0x00                                                                        NOPX
.delay_slot
.swstall delay_slot
        7668    0x00 0x00                                                                        NOPX
.delay_slot
.swstall delay_slot
        7670    0x00 0x2c 0xf0 0x00 0x10 0x00 0x01 0xa5 0x7e 0xba                                NOPA;                         NOPB;                                                                                     NOPM
.return_address
        7680    0xe2 0xc2 0xd0 0x3e 0x17 0xe8 0x08 0x31 0x58 0xba                                LDA r16, [p7, #4];                                                                        MOVX r1, #-1;                 MOV r0, #49
        7690    0x00 0x00                                                                        NOPX
        7692    0x00 0x00                                                                        NOPX
        7694    0x00 0x00                                                                        NOPX
        7696    0x00 0x00                                                                        NOPX
.no_stack_arguments
        7698    0x00 0x10 0xc0 0x00 0x01 0x04                                                                                                                                              JL #8576
.delay_slot
.swstall delay_slot
        7704    0x00 0x00                                                                        NOPX
.delay_slot
        7706    0x14 0x20 0x07 0x18                                                                                                                                                        ADD r16, r16, #1
.delay_slot
        7710    0x6e 0xe1 0x58 0xb0 0xfe 0x24                                                                                                                                              LT r27, r13, r16;             ADD.NC r17, r16, #-2
.delay_slot
        7716    0x14 0x21 0x12 0x18                                                                                                                                                        SEL.EQZ r16, r16, r17, r27
.delay_slot
        7720    0xe2 0xc2 0x30 0x00 0x01 0xa5 0x70 0x02                                                                                                      ST r16, [p7, #4];                                           NOPM
.return_address
        7728    0xe2 0xc2 0xd2 0xd9 0x81 0xd4                                                    LDA r16, [p7, #4];                                                                                                      MOV p1, p6
        7734    0x00 0x00                                                                        NOPX
        7736    0x00 0x00                                                                        NOPX
        7738    0x00 0x00                                                                        NOPX
.no_stack_arguments
        7740    0x00 0x10 0xe0 0x00 0x01 0x04                                                                                                                                              JL #8640
.delay_slot
        7746    0x00 0x07 0x04 0xda 0x00 0x44                                                                                                                                              MOVXM p2, #462080
.delay_slot
.swstall delay_slot
        7752    0x00 0x00                                                                        NOPX
.delay_slot
        7754    0x13 0x77 0x07 0x98                                                                                                                                                        EQ r27, r13, r16
.delay_slot
        7758    0x12 0xe0 0xa2 0x18                                                                                                                                                        SEL.EQZ r16, r11, r10, r27
.delay_slot
        7762    0x00 0x2c 0xf0 0x02 0xb6 0x00 0x00 0x43 0x41 0x07 0x00 0x00 0x1c 0x2e            NOPA;                                                       NOPS;                                                       MOV p0, r16;                            NOPV
.return_address
.no_stack_arguments
        7776    0x06 0x00 0x00 0x00 0x04 0x34 0x00 0x00 0x40 0xba                                MOVA r0, #48;                                                                             JL #8608
.delay_slot
        7786    0x10 0x02 0x05 0x18                                                                                                                                                        MOVX r1, #1
.delay_slot
.swstall delay_slot
        7790    0x00 0x00                                                                        NOPX
.delay_slot
.swstall delay_slot
        7792    0x00 0x00                                                                        NOPX
.delay_slot
.swstall delay_slot
        7794    0x00 0x00                                                                        NOPX
.delay_slot
.swstall delay_slot
        7796    0x00 0x2c 0xf0 0x00 0x20 0x00 0x00 0x00 0x00 0xad 0x81 0x36                      NOPA;                         NOPB;                         NOPS;                         NOPX
.return_address
        7808    0xe2 0xc2 0xd0 0x3e 0x17 0xe8 0x08 0x31 0x58 0xba                                LDA r16, [p7, #4];                                                                        MOVX r1, #-1;                 MOV r0, #49
        7818    0x00 0x00                                                                        NOPX
        7820    0x00 0x00                                                                        NOPX
        7822    0x00 0x00                                                                        NOPX
        7824    0x00 0x00                                                                        NOPX
.no_stack_arguments
        7826    0x00 0x10 0xc0 0x00 0x01 0x04                                                                                                                                              JL #8576
.delay_slot
.swstall delay_slot
        7832    0x00 0x00                                                                        NOPX
.delay_slot
        7834    0x14 0x20 0x07 0x18                                                                                                                                                        ADD r16, r16, #1
.delay_slot
        7838    0x6e 0xe1 0x58 0xb0 0xfe 0x24                                                                                                                                              LT r27, r13, r16;             ADD.NC r17, r16, #-2
.delay_slot
        7844    0x14 0x21 0x12 0x18                                                                                                                                                        SEL.EQZ r16, r16, r17, r27
.delay_slot
        7848    0xe2 0xc2 0x30 0x00 0x01 0xa5 0x70 0x02                                                                                                      ST r16, [p7, #4];                                           NOPM
.return_address
        7856    0xe2 0xc2 0xd2 0xd9 0x81 0xd4                                                    LDA r16, [p7, #4];                                                                                                      MOV p1, p6
        7862    0x00 0x00                                                                        NOPX
        7864    0x00 0x00                                                                        NOPX
        7866    0x00 0x00                                                                        NOPX
.no_stack_arguments
        7868    0x00 0x10 0xe0 0x00 0x01 0x04                                                                                                                                              JL #8640
.delay_slot
        7874    0x00 0x07 0x04 0xda 0x00 0x44                                                                                                                                              MOVXM p2, #462080
.delay_slot
.swstall delay_slot
        7880    0x00 0x00                                                                        NOPX
.delay_slot
        7882    0x13 0x77 0x07 0x98                                                                                                                                                        EQ r27, r13, r16
.delay_slot
        7886    0x12 0xe0 0xa2 0x18                                                                                                                                                        SEL.EQZ r16, r11, r10, r27
.delay_slot
        7890    0x00 0x2c 0xf0 0x02 0xb6 0x00 0x00 0x43 0x41 0x07 0x00 0x00 0x1c 0x2e            NOPA;                                                       NOPS;                                                       MOV p0, r16;                            NOPV
.return_address
.no_stack_arguments
        7904    0x06 0x00 0x00 0x00 0x04 0x34 0x00 0x00 0x40 0xba                                MOVA r0, #48;                                                                             JL #8608
.delay_slot
        7914    0x10 0x02 0x05 0x18                                                                                                                                                        MOVX r1, #1
.delay_slot
.swstall delay_slot
        7918    0x00 0x00                                                                        NOPX
.delay_slot
.swstall delay_slot
        7920    0x00 0x00                                                                        NOPX
.delay_slot
.swstall delay_slot
        7922    0x00 0x00                                                                        NOPX
.delay_slot
.swstall delay_slot
        7924    0x00 0x2c 0xf0 0x00 0x20 0x00 0x00 0x00 0x00 0xad 0x81 0x36                      NOPA;                         NOPB;                         NOPS;                         NOPX
.return_address
        7936    0xe2 0xc2 0xd0 0x3e 0x17 0xe8 0x08 0x31 0x58 0xba                                LDA r16, [p7, #4];                                                                        MOVX r1, #-1;                 MOV r0, #49
        7946    0x00 0x00                                                                        NOPX
        7948    0x00 0x00                                                                        NOPX
        7950    0x00 0x00                                                                        NOPX
        7952    0x00 0x00                                                                        NOPX
.no_stack_arguments
        7954    0x00 0x10 0xc0 0x00 0x01 0x04                                                                                                                                              JL #8576
.delay_slot
.swstall delay_slot
        7960    0x00 0x00                                                                        NOPX
.delay_slot
        7962    0x14 0x20 0x07 0x18                                                                                                                                                        ADD r16, r16, #1
.delay_slot
        7966    0x6e 0xe1 0x58 0xb0 0xfe 0x24                                                                                                                                              LT r27, r13, r16;             ADD.NC r17, r16, #-2
.delay_slot
        7972    0x14 0x21 0x12 0x18                                                                                                                                                        SEL.EQZ r16, r16, r17, r27
.delay_slot
        7976    0xe2 0xc2 0x30 0x00 0x01 0xa5 0x70 0x02                                                                                                      ST r16, [p7, #4];                                           NOPM
.return_address
        7984    0xe2 0xc2 0xd2 0xd9 0x81 0xd4                                                    LDA r16, [p7, #4];                                                                                                      MOV p1, p6
        7990    0x00 0x00                                                                        NOPX
        7992    0x00 0x00                                                                        NOPX
        7994    0x00 0x00                                                                        NOPX
.no_stack_arguments
        7996    0x00 0x10 0xe0 0x00 0x01 0x04                                                                                                                                              JL #8640
.delay_slot
        8002    0x00 0x07 0x04 0xda 0x00 0x44                                                                                                                                              MOVXM p2, #462080
.delay_slot
.swstall delay_slot
        8008    0x00 0x00                                                                        NOPX
.delay_slot
        8010    0x13 0x77 0x07 0x98                                                                                                                                                        EQ r27, r13, r16
.delay_slot
        8014    0x12 0xe0 0xa2 0x18                                                                                                                                                        SEL.EQZ r16, r11, r10, r27
.delay_slot
        8018    0x00 0x2c 0xf0 0x02 0xb6 0x00 0x00 0x43 0x41 0x07 0x00 0x00 0x1c 0x2e            NOPA;                                                       NOPS;                                                       MOV p0, r16;                            NOPV
.return_address
.no_stack_arguments
        8032    0x06 0x00 0x00 0x00 0x04 0x34 0x00 0x00 0x40 0xba                                MOVA r0, #48;                                                                             JL #8608
.delay_slot
        8042    0x10 0x02 0x05 0x18                                                                                                                                                        MOVX r1, #1
.delay_slot
.swstall delay_slot
        8046    0x00 0x00                                                                        NOPX
.delay_slot
.swstall delay_slot
        8048    0x00 0x00                                                                        NOPX
.delay_slot
.swstall delay_slot
        8050    0x00 0x00                                                                        NOPX
.delay_slot
.swstall delay_slot
        8052    0x00 0x2c 0xf0 0x00 0x20 0x00 0x00 0x00 0x00 0xad 0x81 0x36                      NOPA;                         NOPB;                         NOPS;                         NOPX
.return_address
        8064    0xe2 0xc2 0xd0 0x3e 0x17 0xe8 0x08 0x31 0x58 0xba                                LDA r16, [p7, #4];                                                                        MOVX r1, #-1;                 MOV r0, #49
        8074    0x00 0x00                                                                        NOPX
        8076    0x00 0x00                                                                        NOPX
        8078    0x00 0x00                                                                        NOPX
        8080    0x00 0x00                                                                        NOPX
.no_stack_arguments
        8082    0x00 0x10 0xc0 0x00 0x01 0x04                                                                                                                                              JL #8576
.delay_slot
.swstall delay_slot
        8088    0x00 0x00                                                                        NOPX
.delay_slot
        8090    0x14 0x20 0x07 0x18                                                                                                                                                        ADD r16, r16, #1
.delay_slot
        8094    0x6e 0xe1 0x58 0xb0 0xfe 0x24                                                                                                                                              LT r27, r13, r16;             ADD.NC r17, r16, #-2
.delay_slot
        8100    0x14 0x21 0x12 0x18                                                                                                                                                        SEL.EQZ r16, r16, r17, r27
.delay_slot
        8104    0xe2 0xc2 0x30 0x00 0x01 0xa5 0x70 0x02                                                                                                      ST r16, [p7, #4];                                           NOPM
.return_address
        8112    0xe2 0xc2 0xd2 0xd9 0x81 0xd4                                                    LDA r16, [p7, #4];                                                                                                      MOV p1, p6
        8118    0x00 0x00                                                                        NOPX
        8120    0x00 0x00                                                                        NOPX
        8122    0x00 0x00                                                                        NOPX
.no_stack_arguments
        8124    0x00 0x10 0xe0 0x00 0x01 0x04                                                                                                                                              JL #8640
.delay_slot
        8130    0x00 0x07 0x04 0xda 0x00 0x44                                                                                                                                              MOVXM p2, #462080
.delay_slot
.swstall delay_slot
        8136    0x00 0x00                                                                        NOPX
.delay_slot
        8138    0x13 0x77 0x07 0x98                                                                                                                                                        EQ r27, r13, r16
.delay_slot
        8142    0x12 0xe0 0xa2 0x18                                                                                                                                                        SEL.EQZ r16, r11, r10, r27
.delay_slot
        8146    0x00 0x2c 0xf0 0x02 0xb6 0x00 0x00 0x43 0x41 0x07 0x00 0x00 0x1c 0x2e            NOPA;                                                       NOPS;                                                       MOV p0, r16;                            NOPV
.return_address
.no_stack_arguments
        8160    0x06 0x00 0x00 0x00 0x04 0x34 0x00 0x00 0x40 0xba                                MOVA r0, #48;                                                                             JL #8608
.delay_slot
        8170    0x10 0x02 0x05 0x18                                                                                                                                                        MOVX r1, #1
.delay_slot
        8174    0x10 0x12 0x05 0x18                                                                                                                                                        MOVX r9, #1
.delay_slot
.swstall delay_slot
        8178    0x00 0x00                                                                        NOPX
.delay_slot
.swstall delay_slot
        8180    0x00 0x00                                                                        NOPX
.delay_slot
.swstall delay_slot
        8182    0x00 0x2c 0xf0 0x00 0x10 0x00 0x01 0xa5 0x7e 0xba                                NOPA;                         NOPB;                                                                                     NOPM
.return_address
        8192    0xe2 0xc2 0xd0 0x3e 0x17 0xe8 0x08 0x31 0x58 0xba                                LDA r16, [p7, #4];                                                                        MOVX r1, #-1;                 MOV r0, #49
        8202    0x00 0x00                                                                        NOPX
        8204    0x00 0x00                                                                        NOPX
        8206    0x00 0x00                                                                        NOPX
        8208    0x00 0x00                                                                        NOPX
.no_stack_arguments
        8210    0x00 0x10 0xc0 0x00 0x01 0x04                                                                                                                                              JL #8576
.delay_slot
.swstall delay_slot
        8216    0x00 0x00                                                                        NOPX
.delay_slot
        8218    0x14 0x20 0x07 0x18                                                                                                                                                        ADD r16, r16, #1
.delay_slot
        8222    0x4e 0xe1 0x58 0xb0 0xfe 0x24                                                                                                                                              LT r27, r9, r16;              ADD.NC r17, r16, #-2
.delay_slot
        8228    0x14 0x21 0x12 0x18                                                                                                                                                        SEL.EQZ r16, r16, r17, r27
.delay_slot
        8232    0xe2 0xc2 0x30 0x00 0x01 0xa5 0x70 0x02                                                                                                      ST r16, [p7, #4];                                           NOPM
.return_address
        8240    0xe2 0xc2 0xd2 0xd9 0x81 0xd4                                                    LDA r16, [p7, #4];                                                                                                      MOV p1, p6
        8246    0x00 0x00                                                                        NOPX
        8248    0x00 0x00                                                                        NOPX
        8250    0x00 0x00                                                                        NOPX
.no_stack_arguments
        8252    0x00 0x10 0xe0 0x00 0x01 0x04                                                                                                                                              JL #8640
.delay_slot
        8258    0x00 0x07 0x04 0xda 0x00 0x44                                                                                                                                              MOVXM p2, #462080
.delay_slot
.swstall delay_slot
        8264    0x00 0x00                                                                        NOPX
.delay_slot
        8266    0x12 0x77 0x07 0x98                                                                                                                                                        EQ r27, r9, r16
.delay_slot
        8270    0x12 0xe0 0xa2 0x18                                                                                                                                                        SEL.EQZ r16, r11, r10, r27
.delay_slot
        8274    0x00 0x2c 0xf0 0x02 0xb6 0x00 0x00 0x43 0x41 0x07 0x00 0x00 0x1c 0x2e            NOPA;                                                       NOPS;                                                       MOV p0, r16;                            NOPV
.return_address
.no_stack_arguments
        8288    0x06 0x00 0x00 0x00 0x04 0x34 0x00 0x00 0x40 0xba                                MOVA r0, #48;                                                                             JL #8608
.delay_slot
        8298    0x10 0x02 0x05 0x18                                                                                                                                                        MOVX r1, #1
.delay_slot
.swstall delay_slot
        8302    0x00 0x00                                                                        NOPX
.delay_slot
.swstall delay_slot
        8304    0x00 0x00                                                                        NOPX
.delay_slot
.swstall delay_slot
        8306    0x00 0x00                                                                        NOPX
.delay_slot
.swstall delay_slot
        8308    0x00 0x2c 0xf0 0x00 0x20 0x00 0x00 0x00 0x00 0xad 0x81 0x36                      NOPA;                         NOPB;                         NOPS;                         NOPX
.return_address
        8320    0xe2 0xc2 0xd0 0x00 0x06 0x48 0x28 0x01 0x58 0xba                                LDA r16, [p7, #4];                                                                        MOVX r0, #50;                 MOV r1, #1
        8330    0x10 0x1e 0x05 0x18                                                                                                                                                        MOVX r15, #1
        8334    0x00 0x00                                                                        NOPX
        8336    0x00 0x00                                                                        NOPX
        8338    0x00 0x00                                                                        NOPX
.no_stack_arguments
        8340    0x00 0x10 0xd0 0x00 0x01 0x04                                                                                                                                              JL #8608
.delay_slot
.swstall delay_slot
        8346    0x00 0x00                                                                        NOPX
.delay_slot
        8348    0x14 0x20 0x07 0x18                                                                                                                                                        ADD r16, r16, #1
.delay_slot
        8352    0x4e 0xe1 0x58 0xb0 0xfe 0x24                                                                                                                                              LT r27, r9, r16;              ADD.NC r17, r16, #-2
.delay_slot
        8358    0x14 0x21 0x12 0x18                                                                                                                                                        SEL.EQZ r16, r16, r17, r27
.delay_slot
        8362    0x00 0x2c 0xfe 0x2c 0x23 0x0c                                                    NOPA;                                                       ST r16, [p7, #4]
.return_address
        8368    0xe0 0xc2 0xd0 0x00 0x00 0x07 0x36 0xb0 0x10 0xba                                LDA r16, [p7];                                                                            MOVXM p6, #7520
        8378    0x00 0x00                                                                        NOPX
        8380    0x00 0x00                                                                        NOPX
        8382    0x00 0x00                                                                        NOPX
        8384    0x00 0x00                                                                        NOPX
        8386    0x12 0x11 0xa0 0x18                                                                                                                                                        JNZD r8, r8, p6
.delay_slot
.swstall delay_slot
        8390    0x00 0x00                                                                        NOPX
.delay_slot
        8392    0x14 0x20 0x07 0x18                                                                                                                                                        ADD r16, r16, #1
.delay_slot
        8396    0x7e 0xe1 0x58 0xb0 0xfe 0x24                                                                                                                                              LT r27, r15, r16;             ADD.NC r17, r16, #-2
.delay_slot
        8402    0x14 0x21 0x12 0x18                                                                                                                                                        SEL.EQZ r16, r16, r17, r27
.delay_slot
        8406    0x0f 0x06 0x11 0x98                                                                                                                          ST r16, [p7]
.loop_nesting 1
.no_stack_arguments
        8410    0x06 0xa0 0x00 0x00 0x04 0x34 0x00 0x00 0x40 0xba                                MOVA r0, #53;                                                                             JL #8608
.delay_slot
        8420    0x10 0x02 0x05 0x18                                                                                                                                                        MOVX r1, #1
.delay_slot
.swstall delay_slot
        8424    0x00 0x00                                                                        NOPX
.delay_slot
.swstall delay_slot
        8426    0x00 0x00                                                                        NOPX
.delay_slot
.swstall delay_slot
        8428    0x00 0x00                                                                        NOPX
.delay_slot
.swstall delay_slot
        8430    0x00 0x00                                                                        NOPX
.return_address
        8432    0xfa 0x46 0x20 0x3f 0x27 0xca 0x08 0x00 0x58 0xba                                LDA r17, [sp, #-48];                                                                      MOVX r18, #-2;                MOV r16, #0
        8442    0xf9 0xce 0x20 0x60 0x02 0x2c                                                    LDA r19, [sp, #-52];                                                                      MOVX r24, #0
        8448    0x07 0xf6 0xb6 0x98                                                              LDA r21, [p7, #-4]
        8452    0x07 0xcb 0x99 0x18                                                              LDA p7, [sp, #-56]
        8456    0x00 0x00                                                                        NOPX
        8458    0x00 0x00                                                                        NOPX
        8460    0x00 0x00                                                                        NOPX
        8462    0x14 0x65 0x2c 0x98                                                                                                                                                        LTU r18, r17, r18
        8466    0x14 0xec 0xd0 0x18                                                                                                                                                        EQZ r22, r19
        8470    0x15 0xa5 0x24 0x98                                                                                                                                                        AND r18, r22, r18
        8474    0x14 0xa1 0x05 0x98                                                                                                                                                        OR r16, r18, r16
        8478    0x80 0x00 0xb0 0x40 0x01 0x84                                                                                                                                              JNZ r16, #352
.delay_slot
        8484    0x7f 0xff 0xfa 0x3f 0xfc 0x44                                                                                                                                              MOVXM r20, #2147483646
.delay_slot
        8490    0x14 0x62 0x07 0x18                                                                                                                                                        ADD r17, r17, #1
.delay_slot
        8494    0xfa 0x46 0xba 0x46 0xb9 0x5c                                                                                                                ST r17, [sp, #-48];           LTU r17, r20, r21
.delay_slot
        8500    0x9c 0xf0 0x58 0xb5 0x8a 0xa4                                                                                                                                              ADC r19, r19, r24;            ADD.NC r17, r21, r17
.delay_slot
        8506    0x0f 0x1e 0x31 0x98                                                                                                                          ST r17, [p7], #4
.loop_nesting 0
        8510    0x07 0xd4 0x39 0x18                                                              LDA lr, [sp, #-44]
        8514    0x07 0xd9 0x11 0x18                                                              LDA r8, [sp, #-40]
        8518    0x07 0xdd 0x31 0x18                                                              LDA r9, [sp, #-36]
        8522    0x07 0xe1 0x51 0x18                                                              LDA r10, [sp, #-32]
        8526    0x07 0xe9 0x71 0x18                                                              LDA r11, [sp, #-24]
        8530    0x07 0xf1 0x91 0x18                                                              LDA r12, [sp, #-16]
        8534    0x07 0xf5 0xb1 0x18                                                              LDA r13, [sp, #-12]
        8538    0x07 0xf9 0xd1 0x18                                                              LDA r14, [sp, #-8]
        8542    0x07 0xfd 0xf1 0x18                                                              LDA r15, [sp, #-4]
        8546    0x07 0xe7 0x19 0x18                                                              LDA p6, [sp, #-28]
        8550    0x07 0xef 0x99 0x18                                                              LDA p7, [sp, #-20]
        8554    0x10 0x28 0x00 0x18                                                                                                                                                        RET lr
.delay_slot
        8558    0xff 0xf8 0x00 0x00 0x01 0xc4                                                                                                                                              PADDXM [sp], #-64
.delay_slot
.swstall delay_slot
        8564    0x00 0x00                                                                        NOPX
.delay_slot
.swstall delay_slot
        8566    0x00 0x00                                                                        NOPX
.delay_slot
.swstall delay_slot
        8568    0x00 0x00                                                                        NOPX
.delay_slot
.swstall delay_slot
        8570    0x00 0x00                                                                        NOPX
.label core_28_5__end

.text_segment PM   8576
.label llvm___aie2p___acquire
.function_start
        8576    0x10 0x12 0x18 0x18                                                                                                                                                        ACQ r0, r1
        8580    0x10 0x28 0x00 0x18                                                                                                                                                        RET lr
.delay_slot
.swstall delay_slot
        8584    0x00 0x00                                                                        NOPX
.delay_slot
.swstall delay_slot
        8586    0x00 0x00                                                                        NOPX
.delay_slot
.swstall delay_slot
        8588    0x00 0x00                                                                        NOPX
.delay_slot
.swstall delay_slot
        8590    0x00 0x00                                                                        NOPX
.delay_slot
.swstall delay_slot
        8592    0x00 0x00                                                                        NOPX
.label llvm___aie2p___acquire__end

.text_segment PM   8608
.label llvm___aie2p___release
.function_start
        8608    0x10 0x10 0x18 0x18                                                                                                                                                        REL r0, r1
        8612    0x10 0x28 0x00 0x18                                                                                                                                                        RET lr
.delay_slot
.swstall delay_slot
        8616    0x00 0x00                                                                        NOPX
.delay_slot
.swstall delay_slot
        8618    0x00 0x00                                                                        NOPX
.delay_slot
.swstall delay_slot
        8620    0x00 0x00                                                                        NOPX
.delay_slot
.swstall delay_slot
        8622    0x00 0x00                                                                        NOPX
.delay_slot
.swstall delay_slot
        8624    0x00 0x00                                                                        NOPX
.label llvm___aie2p___release__end

.text_segment PM   8640
.label matmul_vectorized_bfp16
.function_start
        8640    0x00 0xa2 0x00 0x00 0x01 0xf9 0xb7 0x06 0x10 0xba                                MOVA r2, #5;                                                                              MOVXM p3, #519692
        8650    0x60 0xca 0xd0 0x00 0x80 0x00 0x88 0x40 0x58 0xba                                LDA r18, [p3];                                                                            EVENT #0;                     MOV r4, #64
        8660    0x61 0x93 0x00 0x00 0x00 0x08 0x79 0x40 0x10 0xba                                MOVA r19, #780;                                                                           MOVXM ls, #8832
        8670    0x00 0x15 0x00 0x00 0x00 0x09 0xba 0x80 0x10 0xba                                MOVA r21, #0;                                                                             MOVXM le, #9472
        8680    0x00 0x18 0x00 0x00 0x04 0x00 0x00 0x00 0x70 0xba                                MOVA r24, #0;                                                                             PADDXM [sp], #128
        8690    0x01 0x03 0x24 0x20 0xe5 0xe4                                                                                                                                              MOVX r4, #6;                  VBCST.8 x4, r4
        8696    0x1a 0xe0 0x72 0xf8                                                                                                                                                                                      VBCST.8 x5, r24
        8700    0x80 0x40 0x20 0xa0 0x20 0x44                                                                                                                                              MOVXM r1, #-2143281136
        8706    0x96 0xc4 0xf1 0x32 0x01 0x24                                                                                                                                              EQ r27, r18, r2;              ADD.NC r2, r18, #1
        8712    0x12 0x02 0x00 0x05 0x4c 0x12 0x2a 0x60 0x78 0xba                                MOVA r2, #144;                                                                            SEL.EQZ r20, r2, r24, r27;    MOV r17, p2
        8722    0x60 0xd2 0x30 0x02 0x01 0x00 0x09 0x00 0x91 0x3a                                                                                            ST r20, [p3];                 MOVXM r0, #134480385
        8732    0x1c 0x2a 0x04 0x38                                                                                                                                                                                      VSEL.8 x8, x5, x4, r1:r0
        8736    0x00 0x07 0xe8 0xdc 0x20 0x44                                                                                                                                              MOVXM p4, #519696
        8742    0x80 0x9c 0x50 0x1f 0xdf 0xdc 0x6f 0xbf 0x90 0xba                                LDA.s8 r7, [p4];                                                                          MOVXM r3, #2139062143
        8752    0x1c 0x03 0x9c 0xf8                                                                                                                                                                                      MOV el8, r3
        8756    0x20 0xd0 0x28 0x87 0x39 0xe4                                                                                                                                              MOVX r3, #288;                MOV eh8, r3
        8762    0x00 0x00 0x0a 0x3b 0x00 0x44                                                                                                                                              MOVXM r20, #3456
        8768    0x00 0x32 0x00 0x25 0x1a 0x30 0x08 0x60 0x78 0xba                                MOVA r18, #1;                                                                             MAC r17, r17, r18, r20;       MOV r0, p0
        8778    0x18 0x52 0xc0 0xf8                                                                                                                                                                                      MOV r1, p1
        8782    0x00 0x00 0x26 0xc4 0xc0 0x44                                                                                                                                              MOVXM p3, #8800
        8788    0x00 0x2c 0xf3 0xf5 0x00 0x2c                                                    NOPA;                                                                                     MOVX crRnd, r7
        8794    0x00 0x00 0x03 0xb2 0x00 0x44                                                                                                                                              MOVXM r7, #2304
.label TGT_Fmatmul_vectorized_bfp16_160
.loop_nesting 1
        8800    0x00 0xc5 0x40 0x2b 0x42 0x7e 0xe8 0x10 0x78 0xba                                MOVA lc, #6;                                                                              MUL r20, r21, r4;             MOV r23, r0
        8810    0x3d 0xea 0xca 0xa0 0x01 0x64                                                                                                                                              MAC r23, r23, r7, r21;        MOV r21, #0
        8816    0x10 0xe9 0x4f 0x98                                                                                                                                                        MUL r20, r3, r20
        8820    0x00 0x2c 0xf0 0x00 0x20 0x01 0x5b 0x00 0x25 0xd0 0x70 0xf6                      NOPA;                         NOPB;                         NOPS;                                                       MOV dn0, r23
.label ZLS_Fmatmul_vectorized_bfp16_192
.loop_nesting 2
.begin_of_loop
        8832    0x00 0x00                                                                        NOPX
        8834    0x10 0xad 0x40 0x98                                                                                                                                                        ADD r22, r2, r20
        8838    0x06 0x00 0x20 0xd1 0xb2 0xa4                                                                                                                                              MOVX r24, #0;                 ADD.NC p0, r17, r22
        8844    0x3c 0x14 0x14 0x18                                                                                            VLDB.FILL.512 [p0, lf0, r24]
        8848    0x04 0x05 0xa8 0x01 0x90 0x08 0xb5 0x42 0xa8 0x3a                                                              VLDB.POP.576 ex11, [p0, lf0, r24];                          MOVX r25, #0;                 ADD.NC p1, r21, r1
        8858    0x22 0x81 0x74 0x05 0x28 0x3c                                                    VLDA.FILL.512 [p1, lf1, r25]; VLDB.POP.576 ex10, [p0, lf0, r24]
        8864    0x06 0x00 0xa8 0x01 0x80 0x08 0x30 0x40 0x78 0x3a                                                              VLDB.POP.576 ex1, [p1, lf1, r25];                           MOVX r24, #0;                 MOV p0, dn0
        8874    0xa0 0x19 0x78 0x28 0x28 0x3c                                                    VLDA.POP.576 ex3, [p1, lf1, r25];VLDB.FILL.512 [p0, lf0, r24]
        8880    0xa0 0x29 0x74 0x00 0x28 0x3c                                                    VLDA.POP.576 ex5, [p1, lf1, r25];VLDB.POP.576 ex0, [p0, lf0, r24]
.aggressive_scheduled_block_id 1
.aggressive_scheduled_block_id first
        8886    0xa0 0x39 0x74 0x01 0x28 0x3c                                                    VLDA.POP.576 ex7, [p1, lf1, r25];VLDB.POP.576 ex2, [p0, lf0, r24]
.aggressive_scheduled_block_id 1
.noswbrkpt
        8892    0x3b 0x00 0x54 0x18                                                                                            VLDB.POP.576 ex1, [p1, lf1, r25]
.aggressive_scheduled_block_id 1
.nohwbrkpt
.noswbrkpt
        8896    0x00 0x91 0x62 0x01 0x14 0x01 0x34 0x68 0xa6 0xba                                                              VLDB.POP.576 ex4, [p0, lf0, r24];MOVS dc0, p1;                                            ADD.NC p2, r17, r20
.aggressive_scheduled_block_id 1
.nohwbrkpt
.noswbrkpt
        8906    0x31 0x11 0x64 0x03 0x28 0x01 0x90 0x0b 0x6e 0x50 0x78 0x36                                                    VLDB.POP.576 ex6, [p0, lf0, r24];MOVS p1, p2;               MOVX r25, #0;                 MOV r27, r25
.aggressive_scheduled_block_id 1
.nohwbrkpt
.noswbrkpt
        8918    0x3d 0x14 0x14 0x18                                                                                            VLDB.FILL.512 [p1, lf1, r25]
.aggressive_scheduled_block_id 1
.nohwbrkpt
.noswbrkpt
        8922    0x03 0x01 0x94 0x00 0x99 0xf7 0x09 0x62                                                                        VLDB.POP.576 ex6, [p1, lf1, r25];                                                                                                 VMUL.f dm1, ex11, ex8, r19
.aggressive_scheduled_block_id 1
.nohwbrkpt
.noswbrkpt
        8930    0x03 0x00 0x94 0x00 0x9b 0xf5 0x09 0x62                                                                        VLDB.POP.576 ex2, [p1, lf1, r25];                                                                                                 VMUL.f dm3, ex10, ex8, r19
.aggressive_scheduled_block_id 1
.nohwbrkpt
.noswbrkpt
        8938    0x00 0x00                                                                        NOPX
.aggressive_scheduled_block_id 1
.nohwbrkpt
.noswbrkpt
        8940    0x04 0x82 0x5c 0xe6 0x99 0x24 0x29 0x62                                                                                                                                                                  VMOV ex9, ex1;                          VMAC.f dm1, dm1, ex2, ex1, r19
.aggressive_scheduled_block_id 1
.nohwbrkpt
.noswbrkpt
        8948    0xff 0xdd 0x60 0x02 0x9b 0x64 0x69 0x62                                                                                                      VST lfl1, [sp, #-64];                                                                               VMAC.f dm3, dm3, ex2, ex3, r19
.aggressive_scheduled_block_id 1
.nohwbrkpt
.noswbrkpt
        8956    0x0f 0xfa 0x6b 0x18                                                                                                                          VST lfh1, [sp, #-128]
.aggressive_scheduled_block_id 1
.nohwbrkpt
.noswbrkpt
        8960    0x99 0x2c 0xa9 0x48                                                                                                                                                                                                                              VMAC.f dm1, dm1, ex6, ex5, r19
.aggressive_scheduled_block_id 1
.nohwbrkpt
.noswbrkpt
        8964    0x02 0x00 0x14 0x00 0x9b 0x6c 0xe9 0x62                                                                        VLDB.POP.576 ex0, [p0, lf0, r24];                                                                                                 VMAC.f dm3, dm3, ex6, ex7, r19
.aggressive_scheduled_block_id 1
.nohwbrkpt
.noswbrkpt
        8972    0xff 0x48 0xf2 0x00 0x94 0x1d 0x98 0xed 0x09 0x4a                                VLDA lfh1, [sp, #-128];       VLDB.POP.576 ex2, [p0, lf0, r24];                                                                                                 VMUL.f dm0, ex6, ex8, r19
.aggressive_scheduled_block_id 1
.nohwbrkpt
.noswbrkpt
        8982    0xff 0xd8 0xf3 0x00 0x96 0x00 0x00 0x72 0xed 0x07 0x9a 0xe5 0x09 0x6e            VLDA lfl1, [sp, #-64];                                      MOVS p1, dc0;                                               MOV r25, r27;                           VMUL.f dm2, ex2, ex8, r19
.aggressive_scheduled_block_id 1
.nohwbrkpt
.noswbrkpt
        8996    0x3b 0x00 0xd4 0x18                                                                                            VLDB.POP.576 ex3, [p1, lf1, r25]
.aggressive_scheduled_block_id 1
.nohwbrkpt
.noswbrkpt
        9000    0x02 0x01 0x14 0x00 0x98 0x01 0x29 0x62                                                                        VLDB.POP.576 ex4, [p0, lf0, r24];                                                                                                 VMAC.f dm0, dm0, ex0, ex9, r19
.aggressive_scheduled_block_id 1
.nohwbrkpt
.noswbrkpt
        9008    0xa0 0x29 0x72 0x01 0x94 0x1d 0x9a 0x40 0x69 0x4a                                VLDA.POP.576 ex5, [p1, lf1, r25];VLDB.POP.576 ex6, [p0, lf0, r24];                                                                                              VMAC.f dm2, dm2, ex0, ex3, r19
.aggressive_scheduled_block_id 1
.nohwbrkpt
.noswbrkpt
        9018    0x00 0x00                                                                        NOPX
.aggressive_scheduled_block_id 1
.nohwbrkpt
.noswbrkpt
        9020    0xa0 0x39 0x74 0x14 0x14 0x1d 0x98 0x08 0xa9 0x4a                                VLDA.POP.576 ex7, [p1, lf1, r25];VLDB.FILL.512 [p0, lf0, r24];                                                                                                  VMAC.f dm0, dm0, ex4, ex5, r19
.aggressive_scheduled_block_id 1
.nohwbrkpt
.noswbrkpt
        9030    0x22 0x81 0x72 0x00 0x14 0x1d 0x9a 0x48 0xe9 0x4a                                VLDA.FILL.512 [p1, lf1, r25]; VLDB.POP.576 ex0, [p0, lf0, r24];                                                                                                 VMAC.f dm2, dm2, ex4, ex7, r19
.aggressive_scheduled_block_id 1
.nohwbrkpt
.noswbrkpt
        9040    0xa0 0x09 0x72 0x00 0x94 0x1d 0x99 0x24 0x29 0x4a                                VLDA.POP.576 ex1, [p1, lf1, r25];VLDB.POP.576 ex2, [p0, lf0, r24];                                                                                              VMAC.f dm1, dm1, ex2, ex1, r19
.aggressive_scheduled_block_id 1
.nohwbrkpt
.noswbrkpt
        9050    0x98 0x00 0x29 0x48                                                                                                                                                                                                                              VMAC.f dm0, dm0, ex0, ex1, r19
.aggressive_scheduled_block_id 1
.nohwbrkpt
.noswbrkpt
        9054    0x03 0x00 0xd4 0x00 0x9a 0x40 0x69 0x62                                                                        VLDB.POP.576 ex3, [p1, lf1, r25];                                                                                                 VMAC.f dm2, dm2, ex0, ex3, r19
.aggressive_scheduled_block_id 1
.nohwbrkpt
.noswbrkpt
        9062    0x02 0x01 0x14 0x00 0x9b 0x64 0x69 0x62                                                                        VLDB.POP.576 ex4, [p0, lf0, r24];                                                                                                 VMAC.f dm3, dm3, ex2, ex3, r19
.aggressive_scheduled_block_id 1
.nohwbrkpt
.noswbrkpt
        9070    0xa0 0x29 0x72 0x01 0x94 0x1d 0x99 0x2c 0xa9 0x4a                                VLDA.POP.576 ex5, [p1, lf1, r25];VLDB.POP.576 ex6, [p0, lf0, r24];                                                                                              VMAC.f dm1, dm1, ex6, ex5, r19
.aggressive_scheduled_block_id 1
.nohwbrkpt
.noswbrkpt
        9080    0x98 0x08 0xa9 0x48                                                                                                                                                                                                                              VMAC.f dm0, dm0, ex4, ex5, r19
.aggressive_scheduled_block_id 1
.nohwbrkpt
.noswbrkpt
        9084    0x03 0x01 0xd4 0x00 0x9a 0x48 0xe9 0x62                                                                        VLDB.POP.576 ex7, [p1, lf1, r25];                                                                                                 VMAC.f dm2, dm2, ex4, ex7, r19
.aggressive_scheduled_block_id 1
.nohwbrkpt
.noswbrkpt
        9092    0x02 0x00 0x14 0x00 0x9b 0x6c 0xe9 0x62                                                                        VLDB.POP.576 ex0, [p0, lf0, r24];                                                                                                 VMAC.f dm3, dm3, ex6, ex7, r19
.aggressive_scheduled_block_id 1
.nohwbrkpt
.noswbrkpt
        9100    0xa0 0x09 0x72 0x00 0x94 0x1d 0x99 0x24 0x29 0x4a                                VLDA.POP.576 ex1, [p1, lf1, r25];VLDB.POP.576 ex2, [p0, lf0, r24];                                                                                              VMAC.f dm1, dm1, ex2, ex1, r19
.aggressive_scheduled_block_id 1
.nohwbrkpt
.noswbrkpt
        9110    0x98 0x00 0x29 0x48                                                                                                                                                                                                                              VMAC.f dm0, dm0, ex0, ex1, r19
.aggressive_scheduled_block_id 1
.nohwbrkpt
.noswbrkpt
        9114    0x03 0x00 0xd4 0x00 0x9a 0x40 0x69 0x62                                                                        VLDB.POP.576 ex3, [p1, lf1, r25];                                                                                                 VMAC.f dm2, dm2, ex0, ex3, r19
.aggressive_scheduled_block_id 1
.nohwbrkpt
.noswbrkpt
        9122    0x02 0x01 0x14 0x00 0x9b 0x64 0x69 0x62                                                                        VLDB.POP.576 ex4, [p0, lf0, r24];                                                                                                 VMAC.f dm3, dm3, ex2, ex3, r19
.aggressive_scheduled_block_id 1
.nohwbrkpt
.noswbrkpt
        9130    0xa0 0x29 0x72 0x01 0x94 0x1d 0x99 0x2c 0xa9 0x4a                                VLDA.POP.576 ex5, [p1, lf1, r25];VLDB.POP.576 ex6, [p0, lf0, r24];                                                                                              VMAC.f dm1, dm1, ex6, ex5, r19
.aggressive_scheduled_block_id 1
.nohwbrkpt
.noswbrkpt
        9140    0x98 0x08 0xa9 0x48                                                                                                                                                                                                                              VMAC.f dm0, dm0, ex4, ex5, r19
.aggressive_scheduled_block_id 1
.nohwbrkpt
.noswbrkpt
        9144    0xa0 0x39 0x74 0x14 0x14 0x1d 0x9a 0x48 0xe9 0x4a                                VLDA.POP.576 ex7, [p1, lf1, r25];VLDB.FILL.512 [p0, lf0, r24];                                                                                                  VMAC.f dm2, dm2, ex4, ex7, r19
.aggressive_scheduled_block_id 1
.nohwbrkpt
.noswbrkpt
        9154    0x22 0x81 0x72 0x00 0x14 0x1d 0x9b 0x6c 0xe9 0x4a                                VLDA.FILL.512 [p1, lf1, r25]; VLDB.POP.576 ex0, [p0, lf0, r24];                                                                                                 VMAC.f dm3, dm3, ex6, ex7, r19
.aggressive_scheduled_block_id 1
.nohwbrkpt
.noswbrkpt
        9164    0xa0 0x09 0x72 0x00 0x94 0x1d 0x99 0x24 0x29 0x4a                                VLDA.POP.576 ex1, [p1, lf1, r25];VLDB.POP.576 ex2, [p0, lf0, r24];                                                                                              VMAC.f dm1, dm1, ex2, ex1, r19
.aggressive_scheduled_block_id 1
.nohwbrkpt
.noswbrkpt
        9174    0x98 0x00 0x29 0x48                                                                                                                                                                                                                              VMAC.f dm0, dm0, ex0, ex1, r19
.aggressive_scheduled_block_id 1
.nohwbrkpt
.noswbrkpt
        9178    0x03 0x00 0xd4 0x00 0x9a 0x40 0x69 0x62                                                                        VLDB.POP.576 ex3, [p1, lf1, r25];                                                                                                 VMAC.f dm2, dm2, ex0, ex3, r19
.aggressive_scheduled_block_id 1
.nohwbrkpt
.noswbrkpt
        9186    0x02 0x01 0x14 0x00 0x9b 0x64 0x69 0x62                                                                        VLDB.POP.576 ex4, [p0, lf0, r24];                                                                                                 VMAC.f dm3, dm3, ex2, ex3, r19
.aggressive_scheduled_block_id 1
.nohwbrkpt
.noswbrkpt
        9194    0xa0 0x29 0x72 0x01 0x94 0x1d 0x99 0x2c 0xa9 0x4a                                VLDA.POP.576 ex5, [p1, lf1, r25];VLDB.POP.576 ex6, [p0, lf0, r24];                                                                                              VMAC.f dm1, dm1, ex6, ex5, r19
.aggressive_scheduled_block_id 1
.nohwbrkpt
.noswbrkpt
        9204    0x98 0x08 0xa9 0x48                                                                                                                                                                                                                              VMAC.f dm0, dm0, ex4, ex5, r19
.aggressive_scheduled_block_id 1
.nohwbrkpt
.noswbrkpt
        9208    0x03 0x01 0xd4 0x00 0x9a 0x48 0xe9 0x62                                                                        VLDB.POP.576 ex7, [p1, lf1, r25];                                                                                                 VMAC.f dm2, dm2, ex4, ex7, r19
.aggressive_scheduled_block_id 1
.nohwbrkpt
.noswbrkpt
        9216    0x02 0x00 0x14 0x00 0x9b 0x6c 0xe9 0x62                                                                        VLDB.POP.576 ex0, [p0, lf0, r24];                                                                                                 VMAC.f dm3, dm3, ex6, ex7, r19
.aggressive_scheduled_block_id 1
.nohwbrkpt
.noswbrkpt
        9224    0xa0 0x09 0x72 0x00 0x94 0x1d 0x99 0x24 0x29 0x4a                                VLDA.POP.576 ex1, [p1, lf1, r25];VLDB.POP.576 ex2, [p0, lf0, r24];                                                                                              VMAC.f dm1, dm1, ex2, ex1, r19
.aggressive_scheduled_block_id 1
.nohwbrkpt
.noswbrkpt
        9234    0x98 0x00 0x29 0x48                                                                                                                                                                                                                              VMAC.f dm0, dm0, ex0, ex1, r19
.aggressive_scheduled_block_id 1
.nohwbrkpt
.noswbrkpt
        9238    0x03 0x00 0xd4 0x00 0x9a 0x40 0x69 0x62                                                                        VLDB.POP.576 ex3, [p1, lf1, r25];                                                                                                 VMAC.f dm2, dm2, ex0, ex3, r19
.aggressive_scheduled_block_id 1
.nohwbrkpt
.noswbrkpt
        9246    0x02 0x01 0x14 0x00 0x9b 0x64 0x69 0x62                                                                        VLDB.POP.576 ex4, [p0, lf0, r24];                                                                                                 VMAC.f dm3, dm3, ex2, ex3, r19
.aggressive_scheduled_block_id 1
.nohwbrkpt
.noswbrkpt
        9254    0xa0 0x29 0x72 0x01 0x94 0x1d 0x99 0x2c 0xa9 0x4a                                VLDA.POP.576 ex5, [p1, lf1, r25];VLDB.POP.576 ex6, [p0, lf0, r24];                                                                                              VMAC.f dm1, dm1, ex6, ex5, r19
.aggressive_scheduled_block_id 1
.nohwbrkpt
.noswbrkpt
        9264    0x98 0x08 0xa9 0x48                                                                                                                                                                                                                              VMAC.f dm0, dm0, ex4, ex5, r19
.aggressive_scheduled_block_id 1
.nohwbrkpt
.noswbrkpt
        9268    0xa0 0x39 0x74 0x14 0x14 0x1d 0x9a 0x48 0xe9 0x4a                                VLDA.POP.576 ex7, [p1, lf1, r25];VLDB.FILL.512 [p0, lf0, r24];                                                                                                  VMAC.f dm2, dm2, ex4, ex7, r19
.aggressive_scheduled_block_id 1
.nohwbrkpt
.noswbrkpt
        9278    0x22 0x81 0x72 0x00 0x14 0x1d 0x9b 0x6c 0xe9 0x4a                                VLDA.FILL.512 [p1, lf1, r25]; VLDB.POP.576 ex0, [p0, lf0, r24];                                                                                                 VMAC.f dm3, dm3, ex6, ex7, r19
.aggressive_scheduled_block_id 1
.nohwbrkpt
.noswbrkpt
        9288    0xa0 0x09 0x72 0x00 0x94 0x1d 0x99 0x24 0x29 0x4a                                VLDA.POP.576 ex1, [p1, lf1, r25];VLDB.POP.576 ex2, [p0, lf0, r24];                                                                                              VMAC.f dm1, dm1, ex2, ex1, r19
.aggressive_scheduled_block_id 1
.nohwbrkpt
.noswbrkpt
        9298    0x98 0x00 0x29 0x48                                                                                                                                                                                                                              VMAC.f dm0, dm0, ex0, ex1, r19
.aggressive_scheduled_block_id 1
.nohwbrkpt
.noswbrkpt
        9302    0x03 0x00 0xd4 0x00 0x9a 0x40 0x69 0x62                                                                        VLDB.POP.576 ex3, [p1, lf1, r25];                                                                                                 VMAC.f dm2, dm2, ex0, ex3, r19
.aggressive_scheduled_block_id 1
.nohwbrkpt
.noswbrkpt
        9310    0x9b 0x64 0x69 0x48                                                                                                                                                                                                                              VMAC.f dm3, dm3, ex2, ex3, r19
.aggressive_scheduled_block_id 1
.noswbrkpt
        9314    0xa0 0x29 0x72 0x01 0x14 0x1d 0x99 0x2c 0xa9 0x4a                                VLDA.POP.576 ex5, [p1, lf1, r25];VLDB.POP.576 ex4, [p0, lf0, r24];                                                                                              VMAC.f dm1, dm1, ex6, ex5, r19
.aggressive_scheduled_block_id 1
.nohwbrkpt
.noswbrkpt
        9324    0x02 0x01 0x94 0x00 0x98 0x08 0xa9 0x62                                                                        VLDB.POP.576 ex6, [p0, lf0, r24];                                                                                                 VMAC.f dm0, dm0, ex4, ex5, r19
.aggressive_scheduled_block_id 1
.nohwbrkpt
.noswbrkpt
        9332    0x03 0x01 0xd4 0x00 0x9a 0x48 0xe9 0x62                                                                        VLDB.POP.576 ex7, [p1, lf1, r25];                                                                                                 VMAC.f dm2, dm2, ex4, ex7, r19
.aggressive_scheduled_block_id 1
.nohwbrkpt
.noswbrkpt
        9340    0xa0 0x09 0x72 0x00 0x14 0x1d 0x9b 0x6c 0xe9 0x4a                                VLDA.POP.576 ex1, [p1, lf1, r25];VLDB.POP.576 ex0, [p0, lf0, r24];                                                                                              VMAC.f dm3, dm3, ex6, ex7, r19
.aggressive_scheduled_block_id 1
.nohwbrkpt
.noswbrkpt
        9350    0x99 0x24 0x29 0x48                                                                                                                                                                                                                              VMAC.f dm1, dm1, ex2, ex1, r19
.aggressive_scheduled_block_id 1
.nohwbrkpt
.noswbrkpt
        9354    0x80 0x11 0x73 0x00 0xd4 0x1d 0x98 0x00 0x29 0x4a                                VLDA.POP.576 ex2, [p0, lf0, r24];VLDB.POP.576 ex3, [p1, lf1, r25];                                                                                              VMAC.f dm0, dm0, ex0, ex1, r19
.aggressive_scheduled_block_id 1
.nohwbrkpt
.noswbrkpt
        9364    0xa0 0x29 0x72 0x01 0x14 0x1d 0x9a 0x40 0x69 0x4a                                VLDA.POP.576 ex5, [p1, lf1, r25];VLDB.POP.576 ex4, [p0, lf0, r24];                                                                                              VMAC.f dm2, dm2, ex0, ex3, r19
.aggressive_scheduled_block_id 1
.nohwbrkpt
.noswbrkpt
        9374    0x9b 0x64 0x69 0x48                                                                                                                                                                                                                              VMAC.f dm3, dm3, ex2, ex3, r19
.aggressive_scheduled_block_id 1
.nohwbrkpt
.noswbrkpt
        9378    0x03 0x01 0xd4 0x00 0x98 0x08 0xa9 0x62                                                                        VLDB.POP.576 ex7, [p1, lf1, r25];                                                                                                 VMAC.f dm0, dm0, ex4, ex5, r19
.aggressive_scheduled_block_id 1
.nohwbrkpt
.noswbrkpt
        9386    0x99 0x2c 0xa9 0x48                                                                                                                                                                                                                              VMAC.f dm1, dm1, ex6, ex5, r19
.aggressive_scheduled_block_id 1
.nohwbrkpt
.noswbrkpt
        9390    0x02 0x01 0x94 0x00 0x9a 0x48 0xe9 0x62                                                                        VLDB.POP.576 ex6, [p0, lf0, r24];                                                                                                 VMAC.f dm2, dm2, ex4, ex7, r19
.aggressive_scheduled_block_id 1
.nohwbrkpt
.noswbrkpt
        9398    0x98 0x00 0x29 0x48                                                                                                                                                                                                                              VMAC.f dm0, dm0, ex0, ex1, r19
.aggressive_scheduled_block_id 1
.aggressive_scheduled_block_id last
.nohwbrkpt
.noswbrkpt
        9402    0x9b 0x6c 0xe9 0x48                                                                                                                                                                                                                              VMAC.f dm3, dm3, ex6, ex7, r19
        9406    0x9a 0x40 0x69 0x48                                                                                                                                                                                                                              VMAC.f dm2, dm2, ex0, ex3, r19
        9410    0x98 0x08 0xa9 0x48                                                                                                                                                                                                                              VMAC.f dm0, dm0, ex4, ex5, r19
        9414    0x99 0x24 0x29 0x48                                                                                                                                                                                                                              VMAC.f dm1, dm1, ex2, ex1, r19
        9418    0x9a 0x48 0xe9 0x48                                                                                                                                                                                                                              VMAC.f dm2, dm2, ex4, ex7, r19
        9422    0x9b 0x64 0x69 0x48                                                                                                                                                                                                                              VMAC.f dm3, dm3, ex2, ex3, r19
        9426    0x99 0x2c 0xa9 0x48                                                                                                                                                                                                                              VMAC.f dm1, dm1, ex6, ex5, r19
        9430    0x10 0x34 0x01 0x18                                                                                                                                                        MOVX r26, #0
        9434    0xb0 0x00 0x60 0x02 0x9b 0x6c 0xe9 0x62                                                                                                      VST.PUSH.576.CONV.bfp16ebs8.fp32 dm0, [p2, sf, r26];                                                VMAC.f dm3, dm3, ex6, ex7, r19
        9442    0x09 0x00 0x03 0x18                                                                                                                          VST.FLUSH.512.CONV [p2, sf, r26]
        9446    0x0d 0x81 0x03 0x18                                                                                                                          VST.PUSH.576.CONV.bfp16ebs8.fp32 dm2, [p2, sf, r26]
        9450    0x09 0x00 0x03 0x18                                                                                                                          VST.FLUSH.512.CONV [p2, sf, r26]
        9454    0x0d 0x80 0x83 0x18                                                                                                                          VST.PUSH.576.CONV.bfp16ebs8.fp32 dm1, [p2, sf, r26]
        9458    0x09 0x00 0x03 0x18                                                                                                                          VST.FLUSH.512.CONV [p2, sf, r26]
        9462    0x00 0x2c 0xf5 0x81 0x83 0x00 0x00 0x00 0x00 0x7a                                NOPA;                                                       VST.PUSH.576.CONV.bfp16ebs8.fp32 dm3, [p2, sf, r26];NOPX
.label ZLE_Fmatmul_vectorized_bfp16_832
.end_of_loop
        9472    0x00 0x2c 0xf0 0x00 0x21 0x00 0x03 0x2d 0x41 0x06 0xa9 0xea 0xa8 0x00 0x00 0xe1  NOPA;                         NOPB;                         VST.FLUSH.512.CONV [p2, sf, r26];ADD r20, r22, r2;          ADD.NC r21, r7, r21;                    NOPV
.loop_nesting 1
        9488    0x14 0xa4 0xe0 0x18                                                                                                                                                        JNZD r18, r18, p3
.delay_slot
        9492    0x10 0x2a 0x05 0x18                                                                                                                                                        MOVX r21, #1
.delay_slot
.swstall delay_slot
        9496    0x00 0x00                                                                        NOPX
.delay_slot
.swstall delay_slot
        9498    0x00 0x00                                                                        NOPX
.delay_slot
.swstall delay_slot
        9500    0x00 0x00                                                                        NOPX
.delay_slot
.swstall delay_slot
        9502    0x00 0x00                                                                        NOPX
.loop_nesting 0
        9504    0x10 0x28 0x00 0x18                                                                                                                                                        RET lr
.delay_slot
        9508    0xff 0xf0 0x00 0x00 0x01 0xc4                                                                                                                                              PADDXM [sp], #-128
.delay_slot
.swstall delay_slot
        9514    0x00 0x00                                                                        NOPX
.delay_slot
.swstall delay_slot
        9516    0x00 0x00                                                                        NOPX
.delay_slot
.swstall delay_slot
        9518    0x00 0x00                                                                        NOPX
.delay_slot
.swstall delay_slot
        9520    0x00 0x00                                                                        NOPX
.label matmul_vectorized_bfp16__end

.text_segment PM   9536
.label zero_kernel
.function_start
        9536    0x24 0x05 0x40 0x00 0x22 0x80 0x8b 0x00 0x01 0xf8 0x37 0x08 0x10 0x07 0x00 0xe9  MOVA lc, #288;                NOPB;                         MOVS p2, p0;                  MOVXM p0, #519696;                                                    VCLR dm0
        9552    0x00 0x80 0x50 0x00 0x00 0x08 0x7a 0xe0 0x10 0xba                                LDA.s8 r0, [p0];                                                                          MOVXM ls, #9664
        9562    0x00 0x1a 0x00 0x00 0x00 0x09 0xba 0xe8 0x10 0xba                                MOVA r26, #0;                                                                             MOVXM le, #9680
        9572    0x00 0x2c 0xf0 0x00 0x20 0x00 0x00 0x00 0x00 0xad 0x81 0x36                      NOPA;                         NOPB;                         NOPS;                         NOPX
        9584    0x00 0x2c 0xf0 0x00 0x20 0x01 0x5b 0x00 0x00 0x00 0x01 0xa5 0x78 0x00 0x00 0xe1  NOPA;                         NOPB;                         NOPS;                         NOPX;                         NOPM;                                   NOPV
        9600    0x00 0x2c 0xf0 0x00 0x20 0x01 0x5b 0x00 0x00 0x00 0x01 0xa5 0x78 0x00 0x00 0xe1  NOPA;                         NOPB;                         NOPS;                         NOPX;                         NOPM;                                   NOPV
        9616    0x00 0x2c 0xf0 0x00 0x20 0x01 0x5b 0x00 0x00 0x00 0x01 0xa5 0x78 0x00 0x00 0xe1  NOPA;                         NOPB;                         NOPS;                         NOPX;                         NOPM;                                   NOPV
        9632    0x00 0x2c 0xf0 0x00 0x20 0x01 0x5b 0x00 0x00 0x00 0x01 0xa5 0x78 0x00 0x00 0xe1  NOPA;                         NOPB;                         NOPS;                         NOPX;                         NOPM;                                   NOPV
        9648    0x00 0x2c 0xf0 0x00 0x20 0x01 0x5b 0x01 0xd4 0x00 0x01 0xa5 0x78 0x00 0x00 0xe1  NOPA;                         NOPB;                         NOPS;                         MOVX crRnd, r0;               NOPM;                                   NOPV
.label ZLS_Fzero_kernel_128
.loop_nesting 1
.begin_of_loop
        9664    0x00 0x2c 0xf0 0x00 0x25 0x80 0x03 0x00 0x00 0x00 0x01 0xa5 0x78 0x00 0x00 0xe1  NOPA;                         NOPB;                         VST.PUSH.576.CONV.bfp16ebs8.fp32 dm0, [p2, sf, r26];NOPX;   NOPM;                                   NOPV
.label ZLE_Fzero_kernel_144
.end_of_loop
        9680    0x00 0x2c 0xf0 0x00 0x21 0x00 0x03 0x00 0x00 0x00 0x01 0xa5 0x78 0x00 0x00 0xe1  NOPA;                         NOPB;                         VST.FLUSH.512.CONV [p2, sf, r26];NOPX;                      NOPM;                                   NOPV
.loop_nesting 0
        9696    0x10 0x28 0x00 0x18                                                                                                                                                        RET lr
.delay_slot
.swstall delay_slot
        9700    0x00 0x00                                                                        NOPX
.delay_slot
.swstall delay_slot
        9702    0x00 0x00                                                                        NOPX
.delay_slot
.swstall delay_slot
        9704    0x00 0x00                                                                        NOPX
.delay_slot
.swstall delay_slot
        9706    0x00 0x00                                                                        NOPX
.delay_slot
.swstall delay_slot
        9708    0x00 0x00                                                                        NOPX
.label zero_kernel__end

.text_segment PM   9712
.label _fini
.function_start
        9712    0x00 0x08 0x00 0x00 0x01 0xc4                                                                                                                                              PADDXM [sp], #64
        9718    0xff 0x3a 0xb0 0x00 0x00 0x02 0x08 0x00 0x11 0x3a                                                                                            ST r14, [sp, #-8];            MOVXM r16, #0
        9728    0xfe 0xf3 0xb0 0x00 0x00 0x01 0xc8 0x00 0x11 0x3a                                                                                            ST p7, [sp, #-12];            MOVXM r14, #0
        9738    0x74 0x20 0xfe 0xd0 0x41 0xe4                                                                                                                                              EQ r16, r14, r16;             MOV p7, r16
        9744    0x80 0x13 0x38 0x40 0x01 0x84                                                                                                                                              JNZ r16, #9840
.delay_slot
        9750    0x0f 0xfd 0xf5 0x98                                                                                                                          ST r15, [sp, #-4]
.delay_slot
        9754    0x0f 0xf0 0x3d 0x98                                                                                                                          ST lr, [sp, #-16]
.delay_slot
.swstall delay_slot
        9758    0x00 0x00                                                                        NOPX
.delay_slot
.swstall delay_slot
        9760    0x00 0x00                                                                        NOPX
.delay_slot
.swstall delay_slot
        9762    0x00 0x2c 0xf0 0x02 0xb6 0x00 0x00 0x40 0x1a 0x57 0x00 0x00 0x1c 0x2e            NOPA;                                                       NOPS;                                                       NOPM;                                   NOPV
.label TGT_F_fini_64
.loop_nesting 1
        9776    0x07 0x1c 0x1e 0x98                                                              LDA p0, [p7], #4
        9780    0x00 0x00                                                                        NOPX
        9782    0x00 0x00                                                                        NOPX
        9784    0x00 0x00                                                                        NOPX
        9786    0x00 0x00                                                                        NOPX
        9788    0x00 0x00                                                                        NOPX
        9790    0x00 0x00                                                                        NOPX
.no_stack_arguments
        9792    0x10 0x30 0x00 0x18                                                                                                                                                        JL p0
.delay_slot
        9796    0x1b 0xde 0xc0 0xf8                                                                                                                                                                                      MOV r15, p7
.delay_slot
.swstall delay_slot
        9800    0x00 0x00                                                                        NOPX
.delay_slot
.swstall delay_slot
        9802    0x00 0x00                                                                        NOPX
.delay_slot
.swstall delay_slot
        9804    0x00 0x00                                                                        NOPX
.delay_slot
.swstall delay_slot
        9806    0x00 0x00                                                                        NOPX
.return_address
        9808    0x13 0xe0 0xe8 0x98                                                                                                                                                        NE r16, r15, r14
        9812    0x80 0x13 0x18 0x40 0x01 0x84                                                                                                                                              JNZ r16, #9776
.delay_slot
.swstall delay_slot
        9818    0x00 0x00                                                                        NOPX
.delay_slot
.swstall delay_slot
        9820    0x00 0x00                                                                        NOPX
.delay_slot
.swstall delay_slot
        9822    0x00 0x00                                                                        NOPX
.delay_slot
.swstall delay_slot
        9824    0x00 0x00                                                                        NOPX
.delay_slot
.swstall delay_slot
        9826    0x00 0x2c 0xf0 0x02 0xb6 0x00 0x00 0x40 0x1a 0x57 0x00 0x00 0x1c 0x2e            NOPA;                                                       NOPS;                                                       NOPM;                                   NOPV
.label TGT_F_fini_128
.loop_nesting 0
        9840    0x07 0xf0 0x39 0x18                                                              LDA lr, [sp, #-16]
        9844    0x07 0xf9 0xd1 0x18                                                              LDA r14, [sp, #-8]
        9848    0x07 0xfd 0xf1 0x18                                                              LDA r15, [sp, #-4]
        9852    0x07 0xf7 0x99 0x18                                                              LDA p7, [sp, #-12]
        9856    0x00 0x00                                                                        NOPX
        9858    0x00 0x00                                                                        NOPX
        9860    0x00 0x00                                                                        NOPX
        9862    0x10 0x28 0x00 0x18                                                                                                                                                        RET lr
.delay_slot
        9866    0xff 0xf8 0x00 0x00 0x01 0xc4                                                                                                                                              PADDXM [sp], #-64
.delay_slot
.swstall delay_slot
        9872    0x00 0x00                                                                        NOPX
.delay_slot
.swstall delay_slot
        9874    0x00 0x00                                                                        NOPX
.delay_slot
.swstall delay_slot
        9876    0x00 0x00                                                                        NOPX
.delay_slot
.swstall delay_slot
        9878    0x00 0x00                                                                        NOPX
.label _fini__end

.text_segment PM   9888
.label __cxa_finalize
.function_start
        9888    0xff 0xa1 0x00 0x00 0x02 0x00 0x00 0x00 0x70 0xba                                MOVA r1, #-3;                                                                             PADDXM [sp], #64
        9898    0xfa 0x82 0xb0 0x00 0x41 0x08 0x6d 0xe0 0x79 0x3a                                                                                            ST r0, [sp, #-44];            MOVX r4, #8;                  MOV r3, packSign1
        9908    0xfb 0x0e 0xb0 0x00 0x6e 0x30 0x70 0x02                                                                                                      ST r3, [sp, #-40];                                          MOV r3, unpackSign1
        9916    0xfc 0x0e 0xb0 0x00 0x6a 0x30 0x70 0x02                                                                                                      ST r3, [sp, #-32];                                          MOV r3, unpackSign0
        9924    0xfc 0x8e 0xb0 0x00 0x6c 0x70 0x70 0x02                                                                                                      ST r3, [sp, #-28];                                          MOV r3, crSRSMode
        9932    0xfd 0x8e 0xb0 0x00 0x6b 0xb0 0x70 0x02                                                                                                      ST r3, [sp, #-20];                                          MOV r3, crPackSize
        9940    0xfe 0x8e 0xb0 0x00 0x01 0xf8 0x37 0x1a 0x11 0x3a                                                                                            ST r3, [sp, #-12];            MOVXM p0, #519732
        9950    0x00 0x8a 0xd7 0xdc 0x3d 0x80 0x6a 0x70 0x72 0xba                                LDA r2, [p0];                                               ST lr, [sp, #-36];                                          MOV r3, crSat
        9960    0xff 0x8e 0xb0 0x00 0x69 0x70 0x70 0x02                                                                                                      ST r3, [sp, #-4];                                           MOV r3, crUnpackSize
        9968    0x00 0x92 0x30 0x01 0x4c 0x30 0x70 0x02                                                                                                      ST r4, [p0];                                                MOV r10, upsSign1
        9976    0xff 0x0e 0xb0 0x01 0x08 0x30 0x70 0x02                                                                                                      ST r3, [sp, #-8];                                           MOV r8, upsSign0
        9984    0x1b 0x1a 0x60 0xf8                                                                                                                                                                                      MOV r12, vaddSign1
        9988    0x1a 0x52 0x60 0xf8                                                                                                                                                                                      MOV r9, vaddSign0
        9992    0x1a 0xdf 0xc0 0xf8                                                                                                                                                                                      MOV r11, srsSign1
        9996    0x10 0xbc 0x66 0xaf 0x81 0xe4                                                                                                                                              ADD r2, r2, #-8;              MOV r13, srsSign0
       10002    0x13 0x83 0xd0 0xbe 0xc1 0xe4                                                                                                                                              ASHL r14, r2, r1;             MOV r1, crRnd
       10008    0xfe 0x06 0xb0 0x00 0x2e 0x70 0x70 0x02                                                                                                      ST r1, [sp, #-16];                                          MOV r1, crUPSMode
       10016    0xfd 0x06 0xb0 0x01 0xe9 0xe0 0x70 0x02                                                                                                      ST r1, [sp, #-24];                                          MOV r15, packSign0
       10024    0x00 0x07 0xe0 0xbc 0x28 0x44                                                                                                                                              MOVXM r1, #519700
       10030    0x1e 0x60 0x89 0x58                                                                                                                                                                                      ADD.NC p6, r1, r2
       10034    0x00 0x2c 0xf0 0x00 0x20 0x00 0x01 0x76 0x74 0x02 0x00 0x2b 0x60 0x7e            NOPA;                         NOPB;                         NOPS;                         MOVXM p7, #10048
.label TGT_F__cxa_finalize_160
.loop_nesting 1
       10048    0x06 0x1c 0x9e 0x98                                                              LDA p1, [p6], #4
       10052    0x06 0xdc 0x1e 0x98                                                              LDA p0, [p6], #-12
       10056    0x00 0x00                                                                        NOPX
       10058    0x00 0x00                                                                        NOPX
       10060    0x00 0x00                                                                        NOPX
       10062    0x00 0x00                                                                        NOPX
       10064    0x00 0x00                                                                        NOPX
.no_stack_arguments
       10066    0x10 0x30 0x40 0x18                                                                                                                                                        JL p1
.delay_slot
.swstall delay_slot
       10070    0x00 0x00                                                                        NOPX
.delay_slot
.swstall delay_slot
       10072    0x00 0x00                                                                        NOPX
.delay_slot
.swstall delay_slot
       10074    0x00 0x00                                                                        NOPX
.delay_slot
.swstall delay_slot
       10076    0x00 0x00                                                                        NOPX
.delay_slot
.swstall delay_slot
       10078    0x00 0x00                                                                        NOPX
.return_address
       10080    0x13 0x9d 0xe0 0x18                                                                                                                                                        JNZD r14, r14, p7
.delay_slot
.swstall delay_slot
       10084    0x00 0x00                                                                        NOPX
.delay_slot
.swstall delay_slot
       10086    0x00 0x00                                                                        NOPX
.delay_slot
.swstall delay_slot
       10088    0x00 0x00                                                                        NOPX
.delay_slot
.swstall delay_slot
       10090    0x00 0x00                                                                        NOPX
.delay_slot
.swstall delay_slot
       10092    0x00 0x00                                                                        NOPX
.loop_nesting 0
       10094    0xfb 0x87 0x20 0x15 0xea 0x02 0x9b 0x10 0x78 0xba                                LDA lr, [sp, #-36];                                                                       MOVX upsSign1, r10;           MOV vaddSign1, r12
       10104    0xfb 0x06 0x20 0x11 0xca 0x00 0x9a 0x50 0x78 0xba                                LDA r1, [sp, #-40];                                                                       MOVX upsSign0, r8;            MOV vaddSign0, r9
       10114    0xfc 0x0a 0x20 0x17 0xe6 0x00 0xf3 0xd0 0x78 0xba                                LDA r2, [sp, #-32];                                                                       MOVX srsSign1, r11;           MOV packSign0, r15
       10124    0xfd 0x82 0x26 0xf1 0x80 0x2c                                                    LDA r0, [sp, #-20];                                                                       MOVX srsSign0, r13
       10130    0x07 0xe4 0xb1 0x18                                                              LDA r5, [sp, #-28]
       10134    0x07 0xf4 0x71 0x18                                                              LDA r3, [sp, #-12]
       10138    0x07 0xfc 0x91 0x18                                                              LDA r4, [sp, #-4]
       10142    0x07 0xf8 0xd1 0x18                                                              LDA r6, [sp, #-8]
       10146    0xfe 0x06 0x20 0xf8 0x80 0x2c                                                    LDA r1, [sp, #-16];                                                                       MOVX packSign1, r1
       10152    0xfd 0x0a 0x21 0x7b 0x80 0x2c                                                    LDA r2, [sp, #-24];                                                                       MOVX unpackSign1, r2
       10158    0xfa 0x82 0x20 0x76 0x00 0x2c                                                    LDA r0, [sp, #-44];                                                                       MOVX crSRSMode, r0
       10164    0x05 0x00 0x04 0x65 0x41 0xe4                                                                                                                                              RET lr;                       MOV unpackSign0, r5
.delay_slot
       10170    0xff 0xf8 0x00 0x00 0x01 0xc4                                                                                                                                              PADDXM [sp], #-64
.delay_slot
       10176    0x1f 0x40 0x04 0xe4 0x41 0xe4                                                                                                                                              MOVX crPackSize, r3;          MOV crSat, r4
.delay_slot
       10182    0x11 0xbc 0x80 0x18                                                                                                                                                        MOVX crUnpackSize, r6
.delay_slot
       10186    0x10 0x7a 0x80 0x18                                                                                                                                                        MOVX crRnd, r1
.delay_slot
       10190    0x10 0xbc 0x00 0x18                                                                                                                                                        MOVX crUPSMode, r2
.label __cxa_finalize__end

.bss_segment DMb 519692	    4

.bss_segment DMb 519696	    1

.data_segment DMb 519700
.label _ZL7atexits
	0xf0
	0x25
	0x0
	0x0
	0x0
	0x0
	0x0
	0x0
	0x0
	0x0
	0x0
	0x0
	0x0
	0x0
	0x0
	0x0
	0x0
	0x0
	0x0
	0x0
	0x0
	0x0
	0x0
	0x0
	0x0
	0x0
	0x0
	0x0
	0x0
	0x0
	0x0
	0x0
.label _ZL10atexit_cnt
	0x8
	0x0
	0x0
	0x0

.stack DM_stack 458752 462080
