
// File generated by darts version V-2024.06#8be6237c82#250729, Mon Jun 29 22:51:29 2026
// Copyright 2014-2024 Synopsys, Inc. All rights reserved.
// darts -I/home/bcloud/torch2aie/toolchain/aietools/data/aie2p/lib -d -h -I/home/bcloud/torch2aie/toolchain/aietools/include -I/home/bcloud/torch2aie/toolchain/aietools/data/aie2p/lib/runtime_cxx/libcxx-lite/include -I/home/bcloud/torch2aie/toolchain/aietools/data/aie2p/lib/runtime_cxx/libs/libcxx-16/include -I/home/bcloud/torch2aie/toolchain/aietools/data/aie2p/lib/runtime_cxx/libs/libcxxabi-16/include -I/home/bcloud/torch2aie/toolchain/aietools/data/aie2p/lib/runtime/include -D__AIENGINE__ -D__AIE_ARCH__=21 -D__AIEARCH__=21 -D__tct_tgt__=250729 -L +Ihex +nanno +u /home/bcloud/torch2aie/examples/gemm_asymmetric_tile_buffering/config2/aie_3072x2560x768_192x128x96.mlir.prj/main_core_4_5.elf me

// Release: ipp V-2024.06-TGT-250729

.text_segment PM      0
.entry_point
.label __AIE_ARCH_MODEL_VERSION__21011400__inlined__1__me_basic___main_init_
.label _main_init
.function_start
           0    0x00 0x07 0x09 0xe0 0x00 0x44                                                                                                                                              MOVXM sp, #458752
           6    0x00 0x00 0x04 0x20 0x00 0x44                                                                                                                                              MOVXM r8, #0
          12    0x00 0x00 0x08 0x20 0x00 0x44                                                                                                                                              MOVXM r16, #0
          18    0x12 0x21 0x07 0x98                                                                                                                                                        EQ r16, r8, r16
          22    0x80 0x00 0x40 0x40 0x01 0x84                                                                                                                                              JNZ r16, #128
.delay_slot
.swstall delay_slot
          28    0x00 0x00                                                                        NOPX
.delay_slot
.swstall delay_slot
          30    0x00 0x00                                                                        NOPX
.delay_slot
.swstall delay_slot
          32    0x00 0x00                                                                        NOPX
.delay_slot
.swstall delay_slot
          34    0x00 0x00                                                                        NOPX
.delay_slot
.swstall delay_slot
          36    0x00 0x00                                                                        NOPX
          38    0x00 0x2c 0xf7 0x80 0x8b 0x01 0x28 0x50 0x72 0xba                                NOPA;                                                       MOVS p7, p0;                                                MOV r9, r1
          48    0x00 0x2c 0xf0 0x00 0x20 0x01 0x5b 0x3f 0xff 0xff 0x37 0xfe 0x10 0x00 0x00 0xe1  NOPA;                         NOPB;                         NOPS;                         MOVXM p6, #-4;                                                        NOPV
.label TGT_F_main_init_64
.loop_nesting 1
          64    0xdf 0x83 0xd5 0x39 0x81 0xd4                                                    LDA p0, [p6], #-4;                                                                                                      MOV r10, p6
          70    0x00 0x00                                                                        NOPX
          72    0x00 0x00                                                                        NOPX
          74    0x00 0x00                                                                        NOPX
          76    0x00 0x00                                                                        NOPX
          78    0x00 0x00                                                                        NOPX
          80    0x00 0x00                                                                        NOPX
.no_stack_arguments
          82    0x10 0x30 0x00 0x18                                                                                                                                                        JL p0
.delay_slot
.swstall delay_slot
          86    0x00 0x00                                                                        NOPX
.delay_slot
.swstall delay_slot
          88    0x00 0x00                                                                        NOPX
.delay_slot
.swstall delay_slot
          90    0x00 0x00                                                                        NOPX
.delay_slot
.swstall delay_slot
          92    0x00 0x00                                                                        NOPX
.delay_slot
.swstall delay_slot
          94    0x00 0x00                                                                        NOPX
.return_address
          96    0x12 0xa0 0x88 0x98                                                                                                                                                        NE r16, r10, r8
         100    0x80 0x00 0x20 0x40 0x01 0x84                                                                                                                                              JNZ r16, #64
.delay_slot
.swstall delay_slot
         106    0x00 0x00                                                                        NOPX
.delay_slot
.swstall delay_slot
         108    0x00 0x00                                                                        NOPX
.delay_slot
.swstall delay_slot
         110    0x00 0x00                                                                        NOPX
.delay_slot
.swstall delay_slot
         112    0x00 0x00                                                                        NOPX
.delay_slot
.swstall delay_slot
         114    0x00 0x00                                                                        NOPX
.loop_nesting 0
         116    0x00 0x2c 0xf0 0x00 0x20 0x9c 0x8b 0x00 0x2a 0x50 0x70 0xf6                      NOPA;                         NOPB;                         MOVS p0, p7;                                                MOV r1, r9
.label TGT_F_main_init_128
.no_stack_arguments
         128    0x00 0x00 0x70 0x00 0x01 0x04                                                                                                                                              JL #224
.delay_slot
.swstall delay_slot
         134    0x00 0x00                                                                        NOPX
.delay_slot
.swstall delay_slot
         136    0x00 0x00                                                                        NOPX
.delay_slot
.swstall delay_slot
         138    0x00 0x00                                                                        NOPX
.delay_slot
.swstall delay_slot
         140    0x00 0x00                                                                        NOPX
.delay_slot
.swstall delay_slot
         142    0x00 0x00                                                                        NOPX
.return_address
.no_stack_arguments
         144    0x00 0x0e 0x70 0x00 0x01 0x04                                                                                                                                              JL #7392
.delay_slot
         150    0x18 0x60 0x00 0xb8                                                                                                                                                                                      MOV p0, #0
.delay_slot
.swstall delay_slot
         154    0x00 0x00                                                                        NOPX
.delay_slot
.swstall delay_slot
         156    0x00 0x00                                                                        NOPX
.delay_slot
.swstall delay_slot
         158    0x00 0x00                                                                        NOPX
.delay_slot
.swstall delay_slot
         160    0x00 0x2c 0xf0 0x00 0x20 0x01 0x5b 0x00 0x00 0x00 0x01 0xa5 0x78 0x00 0x00 0xe1  NOPA;                         NOPB;                         NOPS;                         NOPX;                         NOPM;                                   NOPV
.return_address
.swstall chess_separator_scheduler
         176    0x00 0x00                                                                        NOPX
.swstall chess_separator_scheduler
         178    0x00 0x00                                                                        NOPX
.swstall chess_separator_scheduler
         180    0x00 0x00                                                                        NOPX
.swstall chess_separator_scheduler
         182    0x00 0x00                                                                        NOPX
.swstall chess_separator_scheduler
         184    0x00 0x00                                                                        NOPX
.swstall chess_separator_scheduler
         186    0x00 0x00                                                                        NOPX
         188    0x10 0x08 0x00 0x18                                                                                                                                                        DONE
.swstall chess_separator_scheduler
         192    0x00 0x00                                                                        NOPX
.swstall chess_separator_scheduler
         194    0x00 0x00                                                                        NOPX
.swstall chess_separator_scheduler
         196    0x00 0x00                                                                        NOPX
.swstall chess_separator_scheduler
         198    0x00 0x00                                                                        NOPX
.swstall chess_separator_scheduler
         200    0x00 0x00                                                                        NOPX
.swstall chess_separator_scheduler
         202    0x00 0x00                                                                        NOPX
.swstall for_chess_exit
.exit
         204    0x00 0x01 0x67 0x98                                                              NOPA
.label TGT_F_main_init_208
.loop_nesting 1
         208    0x00 0x00 0x68 0x00 0x00 0x84                                                                                                                                              J #208
.delay_slot
.swstall delay_slot
         214    0x00 0x00                                                                        NOPX
.delay_slot
.swstall delay_slot
         216    0x00 0x00                                                                        NOPX
.delay_slot
.swstall delay_slot
         218    0x00 0x00                                                                        NOPX
.delay_slot
.swstall delay_slot
         220    0x00 0x00                                                                        NOPX
.delay_slot
.swstall delay_slot
         222    0x00 0x00                                                                        NOPX
.label _main_init__end
.label core_4_5
.function_start
         224    0x13 0x91 0x60 0x00 0x02 0x00 0x00 0x00 0x71 0x3a                                                                                            MOVS p0, p7;                  PADDXM [sp], #64
         234    0xff 0xa6 0xb0 0x00 0xb0 0x08 0x0a 0xd0 0x79 0x3a                                                                                            ST r9, [sp, #-4];             MOVX r11, #0;                 MOV r0, r11
         244    0xfa 0x2e 0xb0 0x00 0x8b 0xd0 0x70 0x02                                                                                                      ST r11, [sp, #-48];                                         MOV r4, r15
         252    0xff 0x22 0xb0 0x00 0x6b 0x90 0x70 0x02                                                                                                      ST r8, [sp, #-8];                                           MOV r3, r14
         260    0xfe 0x92 0xb0 0x00 0x4b 0x50 0x70 0x02                                                                                                      ST r4, [sp, #-12];                                          MOV r2, r13
         268    0xfe 0x0e 0xb0 0x00 0x2b 0x10 0x70 0x02                                                                                                      ST r3, [sp, #-16];                                          MOV r1, r12
         276    0xfd 0x0a 0xb0 0x00 0x01 0xc3 0xb6 0x80 0x11 0x3a                                                                                            ST r2, [sp, #-24];            MOVXM p7, #462080
         286    0x0f 0xe0 0x35 0x98                                                                                                                          ST r1, [sp, #-32]
         290    0x0f 0xdc 0x15 0x98                                                                                                                          ST r0, [sp, #-36]
         294    0x0f 0xd9 0x55 0x98                                                                                                                          ST r10, [sp, #-40]
         298    0x0f 0xec 0x1d 0x98                                                                                                                          ST p0, [sp, #-20]
         302    0x0f 0xe7 0x1d 0x98                                                                                                                          ST p6, [sp, #-28]
         306    0x00 0x2c 0xff 0xa8 0x7b 0x00 0x00 0x40 0x1a 0x57 0x00 0x00 0x1c 0x2e            NOPA;                                                       ST lr, [sp, #-44];                                          NOPM;                                   NOPV
.label TGT_Fcore_4_5_96
.loop_nesting 1
.no_stack_arguments
         320    0x06 0x80 0x00 0x00 0x02 0xf8 0x00 0x00 0x40 0xba                                MOVA r0, #52;                                                                             JL #6080
.delay_slot
         330    0x17 0xc2 0xfd 0x18                                                                                                                                                        MOVX r1, #-1
.delay_slot
.swstall delay_slot
         334    0x00 0x00                                                                        NOPX
.delay_slot
.swstall delay_slot
         336    0x00 0x00                                                                        NOPX
.delay_slot
.swstall delay_slot
         338    0x00 0x00                                                                        NOPX
.delay_slot
.swstall delay_slot
         340    0x00 0x2c 0xf0 0x00 0x20 0x00 0x00 0x00 0x00 0xad 0x81 0x36                      NOPA;                         NOPB;                         NOPS;                         NOPX
.return_address
.no_stack_arguments
         352    0x00 0x0d 0xc0 0x00 0x01 0x04                                                                                                                                              JL #7040
.delay_slot
         358    0x00 0x07 0x0c 0xda 0x00 0x44                                                                                                                                              MOVXM p6, #462080
.delay_slot
         364    0x18 0x6e 0xc0 0xf8                                                                                                                                                                                      MOV p0, p7
.delay_slot
.swstall delay_slot
         368    0x00 0x00                                                                        NOPX
.delay_slot
.swstall delay_slot
         370    0x00 0x00                                                                        NOPX
.delay_slot
.swstall delay_slot
         372    0x00 0x2c 0xf0 0x00 0x20 0x00 0x00 0x00 0x00 0xad 0x81 0x36                      NOPA;                         NOPB;                         NOPS;                         NOPX
.return_address
         384    0x00 0x2c 0xf0 0x00 0x20 0x01 0x5b 0x00 0xa1 0x28 0x01 0xa5 0x78 0x00 0x00 0xe1  NOPA;                         NOPB;                         NOPS;                         MOVX r10, #9;                 NOPM;                                   NOPV
.label TGT_Fcore_4_5_176
.loop_nesting 2
.no_stack_arguments
         400    0xff 0xe1 0x00 0x00 0x02 0xf8 0x00 0x00 0x40 0xba                                MOVA r1, #-1;                                                                             JL #6080
.delay_slot
         410    0x10 0x00 0xcd 0x18                                                                                                                                                        MOVX r0, #51
.delay_slot
.swstall delay_slot
         414    0x00 0x00                                                                        NOPX
.delay_slot
.swstall delay_slot
         416    0x00 0x00                                                                        NOPX
.delay_slot
.swstall delay_slot
         418    0x00 0x00                                                                        NOPX
.delay_slot
.swstall delay_slot
         420    0x00 0x2c 0xf0 0x00 0x20 0x00 0x00 0x00 0x00 0xad 0x81 0x36                      NOPA;                         NOPB;                         NOPS;                         NOPX
.return_address
.no_stack_arguments
         432    0x06 0x20 0x00 0x00 0x02 0xf8 0x00 0x00 0x40 0xba                                MOVA r0, #49;                                                                             JL #6080
.delay_slot
         442    0x17 0xc2 0xfd 0x18                                                                                                                                                        MOVX r1, #-1
.delay_slot
.swstall delay_slot
         446    0x00 0x00                                                                        NOPX
.delay_slot
.swstall delay_slot
         448    0x00 0x00                                                                        NOPX
.delay_slot
.swstall delay_slot
         450    0x00 0x00                                                                        NOPX
.delay_slot
.swstall delay_slot
         452    0x00 0x2c 0xf0 0x00 0x20 0x00 0x00 0x00 0x00 0xad 0x81 0x36                      NOPA;                         NOPB;                         NOPS;                         NOPX
.return_address
.no_stack_arguments
         464    0x00 0x0c 0x00 0x00 0x01 0x04                                                                                                                                              JL #6144
.delay_slot
         470    0x00 0x07 0xc0 0xd4 0x00 0x44                                                                                                                                              MOVXM p0, #510464
.delay_slot
         476    0x00 0x07 0x52 0xdc 0x00 0x44                                                                                                                                              MOVXM p1, #482816
.delay_slot
         482    0xd0 0x91 0x60 0x01 0x36 0x60 0x70 0x02                                                                                                      MOVS p6, p1;                                                MOV p2, p6
.delay_slot
         490    0x1f 0x64 0xc0 0xf8                                                                                                                                                                                      MOV p7, p2
.delay_slot
.swstall delay_slot
         494    0x00 0x00                                                                        NOPX
.return_address
.no_stack_arguments
         496    0x06 0x00 0x00 0x00 0x02 0xfc 0x00 0x00 0x40 0xba                                MOVA r0, #48;                                                                             JL #6112
.delay_slot
         506    0x10 0x02 0x05 0x18                                                                                                                                                        MOVX r1, #1
.delay_slot
.swstall delay_slot
         510    0x00 0x00                                                                        NOPX
.delay_slot
.swstall delay_slot
         512    0x00 0x00                                                                        NOPX
.delay_slot
.swstall delay_slot
         514    0x00 0x00                                                                        NOPX
.delay_slot
.swstall delay_slot
         516    0x00 0x2c 0xf0 0x00 0x20 0x00 0x00 0x00 0x00 0xad 0x81 0x36                      NOPA;                         NOPB;                         NOPS;                         NOPX
.return_address
.no_stack_arguments
         528    0x06 0x20 0x00 0x00 0x02 0xf8 0x00 0x00 0x40 0xba                                MOVA r0, #49;                                                                             JL #6080
.delay_slot
         538    0x17 0xc2 0xfd 0x18                                                                                                                                                        MOVX r1, #-1
.delay_slot
.swstall delay_slot
         542    0x00 0x00                                                                        NOPX
.delay_slot
.swstall delay_slot
         544    0x00 0x00                                                                        NOPX
.delay_slot
.swstall delay_slot
         546    0x00 0x00                                                                        NOPX
.delay_slot
.swstall delay_slot
         548    0x00 0x2c 0xf0 0x00 0x20 0x00 0x00 0x00 0x00 0xad 0x81 0x36                      NOPA;                         NOPB;                         NOPS;                         NOPX
.return_address
.no_stack_arguments
         560    0x33 0x11 0x60 0x00 0x03 0x00 0x00 0x00 0x41 0x3a                                                                                            MOVS p1, p6;                  JL #6144
.delay_slot
         570    0x1a 0x6e 0xc0 0xf8                                                                                                                                                                                      MOV p2, p7
.delay_slot
         574    0x00 0x07 0xd0 0xd8 0x00 0x44                                                                                                                                              MOVXM p0, #515072
.delay_slot
.swstall delay_slot
         580    0x00 0x00                                                                        NOPX
.delay_slot
.swstall delay_slot
         582    0x00 0x00                                                                        NOPX
.delay_slot
.swstall delay_slot
         584    0x00 0x2c 0xf0 0x04 0x00 0x00 0x1c 0x22                                          NOPA;                                                                                                                                                           NOPV
.return_address
.no_stack_arguments
         592    0x06 0x00 0x00 0x00 0x02 0xfc 0x00 0x00 0x40 0xba                                MOVA r0, #48;                                                                             JL #6112
.delay_slot
         602    0x10 0x02 0x05 0x18                                                                                                                                                        MOVX r1, #1
.delay_slot
.swstall delay_slot
         606    0x00 0x00                                                                        NOPX
.delay_slot
.swstall delay_slot
         608    0x00 0x00                                                                        NOPX
.delay_slot
.swstall delay_slot
         610    0x00 0x00                                                                        NOPX
.delay_slot
.swstall delay_slot
         612    0x00 0x2c 0xf0 0x00 0x20 0x00 0x00 0x00 0x00 0xad 0x81 0x36                      NOPA;                         NOPB;                         NOPS;                         NOPX
.return_address
.no_stack_arguments
         624    0x06 0x20 0x00 0x00 0x02 0xf8 0x00 0x00 0x40 0xba                                MOVA r0, #49;                                                                             JL #6080
.delay_slot
         634    0x17 0xc2 0xfd 0x18                                                                                                                                                        MOVX r1, #-1
.delay_slot
.swstall delay_slot
         638    0x00 0x00                                                                        NOPX
.delay_slot
.swstall delay_slot
         640    0x00 0x00                                                                        NOPX
.delay_slot
.swstall delay_slot
         642    0x00 0x00                                                                        NOPX
.delay_slot
.swstall delay_slot
         644    0x00 0x2c 0xf0 0x00 0x20 0x00 0x00 0x00 0x00 0xad 0x81 0x36                      NOPA;                         NOPB;                         NOPS;                         NOPX
.return_address
.no_stack_arguments
         656    0x33 0x11 0x60 0x00 0x03 0x00 0x00 0x00 0x41 0x3a                                                                                            MOVS p1, p6;                  JL #6144
.delay_slot
         666    0x1a 0x6e 0xc0 0xf8                                                                                                                                                                                      MOV p2, p7
.delay_slot
         670    0x00 0x07 0xc0 0xd4 0x00 0x44                                                                                                                                              MOVXM p0, #510464
.delay_slot
.swstall delay_slot
         676    0x00 0x00                                                                        NOPX
.delay_slot
.swstall delay_slot
         678    0x00 0x00                                                                        NOPX
.delay_slot
.swstall delay_slot
         680    0x00 0x2c 0xf0 0x04 0x00 0x00 0x1c 0x22                                          NOPA;                                                                                                                                                           NOPV
.return_address
.no_stack_arguments
         688    0x06 0x00 0x00 0x00 0x02 0xfc 0x00 0x00 0x40 0xba                                MOVA r0, #48;                                                                             JL #6112
.delay_slot
         698    0x10 0x02 0x05 0x18                                                                                                                                                        MOVX r1, #1
.delay_slot
.swstall delay_slot
         702    0x00 0x00                                                                        NOPX
.delay_slot
.swstall delay_slot
         704    0x00 0x00                                                                        NOPX
.delay_slot
.swstall delay_slot
         706    0x00 0x00                                                                        NOPX
.delay_slot
.swstall delay_slot
         708    0x00 0x2c 0xf0 0x00 0x20 0x00 0x00 0x00 0x00 0xad 0x81 0x36                      NOPA;                         NOPB;                         NOPS;                         NOPX
.return_address
.no_stack_arguments
         720    0x06 0x20 0x00 0x00 0x02 0xf8 0x00 0x00 0x40 0xba                                MOVA r0, #49;                                                                             JL #6080
.delay_slot
         730    0x17 0xc2 0xfd 0x18                                                                                                                                                        MOVX r1, #-1
.delay_slot
.swstall delay_slot
         734    0x00 0x00                                                                        NOPX
.delay_slot
.swstall delay_slot
         736    0x00 0x00                                                                        NOPX
.delay_slot
.swstall delay_slot
         738    0x00 0x00                                                                        NOPX
.delay_slot
.swstall delay_slot
         740    0x00 0x2c 0xf0 0x00 0x20 0x00 0x00 0x00 0x00 0xad 0x81 0x36                      NOPA;                         NOPB;                         NOPS;                         NOPX
.return_address
.no_stack_arguments
         752    0x33 0x11 0x60 0x00 0x03 0x00 0x00 0x00 0x41 0x3a                                                                                            MOVS p1, p6;                  JL #6144
.delay_slot
         762    0x1a 0x6e 0xc0 0xf8                                                                                                                                                                                      MOV p2, p7
.delay_slot
         766    0x00 0x07 0xd0 0xd8 0x00 0x44                                                                                                                                              MOVXM p0, #515072
.delay_slot
.swstall delay_slot
         772    0x00 0x00                                                                        NOPX
.delay_slot
.swstall delay_slot
         774    0x00 0x00                                                                        NOPX
.delay_slot
.swstall delay_slot
         776    0x00 0x2c 0xf0 0x04 0x00 0x00 0x1c 0x22                                          NOPA;                                                                                                                                                           NOPV
.return_address
.no_stack_arguments
         784    0x06 0x00 0x00 0x00 0x02 0xfc 0x00 0x00 0x40 0xba                                MOVA r0, #48;                                                                             JL #6112
.delay_slot
         794    0x10 0x02 0x05 0x18                                                                                                                                                        MOVX r1, #1
.delay_slot
.swstall delay_slot
         798    0x00 0x00                                                                        NOPX
.delay_slot
.swstall delay_slot
         800    0x00 0x00                                                                        NOPX
.delay_slot
.swstall delay_slot
         802    0x00 0x00                                                                        NOPX
.delay_slot
.swstall delay_slot
         804    0x00 0x2c 0xf0 0x00 0x20 0x00 0x00 0x00 0x00 0xad 0x81 0x36                      NOPA;                         NOPB;                         NOPS;                         NOPX
.return_address
.no_stack_arguments
         816    0x06 0x20 0x00 0x00 0x02 0xf8 0x00 0x00 0x40 0xba                                MOVA r0, #49;                                                                             JL #6080
.delay_slot
         826    0x17 0xc2 0xfd 0x18                                                                                                                                                        MOVX r1, #-1
.delay_slot
.swstall delay_slot
         830    0x00 0x00                                                                        NOPX
.delay_slot
.swstall delay_slot
         832    0x00 0x00                                                                        NOPX
.delay_slot
.swstall delay_slot
         834    0x00 0x00                                                                        NOPX
.delay_slot
.swstall delay_slot
         836    0x00 0x2c 0xf0 0x00 0x20 0x00 0x00 0x00 0x00 0xad 0x81 0x36                      NOPA;                         NOPB;                         NOPS;                         NOPX
.return_address
.no_stack_arguments
         848    0x33 0x11 0x60 0x00 0x03 0x00 0x00 0x00 0x41 0x3a                                                                                            MOVS p1, p6;                  JL #6144
.delay_slot
         858    0x1a 0x6e 0xc0 0xf8                                                                                                                                                                                      MOV p2, p7
.delay_slot
         862    0x00 0x07 0xc0 0xd4 0x00 0x44                                                                                                                                              MOVXM p0, #510464
.delay_slot
.swstall delay_slot
         868    0x00 0x00                                                                        NOPX
.delay_slot
.swstall delay_slot
         870    0x00 0x00                                                                        NOPX
.delay_slot
.swstall delay_slot
         872    0x00 0x2c 0xf0 0x04 0x00 0x00 0x1c 0x22                                          NOPA;                                                                                                                                                           NOPV
.return_address
.no_stack_arguments
         880    0x06 0x00 0x00 0x00 0x02 0xfc 0x00 0x00 0x40 0xba                                MOVA r0, #48;                                                                             JL #6112
.delay_slot
         890    0x10 0x02 0x05 0x18                                                                                                                                                        MOVX r1, #1
.delay_slot
.swstall delay_slot
         894    0x00 0x00                                                                        NOPX
.delay_slot
.swstall delay_slot
         896    0x00 0x00                                                                        NOPX
.delay_slot
.swstall delay_slot
         898    0x00 0x00                                                                        NOPX
.delay_slot
.swstall delay_slot
         900    0x00 0x2c 0xf0 0x00 0x20 0x00 0x00 0x00 0x00 0xad 0x81 0x36                      NOPA;                         NOPB;                         NOPS;                         NOPX
.return_address
.no_stack_arguments
         912    0x06 0x20 0x00 0x00 0x02 0xf8 0x00 0x00 0x40 0xba                                MOVA r0, #49;                                                                             JL #6080
.delay_slot
         922    0x17 0xc2 0xfd 0x18                                                                                                                                                        MOVX r1, #-1
.delay_slot
.swstall delay_slot
         926    0x00 0x00                                                                        NOPX
.delay_slot
.swstall delay_slot
         928    0x00 0x00                                                                        NOPX
.delay_slot
.swstall delay_slot
         930    0x00 0x00                                                                        NOPX
.delay_slot
.swstall delay_slot
         932    0x00 0x2c 0xf0 0x00 0x20 0x00 0x00 0x00 0x00 0xad 0x81 0x36                      NOPA;                         NOPB;                         NOPS;                         NOPX
.return_address
.no_stack_arguments
         944    0x53 0x91 0x60 0x00 0x03 0x00 0x00 0x00 0x41 0x3a                                                                                            MOVS p2, p7;                  JL #6144
.delay_slot
         954    0x33 0x11 0x60 0x00 0x01 0xf4 0x36 0x00 0x11 0x3a                                                                                            MOVS p1, p6;                  MOVXM p0, #515072
.delay_slot
         964    0x1e 0x64 0xc0 0xf8                                                                                                                                                                                      MOV p6, p2
.delay_slot
.swstall delay_slot
         968    0x00 0x00                                                                        NOPX
.delay_slot
.swstall delay_slot
         970    0x00 0x00                                                                        NOPX
.delay_slot
.swstall delay_slot
         972    0x00 0x01 0x67 0x98                                                              NOPA
.return_address
.no_stack_arguments
         976    0x06 0x00 0x00 0x00 0x02 0xfc 0x00 0x00 0x40 0xba                                MOVA r0, #48;                                                                             JL #6112
.delay_slot
         986    0x10 0x02 0x05 0x18                                                                                                                                                        MOVX r1, #1
.delay_slot
.swstall delay_slot
         990    0x00 0x00                                                                        NOPX
.delay_slot
.swstall delay_slot
         992    0x00 0x00                                                                        NOPX
.delay_slot
.swstall delay_slot
         994    0x00 0x00                                                                        NOPX
.delay_slot
.swstall delay_slot
         996    0x00 0x2c 0xf0 0x00 0x20 0x00 0x00 0x00 0x00 0xad 0x81 0x36                      NOPA;                         NOPB;                         NOPS;                         NOPX
.return_address
.no_stack_arguments
        1008    0x00 0x21 0x00 0x00 0x02 0xfc 0x00 0x00 0x40 0xba                                MOVA r1, #1;                                                                              JL #6112
.delay_slot
        1018    0x10 0x00 0xc9 0x18                                                                                                                                                        MOVX r0, #50
.delay_slot
.swstall delay_slot
        1022    0x00 0x00                                                                        NOPX
.delay_slot
.swstall delay_slot
        1024    0x00 0x00                                                                        NOPX
.delay_slot
.swstall delay_slot
        1026    0x00 0x00                                                                        NOPX
.delay_slot
.swstall delay_slot
        1028    0x00 0x2c 0xf0 0x00 0x20 0x00 0x00 0x00 0x00 0xad 0x81 0x36                      NOPA;                         NOPB;                         NOPS;                         NOPX
.return_address
.no_stack_arguments
        1040    0xff 0xe1 0x00 0x00 0x02 0xf8 0x00 0x00 0x40 0xba                                MOVA r1, #-1;                                                                             JL #6080
.delay_slot
        1050    0x10 0x00 0xcd 0x18                                                                                                                                                        MOVX r0, #51
.delay_slot
.swstall delay_slot
        1054    0x00 0x00                                                                        NOPX
.delay_slot
.swstall delay_slot
        1056    0x00 0x00                                                                        NOPX
.delay_slot
.swstall delay_slot
        1058    0x00 0x00                                                                        NOPX
.delay_slot
.swstall delay_slot
        1060    0x00 0x2c 0xf0 0x00 0x20 0x00 0x00 0x00 0x00 0xad 0x81 0x36                      NOPA;                         NOPB;                         NOPS;                         NOPX
.return_address
.no_stack_arguments
        1072    0x06 0x20 0x00 0x00 0x02 0xf8 0x00 0x00 0x40 0xba                                MOVA r0, #49;                                                                             JL #6080
.delay_slot
        1082    0x17 0xc2 0xfd 0x18                                                                                                                                                        MOVX r1, #-1
.delay_slot
.swstall delay_slot
        1086    0x00 0x00                                                                        NOPX
.delay_slot
.swstall delay_slot
        1088    0x00 0x00                                                                        NOPX
.delay_slot
.swstall delay_slot
        1090    0x00 0x00                                                                        NOPX
.delay_slot
.swstall delay_slot
        1092    0x00 0x2c 0xf0 0x00 0x20 0x00 0x00 0x00 0x00 0xad 0x81 0x36                      NOPA;                         NOPB;                         NOPS;                         NOPX
.return_address
.no_stack_arguments
        1104    0x00 0x0c 0x00 0x00 0x01 0x04                                                                                                                                              JL #6144
.delay_slot
        1110    0x00 0x07 0xc0 0xd4 0x00 0x44                                                                                                                                              MOVXM p0, #510464
.delay_slot
        1116    0x00 0x07 0x92 0xc8 0x00 0x44                                                                                                                                              MOVXM p1, #496640
.delay_slot
        1122    0x1a 0x6c 0xc0 0xf8                                                                                                                                                                                      MOV p2, p6
.delay_slot
.swstall delay_slot
        1126    0x00 0x00                                                                        NOPX
.delay_slot
.swstall delay_slot
        1128    0x00 0x2c 0xf0 0x04 0x00 0x00 0x1c 0x22                                          NOPA;                                                                                                                                                           NOPV
.return_address
.no_stack_arguments
        1136    0x06 0x00 0x00 0x00 0x02 0xfc 0x00 0x00 0x40 0xba                                MOVA r0, #48;                                                                             JL #6112
.delay_slot
        1146    0x10 0x02 0x05 0x18                                                                                                                                                        MOVX r1, #1
.delay_slot
.swstall delay_slot
        1150    0x00 0x00                                                                        NOPX
.delay_slot
.swstall delay_slot
        1152    0x00 0x00                                                                        NOPX
.delay_slot
.swstall delay_slot
        1154    0x00 0x00                                                                        NOPX
.delay_slot
.swstall delay_slot
        1156    0x00 0x2c 0xf0 0x00 0x20 0x00 0x00 0x00 0x00 0xad 0x81 0x36                      NOPA;                         NOPB;                         NOPS;                         NOPX
.return_address
.no_stack_arguments
        1168    0x06 0x20 0x00 0x00 0x02 0xf8 0x00 0x00 0x40 0xba                                MOVA r0, #49;                                                                             JL #6080
.delay_slot
        1178    0x17 0xc2 0xfd 0x18                                                                                                                                                        MOVX r1, #-1
.delay_slot
.swstall delay_slot
        1182    0x00 0x00                                                                        NOPX
.delay_slot
.swstall delay_slot
        1184    0x00 0x00                                                                        NOPX
.delay_slot
.swstall delay_slot
        1186    0x00 0x00                                                                        NOPX
.delay_slot
.swstall delay_slot
        1188    0x00 0x2c 0xf0 0x00 0x20 0x00 0x00 0x00 0x00 0xad 0x81 0x36                      NOPA;                         NOPB;                         NOPS;                         NOPX
.return_address
.no_stack_arguments
        1200    0x00 0x0c 0x00 0x00 0x01 0x04                                                                                                                                              JL #6144
.delay_slot
        1206    0x00 0x07 0xd0 0xd8 0x00 0x44                                                                                                                                              MOVXM p0, #515072
.delay_slot
        1212    0x00 0x07 0x92 0xc8 0x00 0x44                                                                                                                                              MOVXM p1, #496640
.delay_slot
        1218    0x1a 0x6c 0xc0 0xf8                                                                                                                                                                                      MOV p2, p6
.delay_slot
.swstall delay_slot
        1222    0x00 0x00                                                                        NOPX
.delay_slot
.swstall delay_slot
        1224    0x00 0x2c 0xf0 0x04 0x00 0x00 0x1c 0x22                                          NOPA;                                                                                                                                                           NOPV
.return_address
.no_stack_arguments
        1232    0x06 0x00 0x00 0x00 0x02 0xfc 0x00 0x00 0x40 0xba                                MOVA r0, #48;                                                                             JL #6112
.delay_slot
        1242    0x10 0x02 0x05 0x18                                                                                                                                                        MOVX r1, #1
.delay_slot
.swstall delay_slot
        1246    0x00 0x00                                                                        NOPX
.delay_slot
.swstall delay_slot
        1248    0x00 0x00                                                                        NOPX
.delay_slot
.swstall delay_slot
        1250    0x00 0x00                                                                        NOPX
.delay_slot
.swstall delay_slot
        1252    0x00 0x2c 0xf0 0x00 0x20 0x00 0x00 0x00 0x00 0xad 0x81 0x36                      NOPA;                         NOPB;                         NOPS;                         NOPX
.return_address
.no_stack_arguments
        1264    0x06 0x20 0x00 0x00 0x02 0xf8 0x00 0x00 0x40 0xba                                MOVA r0, #49;                                                                             JL #6080
.delay_slot
        1274    0x17 0xc2 0xfd 0x18                                                                                                                                                        MOVX r1, #-1
.delay_slot
.swstall delay_slot
        1278    0x00 0x00                                                                        NOPX
.delay_slot
.swstall delay_slot
        1280    0x00 0x00                                                                        NOPX
.delay_slot
.swstall delay_slot
        1282    0x00 0x00                                                                        NOPX
.delay_slot
.swstall delay_slot
        1284    0x00 0x2c 0xf0 0x00 0x20 0x00 0x00 0x00 0x00 0xad 0x81 0x36                      NOPA;                         NOPB;                         NOPS;                         NOPX
.return_address
.no_stack_arguments
        1296    0x00 0x0c 0x00 0x00 0x01 0x04                                                                                                                                              JL #6144
.delay_slot
        1302    0x00 0x07 0xc0 0xd4 0x00 0x44                                                                                                                                              MOVXM p0, #510464
.delay_slot
        1308    0x00 0x07 0x92 0xc8 0x00 0x44                                                                                                                                              MOVXM p1, #496640
.delay_slot
        1314    0x1a 0x6c 0xc0 0xf8                                                                                                                                                                                      MOV p2, p6
.delay_slot
.swstall delay_slot
        1318    0x00 0x00                                                                        NOPX
.delay_slot
.swstall delay_slot
        1320    0x00 0x2c 0xf0 0x04 0x00 0x00 0x1c 0x22                                          NOPA;                                                                                                                                                           NOPV
.return_address
.no_stack_arguments
        1328    0x06 0x00 0x00 0x00 0x02 0xfc 0x00 0x00 0x40 0xba                                MOVA r0, #48;                                                                             JL #6112
.delay_slot
        1338    0x10 0x02 0x05 0x18                                                                                                                                                        MOVX r1, #1
.delay_slot
.swstall delay_slot
        1342    0x00 0x00                                                                        NOPX
.delay_slot
.swstall delay_slot
        1344    0x00 0x00                                                                        NOPX
.delay_slot
.swstall delay_slot
        1346    0x00 0x00                                                                        NOPX
.delay_slot
.swstall delay_slot
        1348    0x00 0x2c 0xf0 0x00 0x20 0x00 0x00 0x00 0x00 0xad 0x81 0x36                      NOPA;                         NOPB;                         NOPS;                         NOPX
.return_address
.no_stack_arguments
        1360    0x06 0x20 0x00 0x00 0x02 0xf8 0x00 0x00 0x40 0xba                                MOVA r0, #49;                                                                             JL #6080
.delay_slot
        1370    0x17 0xc2 0xfd 0x18                                                                                                                                                        MOVX r1, #-1
.delay_slot
.swstall delay_slot
        1374    0x00 0x00                                                                        NOPX
.delay_slot
.swstall delay_slot
        1376    0x00 0x00                                                                        NOPX
.delay_slot
.swstall delay_slot
        1378    0x00 0x00                                                                        NOPX
.delay_slot
.swstall delay_slot
        1380    0x00 0x2c 0xf0 0x00 0x20 0x00 0x00 0x00 0x00 0xad 0x81 0x36                      NOPA;                         NOPB;                         NOPS;                         NOPX
.return_address
.no_stack_arguments
        1392    0x00 0x0c 0x00 0x00 0x01 0x04                                                                                                                                              JL #6144
.delay_slot
        1398    0x00 0x07 0xd0 0xd8 0x00 0x44                                                                                                                                              MOVXM p0, #515072
.delay_slot
        1404    0x00 0x07 0x92 0xc8 0x00 0x44                                                                                                                                              MOVXM p1, #496640
.delay_slot
        1410    0x1a 0x6c 0xc0 0xf8                                                                                                                                                                                      MOV p2, p6
.delay_slot
.swstall delay_slot
        1414    0x00 0x00                                                                        NOPX
.delay_slot
.swstall delay_slot
        1416    0x00 0x2c 0xf0 0x04 0x00 0x00 0x1c 0x22                                          NOPA;                                                                                                                                                           NOPV
.return_address
.no_stack_arguments
        1424    0x06 0x00 0x00 0x00 0x02 0xfc 0x00 0x00 0x40 0xba                                MOVA r0, #48;                                                                             JL #6112
.delay_slot
        1434    0x10 0x02 0x05 0x18                                                                                                                                                        MOVX r1, #1
.delay_slot
.swstall delay_slot
        1438    0x00 0x00                                                                        NOPX
.delay_slot
.swstall delay_slot
        1440    0x00 0x00                                                                        NOPX
.delay_slot
.swstall delay_slot
        1442    0x00 0x00                                                                        NOPX
.delay_slot
.swstall delay_slot
        1444    0x00 0x2c 0xf0 0x00 0x20 0x00 0x00 0x00 0x00 0xad 0x81 0x36                      NOPA;                         NOPB;                         NOPS;                         NOPX
.return_address
.no_stack_arguments
        1456    0x06 0x20 0x00 0x00 0x02 0xf8 0x00 0x00 0x40 0xba                                MOVA r0, #49;                                                                             JL #6080
.delay_slot
        1466    0x17 0xc2 0xfd 0x18                                                                                                                                                        MOVX r1, #-1
.delay_slot
.swstall delay_slot
        1470    0x00 0x00                                                                        NOPX
.delay_slot
.swstall delay_slot
        1472    0x00 0x00                                                                        NOPX
.delay_slot
.swstall delay_slot
        1474    0x00 0x00                                                                        NOPX
.delay_slot
.swstall delay_slot
        1476    0x00 0x2c 0xf0 0x00 0x20 0x00 0x00 0x00 0x00 0xad 0x81 0x36                      NOPA;                         NOPB;                         NOPS;                         NOPX
.return_address
.no_stack_arguments
        1488    0x00 0x0c 0x00 0x00 0x01 0x04                                                                                                                                              JL #6144
.delay_slot
        1494    0x00 0x07 0xc0 0xd4 0x00 0x44                                                                                                                                              MOVXM p0, #510464
.delay_slot
        1500    0x00 0x07 0x92 0xc8 0x00 0x44                                                                                                                                              MOVXM p1, #496640
.delay_slot
        1506    0x1a 0x6c 0xc0 0xf8                                                                                                                                                                                      MOV p2, p6
.delay_slot
.swstall delay_slot
        1510    0x00 0x00                                                                        NOPX
.delay_slot
.swstall delay_slot
        1512    0x00 0x2c 0xf0 0x04 0x00 0x00 0x1c 0x22                                          NOPA;                                                                                                                                                           NOPV
.return_address
.no_stack_arguments
        1520    0x06 0x00 0x00 0x00 0x02 0xfc 0x00 0x00 0x40 0xba                                MOVA r0, #48;                                                                             JL #6112
.delay_slot
        1530    0x10 0x02 0x05 0x18                                                                                                                                                        MOVX r1, #1
.delay_slot
.swstall delay_slot
        1534    0x00 0x00                                                                        NOPX
.delay_slot
.swstall delay_slot
        1536    0x00 0x00                                                                        NOPX
.delay_slot
.swstall delay_slot
        1538    0x00 0x00                                                                        NOPX
.delay_slot
.swstall delay_slot
        1540    0x00 0x2c 0xf0 0x00 0x20 0x00 0x00 0x00 0x00 0xad 0x81 0x36                      NOPA;                         NOPB;                         NOPS;                         NOPX
.return_address
.no_stack_arguments
        1552    0x00 0x0b 0xe0 0x00 0x01 0x04                                                                                                                                              JL #6080
.delay_slot
        1558    0x06 0x20 0x00 0x00 0x00 0x03 0xb0 0xc8 0x10 0xba                                MOVA r0, #49;                                                                             MOVXM p7, #400
.delay_slot
        1568    0x17 0xc2 0xfd 0x18                                                                                                                                                        MOVX r1, #-1
.delay_slot
.swstall delay_slot
        1572    0x00 0x00                                                                        NOPX
.delay_slot
.swstall delay_slot
        1574    0x00 0x00                                                                        NOPX
.delay_slot
.swstall delay_slot
        1576    0x00 0x2c 0xf0 0x04 0x00 0x00 0x1c 0x22                                          NOPA;                                                                                                                                                           NOPV
.return_address
.no_stack_arguments
        1584    0x00 0x0c 0x00 0x00 0x01 0x04                                                                                                                                              JL #6144
.delay_slot
        1590    0x00 0x07 0xd0 0xd8 0x00 0x44                                                                                                                                              MOVXM p0, #515072
.delay_slot
        1596    0x00 0x07 0x92 0xc8 0x00 0x44                                                                                                                                              MOVXM p1, #496640
.delay_slot
        1602    0x1a 0x6c 0xc0 0xf8                                                                                                                                                                                      MOV p2, p6
.delay_slot
.swstall delay_slot
        1606    0x00 0x00                                                                        NOPX
.delay_slot
.swstall delay_slot
        1608    0x00 0x2c 0xf0 0x04 0x00 0x00 0x1c 0x22                                          NOPA;                                                                                                                                                           NOPV
.return_address
.no_stack_arguments
        1616    0x06 0x00 0x00 0x00 0x02 0xfc 0x00 0x00 0x40 0xba                                MOVA r0, #48;                                                                             JL #6112
.delay_slot
        1626    0x10 0x02 0x05 0x18                                                                                                                                                        MOVX r1, #1
.delay_slot
.swstall delay_slot
        1630    0x00 0x00                                                                        NOPX
.delay_slot
.swstall delay_slot
        1632    0x00 0x00                                                                        NOPX
.delay_slot
.swstall delay_slot
        1634    0x00 0x00                                                                        NOPX
.delay_slot
.swstall delay_slot
        1636    0x00 0x2c 0xf0 0x00 0x20 0x00 0x00 0x00 0x00 0xad 0x81 0x36                      NOPA;                         NOPB;                         NOPS;                         NOPX
.return_address
.no_stack_arguments
        1648    0x00 0x21 0x00 0x00 0x02 0xfc 0x00 0x00 0x40 0xba                                MOVA r1, #1;                                                                              JL #6112
.delay_slot
        1658    0x10 0x00 0xc9 0x18                                                                                                                                                        MOVX r0, #50
.delay_slot
.swstall delay_slot
        1662    0x00 0x00                                                                        NOPX
.delay_slot
.swstall delay_slot
        1664    0x00 0x00                                                                        NOPX
.delay_slot
.swstall delay_slot
        1666    0x00 0x00                                                                        NOPX
.delay_slot
.swstall delay_slot
        1668    0x00 0x2c 0xf0 0x00 0x20 0x00 0x00 0x00 0x00 0xad 0x81 0x36                      NOPA;                         NOPB;                         NOPS;                         NOPX
.return_address
        1680    0x12 0x95 0xe0 0x18                                                                                                                                                        JNZD r10, r10, p7
.delay_slot
.swstall delay_slot
        1684    0x00 0x00                                                                        NOPX
.delay_slot
.swstall delay_slot
        1686    0x00 0x00                                                                        NOPX
.delay_slot
.swstall delay_slot
        1688    0x00 0x00                                                                        NOPX
.delay_slot
.swstall delay_slot
        1690    0x00 0x00                                                                        NOPX
.delay_slot
.swstall delay_slot
        1692    0x00 0x00                                                                        NOPX
.loop_nesting 1
.no_stack_arguments
        1694    0x06 0xa0 0x00 0x00 0x02 0xfc 0x00 0x00 0x40 0xba                                MOVA r0, #53;                                                                             JL #6112
.delay_slot
        1704    0x10 0x02 0x05 0x18                                                                                                                                                        MOVX r1, #1
.delay_slot
.swstall delay_slot
        1708    0x00 0x00                                                                        NOPX
.delay_slot
.swstall delay_slot
        1710    0x00 0x00                                                                        NOPX
.delay_slot
.swstall delay_slot
        1712    0x00 0x00                                                                        NOPX
.delay_slot
.swstall delay_slot
        1714    0x00 0x2c 0xf0 0x02 0xb6 0x00 0x00 0x40 0x1a 0x57 0x00 0x00 0x1c 0x2e            NOPA;                                                       NOPS;                                                       NOPM;                                   NOPV
.return_address
.no_stack_arguments
        1728    0x06 0x80 0x00 0x00 0x02 0xf8 0x00 0x00 0x40 0xba                                MOVA r0, #52;                                                                             JL #6080
.delay_slot
        1738    0x17 0xc2 0xfd 0x18                                                                                                                                                        MOVX r1, #-1
.delay_slot
.swstall delay_slot
        1742    0x00 0x00                                                                        NOPX
.delay_slot
.swstall delay_slot
        1744    0x00 0x00                                                                        NOPX
.delay_slot
.swstall delay_slot
        1746    0x00 0x00                                                                        NOPX
.delay_slot
.swstall delay_slot
        1748    0x00 0x2c 0xf0 0x00 0x20 0x00 0x00 0x00 0x00 0xad 0x81 0x36                      NOPA;                         NOPB;                         NOPS;                         NOPX
.return_address
.no_stack_arguments
        1760    0x00 0x0d 0xc0 0x00 0x01 0x04                                                                                                                                              JL #7040
.delay_slot
        1766    0x18 0x6c 0xc0 0xf8                                                                                                                                                                                      MOV p0, p6
.delay_slot
.swstall delay_slot
        1770    0x00 0x00                                                                        NOPX
.delay_slot
.swstall delay_slot
        1772    0x00 0x00                                                                        NOPX
.delay_slot
.swstall delay_slot
        1774    0x00 0x00                                                                        NOPX
.delay_slot
.swstall delay_slot
        1776    0x00 0x2c 0xf0 0x00 0x20 0x01 0x5b 0x00 0x00 0x00 0x01 0xa5 0x78 0x00 0x00 0xe1  NOPA;                         NOPB;                         NOPS;                         NOPX;                         NOPM;                                   NOPV
.return_address
        1792    0x00 0x2c 0xf0 0x00 0x20 0x01 0x5b 0x00 0xa1 0x28 0x01 0xa5 0x78 0x00 0x00 0xe1  NOPA;                         NOPB;                         NOPS;                         MOVX r10, #9;                 NOPM;                                   NOPV
.label TGT_Fcore_4_5_1584
.loop_nesting 2
.no_stack_arguments
        1808    0xff 0xe1 0x00 0x00 0x02 0xf8 0x00 0x00 0x40 0xba                                MOVA r1, #-1;                                                                             JL #6080
.delay_slot
        1818    0x10 0x00 0xcd 0x18                                                                                                                                                        MOVX r0, #51
.delay_slot
.swstall delay_slot
        1822    0x00 0x00                                                                        NOPX
.delay_slot
.swstall delay_slot
        1824    0x00 0x00                                                                        NOPX
.delay_slot
.swstall delay_slot
        1826    0x00 0x00                                                                        NOPX
.delay_slot
.swstall delay_slot
        1828    0x00 0x2c 0xf0 0x00 0x20 0x00 0x00 0x00 0x00 0xad 0x81 0x36                      NOPA;                         NOPB;                         NOPS;                         NOPX
.return_address
.no_stack_arguments
        1840    0x06 0x20 0x00 0x00 0x02 0xf8 0x00 0x00 0x40 0xba                                MOVA r0, #49;                                                                             JL #6080
.delay_slot
        1850    0x17 0xc2 0xfd 0x18                                                                                                                                                        MOVX r1, #-1
.delay_slot
.swstall delay_slot
        1854    0x00 0x00                                                                        NOPX
.delay_slot
.swstall delay_slot
        1856    0x00 0x00                                                                        NOPX
.delay_slot
.swstall delay_slot
        1858    0x00 0x00                                                                        NOPX
.delay_slot
.swstall delay_slot
        1860    0x00 0x2c 0xf0 0x00 0x20 0x00 0x00 0x00 0x00 0xad 0x81 0x36                      NOPA;                         NOPB;                         NOPS;                         NOPX
.return_address
.no_stack_arguments
        1872    0x00 0x0c 0x00 0x00 0x01 0x04                                                                                                                                              JL #6144
.delay_slot
        1878    0x00 0x07 0xc0 0xd4 0x00 0x44                                                                                                                                              MOVXM p0, #510464
.delay_slot
        1884    0x00 0x07 0x52 0xdc 0x00 0x44                                                                                                                                              MOVXM p1, #482816
.delay_slot
        1890    0xd0 0x91 0x60 0x01 0x36 0x60 0x70 0x02                                                                                                      MOVS p6, p1;                                                MOV p2, p6
.delay_slot
        1898    0x1f 0x64 0xc0 0xf8                                                                                                                                                                                      MOV p7, p2
.delay_slot
.swstall delay_slot
        1902    0x00 0x00                                                                        NOPX
.return_address
.no_stack_arguments
        1904    0x06 0x00 0x00 0x00 0x02 0xfc 0x00 0x00 0x40 0xba                                MOVA r0, #48;                                                                             JL #6112
.delay_slot
        1914    0x10 0x02 0x05 0x18                                                                                                                                                        MOVX r1, #1
.delay_slot
.swstall delay_slot
        1918    0x00 0x00                                                                        NOPX
.delay_slot
.swstall delay_slot
        1920    0x00 0x00                                                                        NOPX
.delay_slot
.swstall delay_slot
        1922    0x00 0x00                                                                        NOPX
.delay_slot
.swstall delay_slot
        1924    0x00 0x2c 0xf0 0x00 0x20 0x00 0x00 0x00 0x00 0xad 0x81 0x36                      NOPA;                         NOPB;                         NOPS;                         NOPX
.return_address
.no_stack_arguments
        1936    0x06 0x20 0x00 0x00 0x02 0xf8 0x00 0x00 0x40 0xba                                MOVA r0, #49;                                                                             JL #6080
.delay_slot
        1946    0x17 0xc2 0xfd 0x18                                                                                                                                                        MOVX r1, #-1
.delay_slot
.swstall delay_slot
        1950    0x00 0x00                                                                        NOPX
.delay_slot
.swstall delay_slot
        1952    0x00 0x00                                                                        NOPX
.delay_slot
.swstall delay_slot
        1954    0x00 0x00                                                                        NOPX
.delay_slot
.swstall delay_slot
        1956    0x00 0x2c 0xf0 0x00 0x20 0x00 0x00 0x00 0x00 0xad 0x81 0x36                      NOPA;                         NOPB;                         NOPS;                         NOPX
.return_address
.no_stack_arguments
        1968    0x33 0x11 0x60 0x00 0x03 0x00 0x00 0x00 0x41 0x3a                                                                                            MOVS p1, p6;                  JL #6144
.delay_slot
        1978    0x1a 0x6e 0xc0 0xf8                                                                                                                                                                                      MOV p2, p7
.delay_slot
        1982    0x00 0x07 0xd0 0xd8 0x00 0x44                                                                                                                                              MOVXM p0, #515072
.delay_slot
.swstall delay_slot
        1988    0x00 0x00                                                                        NOPX
.delay_slot
.swstall delay_slot
        1990    0x00 0x00                                                                        NOPX
.delay_slot
.swstall delay_slot
        1992    0x00 0x2c 0xf0 0x04 0x00 0x00 0x1c 0x22                                          NOPA;                                                                                                                                                           NOPV
.return_address
.no_stack_arguments
        2000    0x06 0x00 0x00 0x00 0x02 0xfc 0x00 0x00 0x40 0xba                                MOVA r0, #48;                                                                             JL #6112
.delay_slot
        2010    0x10 0x02 0x05 0x18                                                                                                                                                        MOVX r1, #1
.delay_slot
.swstall delay_slot
        2014    0x00 0x00                                                                        NOPX
.delay_slot
.swstall delay_slot
        2016    0x00 0x00                                                                        NOPX
.delay_slot
.swstall delay_slot
        2018    0x00 0x00                                                                        NOPX
.delay_slot
.swstall delay_slot
        2020    0x00 0x2c 0xf0 0x00 0x20 0x00 0x00 0x00 0x00 0xad 0x81 0x36                      NOPA;                         NOPB;                         NOPS;                         NOPX
.return_address
.no_stack_arguments
        2032    0x06 0x20 0x00 0x00 0x02 0xf8 0x00 0x00 0x40 0xba                                MOVA r0, #49;                                                                             JL #6080
.delay_slot
        2042    0x17 0xc2 0xfd 0x18                                                                                                                                                        MOVX r1, #-1
.delay_slot
.swstall delay_slot
        2046    0x00 0x00                                                                        NOPX
.delay_slot
.swstall delay_slot
        2048    0x00 0x00                                                                        NOPX
.delay_slot
.swstall delay_slot
        2050    0x00 0x00                                                                        NOPX
.delay_slot
.swstall delay_slot
        2052    0x00 0x2c 0xf0 0x00 0x20 0x00 0x00 0x00 0x00 0xad 0x81 0x36                      NOPA;                         NOPB;                         NOPS;                         NOPX
.return_address
.no_stack_arguments
        2064    0x33 0x11 0x60 0x00 0x03 0x00 0x00 0x00 0x41 0x3a                                                                                            MOVS p1, p6;                  JL #6144
.delay_slot
        2074    0x1a 0x6e 0xc0 0xf8                                                                                                                                                                                      MOV p2, p7
.delay_slot
        2078    0x00 0x07 0xc0 0xd4 0x00 0x44                                                                                                                                              MOVXM p0, #510464
.delay_slot
.swstall delay_slot
        2084    0x00 0x00                                                                        NOPX
.delay_slot
.swstall delay_slot
        2086    0x00 0x00                                                                        NOPX
.delay_slot
.swstall delay_slot
        2088    0x00 0x2c 0xf0 0x04 0x00 0x00 0x1c 0x22                                          NOPA;                                                                                                                                                           NOPV
.return_address
.no_stack_arguments
        2096    0x06 0x00 0x00 0x00 0x02 0xfc 0x00 0x00 0x40 0xba                                MOVA r0, #48;                                                                             JL #6112
.delay_slot
        2106    0x10 0x02 0x05 0x18                                                                                                                                                        MOVX r1, #1
.delay_slot
.swstall delay_slot
        2110    0x00 0x00                                                                        NOPX
.delay_slot
.swstall delay_slot
        2112    0x00 0x00                                                                        NOPX
.delay_slot
.swstall delay_slot
        2114    0x00 0x00                                                                        NOPX
.delay_slot
.swstall delay_slot
        2116    0x00 0x2c 0xf0 0x00 0x20 0x00 0x00 0x00 0x00 0xad 0x81 0x36                      NOPA;                         NOPB;                         NOPS;                         NOPX
.return_address
.no_stack_arguments
        2128    0x06 0x20 0x00 0x00 0x02 0xf8 0x00 0x00 0x40 0xba                                MOVA r0, #49;                                                                             JL #6080
.delay_slot
        2138    0x17 0xc2 0xfd 0x18                                                                                                                                                        MOVX r1, #-1
.delay_slot
.swstall delay_slot
        2142    0x00 0x00                                                                        NOPX
.delay_slot
.swstall delay_slot
        2144    0x00 0x00                                                                        NOPX
.delay_slot
.swstall delay_slot
        2146    0x00 0x00                                                                        NOPX
.delay_slot
.swstall delay_slot
        2148    0x00 0x2c 0xf0 0x00 0x20 0x00 0x00 0x00 0x00 0xad 0x81 0x36                      NOPA;                         NOPB;                         NOPS;                         NOPX
.return_address
.no_stack_arguments
        2160    0x33 0x11 0x60 0x00 0x03 0x00 0x00 0x00 0x41 0x3a                                                                                            MOVS p1, p6;                  JL #6144
.delay_slot
        2170    0x1a 0x6e 0xc0 0xf8                                                                                                                                                                                      MOV p2, p7
.delay_slot
        2174    0x00 0x07 0xd0 0xd8 0x00 0x44                                                                                                                                              MOVXM p0, #515072
.delay_slot
.swstall delay_slot
        2180    0x00 0x00                                                                        NOPX
.delay_slot
.swstall delay_slot
        2182    0x00 0x00                                                                        NOPX
.delay_slot
.swstall delay_slot
        2184    0x00 0x2c 0xf0 0x04 0x00 0x00 0x1c 0x22                                          NOPA;                                                                                                                                                           NOPV
.return_address
.no_stack_arguments
        2192    0x06 0x00 0x00 0x00 0x02 0xfc 0x00 0x00 0x40 0xba                                MOVA r0, #48;                                                                             JL #6112
.delay_slot
        2202    0x10 0x02 0x05 0x18                                                                                                                                                        MOVX r1, #1
.delay_slot
.swstall delay_slot
        2206    0x00 0x00                                                                        NOPX
.delay_slot
.swstall delay_slot
        2208    0x00 0x00                                                                        NOPX
.delay_slot
.swstall delay_slot
        2210    0x00 0x00                                                                        NOPX
.delay_slot
.swstall delay_slot
        2212    0x00 0x2c 0xf0 0x00 0x20 0x00 0x00 0x00 0x00 0xad 0x81 0x36                      NOPA;                         NOPB;                         NOPS;                         NOPX
.return_address
.no_stack_arguments
        2224    0x06 0x20 0x00 0x00 0x02 0xf8 0x00 0x00 0x40 0xba                                MOVA r0, #49;                                                                             JL #6080
.delay_slot
        2234    0x17 0xc2 0xfd 0x18                                                                                                                                                        MOVX r1, #-1
.delay_slot
.swstall delay_slot
        2238    0x00 0x00                                                                        NOPX
.delay_slot
.swstall delay_slot
        2240    0x00 0x00                                                                        NOPX
.delay_slot
.swstall delay_slot
        2242    0x00 0x00                                                                        NOPX
.delay_slot
.swstall delay_slot
        2244    0x00 0x2c 0xf0 0x00 0x20 0x00 0x00 0x00 0x00 0xad 0x81 0x36                      NOPA;                         NOPB;                         NOPS;                         NOPX
.return_address
.no_stack_arguments
        2256    0x33 0x11 0x60 0x00 0x03 0x00 0x00 0x00 0x41 0x3a                                                                                            MOVS p1, p6;                  JL #6144
.delay_slot
        2266    0x1a 0x6e 0xc0 0xf8                                                                                                                                                                                      MOV p2, p7
.delay_slot
        2270    0x00 0x07 0xc0 0xd4 0x00 0x44                                                                                                                                              MOVXM p0, #510464
.delay_slot
.swstall delay_slot
        2276    0x00 0x00                                                                        NOPX
.delay_slot
.swstall delay_slot
        2278    0x00 0x00                                                                        NOPX
.delay_slot
.swstall delay_slot
        2280    0x00 0x2c 0xf0 0x04 0x00 0x00 0x1c 0x22                                          NOPA;                                                                                                                                                           NOPV
.return_address
.no_stack_arguments
        2288    0x06 0x00 0x00 0x00 0x02 0xfc 0x00 0x00 0x40 0xba                                MOVA r0, #48;                                                                             JL #6112
.delay_slot
        2298    0x10 0x02 0x05 0x18                                                                                                                                                        MOVX r1, #1
.delay_slot
.swstall delay_slot
        2302    0x00 0x00                                                                        NOPX
.delay_slot
.swstall delay_slot
        2304    0x00 0x00                                                                        NOPX
.delay_slot
.swstall delay_slot
        2306    0x00 0x00                                                                        NOPX
.delay_slot
.swstall delay_slot
        2308    0x00 0x2c 0xf0 0x00 0x20 0x00 0x00 0x00 0x00 0xad 0x81 0x36                      NOPA;                         NOPB;                         NOPS;                         NOPX
.return_address
.no_stack_arguments
        2320    0x06 0x20 0x00 0x00 0x02 0xf8 0x00 0x00 0x40 0xba                                MOVA r0, #49;                                                                             JL #6080
.delay_slot
        2330    0x17 0xc2 0xfd 0x18                                                                                                                                                        MOVX r1, #-1
.delay_slot
.swstall delay_slot
        2334    0x00 0x00                                                                        NOPX
.delay_slot
.swstall delay_slot
        2336    0x00 0x00                                                                        NOPX
.delay_slot
.swstall delay_slot
        2338    0x00 0x00                                                                        NOPX
.delay_slot
.swstall delay_slot
        2340    0x00 0x2c 0xf0 0x00 0x20 0x00 0x00 0x00 0x00 0xad 0x81 0x36                      NOPA;                         NOPB;                         NOPS;                         NOPX
.return_address
.no_stack_arguments
        2352    0x53 0x91 0x60 0x00 0x03 0x00 0x00 0x00 0x41 0x3a                                                                                            MOVS p2, p7;                  JL #6144
.delay_slot
        2362    0x33 0x11 0x60 0x00 0x01 0xf4 0x36 0x00 0x11 0x3a                                                                                            MOVS p1, p6;                  MOVXM p0, #515072
.delay_slot
        2372    0x1e 0x64 0xc0 0xf8                                                                                                                                                                                      MOV p6, p2
.delay_slot
.swstall delay_slot
        2376    0x00 0x00                                                                        NOPX
.delay_slot
.swstall delay_slot
        2378    0x00 0x00                                                                        NOPX
.delay_slot
.swstall delay_slot
        2380    0x00 0x01 0x67 0x98                                                              NOPA
.return_address
.no_stack_arguments
        2384    0x06 0x00 0x00 0x00 0x02 0xfc 0x00 0x00 0x40 0xba                                MOVA r0, #48;                                                                             JL #6112
.delay_slot
        2394    0x10 0x02 0x05 0x18                                                                                                                                                        MOVX r1, #1
.delay_slot
.swstall delay_slot
        2398    0x00 0x00                                                                        NOPX
.delay_slot
.swstall delay_slot
        2400    0x00 0x00                                                                        NOPX
.delay_slot
.swstall delay_slot
        2402    0x00 0x00                                                                        NOPX
.delay_slot
.swstall delay_slot
        2404    0x00 0x2c 0xf0 0x00 0x20 0x00 0x00 0x00 0x00 0xad 0x81 0x36                      NOPA;                         NOPB;                         NOPS;                         NOPX
.return_address
.no_stack_arguments
        2416    0x00 0x21 0x00 0x00 0x02 0xfc 0x00 0x00 0x40 0xba                                MOVA r1, #1;                                                                              JL #6112
.delay_slot
        2426    0x10 0x00 0xc9 0x18                                                                                                                                                        MOVX r0, #50
.delay_slot
.swstall delay_slot
        2430    0x00 0x00                                                                        NOPX
.delay_slot
.swstall delay_slot
        2432    0x00 0x00                                                                        NOPX
.delay_slot
.swstall delay_slot
        2434    0x00 0x00                                                                        NOPX
.delay_slot
.swstall delay_slot
        2436    0x00 0x2c 0xf0 0x00 0x20 0x00 0x00 0x00 0x00 0xad 0x81 0x36                      NOPA;                         NOPB;                         NOPS;                         NOPX
.return_address
.no_stack_arguments
        2448    0xff 0xe1 0x00 0x00 0x02 0xf8 0x00 0x00 0x40 0xba                                MOVA r1, #-1;                                                                             JL #6080
.delay_slot
        2458    0x10 0x00 0xcd 0x18                                                                                                                                                        MOVX r0, #51
.delay_slot
.swstall delay_slot
        2462    0x00 0x00                                                                        NOPX
.delay_slot
.swstall delay_slot
        2464    0x00 0x00                                                                        NOPX
.delay_slot
.swstall delay_slot
        2466    0x00 0x00                                                                        NOPX
.delay_slot
.swstall delay_slot
        2468    0x00 0x2c 0xf0 0x00 0x20 0x00 0x00 0x00 0x00 0xad 0x81 0x36                      NOPA;                         NOPB;                         NOPS;                         NOPX
.return_address
.no_stack_arguments
        2480    0x06 0x20 0x00 0x00 0x02 0xf8 0x00 0x00 0x40 0xba                                MOVA r0, #49;                                                                             JL #6080
.delay_slot
        2490    0x17 0xc2 0xfd 0x18                                                                                                                                                        MOVX r1, #-1
.delay_slot
.swstall delay_slot
        2494    0x00 0x00                                                                        NOPX
.delay_slot
.swstall delay_slot
        2496    0x00 0x00                                                                        NOPX
.delay_slot
.swstall delay_slot
        2498    0x00 0x00                                                                        NOPX
.delay_slot
.swstall delay_slot
        2500    0x00 0x2c 0xf0 0x00 0x20 0x00 0x00 0x00 0x00 0xad 0x81 0x36                      NOPA;                         NOPB;                         NOPS;                         NOPX
.return_address
.no_stack_arguments
        2512    0x00 0x0c 0x00 0x00 0x01 0x04                                                                                                                                              JL #6144
.delay_slot
        2518    0x00 0x07 0xc0 0xd4 0x00 0x44                                                                                                                                              MOVXM p0, #510464
.delay_slot
        2524    0x00 0x07 0x92 0xc8 0x00 0x44                                                                                                                                              MOVXM p1, #496640
.delay_slot
        2530    0x1a 0x6c 0xc0 0xf8                                                                                                                                                                                      MOV p2, p6
.delay_slot
.swstall delay_slot
        2534    0x00 0x00                                                                        NOPX
.delay_slot
.swstall delay_slot
        2536    0x00 0x2c 0xf0 0x04 0x00 0x00 0x1c 0x22                                          NOPA;                                                                                                                                                           NOPV
.return_address
.no_stack_arguments
        2544    0x06 0x00 0x00 0x00 0x02 0xfc 0x00 0x00 0x40 0xba                                MOVA r0, #48;                                                                             JL #6112
.delay_slot
        2554    0x10 0x02 0x05 0x18                                                                                                                                                        MOVX r1, #1
.delay_slot
.swstall delay_slot
        2558    0x00 0x00                                                                        NOPX
.delay_slot
.swstall delay_slot
        2560    0x00 0x00                                                                        NOPX
.delay_slot
.swstall delay_slot
        2562    0x00 0x00                                                                        NOPX
.delay_slot
.swstall delay_slot
        2564    0x00 0x2c 0xf0 0x00 0x20 0x00 0x00 0x00 0x00 0xad 0x81 0x36                      NOPA;                         NOPB;                         NOPS;                         NOPX
.return_address
.no_stack_arguments
        2576    0x06 0x20 0x00 0x00 0x02 0xf8 0x00 0x00 0x40 0xba                                MOVA r0, #49;                                                                             JL #6080
.delay_slot
        2586    0x17 0xc2 0xfd 0x18                                                                                                                                                        MOVX r1, #-1
.delay_slot
.swstall delay_slot
        2590    0x00 0x00                                                                        NOPX
.delay_slot
.swstall delay_slot
        2592    0x00 0x00                                                                        NOPX
.delay_slot
.swstall delay_slot
        2594    0x00 0x00                                                                        NOPX
.delay_slot
.swstall delay_slot
        2596    0x00 0x2c 0xf0 0x00 0x20 0x00 0x00 0x00 0x00 0xad 0x81 0x36                      NOPA;                         NOPB;                         NOPS;                         NOPX
.return_address
.no_stack_arguments
        2608    0x00 0x0c 0x00 0x00 0x01 0x04                                                                                                                                              JL #6144
.delay_slot
        2614    0x00 0x07 0xd0 0xd8 0x00 0x44                                                                                                                                              MOVXM p0, #515072
.delay_slot
        2620    0x00 0x07 0x92 0xc8 0x00 0x44                                                                                                                                              MOVXM p1, #496640
.delay_slot
        2626    0x1a 0x6c 0xc0 0xf8                                                                                                                                                                                      MOV p2, p6
.delay_slot
.swstall delay_slot
        2630    0x00 0x00                                                                        NOPX
.delay_slot
.swstall delay_slot
        2632    0x00 0x2c 0xf0 0x04 0x00 0x00 0x1c 0x22                                          NOPA;                                                                                                                                                           NOPV
.return_address
.no_stack_arguments
        2640    0x06 0x00 0x00 0x00 0x02 0xfc 0x00 0x00 0x40 0xba                                MOVA r0, #48;                                                                             JL #6112
.delay_slot
        2650    0x10 0x02 0x05 0x18                                                                                                                                                        MOVX r1, #1
.delay_slot
.swstall delay_slot
        2654    0x00 0x00                                                                        NOPX
.delay_slot
.swstall delay_slot
        2656    0x00 0x00                                                                        NOPX
.delay_slot
.swstall delay_slot
        2658    0x00 0x00                                                                        NOPX
.delay_slot
.swstall delay_slot
        2660    0x00 0x2c 0xf0 0x00 0x20 0x00 0x00 0x00 0x00 0xad 0x81 0x36                      NOPA;                         NOPB;                         NOPS;                         NOPX
.return_address
.no_stack_arguments
        2672    0x06 0x20 0x00 0x00 0x02 0xf8 0x00 0x00 0x40 0xba                                MOVA r0, #49;                                                                             JL #6080
.delay_slot
        2682    0x17 0xc2 0xfd 0x18                                                                                                                                                        MOVX r1, #-1
.delay_slot
.swstall delay_slot
        2686    0x00 0x00                                                                        NOPX
.delay_slot
.swstall delay_slot
        2688    0x00 0x00                                                                        NOPX
.delay_slot
.swstall delay_slot
        2690    0x00 0x00                                                                        NOPX
.delay_slot
.swstall delay_slot
        2692    0x00 0x2c 0xf0 0x00 0x20 0x00 0x00 0x00 0x00 0xad 0x81 0x36                      NOPA;                         NOPB;                         NOPS;                         NOPX
.return_address
.no_stack_arguments
        2704    0x00 0x0c 0x00 0x00 0x01 0x04                                                                                                                                              JL #6144
.delay_slot
        2710    0x00 0x07 0xc0 0xd4 0x00 0x44                                                                                                                                              MOVXM p0, #510464
.delay_slot
        2716    0x00 0x07 0x92 0xc8 0x00 0x44                                                                                                                                              MOVXM p1, #496640
.delay_slot
        2722    0x1a 0x6c 0xc0 0xf8                                                                                                                                                                                      MOV p2, p6
.delay_slot
.swstall delay_slot
        2726    0x00 0x00                                                                        NOPX
.delay_slot
.swstall delay_slot
        2728    0x00 0x2c 0xf0 0x04 0x00 0x00 0x1c 0x22                                          NOPA;                                                                                                                                                           NOPV
.return_address
.no_stack_arguments
        2736    0x06 0x00 0x00 0x00 0x02 0xfc 0x00 0x00 0x40 0xba                                MOVA r0, #48;                                                                             JL #6112
.delay_slot
        2746    0x10 0x02 0x05 0x18                                                                                                                                                        MOVX r1, #1
.delay_slot
.swstall delay_slot
        2750    0x00 0x00                                                                        NOPX
.delay_slot
.swstall delay_slot
        2752    0x00 0x00                                                                        NOPX
.delay_slot
.swstall delay_slot
        2754    0x00 0x00                                                                        NOPX
.delay_slot
.swstall delay_slot
        2756    0x00 0x2c 0xf0 0x00 0x20 0x00 0x00 0x00 0x00 0xad 0x81 0x36                      NOPA;                         NOPB;                         NOPS;                         NOPX
.return_address
.no_stack_arguments
        2768    0x06 0x20 0x00 0x00 0x02 0xf8 0x00 0x00 0x40 0xba                                MOVA r0, #49;                                                                             JL #6080
.delay_slot
        2778    0x17 0xc2 0xfd 0x18                                                                                                                                                        MOVX r1, #-1
.delay_slot
.swstall delay_slot
        2782    0x00 0x00                                                                        NOPX
.delay_slot
.swstall delay_slot
        2784    0x00 0x00                                                                        NOPX
.delay_slot
.swstall delay_slot
        2786    0x00 0x00                                                                        NOPX
.delay_slot
.swstall delay_slot
        2788    0x00 0x2c 0xf0 0x00 0x20 0x00 0x00 0x00 0x00 0xad 0x81 0x36                      NOPA;                         NOPB;                         NOPS;                         NOPX
.return_address
.no_stack_arguments
        2800    0x00 0x0c 0x00 0x00 0x01 0x04                                                                                                                                              JL #6144
.delay_slot
        2806    0x00 0x07 0xd0 0xd8 0x00 0x44                                                                                                                                              MOVXM p0, #515072
.delay_slot
        2812    0x00 0x07 0x92 0xc8 0x00 0x44                                                                                                                                              MOVXM p1, #496640
.delay_slot
        2818    0x1a 0x6c 0xc0 0xf8                                                                                                                                                                                      MOV p2, p6
.delay_slot
.swstall delay_slot
        2822    0x00 0x00                                                                        NOPX
.delay_slot
.swstall delay_slot
        2824    0x00 0x2c 0xf0 0x04 0x00 0x00 0x1c 0x22                                          NOPA;                                                                                                                                                           NOPV
.return_address
.no_stack_arguments
        2832    0x06 0x00 0x00 0x00 0x02 0xfc 0x00 0x00 0x40 0xba                                MOVA r0, #48;                                                                             JL #6112
.delay_slot
        2842    0x10 0x02 0x05 0x18                                                                                                                                                        MOVX r1, #1
.delay_slot
.swstall delay_slot
        2846    0x00 0x00                                                                        NOPX
.delay_slot
.swstall delay_slot
        2848    0x00 0x00                                                                        NOPX
.delay_slot
.swstall delay_slot
        2850    0x00 0x00                                                                        NOPX
.delay_slot
.swstall delay_slot
        2852    0x00 0x2c 0xf0 0x00 0x20 0x00 0x00 0x00 0x00 0xad 0x81 0x36                      NOPA;                         NOPB;                         NOPS;                         NOPX
.return_address
.no_stack_arguments
        2864    0x06 0x20 0x00 0x00 0x02 0xf8 0x00 0x00 0x40 0xba                                MOVA r0, #49;                                                                             JL #6080
.delay_slot
        2874    0x17 0xc2 0xfd 0x18                                                                                                                                                        MOVX r1, #-1
.delay_slot
.swstall delay_slot
        2878    0x00 0x00                                                                        NOPX
.delay_slot
.swstall delay_slot
        2880    0x00 0x00                                                                        NOPX
.delay_slot
.swstall delay_slot
        2882    0x00 0x00                                                                        NOPX
.delay_slot
.swstall delay_slot
        2884    0x00 0x2c 0xf0 0x00 0x20 0x00 0x00 0x00 0x00 0xad 0x81 0x36                      NOPA;                         NOPB;                         NOPS;                         NOPX
.return_address
.no_stack_arguments
        2896    0x00 0x0c 0x00 0x00 0x01 0x04                                                                                                                                              JL #6144
.delay_slot
        2902    0x00 0x07 0xc0 0xd4 0x00 0x44                                                                                                                                              MOVXM p0, #510464
.delay_slot
        2908    0x00 0x07 0x92 0xc8 0x00 0x44                                                                                                                                              MOVXM p1, #496640
.delay_slot
        2914    0x1a 0x6c 0xc0 0xf8                                                                                                                                                                                      MOV p2, p6
.delay_slot
.swstall delay_slot
        2918    0x00 0x00                                                                        NOPX
.delay_slot
.swstall delay_slot
        2920    0x00 0x2c 0xf0 0x04 0x00 0x00 0x1c 0x22                                          NOPA;                                                                                                                                                           NOPV
.return_address
.no_stack_arguments
        2928    0x06 0x00 0x00 0x00 0x02 0xfc 0x00 0x00 0x40 0xba                                MOVA r0, #48;                                                                             JL #6112
.delay_slot
        2938    0x10 0x02 0x05 0x18                                                                                                                                                        MOVX r1, #1
.delay_slot
.swstall delay_slot
        2942    0x00 0x00                                                                        NOPX
.delay_slot
.swstall delay_slot
        2944    0x00 0x00                                                                        NOPX
.delay_slot
.swstall delay_slot
        2946    0x00 0x00                                                                        NOPX
.delay_slot
.swstall delay_slot
        2948    0x00 0x2c 0xf0 0x00 0x20 0x00 0x00 0x00 0x00 0xad 0x81 0x36                      NOPA;                         NOPB;                         NOPS;                         NOPX
.return_address
.no_stack_arguments
        2960    0x00 0x0b 0xe0 0x00 0x01 0x04                                                                                                                                              JL #6080
.delay_slot
        2966    0x06 0x20 0x00 0x00 0x00 0x03 0xb3 0x88 0x10 0xba                                MOVA r0, #49;                                                                             MOVXM p7, #1808
.delay_slot
        2976    0x17 0xc2 0xfd 0x18                                                                                                                                                        MOVX r1, #-1
.delay_slot
.swstall delay_slot
        2980    0x00 0x00                                                                        NOPX
.delay_slot
.swstall delay_slot
        2982    0x00 0x00                                                                        NOPX
.delay_slot
.swstall delay_slot
        2984    0x00 0x2c 0xf0 0x04 0x00 0x00 0x1c 0x22                                          NOPA;                                                                                                                                                           NOPV
.return_address
.no_stack_arguments
        2992    0x00 0x0c 0x00 0x00 0x01 0x04                                                                                                                                              JL #6144
.delay_slot
        2998    0x00 0x07 0xd0 0xd8 0x00 0x44                                                                                                                                              MOVXM p0, #515072
.delay_slot
        3004    0x00 0x07 0x92 0xc8 0x00 0x44                                                                                                                                              MOVXM p1, #496640
.delay_slot
        3010    0x1a 0x6c 0xc0 0xf8                                                                                                                                                                                      MOV p2, p6
.delay_slot
.swstall delay_slot
        3014    0x00 0x00                                                                        NOPX
.delay_slot
.swstall delay_slot
        3016    0x00 0x2c 0xf0 0x04 0x00 0x00 0x1c 0x22                                          NOPA;                                                                                                                                                           NOPV
.return_address
.no_stack_arguments
        3024    0x06 0x00 0x00 0x00 0x02 0xfc 0x00 0x00 0x40 0xba                                MOVA r0, #48;                                                                             JL #6112
.delay_slot
        3034    0x10 0x02 0x05 0x18                                                                                                                                                        MOVX r1, #1
.delay_slot
.swstall delay_slot
        3038    0x00 0x00                                                                        NOPX
.delay_slot
.swstall delay_slot
        3040    0x00 0x00                                                                        NOPX
.delay_slot
.swstall delay_slot
        3042    0x00 0x00                                                                        NOPX
.delay_slot
.swstall delay_slot
        3044    0x00 0x2c 0xf0 0x00 0x20 0x00 0x00 0x00 0x00 0xad 0x81 0x36                      NOPA;                         NOPB;                         NOPS;                         NOPX
.return_address
.no_stack_arguments
        3056    0x00 0x21 0x00 0x00 0x02 0xfc 0x00 0x00 0x40 0xba                                MOVA r1, #1;                                                                              JL #6112
.delay_slot
        3066    0x10 0x00 0xc9 0x18                                                                                                                                                        MOVX r0, #50
.delay_slot
.swstall delay_slot
        3070    0x00 0x00                                                                        NOPX
.delay_slot
.swstall delay_slot
        3072    0x00 0x00                                                                        NOPX
.delay_slot
.swstall delay_slot
        3074    0x00 0x00                                                                        NOPX
.delay_slot
.swstall delay_slot
        3076    0x00 0x2c 0xf0 0x00 0x20 0x00 0x00 0x00 0x00 0xad 0x81 0x36                      NOPA;                         NOPB;                         NOPS;                         NOPX
.return_address
        3088    0x12 0x95 0xe0 0x18                                                                                                                                                        JNZD r10, r10, p7
.delay_slot
.swstall delay_slot
        3092    0x00 0x00                                                                        NOPX
.delay_slot
.swstall delay_slot
        3094    0x00 0x00                                                                        NOPX
.delay_slot
.swstall delay_slot
        3096    0x00 0x00                                                                        NOPX
.delay_slot
.swstall delay_slot
        3098    0x00 0x00                                                                        NOPX
.delay_slot
.swstall delay_slot
        3100    0x00 0x00                                                                        NOPX
.loop_nesting 1
.no_stack_arguments
        3102    0x06 0xa0 0x00 0x00 0x02 0xfc 0x00 0x00 0x40 0xba                                MOVA r0, #53;                                                                             JL #6112
.delay_slot
        3112    0x10 0x02 0x05 0x18                                                                                                                                                        MOVX r1, #1
.delay_slot
.swstall delay_slot
        3116    0x00 0x00                                                                        NOPX
.delay_slot
.swstall delay_slot
        3118    0x00 0x00                                                                        NOPX
.delay_slot
.swstall delay_slot
        3120    0x00 0x00                                                                        NOPX
.delay_slot
.swstall delay_slot
        3122    0x00 0x2c 0xf0 0x02 0xb6 0x00 0x00 0x40 0x1a 0x57 0x00 0x00 0x1c 0x2e            NOPA;                                                       NOPS;                                                       NOPM;                                   NOPV
.return_address
.no_stack_arguments
        3136    0x06 0x80 0x00 0x00 0x02 0xf8 0x00 0x00 0x40 0xba                                MOVA r0, #52;                                                                             JL #6080
.delay_slot
        3146    0x17 0xc2 0xfd 0x18                                                                                                                                                        MOVX r1, #-1
.delay_slot
.swstall delay_slot
        3150    0x00 0x00                                                                        NOPX
.delay_slot
.swstall delay_slot
        3152    0x00 0x00                                                                        NOPX
.delay_slot
.swstall delay_slot
        3154    0x00 0x00                                                                        NOPX
.delay_slot
.swstall delay_slot
        3156    0x00 0x2c 0xf0 0x00 0x20 0x00 0x00 0x00 0x00 0xad 0x81 0x36                      NOPA;                         NOPB;                         NOPS;                         NOPX
.return_address
.no_stack_arguments
        3168    0x00 0x0d 0xc0 0x00 0x01 0x04                                                                                                                                              JL #7040
.delay_slot
        3174    0x18 0x6c 0xc0 0xf8                                                                                                                                                                                      MOV p0, p6
.delay_slot
.swstall delay_slot
        3178    0x00 0x00                                                                        NOPX
.delay_slot
.swstall delay_slot
        3180    0x00 0x00                                                                        NOPX
.delay_slot
.swstall delay_slot
        3182    0x00 0x00                                                                        NOPX
.delay_slot
.swstall delay_slot
        3184    0x00 0x2c 0xf0 0x00 0x20 0x01 0x5b 0x00 0x00 0x00 0x01 0xa5 0x78 0x00 0x00 0xe1  NOPA;                         NOPB;                         NOPS;                         NOPX;                         NOPM;                                   NOPV
.return_address
        3200    0x00 0x2c 0xf0 0x00 0x20 0x01 0x5b 0x00 0xf1 0x28 0x01 0xa5 0x78 0x00 0x00 0xe1  NOPA;                         NOPB;                         NOPS;                         MOVX r15, #9;                 NOPM;                                   NOPV
.label TGT_Fcore_4_5_2992
.loop_nesting 2
.no_stack_arguments
        3216    0xff 0xe1 0x00 0x00 0x02 0xf8 0x00 0x00 0x40 0xba                                MOVA r1, #-1;                                                                             JL #6080
.delay_slot
        3226    0x10 0x00 0xcd 0x18                                                                                                                                                        MOVX r0, #51
.delay_slot
.swstall delay_slot
        3230    0x00 0x00                                                                        NOPX
.delay_slot
.swstall delay_slot
        3232    0x00 0x00                                                                        NOPX
.delay_slot
.swstall delay_slot
        3234    0x00 0x00                                                                        NOPX
.delay_slot
.swstall delay_slot
        3236    0x00 0x2c 0xf0 0x00 0x20 0x00 0x00 0x00 0x00 0xad 0x81 0x36                      NOPA;                         NOPB;                         NOPS;                         NOPX
.return_address
.no_stack_arguments
        3248    0x06 0x20 0x00 0x00 0x02 0xf8 0x00 0x00 0x40 0xba                                MOVA r0, #49;                                                                             JL #6080
.delay_slot
        3258    0x17 0xc2 0xfd 0x18                                                                                                                                                        MOVX r1, #-1
.delay_slot
.swstall delay_slot
        3262    0x00 0x00                                                                        NOPX
.delay_slot
.swstall delay_slot
        3264    0x00 0x00                                                                        NOPX
.delay_slot
.swstall delay_slot
        3266    0x00 0x00                                                                        NOPX
.delay_slot
.swstall delay_slot
        3268    0x00 0x2c 0xf0 0x00 0x20 0x00 0x00 0x00 0x00 0xad 0x81 0x36                      NOPA;                         NOPB;                         NOPS;                         NOPX
.return_address
.no_stack_arguments
        3280    0x00 0x0c 0x00 0x00 0x01 0x04                                                                                                                                              JL #6144
.delay_slot
        3286    0x00 0x07 0xc0 0xd4 0x00 0x44                                                                                                                                              MOVXM p0, #510464
.delay_slot
        3292    0x00 0x07 0x52 0xdc 0x00 0x44                                                                                                                                              MOVXM p1, #482816
.delay_slot
        3298    0xd0 0x91 0x60 0x01 0x36 0x60 0x70 0x02                                                                                                      MOVS p6, p1;                                                MOV p2, p6
.delay_slot
        3306    0x1f 0x64 0xc0 0xf8                                                                                                                                                                                      MOV p7, p2
.delay_slot
.swstall delay_slot
        3310    0x00 0x00                                                                        NOPX
.return_address
.no_stack_arguments
        3312    0x06 0x00 0x00 0x00 0x02 0xfc 0x00 0x00 0x40 0xba                                MOVA r0, #48;                                                                             JL #6112
.delay_slot
        3322    0x10 0x02 0x05 0x18                                                                                                                                                        MOVX r1, #1
.delay_slot
.swstall delay_slot
        3326    0x00 0x00                                                                        NOPX
.delay_slot
.swstall delay_slot
        3328    0x00 0x00                                                                        NOPX
.delay_slot
.swstall delay_slot
        3330    0x00 0x00                                                                        NOPX
.delay_slot
.swstall delay_slot
        3332    0x00 0x2c 0xf0 0x00 0x20 0x00 0x00 0x00 0x00 0xad 0x81 0x36                      NOPA;                         NOPB;                         NOPS;                         NOPX
.return_address
.no_stack_arguments
        3344    0x06 0x20 0x00 0x00 0x02 0xf8 0x00 0x00 0x40 0xba                                MOVA r0, #49;                                                                             JL #6080
.delay_slot
        3354    0x17 0xc2 0xfd 0x18                                                                                                                                                        MOVX r1, #-1
.delay_slot
.swstall delay_slot
        3358    0x00 0x00                                                                        NOPX
.delay_slot
.swstall delay_slot
        3360    0x00 0x00                                                                        NOPX
.delay_slot
.swstall delay_slot
        3362    0x00 0x00                                                                        NOPX
.delay_slot
.swstall delay_slot
        3364    0x00 0x2c 0xf0 0x00 0x20 0x00 0x00 0x00 0x00 0xad 0x81 0x36                      NOPA;                         NOPB;                         NOPS;                         NOPX
.return_address
.no_stack_arguments
        3376    0x33 0x11 0x60 0x00 0x03 0x00 0x00 0x00 0x41 0x3a                                                                                            MOVS p1, p6;                  JL #6144
.delay_slot
        3386    0x1a 0x6e 0xc0 0xf8                                                                                                                                                                                      MOV p2, p7
.delay_slot
        3390    0x00 0x07 0xd0 0xd8 0x00 0x44                                                                                                                                              MOVXM p0, #515072
.delay_slot
.swstall delay_slot
        3396    0x00 0x00                                                                        NOPX
.delay_slot
.swstall delay_slot
        3398    0x00 0x00                                                                        NOPX
.delay_slot
.swstall delay_slot
        3400    0x00 0x2c 0xf0 0x04 0x00 0x00 0x1c 0x22                                          NOPA;                                                                                                                                                           NOPV
.return_address
.no_stack_arguments
        3408    0x06 0x00 0x00 0x00 0x02 0xfc 0x00 0x00 0x40 0xba                                MOVA r0, #48;                                                                             JL #6112
.delay_slot
        3418    0x10 0x02 0x05 0x18                                                                                                                                                        MOVX r1, #1
.delay_slot
.swstall delay_slot
        3422    0x00 0x00                                                                        NOPX
.delay_slot
.swstall delay_slot
        3424    0x00 0x00                                                                        NOPX
.delay_slot
.swstall delay_slot
        3426    0x00 0x00                                                                        NOPX
.delay_slot
.swstall delay_slot
        3428    0x00 0x2c 0xf0 0x00 0x20 0x00 0x00 0x00 0x00 0xad 0x81 0x36                      NOPA;                         NOPB;                         NOPS;                         NOPX
.return_address
.no_stack_arguments
        3440    0x06 0x20 0x00 0x00 0x02 0xf8 0x00 0x00 0x40 0xba                                MOVA r0, #49;                                                                             JL #6080
.delay_slot
        3450    0x17 0xc2 0xfd 0x18                                                                                                                                                        MOVX r1, #-1
.delay_slot
.swstall delay_slot
        3454    0x00 0x00                                                                        NOPX
.delay_slot
.swstall delay_slot
        3456    0x00 0x00                                                                        NOPX
.delay_slot
.swstall delay_slot
        3458    0x00 0x00                                                                        NOPX
.delay_slot
.swstall delay_slot
        3460    0x00 0x2c 0xf0 0x00 0x20 0x00 0x00 0x00 0x00 0xad 0x81 0x36                      NOPA;                         NOPB;                         NOPS;                         NOPX
.return_address
.no_stack_arguments
        3472    0x33 0x11 0x60 0x00 0x03 0x00 0x00 0x00 0x41 0x3a                                                                                            MOVS p1, p6;                  JL #6144
.delay_slot
        3482    0x1a 0x6e 0xc0 0xf8                                                                                                                                                                                      MOV p2, p7
.delay_slot
        3486    0x00 0x07 0xc0 0xd4 0x00 0x44                                                                                                                                              MOVXM p0, #510464
.delay_slot
.swstall delay_slot
        3492    0x00 0x00                                                                        NOPX
.delay_slot
.swstall delay_slot
        3494    0x00 0x00                                                                        NOPX
.delay_slot
.swstall delay_slot
        3496    0x00 0x2c 0xf0 0x04 0x00 0x00 0x1c 0x22                                          NOPA;                                                                                                                                                           NOPV
.return_address
.no_stack_arguments
        3504    0x06 0x00 0x00 0x00 0x02 0xfc 0x00 0x00 0x40 0xba                                MOVA r0, #48;                                                                             JL #6112
.delay_slot
        3514    0x10 0x02 0x05 0x18                                                                                                                                                        MOVX r1, #1
.delay_slot
.swstall delay_slot
        3518    0x00 0x00                                                                        NOPX
.delay_slot
.swstall delay_slot
        3520    0x00 0x00                                                                        NOPX
.delay_slot
.swstall delay_slot
        3522    0x00 0x00                                                                        NOPX
.delay_slot
.swstall delay_slot
        3524    0x00 0x2c 0xf0 0x00 0x20 0x00 0x00 0x00 0x00 0xad 0x81 0x36                      NOPA;                         NOPB;                         NOPS;                         NOPX
.return_address
.no_stack_arguments
        3536    0x06 0x20 0x00 0x00 0x02 0xf8 0x00 0x00 0x40 0xba                                MOVA r0, #49;                                                                             JL #6080
.delay_slot
        3546    0x17 0xc2 0xfd 0x18                                                                                                                                                        MOVX r1, #-1
.delay_slot
.swstall delay_slot
        3550    0x00 0x00                                                                        NOPX
.delay_slot
.swstall delay_slot
        3552    0x00 0x00                                                                        NOPX
.delay_slot
.swstall delay_slot
        3554    0x00 0x00                                                                        NOPX
.delay_slot
.swstall delay_slot
        3556    0x00 0x2c 0xf0 0x00 0x20 0x00 0x00 0x00 0x00 0xad 0x81 0x36                      NOPA;                         NOPB;                         NOPS;                         NOPX
.return_address
.no_stack_arguments
        3568    0x33 0x11 0x60 0x00 0x03 0x00 0x00 0x00 0x41 0x3a                                                                                            MOVS p1, p6;                  JL #6144
.delay_slot
        3578    0x1a 0x6e 0xc0 0xf8                                                                                                                                                                                      MOV p2, p7
.delay_slot
        3582    0x00 0x07 0xd0 0xd8 0x00 0x44                                                                                                                                              MOVXM p0, #515072
.delay_slot
.swstall delay_slot
        3588    0x00 0x00                                                                        NOPX
.delay_slot
.swstall delay_slot
        3590    0x00 0x00                                                                        NOPX
.delay_slot
.swstall delay_slot
        3592    0x00 0x2c 0xf0 0x04 0x00 0x00 0x1c 0x22                                          NOPA;                                                                                                                                                           NOPV
.return_address
.no_stack_arguments
        3600    0x06 0x00 0x00 0x00 0x02 0xfc 0x00 0x00 0x40 0xba                                MOVA r0, #48;                                                                             JL #6112
.delay_slot
        3610    0x10 0x02 0x05 0x18                                                                                                                                                        MOVX r1, #1
.delay_slot
.swstall delay_slot
        3614    0x00 0x00                                                                        NOPX
.delay_slot
.swstall delay_slot
        3616    0x00 0x00                                                                        NOPX
.delay_slot
.swstall delay_slot
        3618    0x00 0x00                                                                        NOPX
.delay_slot
.swstall delay_slot
        3620    0x00 0x2c 0xf0 0x00 0x20 0x00 0x00 0x00 0x00 0xad 0x81 0x36                      NOPA;                         NOPB;                         NOPS;                         NOPX
.return_address
.no_stack_arguments
        3632    0x06 0x20 0x00 0x00 0x02 0xf8 0x00 0x00 0x40 0xba                                MOVA r0, #49;                                                                             JL #6080
.delay_slot
        3642    0x17 0xc2 0xfd 0x18                                                                                                                                                        MOVX r1, #-1
.delay_slot
.swstall delay_slot
        3646    0x00 0x00                                                                        NOPX
.delay_slot
.swstall delay_slot
        3648    0x00 0x00                                                                        NOPX
.delay_slot
.swstall delay_slot
        3650    0x00 0x00                                                                        NOPX
.delay_slot
.swstall delay_slot
        3652    0x00 0x2c 0xf0 0x00 0x20 0x00 0x00 0x00 0x00 0xad 0x81 0x36                      NOPA;                         NOPB;                         NOPS;                         NOPX
.return_address
.no_stack_arguments
        3664    0x33 0x11 0x60 0x00 0x03 0x00 0x00 0x00 0x41 0x3a                                                                                            MOVS p1, p6;                  JL #6144
.delay_slot
        3674    0x1a 0x6e 0xc0 0xf8                                                                                                                                                                                      MOV p2, p7
.delay_slot
        3678    0x00 0x07 0xc0 0xd4 0x00 0x44                                                                                                                                              MOVXM p0, #510464
.delay_slot
.swstall delay_slot
        3684    0x00 0x00                                                                        NOPX
.delay_slot
.swstall delay_slot
        3686    0x00 0x00                                                                        NOPX
.delay_slot
.swstall delay_slot
        3688    0x00 0x2c 0xf0 0x04 0x00 0x00 0x1c 0x22                                          NOPA;                                                                                                                                                           NOPV
.return_address
.no_stack_arguments
        3696    0x06 0x00 0x00 0x00 0x02 0xfc 0x00 0x00 0x40 0xba                                MOVA r0, #48;                                                                             JL #6112
.delay_slot
        3706    0x10 0x02 0x05 0x18                                                                                                                                                        MOVX r1, #1
.delay_slot
.swstall delay_slot
        3710    0x00 0x00                                                                        NOPX
.delay_slot
.swstall delay_slot
        3712    0x00 0x00                                                                        NOPX
.delay_slot
.swstall delay_slot
        3714    0x00 0x00                                                                        NOPX
.delay_slot
.swstall delay_slot
        3716    0x00 0x2c 0xf0 0x00 0x20 0x00 0x00 0x00 0x00 0xad 0x81 0x36                      NOPA;                         NOPB;                         NOPS;                         NOPX
.return_address
.no_stack_arguments
        3728    0x06 0x20 0x00 0x00 0x02 0xf8 0x00 0x00 0x40 0xba                                MOVA r0, #49;                                                                             JL #6080
.delay_slot
        3738    0x17 0xc2 0xfd 0x18                                                                                                                                                        MOVX r1, #-1
.delay_slot
.swstall delay_slot
        3742    0x00 0x00                                                                        NOPX
.delay_slot
.swstall delay_slot
        3744    0x00 0x00                                                                        NOPX
.delay_slot
.swstall delay_slot
        3746    0x00 0x00                                                                        NOPX
.delay_slot
.swstall delay_slot
        3748    0x00 0x2c 0xf0 0x00 0x20 0x00 0x00 0x00 0x00 0xad 0x81 0x36                      NOPA;                         NOPB;                         NOPS;                         NOPX
.return_address
.no_stack_arguments
        3760    0x53 0x91 0x60 0x00 0x03 0x00 0x00 0x00 0x41 0x3a                                                                                            MOVS p2, p7;                  JL #6144
.delay_slot
        3770    0x33 0x11 0x60 0x00 0x01 0xf4 0x36 0x00 0x11 0x3a                                                                                            MOVS p1, p6;                  MOVXM p0, #515072
.delay_slot
        3780    0x1e 0x64 0xc0 0xf8                                                                                                                                                                                      MOV p6, p2
.delay_slot
.swstall delay_slot
        3784    0x00 0x00                                                                        NOPX
.delay_slot
.swstall delay_slot
        3786    0x00 0x00                                                                        NOPX
.delay_slot
.swstall delay_slot
        3788    0x00 0x01 0x67 0x98                                                              NOPA
.return_address
.no_stack_arguments
        3792    0x06 0x00 0x00 0x00 0x02 0xfc 0x00 0x00 0x40 0xba                                MOVA r0, #48;                                                                             JL #6112
.delay_slot
        3802    0x10 0x02 0x05 0x18                                                                                                                                                        MOVX r1, #1
.delay_slot
.swstall delay_slot
        3806    0x00 0x00                                                                        NOPX
.delay_slot
.swstall delay_slot
        3808    0x00 0x00                                                                        NOPX
.delay_slot
.swstall delay_slot
        3810    0x00 0x00                                                                        NOPX
.delay_slot
.swstall delay_slot
        3812    0x00 0x2c 0xf0 0x00 0x20 0x00 0x00 0x00 0x00 0xad 0x81 0x36                      NOPA;                         NOPB;                         NOPS;                         NOPX
.return_address
.no_stack_arguments
        3824    0x00 0x21 0x00 0x00 0x02 0xfc 0x00 0x00 0x40 0xba                                MOVA r1, #1;                                                                              JL #6112
.delay_slot
        3834    0x10 0x00 0xc9 0x18                                                                                                                                                        MOVX r0, #50
.delay_slot
.swstall delay_slot
        3838    0x00 0x00                                                                        NOPX
.delay_slot
.swstall delay_slot
        3840    0x00 0x00                                                                        NOPX
.delay_slot
.swstall delay_slot
        3842    0x00 0x00                                                                        NOPX
.delay_slot
.swstall delay_slot
        3844    0x00 0x2c 0xf0 0x00 0x20 0x00 0x00 0x00 0x00 0xad 0x81 0x36                      NOPA;                         NOPB;                         NOPS;                         NOPX
.return_address
.no_stack_arguments
        3856    0xff 0xe1 0x00 0x00 0x02 0xf8 0x00 0x00 0x40 0xba                                MOVA r1, #-1;                                                                             JL #6080
.delay_slot
        3866    0x10 0x00 0xcd 0x18                                                                                                                                                        MOVX r0, #51
.delay_slot
.swstall delay_slot
        3870    0x00 0x00                                                                        NOPX
.delay_slot
.swstall delay_slot
        3872    0x00 0x00                                                                        NOPX
.delay_slot
.swstall delay_slot
        3874    0x00 0x00                                                                        NOPX
.delay_slot
.swstall delay_slot
        3876    0x00 0x2c 0xf0 0x00 0x20 0x00 0x00 0x00 0x00 0xad 0x81 0x36                      NOPA;                         NOPB;                         NOPS;                         NOPX
.return_address
.no_stack_arguments
        3888    0x06 0x20 0x00 0x00 0x02 0xf8 0x00 0x00 0x40 0xba                                MOVA r0, #49;                                                                             JL #6080
.delay_slot
        3898    0x17 0xc2 0xfd 0x18                                                                                                                                                        MOVX r1, #-1
.delay_slot
.swstall delay_slot
        3902    0x00 0x00                                                                        NOPX
.delay_slot
.swstall delay_slot
        3904    0x00 0x00                                                                        NOPX
.delay_slot
.swstall delay_slot
        3906    0x00 0x00                                                                        NOPX
.delay_slot
.swstall delay_slot
        3908    0x00 0x2c 0xf0 0x00 0x20 0x00 0x00 0x00 0x00 0xad 0x81 0x36                      NOPA;                         NOPB;                         NOPS;                         NOPX
.return_address
.no_stack_arguments
        3920    0x00 0x0c 0x00 0x00 0x01 0x04                                                                                                                                              JL #6144
.delay_slot
        3926    0x00 0x07 0xc0 0xd4 0x00 0x44                                                                                                                                              MOVXM p0, #510464
.delay_slot
        3932    0x00 0x07 0x92 0xc8 0x00 0x44                                                                                                                                              MOVXM p1, #496640
.delay_slot
        3938    0x1a 0x6c 0xc0 0xf8                                                                                                                                                                                      MOV p2, p6
.delay_slot
.swstall delay_slot
        3942    0x00 0x00                                                                        NOPX
.delay_slot
.swstall delay_slot
        3944    0x00 0x2c 0xf0 0x04 0x00 0x00 0x1c 0x22                                          NOPA;                                                                                                                                                           NOPV
.return_address
.no_stack_arguments
        3952    0x06 0x00 0x00 0x00 0x02 0xfc 0x00 0x00 0x40 0xba                                MOVA r0, #48;                                                                             JL #6112
.delay_slot
        3962    0x10 0x02 0x05 0x18                                                                                                                                                        MOVX r1, #1
.delay_slot
.swstall delay_slot
        3966    0x00 0x00                                                                        NOPX
.delay_slot
.swstall delay_slot
        3968    0x00 0x00                                                                        NOPX
.delay_slot
.swstall delay_slot
        3970    0x00 0x00                                                                        NOPX
.delay_slot
.swstall delay_slot
        3972    0x00 0x2c 0xf0 0x00 0x20 0x00 0x00 0x00 0x00 0xad 0x81 0x36                      NOPA;                         NOPB;                         NOPS;                         NOPX
.return_address
.no_stack_arguments
        3984    0x06 0x20 0x00 0x00 0x02 0xf8 0x00 0x00 0x40 0xba                                MOVA r0, #49;                                                                             JL #6080
.delay_slot
        3994    0x17 0xc2 0xfd 0x18                                                                                                                                                        MOVX r1, #-1
.delay_slot
.swstall delay_slot
        3998    0x00 0x00                                                                        NOPX
.delay_slot
.swstall delay_slot
        4000    0x00 0x00                                                                        NOPX
.delay_slot
.swstall delay_slot
        4002    0x00 0x00                                                                        NOPX
.delay_slot
.swstall delay_slot
        4004    0x00 0x2c 0xf0 0x00 0x20 0x00 0x00 0x00 0x00 0xad 0x81 0x36                      NOPA;                         NOPB;                         NOPS;                         NOPX
.return_address
.no_stack_arguments
        4016    0x00 0x0c 0x00 0x00 0x01 0x04                                                                                                                                              JL #6144
.delay_slot
        4022    0x00 0x07 0xd0 0xd8 0x00 0x44                                                                                                                                              MOVXM p0, #515072
.delay_slot
        4028    0x00 0x07 0x92 0xc8 0x00 0x44                                                                                                                                              MOVXM p1, #496640
.delay_slot
        4034    0x1a 0x6c 0xc0 0xf8                                                                                                                                                                                      MOV p2, p6
.delay_slot
.swstall delay_slot
        4038    0x00 0x00                                                                        NOPX
.delay_slot
.swstall delay_slot
        4040    0x00 0x2c 0xf0 0x04 0x00 0x00 0x1c 0x22                                          NOPA;                                                                                                                                                           NOPV
.return_address
.no_stack_arguments
        4048    0x06 0x00 0x00 0x00 0x02 0xfc 0x00 0x00 0x40 0xba                                MOVA r0, #48;                                                                             JL #6112
.delay_slot
        4058    0x10 0x02 0x05 0x18                                                                                                                                                        MOVX r1, #1
.delay_slot
.swstall delay_slot
        4062    0x00 0x00                                                                        NOPX
.delay_slot
.swstall delay_slot
        4064    0x00 0x00                                                                        NOPX
.delay_slot
.swstall delay_slot
        4066    0x00 0x00                                                                        NOPX
.delay_slot
.swstall delay_slot
        4068    0x00 0x2c 0xf0 0x00 0x20 0x00 0x00 0x00 0x00 0xad 0x81 0x36                      NOPA;                         NOPB;                         NOPS;                         NOPX
.return_address
.no_stack_arguments
        4080    0x06 0x20 0x00 0x00 0x02 0xf8 0x00 0x00 0x40 0xba                                MOVA r0, #49;                                                                             JL #6080
.delay_slot
        4090    0x17 0xc2 0xfd 0x18                                                                                                                                                        MOVX r1, #-1
.delay_slot
.swstall delay_slot
        4094    0x00 0x00                                                                        NOPX
.delay_slot
.swstall delay_slot
        4096    0x00 0x00                                                                        NOPX
.delay_slot
.swstall delay_slot
        4098    0x00 0x00                                                                        NOPX
.delay_slot
.swstall delay_slot
        4100    0x00 0x2c 0xf0 0x00 0x20 0x00 0x00 0x00 0x00 0xad 0x81 0x36                      NOPA;                         NOPB;                         NOPS;                         NOPX
.return_address
.no_stack_arguments
        4112    0x00 0x0c 0x00 0x00 0x01 0x04                                                                                                                                              JL #6144
.delay_slot
        4118    0x00 0x07 0xc0 0xd4 0x00 0x44                                                                                                                                              MOVXM p0, #510464
.delay_slot
        4124    0x00 0x07 0x92 0xc8 0x00 0x44                                                                                                                                              MOVXM p1, #496640
.delay_slot
        4130    0x1a 0x6c 0xc0 0xf8                                                                                                                                                                                      MOV p2, p6
.delay_slot
.swstall delay_slot
        4134    0x00 0x00                                                                        NOPX
.delay_slot
.swstall delay_slot
        4136    0x00 0x2c 0xf0 0x04 0x00 0x00 0x1c 0x22                                          NOPA;                                                                                                                                                           NOPV
.return_address
.no_stack_arguments
        4144    0x06 0x00 0x00 0x00 0x02 0xfc 0x00 0x00 0x40 0xba                                MOVA r0, #48;                                                                             JL #6112
.delay_slot
        4154    0x10 0x02 0x05 0x18                                                                                                                                                        MOVX r1, #1
.delay_slot
.swstall delay_slot
        4158    0x00 0x00                                                                        NOPX
.delay_slot
.swstall delay_slot
        4160    0x00 0x00                                                                        NOPX
.delay_slot
.swstall delay_slot
        4162    0x00 0x00                                                                        NOPX
.delay_slot
.swstall delay_slot
        4164    0x00 0x2c 0xf0 0x00 0x20 0x00 0x00 0x00 0x00 0xad 0x81 0x36                      NOPA;                         NOPB;                         NOPS;                         NOPX
.return_address
.no_stack_arguments
        4176    0x06 0x20 0x00 0x00 0x02 0xf8 0x00 0x00 0x40 0xba                                MOVA r0, #49;                                                                             JL #6080
.delay_slot
        4186    0x17 0xc2 0xfd 0x18                                                                                                                                                        MOVX r1, #-1
.delay_slot
.swstall delay_slot
        4190    0x00 0x00                                                                        NOPX
.delay_slot
.swstall delay_slot
        4192    0x00 0x00                                                                        NOPX
.delay_slot
.swstall delay_slot
        4194    0x00 0x00                                                                        NOPX
.delay_slot
.swstall delay_slot
        4196    0x00 0x2c 0xf0 0x00 0x20 0x00 0x00 0x00 0x00 0xad 0x81 0x36                      NOPA;                         NOPB;                         NOPS;                         NOPX
.return_address
.no_stack_arguments
        4208    0x00 0x0c 0x00 0x00 0x01 0x04                                                                                                                                              JL #6144
.delay_slot
        4214    0x00 0x07 0xd0 0xd8 0x00 0x44                                                                                                                                              MOVXM p0, #515072
.delay_slot
        4220    0x00 0x07 0x92 0xc8 0x00 0x44                                                                                                                                              MOVXM p1, #496640
.delay_slot
        4226    0x1a 0x6c 0xc0 0xf8                                                                                                                                                                                      MOV p2, p6
.delay_slot
.swstall delay_slot
        4230    0x00 0x00                                                                        NOPX
.delay_slot
.swstall delay_slot
        4232    0x00 0x2c 0xf0 0x04 0x00 0x00 0x1c 0x22                                          NOPA;                                                                                                                                                           NOPV
.return_address
.no_stack_arguments
        4240    0x06 0x00 0x00 0x00 0x02 0xfc 0x00 0x00 0x40 0xba                                MOVA r0, #48;                                                                             JL #6112
.delay_slot
        4250    0x10 0x02 0x05 0x18                                                                                                                                                        MOVX r1, #1
.delay_slot
.swstall delay_slot
        4254    0x00 0x00                                                                        NOPX
.delay_slot
.swstall delay_slot
        4256    0x00 0x00                                                                        NOPX
.delay_slot
.swstall delay_slot
        4258    0x00 0x00                                                                        NOPX
.delay_slot
.swstall delay_slot
        4260    0x00 0x2c 0xf0 0x00 0x20 0x00 0x00 0x00 0x00 0xad 0x81 0x36                      NOPA;                         NOPB;                         NOPS;                         NOPX
.return_address
.no_stack_arguments
        4272    0x06 0x20 0x00 0x00 0x02 0xf8 0x00 0x00 0x40 0xba                                MOVA r0, #49;                                                                             JL #6080
.delay_slot
        4282    0x17 0xc2 0xfd 0x18                                                                                                                                                        MOVX r1, #-1
.delay_slot
.swstall delay_slot
        4286    0x00 0x00                                                                        NOPX
.delay_slot
.swstall delay_slot
        4288    0x00 0x00                                                                        NOPX
.delay_slot
.swstall delay_slot
        4290    0x00 0x00                                                                        NOPX
.delay_slot
.swstall delay_slot
        4292    0x00 0x2c 0xf0 0x00 0x20 0x00 0x00 0x00 0x00 0xad 0x81 0x36                      NOPA;                         NOPB;                         NOPS;                         NOPX
.return_address
.no_stack_arguments
        4304    0x00 0x0c 0x00 0x00 0x01 0x04                                                                                                                                              JL #6144
.delay_slot
        4310    0x00 0x07 0xc0 0xd4 0x00 0x44                                                                                                                                              MOVXM p0, #510464
.delay_slot
        4316    0x00 0x07 0x92 0xc8 0x00 0x44                                                                                                                                              MOVXM p1, #496640
.delay_slot
        4322    0x1a 0x6c 0xc0 0xf8                                                                                                                                                                                      MOV p2, p6
.delay_slot
.swstall delay_slot
        4326    0x00 0x00                                                                        NOPX
.delay_slot
.swstall delay_slot
        4328    0x00 0x2c 0xf0 0x04 0x00 0x00 0x1c 0x22                                          NOPA;                                                                                                                                                           NOPV
.return_address
.no_stack_arguments
        4336    0x06 0x00 0x00 0x00 0x02 0xfc 0x00 0x00 0x40 0xba                                MOVA r0, #48;                                                                             JL #6112
.delay_slot
        4346    0x10 0x02 0x05 0x18                                                                                                                                                        MOVX r1, #1
.delay_slot
.swstall delay_slot
        4350    0x00 0x00                                                                        NOPX
.delay_slot
.swstall delay_slot
        4352    0x00 0x00                                                                        NOPX
.delay_slot
.swstall delay_slot
        4354    0x00 0x00                                                                        NOPX
.delay_slot
.swstall delay_slot
        4356    0x00 0x2c 0xf0 0x00 0x20 0x00 0x00 0x00 0x00 0xad 0x81 0x36                      NOPA;                         NOPB;                         NOPS;                         NOPX
.return_address
.no_stack_arguments
        4368    0x00 0x0b 0xe0 0x00 0x01 0x04                                                                                                                                              JL #6080
.delay_slot
        4374    0x06 0x20 0x00 0x00 0x00 0x03 0xb6 0x48 0x10 0xba                                MOVA r0, #49;                                                                             MOVXM p7, #3216
.delay_slot
        4384    0x17 0xc2 0xfd 0x18                                                                                                                                                        MOVX r1, #-1
.delay_slot
.swstall delay_slot
        4388    0x00 0x00                                                                        NOPX
.delay_slot
.swstall delay_slot
        4390    0x00 0x00                                                                        NOPX
.delay_slot
.swstall delay_slot
        4392    0x00 0x2c 0xf0 0x04 0x00 0x00 0x1c 0x22                                          NOPA;                                                                                                                                                           NOPV
.return_address
.no_stack_arguments
        4400    0x00 0x0c 0x00 0x00 0x01 0x04                                                                                                                                              JL #6144
.delay_slot
        4406    0x00 0x07 0xd0 0xd8 0x00 0x44                                                                                                                                              MOVXM p0, #515072
.delay_slot
        4412    0x00 0x07 0x92 0xc8 0x00 0x44                                                                                                                                              MOVXM p1, #496640
.delay_slot
        4418    0x1a 0x6c 0xc0 0xf8                                                                                                                                                                                      MOV p2, p6
.delay_slot
.swstall delay_slot
        4422    0x00 0x00                                                                        NOPX
.delay_slot
.swstall delay_slot
        4424    0x00 0x2c 0xf0 0x04 0x00 0x00 0x1c 0x22                                          NOPA;                                                                                                                                                           NOPV
.return_address
.no_stack_arguments
        4432    0x06 0x00 0x00 0x00 0x02 0xfc 0x00 0x00 0x40 0xba                                MOVA r0, #48;                                                                             JL #6112
.delay_slot
        4442    0x10 0x02 0x05 0x18                                                                                                                                                        MOVX r1, #1
.delay_slot
.swstall delay_slot
        4446    0x00 0x00                                                                        NOPX
.delay_slot
.swstall delay_slot
        4448    0x00 0x00                                                                        NOPX
.delay_slot
.swstall delay_slot
        4450    0x00 0x00                                                                        NOPX
.delay_slot
.swstall delay_slot
        4452    0x00 0x2c 0xf0 0x00 0x20 0x00 0x00 0x00 0x00 0xad 0x81 0x36                      NOPA;                         NOPB;                         NOPS;                         NOPX
.return_address
.no_stack_arguments
        4464    0x00 0x21 0x00 0x00 0x02 0xfc 0x00 0x00 0x40 0xba                                MOVA r1, #1;                                                                              JL #6112
.delay_slot
        4474    0x10 0x00 0xc9 0x18                                                                                                                                                        MOVX r0, #50
.delay_slot
.swstall delay_slot
        4478    0x00 0x00                                                                        NOPX
.delay_slot
.swstall delay_slot
        4480    0x00 0x00                                                                        NOPX
.delay_slot
.swstall delay_slot
        4482    0x00 0x00                                                                        NOPX
.delay_slot
.swstall delay_slot
        4484    0x00 0x2c 0xf0 0x00 0x20 0x00 0x00 0x00 0x00 0xad 0x81 0x36                      NOPA;                         NOPB;                         NOPS;                         NOPX
.return_address
        4496    0x13 0xdf 0xe0 0x18                                                                                                                                                        JNZD r15, r15, p7
.delay_slot
.swstall delay_slot
        4500    0x00 0x00                                                                        NOPX
.delay_slot
.swstall delay_slot
        4502    0x00 0x00                                                                        NOPX
.delay_slot
.swstall delay_slot
        4504    0x00 0x00                                                                        NOPX
.delay_slot
.swstall delay_slot
        4506    0x00 0x00                                                                        NOPX
.delay_slot
.swstall delay_slot
        4508    0x00 0x00                                                                        NOPX
.loop_nesting 1
.no_stack_arguments
        4510    0x06 0xa0 0x00 0x00 0x02 0xfc 0x00 0x00 0x40 0xba                                MOVA r0, #53;                                                                             JL #6112
.delay_slot
        4520    0x10 0x02 0x05 0x18                                                                                                                                                        MOVX r1, #1
.delay_slot
.swstall delay_slot
        4524    0x00 0x00                                                                        NOPX
.delay_slot
.swstall delay_slot
        4526    0x00 0x00                                                                        NOPX
.delay_slot
.swstall delay_slot
        4528    0x00 0x00                                                                        NOPX
.delay_slot
.swstall delay_slot
        4530    0x00 0x2c 0xf0 0x02 0xb6 0x00 0x00 0x40 0x1a 0x57 0x00 0x00 0x1c 0x2e            NOPA;                                                       NOPS;                                                       NOPM;                                   NOPV
.return_address
.no_stack_arguments
        4544    0x06 0x80 0x00 0x00 0x02 0xf8 0x00 0x00 0x40 0xba                                MOVA r0, #52;                                                                             JL #6080
.delay_slot
        4554    0x17 0xc2 0xfd 0x18                                                                                                                                                        MOVX r1, #-1
.delay_slot
.swstall delay_slot
        4558    0x00 0x00                                                                        NOPX
.delay_slot
.swstall delay_slot
        4560    0x00 0x00                                                                        NOPX
.delay_slot
.swstall delay_slot
        4562    0x00 0x00                                                                        NOPX
.delay_slot
.swstall delay_slot
        4564    0x00 0x2c 0xf0 0x00 0x20 0x00 0x00 0x00 0x00 0xad 0x81 0x36                      NOPA;                         NOPB;                         NOPS;                         NOPX
.return_address
.no_stack_arguments
        4576    0x00 0x0d 0xc0 0x00 0x01 0x04                                                                                                                                              JL #7040
.delay_slot
        4582    0x00 0x07 0x0e 0xda 0x00 0x44                                                                                                                                              MOVXM p7, #462080
.delay_slot
        4588    0x18 0x6c 0xc0 0xf8                                                                                                                                                                                      MOV p0, p6
.delay_slot
.swstall delay_slot
        4592    0x00 0x00                                                                        NOPX
.delay_slot
.swstall delay_slot
        4594    0x00 0x00                                                                        NOPX
.delay_slot
.swstall delay_slot
        4596    0x00 0x2c 0xf0 0x00 0x20 0x00 0x00 0x00 0x00 0xad 0x81 0x36                      NOPA;                         NOPB;                         NOPS;                         NOPX
.return_address
        4608    0x00 0x2c 0xf0 0x00 0x20 0x01 0x5b 0x00 0xa1 0x28 0x01 0xa5 0x78 0x00 0x00 0xe1  NOPA;                         NOPB;                         NOPS;                         MOVX r10, #9;                 NOPM;                                   NOPV
.label TGT_Fcore_4_5_4400
.loop_nesting 2
.no_stack_arguments
        4624    0xff 0xe1 0x00 0x00 0x02 0xf8 0x00 0x00 0x40 0xba                                MOVA r1, #-1;                                                                             JL #6080
.delay_slot
        4634    0x10 0x00 0xcd 0x18                                                                                                                                                        MOVX r0, #51
.delay_slot
.swstall delay_slot
        4638    0x00 0x00                                                                        NOPX
.delay_slot
.swstall delay_slot
        4640    0x00 0x00                                                                        NOPX
.delay_slot
.swstall delay_slot
        4642    0x00 0x00                                                                        NOPX
.delay_slot
.swstall delay_slot
        4644    0x00 0x2c 0xf0 0x00 0x20 0x00 0x00 0x00 0x00 0xad 0x81 0x36                      NOPA;                         NOPB;                         NOPS;                         NOPX
.return_address
.no_stack_arguments
        4656    0x06 0x20 0x00 0x00 0x02 0xf8 0x00 0x00 0x40 0xba                                MOVA r0, #49;                                                                             JL #6080
.delay_slot
        4666    0x17 0xc2 0xfd 0x18                                                                                                                                                        MOVX r1, #-1
.delay_slot
.swstall delay_slot
        4670    0x00 0x00                                                                        NOPX
.delay_slot
.swstall delay_slot
        4672    0x00 0x00                                                                        NOPX
.delay_slot
.swstall delay_slot
        4674    0x00 0x00                                                                        NOPX
.delay_slot
.swstall delay_slot
        4676    0x00 0x2c 0xf0 0x00 0x20 0x00 0x00 0x00 0x00 0xad 0x81 0x36                      NOPA;                         NOPB;                         NOPS;                         NOPX
.return_address
.no_stack_arguments
        4688    0x53 0x91 0x60 0x00 0x03 0x00 0x00 0x00 0x41 0x3a                                                                                            MOVS p2, p7;                  JL #6144
.delay_slot
        4698    0x00 0x07 0x52 0xdc 0x00 0x44                                                                                                                                              MOVXM p1, #482816
.delay_slot
        4704    0x00 0x07 0xc0 0xd4 0x00 0x44                                                                                                                                              MOVXM p0, #510464
.delay_slot
        4710    0x1e 0x62 0xc0 0xf8                                                                                                                                                                                      MOV p6, p1
.delay_slot
.swstall delay_slot
        4714    0x00 0x00                                                                        NOPX
.delay_slot
.swstall delay_slot
        4716    0x00 0x01 0x67 0x98                                                              NOPA
.return_address
.no_stack_arguments
        4720    0x06 0x00 0x00 0x00 0x02 0xfc 0x00 0x00 0x40 0xba                                MOVA r0, #48;                                                                             JL #6112
.delay_slot
        4730    0x10 0x02 0x05 0x18                                                                                                                                                        MOVX r1, #1
.delay_slot
.swstall delay_slot
        4734    0x00 0x00                                                                        NOPX
.delay_slot
.swstall delay_slot
        4736    0x00 0x00                                                                        NOPX
.delay_slot
.swstall delay_slot
        4738    0x00 0x00                                                                        NOPX
.delay_slot
.swstall delay_slot
        4740    0x00 0x2c 0xf0 0x00 0x20 0x00 0x00 0x00 0x00 0xad 0x81 0x36                      NOPA;                         NOPB;                         NOPS;                         NOPX
.return_address
.no_stack_arguments
        4752    0x06 0x20 0x00 0x00 0x02 0xf8 0x00 0x00 0x40 0xba                                MOVA r0, #49;                                                                             JL #6080
.delay_slot
        4762    0x17 0xc2 0xfd 0x18                                                                                                                                                        MOVX r1, #-1
.delay_slot
.swstall delay_slot
        4766    0x00 0x00                                                                        NOPX
.delay_slot
.swstall delay_slot
        4768    0x00 0x00                                                                        NOPX
.delay_slot
.swstall delay_slot
        4770    0x00 0x00                                                                        NOPX
.delay_slot
.swstall delay_slot
        4772    0x00 0x2c 0xf0 0x00 0x20 0x00 0x00 0x00 0x00 0xad 0x81 0x36                      NOPA;                         NOPB;                         NOPS;                         NOPX
.return_address
.no_stack_arguments
        4784    0x33 0x11 0x60 0x00 0x03 0x00 0x00 0x00 0x41 0x3a                                                                                            MOVS p1, p6;                  JL #6144
.delay_slot
        4794    0x1a 0x6e 0xc0 0xf8                                                                                                                                                                                      MOV p2, p7
.delay_slot
        4798    0x00 0x07 0xd0 0xd8 0x00 0x44                                                                                                                                              MOVXM p0, #515072
.delay_slot
.swstall delay_slot
        4804    0x00 0x00                                                                        NOPX
.delay_slot
.swstall delay_slot
        4806    0x00 0x00                                                                        NOPX
.delay_slot
.swstall delay_slot
        4808    0x00 0x2c 0xf0 0x04 0x00 0x00 0x1c 0x22                                          NOPA;                                                                                                                                                           NOPV
.return_address
.no_stack_arguments
        4816    0x06 0x00 0x00 0x00 0x02 0xfc 0x00 0x00 0x40 0xba                                MOVA r0, #48;                                                                             JL #6112
.delay_slot
        4826    0x10 0x02 0x05 0x18                                                                                                                                                        MOVX r1, #1
.delay_slot
.swstall delay_slot
        4830    0x00 0x00                                                                        NOPX
.delay_slot
.swstall delay_slot
        4832    0x00 0x00                                                                        NOPX
.delay_slot
.swstall delay_slot
        4834    0x00 0x00                                                                        NOPX
.delay_slot
.swstall delay_slot
        4836    0x00 0x2c 0xf0 0x00 0x20 0x00 0x00 0x00 0x00 0xad 0x81 0x36                      NOPA;                         NOPB;                         NOPS;                         NOPX
.return_address
.no_stack_arguments
        4848    0x06 0x20 0x00 0x00 0x02 0xf8 0x00 0x00 0x40 0xba                                MOVA r0, #49;                                                                             JL #6080
.delay_slot
        4858    0x17 0xc2 0xfd 0x18                                                                                                                                                        MOVX r1, #-1
.delay_slot
.swstall delay_slot
        4862    0x00 0x00                                                                        NOPX
.delay_slot
.swstall delay_slot
        4864    0x00 0x00                                                                        NOPX
.delay_slot
.swstall delay_slot
        4866    0x00 0x00                                                                        NOPX
.delay_slot
.swstall delay_slot
        4868    0x00 0x2c 0xf0 0x00 0x20 0x00 0x00 0x00 0x00 0xad 0x81 0x36                      NOPA;                         NOPB;                         NOPS;                         NOPX
.return_address
.no_stack_arguments
        4880    0x33 0x11 0x60 0x00 0x03 0x00 0x00 0x00 0x41 0x3a                                                                                            MOVS p1, p6;                  JL #6144
.delay_slot
        4890    0x1a 0x6e 0xc0 0xf8                                                                                                                                                                                      MOV p2, p7
.delay_slot
        4894    0x00 0x07 0xc0 0xd4 0x00 0x44                                                                                                                                              MOVXM p0, #510464
.delay_slot
.swstall delay_slot
        4900    0x00 0x00                                                                        NOPX
.delay_slot
.swstall delay_slot
        4902    0x00 0x00                                                                        NOPX
.delay_slot
.swstall delay_slot
        4904    0x00 0x2c 0xf0 0x04 0x00 0x00 0x1c 0x22                                          NOPA;                                                                                                                                                           NOPV
.return_address
.no_stack_arguments
        4912    0x06 0x00 0x00 0x00 0x02 0xfc 0x00 0x00 0x40 0xba                                MOVA r0, #48;                                                                             JL #6112
.delay_slot
        4922    0x10 0x02 0x05 0x18                                                                                                                                                        MOVX r1, #1
.delay_slot
.swstall delay_slot
        4926    0x00 0x00                                                                        NOPX
.delay_slot
.swstall delay_slot
        4928    0x00 0x00                                                                        NOPX
.delay_slot
.swstall delay_slot
        4930    0x00 0x00                                                                        NOPX
.delay_slot
.swstall delay_slot
        4932    0x00 0x2c 0xf0 0x00 0x20 0x00 0x00 0x00 0x00 0xad 0x81 0x36                      NOPA;                         NOPB;                         NOPS;                         NOPX
.return_address
.no_stack_arguments
        4944    0x06 0x20 0x00 0x00 0x02 0xf8 0x00 0x00 0x40 0xba                                MOVA r0, #49;                                                                             JL #6080
.delay_slot
        4954    0x17 0xc2 0xfd 0x18                                                                                                                                                        MOVX r1, #-1
.delay_slot
.swstall delay_slot
        4958    0x00 0x00                                                                        NOPX
.delay_slot
.swstall delay_slot
        4960    0x00 0x00                                                                        NOPX
.delay_slot
.swstall delay_slot
        4962    0x00 0x00                                                                        NOPX
.delay_slot
.swstall delay_slot
        4964    0x00 0x2c 0xf0 0x00 0x20 0x00 0x00 0x00 0x00 0xad 0x81 0x36                      NOPA;                         NOPB;                         NOPS;                         NOPX
.return_address
.no_stack_arguments
        4976    0x33 0x11 0x60 0x00 0x03 0x00 0x00 0x00 0x41 0x3a                                                                                            MOVS p1, p6;                  JL #6144
.delay_slot
        4986    0x1a 0x6e 0xc0 0xf8                                                                                                                                                                                      MOV p2, p7
.delay_slot
        4990    0x00 0x07 0xd0 0xd8 0x00 0x44                                                                                                                                              MOVXM p0, #515072
.delay_slot
.swstall delay_slot
        4996    0x00 0x00                                                                        NOPX
.delay_slot
.swstall delay_slot
        4998    0x00 0x00                                                                        NOPX
.delay_slot
.swstall delay_slot
        5000    0x00 0x2c 0xf0 0x04 0x00 0x00 0x1c 0x22                                          NOPA;                                                                                                                                                           NOPV
.return_address
.no_stack_arguments
        5008    0x06 0x00 0x00 0x00 0x02 0xfc 0x00 0x00 0x40 0xba                                MOVA r0, #48;                                                                             JL #6112
.delay_slot
        5018    0x10 0x02 0x05 0x18                                                                                                                                                        MOVX r1, #1
.delay_slot
.swstall delay_slot
        5022    0x00 0x00                                                                        NOPX
.delay_slot
.swstall delay_slot
        5024    0x00 0x00                                                                        NOPX
.delay_slot
.swstall delay_slot
        5026    0x00 0x00                                                                        NOPX
.delay_slot
.swstall delay_slot
        5028    0x00 0x2c 0xf0 0x00 0x20 0x00 0x00 0x00 0x00 0xad 0x81 0x36                      NOPA;                         NOPB;                         NOPS;                         NOPX
.return_address
.no_stack_arguments
        5040    0x06 0x20 0x00 0x00 0x02 0xf8 0x00 0x00 0x40 0xba                                MOVA r0, #49;                                                                             JL #6080
.delay_slot
        5050    0x17 0xc2 0xfd 0x18                                                                                                                                                        MOVX r1, #-1
.delay_slot
.swstall delay_slot
        5054    0x00 0x00                                                                        NOPX
.delay_slot
.swstall delay_slot
        5056    0x00 0x00                                                                        NOPX
.delay_slot
.swstall delay_slot
        5058    0x00 0x00                                                                        NOPX
.delay_slot
.swstall delay_slot
        5060    0x00 0x2c 0xf0 0x00 0x20 0x00 0x00 0x00 0x00 0xad 0x81 0x36                      NOPA;                         NOPB;                         NOPS;                         NOPX
.return_address
.no_stack_arguments
        5072    0x33 0x11 0x60 0x00 0x03 0x00 0x00 0x00 0x41 0x3a                                                                                            MOVS p1, p6;                  JL #6144
.delay_slot
        5082    0x1a 0x6e 0xc0 0xf8                                                                                                                                                                                      MOV p2, p7
.delay_slot
        5086    0x00 0x07 0xc0 0xd4 0x00 0x44                                                                                                                                              MOVXM p0, #510464
.delay_slot
.swstall delay_slot
        5092    0x00 0x00                                                                        NOPX
.delay_slot
.swstall delay_slot
        5094    0x00 0x00                                                                        NOPX
.delay_slot
.swstall delay_slot
        5096    0x00 0x2c 0xf0 0x04 0x00 0x00 0x1c 0x22                                          NOPA;                                                                                                                                                           NOPV
.return_address
.no_stack_arguments
        5104    0x06 0x00 0x00 0x00 0x02 0xfc 0x00 0x00 0x40 0xba                                MOVA r0, #48;                                                                             JL #6112
.delay_slot
        5114    0x10 0x02 0x05 0x18                                                                                                                                                        MOVX r1, #1
.delay_slot
.swstall delay_slot
        5118    0x00 0x00                                                                        NOPX
.delay_slot
.swstall delay_slot
        5120    0x00 0x00                                                                        NOPX
.delay_slot
.swstall delay_slot
        5122    0x00 0x00                                                                        NOPX
.delay_slot
.swstall delay_slot
        5124    0x00 0x2c 0xf0 0x00 0x20 0x00 0x00 0x00 0x00 0xad 0x81 0x36                      NOPA;                         NOPB;                         NOPS;                         NOPX
.return_address
.no_stack_arguments
        5136    0x06 0x20 0x00 0x00 0x02 0xf8 0x00 0x00 0x40 0xba                                MOVA r0, #49;                                                                             JL #6080
.delay_slot
        5146    0x17 0xc2 0xfd 0x18                                                                                                                                                        MOVX r1, #-1
.delay_slot
.swstall delay_slot
        5150    0x00 0x00                                                                        NOPX
.delay_slot
.swstall delay_slot
        5152    0x00 0x00                                                                        NOPX
.delay_slot
.swstall delay_slot
        5154    0x00 0x00                                                                        NOPX
.delay_slot
.swstall delay_slot
        5156    0x00 0x2c 0xf0 0x00 0x20 0x00 0x00 0x00 0x00 0xad 0x81 0x36                      NOPA;                         NOPB;                         NOPS;                         NOPX
.return_address
.no_stack_arguments
        5168    0x53 0x91 0x60 0x00 0x03 0x00 0x00 0x00 0x41 0x3a                                                                                            MOVS p2, p7;                  JL #6144
.delay_slot
        5178    0x33 0x11 0x60 0x00 0x01 0xf4 0x36 0x00 0x11 0x3a                                                                                            MOVS p1, p6;                  MOVXM p0, #515072
.delay_slot
        5188    0x1e 0x64 0xc0 0xf8                                                                                                                                                                                      MOV p6, p2
.delay_slot
.swstall delay_slot
        5192    0x00 0x00                                                                        NOPX
.delay_slot
.swstall delay_slot
        5194    0x00 0x00                                                                        NOPX
.delay_slot
.swstall delay_slot
        5196    0x00 0x01 0x67 0x98                                                              NOPA
.return_address
.no_stack_arguments
        5200    0x06 0x00 0x00 0x00 0x02 0xfc 0x00 0x00 0x40 0xba                                MOVA r0, #48;                                                                             JL #6112
.delay_slot
        5210    0x10 0x02 0x05 0x18                                                                                                                                                        MOVX r1, #1
.delay_slot
.swstall delay_slot
        5214    0x00 0x00                                                                        NOPX
.delay_slot
.swstall delay_slot
        5216    0x00 0x00                                                                        NOPX
.delay_slot
.swstall delay_slot
        5218    0x00 0x00                                                                        NOPX
.delay_slot
.swstall delay_slot
        5220    0x00 0x2c 0xf0 0x00 0x20 0x00 0x00 0x00 0x00 0xad 0x81 0x36                      NOPA;                         NOPB;                         NOPS;                         NOPX
.return_address
.no_stack_arguments
        5232    0x00 0x21 0x00 0x00 0x02 0xfc 0x00 0x00 0x40 0xba                                MOVA r1, #1;                                                                              JL #6112
.delay_slot
        5242    0x10 0x00 0xc9 0x18                                                                                                                                                        MOVX r0, #50
.delay_slot
.swstall delay_slot
        5246    0x00 0x00                                                                        NOPX
.delay_slot
.swstall delay_slot
        5248    0x00 0x00                                                                        NOPX
.delay_slot
.swstall delay_slot
        5250    0x00 0x00                                                                        NOPX
.delay_slot
.swstall delay_slot
        5252    0x00 0x2c 0xf0 0x00 0x20 0x00 0x00 0x00 0x00 0xad 0x81 0x36                      NOPA;                         NOPB;                         NOPS;                         NOPX
.return_address
.no_stack_arguments
        5264    0xff 0xe1 0x00 0x00 0x02 0xf8 0x00 0x00 0x40 0xba                                MOVA r1, #-1;                                                                             JL #6080
.delay_slot
        5274    0x10 0x00 0xcd 0x18                                                                                                                                                        MOVX r0, #51
.delay_slot
.swstall delay_slot
        5278    0x00 0x00                                                                        NOPX
.delay_slot
.swstall delay_slot
        5280    0x00 0x00                                                                        NOPX
.delay_slot
.swstall delay_slot
        5282    0x00 0x00                                                                        NOPX
.delay_slot
.swstall delay_slot
        5284    0x00 0x2c 0xf0 0x00 0x20 0x00 0x00 0x00 0x00 0xad 0x81 0x36                      NOPA;                         NOPB;                         NOPS;                         NOPX
.return_address
.no_stack_arguments
        5296    0x06 0x20 0x00 0x00 0x02 0xf8 0x00 0x00 0x40 0xba                                MOVA r0, #49;                                                                             JL #6080
.delay_slot
        5306    0x17 0xc2 0xfd 0x18                                                                                                                                                        MOVX r1, #-1
.delay_slot
.swstall delay_slot
        5310    0x00 0x00                                                                        NOPX
.delay_slot
.swstall delay_slot
        5312    0x00 0x00                                                                        NOPX
.delay_slot
.swstall delay_slot
        5314    0x00 0x00                                                                        NOPX
.delay_slot
.swstall delay_slot
        5316    0x00 0x2c 0xf0 0x00 0x20 0x00 0x00 0x00 0x00 0xad 0x81 0x36                      NOPA;                         NOPB;                         NOPS;                         NOPX
.return_address
.no_stack_arguments
        5328    0x00 0x0c 0x00 0x00 0x01 0x04                                                                                                                                              JL #6144
.delay_slot
        5334    0x00 0x07 0xc0 0xd4 0x00 0x44                                                                                                                                              MOVXM p0, #510464
.delay_slot
        5340    0x00 0x07 0x92 0xc8 0x00 0x44                                                                                                                                              MOVXM p1, #496640
.delay_slot
        5346    0x1a 0x6c 0xc0 0xf8                                                                                                                                                                                      MOV p2, p6
.delay_slot
.swstall delay_slot
        5350    0x00 0x00                                                                        NOPX
.delay_slot
.swstall delay_slot
        5352    0x00 0x2c 0xf0 0x04 0x00 0x00 0x1c 0x22                                          NOPA;                                                                                                                                                           NOPV
.return_address
.no_stack_arguments
        5360    0x06 0x00 0x00 0x00 0x02 0xfc 0x00 0x00 0x40 0xba                                MOVA r0, #48;                                                                             JL #6112
.delay_slot
        5370    0x10 0x02 0x05 0x18                                                                                                                                                        MOVX r1, #1
.delay_slot
.swstall delay_slot
        5374    0x00 0x00                                                                        NOPX
.delay_slot
.swstall delay_slot
        5376    0x00 0x00                                                                        NOPX
.delay_slot
.swstall delay_slot
        5378    0x00 0x00                                                                        NOPX
.delay_slot
.swstall delay_slot
        5380    0x00 0x2c 0xf0 0x00 0x20 0x00 0x00 0x00 0x00 0xad 0x81 0x36                      NOPA;                         NOPB;                         NOPS;                         NOPX
.return_address
.no_stack_arguments
        5392    0x06 0x20 0x00 0x00 0x02 0xf8 0x00 0x00 0x40 0xba                                MOVA r0, #49;                                                                             JL #6080
.delay_slot
        5402    0x17 0xc2 0xfd 0x18                                                                                                                                                        MOVX r1, #-1
.delay_slot
.swstall delay_slot
        5406    0x00 0x00                                                                        NOPX
.delay_slot
.swstall delay_slot
        5408    0x00 0x00                                                                        NOPX
.delay_slot
.swstall delay_slot
        5410    0x00 0x00                                                                        NOPX
.delay_slot
.swstall delay_slot
        5412    0x00 0x2c 0xf0 0x00 0x20 0x00 0x00 0x00 0x00 0xad 0x81 0x36                      NOPA;                         NOPB;                         NOPS;                         NOPX
.return_address
.no_stack_arguments
        5424    0x00 0x0c 0x00 0x00 0x01 0x04                                                                                                                                              JL #6144
.delay_slot
        5430    0x00 0x07 0xd0 0xd8 0x00 0x44                                                                                                                                              MOVXM p0, #515072
.delay_slot
        5436    0x00 0x07 0x92 0xc8 0x00 0x44                                                                                                                                              MOVXM p1, #496640
.delay_slot
        5442    0x1a 0x6c 0xc0 0xf8                                                                                                                                                                                      MOV p2, p6
.delay_slot
.swstall delay_slot
        5446    0x00 0x00                                                                        NOPX
.delay_slot
.swstall delay_slot
        5448    0x00 0x2c 0xf0 0x04 0x00 0x00 0x1c 0x22                                          NOPA;                                                                                                                                                           NOPV
.return_address
.no_stack_arguments
        5456    0x06 0x00 0x00 0x00 0x02 0xfc 0x00 0x00 0x40 0xba                                MOVA r0, #48;                                                                             JL #6112
.delay_slot
        5466    0x10 0x02 0x05 0x18                                                                                                                                                        MOVX r1, #1
.delay_slot
.swstall delay_slot
        5470    0x00 0x00                                                                        NOPX
.delay_slot
.swstall delay_slot
        5472    0x00 0x00                                                                        NOPX
.delay_slot
.swstall delay_slot
        5474    0x00 0x00                                                                        NOPX
.delay_slot
.swstall delay_slot
        5476    0x00 0x2c 0xf0 0x00 0x20 0x00 0x00 0x00 0x00 0xad 0x81 0x36                      NOPA;                         NOPB;                         NOPS;                         NOPX
.return_address
.no_stack_arguments
        5488    0x06 0x20 0x00 0x00 0x02 0xf8 0x00 0x00 0x40 0xba                                MOVA r0, #49;                                                                             JL #6080
.delay_slot
        5498    0x17 0xc2 0xfd 0x18                                                                                                                                                        MOVX r1, #-1
.delay_slot
.swstall delay_slot
        5502    0x00 0x00                                                                        NOPX
.delay_slot
.swstall delay_slot
        5504    0x00 0x00                                                                        NOPX
.delay_slot
.swstall delay_slot
        5506    0x00 0x00                                                                        NOPX
.delay_slot
.swstall delay_slot
        5508    0x00 0x2c 0xf0 0x00 0x20 0x00 0x00 0x00 0x00 0xad 0x81 0x36                      NOPA;                         NOPB;                         NOPS;                         NOPX
.return_address
.no_stack_arguments
        5520    0x00 0x0c 0x00 0x00 0x01 0x04                                                                                                                                              JL #6144
.delay_slot
        5526    0x00 0x07 0xc0 0xd4 0x00 0x44                                                                                                                                              MOVXM p0, #510464
.delay_slot
        5532    0x00 0x07 0x92 0xc8 0x00 0x44                                                                                                                                              MOVXM p1, #496640
.delay_slot
        5538    0x1a 0x6c 0xc0 0xf8                                                                                                                                                                                      MOV p2, p6
.delay_slot
.swstall delay_slot
        5542    0x00 0x00                                                                        NOPX
.delay_slot
.swstall delay_slot
        5544    0x00 0x2c 0xf0 0x04 0x00 0x00 0x1c 0x22                                          NOPA;                                                                                                                                                           NOPV
.return_address
.no_stack_arguments
        5552    0x06 0x00 0x00 0x00 0x02 0xfc 0x00 0x00 0x40 0xba                                MOVA r0, #48;                                                                             JL #6112
.delay_slot
        5562    0x10 0x02 0x05 0x18                                                                                                                                                        MOVX r1, #1
.delay_slot
.swstall delay_slot
        5566    0x00 0x00                                                                        NOPX
.delay_slot
.swstall delay_slot
        5568    0x00 0x00                                                                        NOPX
.delay_slot
.swstall delay_slot
        5570    0x00 0x00                                                                        NOPX
.delay_slot
.swstall delay_slot
        5572    0x00 0x2c 0xf0 0x00 0x20 0x00 0x00 0x00 0x00 0xad 0x81 0x36                      NOPA;                         NOPB;                         NOPS;                         NOPX
.return_address
.no_stack_arguments
        5584    0x06 0x20 0x00 0x00 0x02 0xf8 0x00 0x00 0x40 0xba                                MOVA r0, #49;                                                                             JL #6080
.delay_slot
        5594    0x17 0xc2 0xfd 0x18                                                                                                                                                        MOVX r1, #-1
.delay_slot
.swstall delay_slot
        5598    0x00 0x00                                                                        NOPX
.delay_slot
.swstall delay_slot
        5600    0x00 0x00                                                                        NOPX
.delay_slot
.swstall delay_slot
        5602    0x00 0x00                                                                        NOPX
.delay_slot
.swstall delay_slot
        5604    0x00 0x2c 0xf0 0x00 0x20 0x00 0x00 0x00 0x00 0xad 0x81 0x36                      NOPA;                         NOPB;                         NOPS;                         NOPX
.return_address
.no_stack_arguments
        5616    0x00 0x0c 0x00 0x00 0x01 0x04                                                                                                                                              JL #6144
.delay_slot
        5622    0x00 0x07 0xd0 0xd8 0x00 0x44                                                                                                                                              MOVXM p0, #515072
.delay_slot
        5628    0x00 0x07 0x92 0xc8 0x00 0x44                                                                                                                                              MOVXM p1, #496640
.delay_slot
        5634    0x1a 0x6c 0xc0 0xf8                                                                                                                                                                                      MOV p2, p6
.delay_slot
.swstall delay_slot
        5638    0x00 0x00                                                                        NOPX
.delay_slot
.swstall delay_slot
        5640    0x00 0x2c 0xf0 0x04 0x00 0x00 0x1c 0x22                                          NOPA;                                                                                                                                                           NOPV
.return_address
.no_stack_arguments
        5648    0x06 0x00 0x00 0x00 0x02 0xfc 0x00 0x00 0x40 0xba                                MOVA r0, #48;                                                                             JL #6112
.delay_slot
        5658    0x10 0x02 0x05 0x18                                                                                                                                                        MOVX r1, #1
.delay_slot
.swstall delay_slot
        5662    0x00 0x00                                                                        NOPX
.delay_slot
.swstall delay_slot
        5664    0x00 0x00                                                                        NOPX
.delay_slot
.swstall delay_slot
        5666    0x00 0x00                                                                        NOPX
.delay_slot
.swstall delay_slot
        5668    0x00 0x2c 0xf0 0x00 0x20 0x00 0x00 0x00 0x00 0xad 0x81 0x36                      NOPA;                         NOPB;                         NOPS;                         NOPX
.return_address
.no_stack_arguments
        5680    0x06 0x20 0x00 0x00 0x02 0xf8 0x00 0x00 0x40 0xba                                MOVA r0, #49;                                                                             JL #6080
.delay_slot
        5690    0x17 0xc2 0xfd 0x18                                                                                                                                                        MOVX r1, #-1
.delay_slot
.swstall delay_slot
        5694    0x00 0x00                                                                        NOPX
.delay_slot
.swstall delay_slot
        5696    0x00 0x00                                                                        NOPX
.delay_slot
.swstall delay_slot
        5698    0x00 0x00                                                                        NOPX
.delay_slot
.swstall delay_slot
        5700    0x00 0x2c 0xf0 0x00 0x20 0x00 0x00 0x00 0x00 0xad 0x81 0x36                      NOPA;                         NOPB;                         NOPS;                         NOPX
.return_address
.no_stack_arguments
        5712    0x00 0x0c 0x00 0x00 0x01 0x04                                                                                                                                              JL #6144
.delay_slot
        5718    0x00 0x07 0xc0 0xd4 0x00 0x44                                                                                                                                              MOVXM p0, #510464
.delay_slot
        5724    0x00 0x07 0x92 0xc8 0x00 0x44                                                                                                                                              MOVXM p1, #496640
.delay_slot
        5730    0x1a 0x6c 0xc0 0xf8                                                                                                                                                                                      MOV p2, p6
.delay_slot
.swstall delay_slot
        5734    0x00 0x00                                                                        NOPX
.delay_slot
.swstall delay_slot
        5736    0x00 0x2c 0xf0 0x04 0x00 0x00 0x1c 0x22                                          NOPA;                                                                                                                                                           NOPV
.return_address
.no_stack_arguments
        5744    0x06 0x00 0x00 0x00 0x02 0xfc 0x00 0x00 0x40 0xba                                MOVA r0, #48;                                                                             JL #6112
.delay_slot
        5754    0x10 0x02 0x05 0x18                                                                                                                                                        MOVX r1, #1
.delay_slot
.swstall delay_slot
        5758    0x00 0x00                                                                        NOPX
.delay_slot
.swstall delay_slot
        5760    0x00 0x00                                                                        NOPX
.delay_slot
.swstall delay_slot
        5762    0x00 0x00                                                                        NOPX
.delay_slot
.swstall delay_slot
        5764    0x00 0x2c 0xf0 0x00 0x20 0x00 0x00 0x00 0x00 0xad 0x81 0x36                      NOPA;                         NOPB;                         NOPS;                         NOPX
.return_address
.no_stack_arguments
        5776    0x00 0x0b 0xe0 0x00 0x01 0x04                                                                                                                                              JL #6080
.delay_slot
        5782    0x06 0x20 0x00 0x00 0x00 0x07 0x31 0x08 0x10 0xba                                MOVA r0, #49;                                                                             MOVXM p6, #4624
.delay_slot
        5792    0x17 0xc2 0xfd 0x18                                                                                                                                                        MOVX r1, #-1
.delay_slot
.swstall delay_slot
        5796    0x00 0x00                                                                        NOPX
.delay_slot
.swstall delay_slot
        5798    0x00 0x00                                                                        NOPX
.delay_slot
.swstall delay_slot
        5800    0x00 0x2c 0xf0 0x04 0x00 0x00 0x1c 0x22                                          NOPA;                                                                                                                                                           NOPV
.return_address
.no_stack_arguments
        5808    0x00 0x0c 0x00 0x00 0x01 0x04                                                                                                                                              JL #6144
.delay_slot
        5814    0x00 0x07 0xd0 0xd8 0x00 0x44                                                                                                                                              MOVXM p0, #515072
.delay_slot
        5820    0x00 0x07 0x92 0xc8 0x00 0x44                                                                                                                                              MOVXM p1, #496640
.delay_slot
        5826    0x1a 0x6e 0xc0 0xf8                                                                                                                                                                                      MOV p2, p7
.delay_slot
.swstall delay_slot
        5830    0x00 0x00                                                                        NOPX
.delay_slot
.swstall delay_slot
        5832    0x00 0x2c 0xf0 0x04 0x00 0x00 0x1c 0x22                                          NOPA;                                                                                                                                                           NOPV
.return_address
.no_stack_arguments
        5840    0x06 0x00 0x00 0x00 0x02 0xfc 0x00 0x00 0x40 0xba                                MOVA r0, #48;                                                                             JL #6112
.delay_slot
        5850    0x10 0x02 0x05 0x18                                                                                                                                                        MOVX r1, #1
.delay_slot
.swstall delay_slot
        5854    0x00 0x00                                                                        NOPX
.delay_slot
.swstall delay_slot
        5856    0x00 0x00                                                                        NOPX
.delay_slot
.swstall delay_slot
        5858    0x00 0x00                                                                        NOPX
.delay_slot
.swstall delay_slot
        5860    0x00 0x2c 0xf0 0x00 0x20 0x00 0x00 0x00 0x00 0xad 0x81 0x36                      NOPA;                         NOPB;                         NOPS;                         NOPX
.return_address
.no_stack_arguments
        5872    0x00 0x21 0x00 0x00 0x02 0xfc 0x00 0x00 0x40 0xba                                MOVA r1, #1;                                                                              JL #6112
.delay_slot
        5882    0x10 0x00 0xc9 0x18                                                                                                                                                        MOVX r0, #50
.delay_slot
.swstall delay_slot
        5886    0x00 0x00                                                                        NOPX
.delay_slot
.swstall delay_slot
        5888    0x00 0x00                                                                        NOPX
.delay_slot
.swstall delay_slot
        5890    0x00 0x00                                                                        NOPX
.delay_slot
.swstall delay_slot
        5892    0x00 0x2c 0xf0 0x00 0x20 0x00 0x00 0x00 0x00 0xad 0x81 0x36                      NOPA;                         NOPB;                         NOPS;                         NOPX
.return_address
        5904    0x12 0x95 0xa0 0x18                                                                                                                                                        JNZD r10, r10, p6
.delay_slot
.swstall delay_slot
        5908    0x00 0x00                                                                        NOPX
.delay_slot
.swstall delay_slot
        5910    0x00 0x00                                                                        NOPX
.delay_slot
.swstall delay_slot
        5912    0x00 0x00                                                                        NOPX
.delay_slot
.swstall delay_slot
        5914    0x00 0x00                                                                        NOPX
.delay_slot
.swstall delay_slot
        5916    0x00 0x00                                                                        NOPX
.loop_nesting 1
.no_stack_arguments
        5918    0x06 0xa0 0x00 0x00 0x02 0xfc 0x00 0x00 0x40 0xba                                MOVA r0, #53;                                                                             JL #6112
.delay_slot
        5928    0x10 0x02 0x05 0x18                                                                                                                                                        MOVX r1, #1
.delay_slot
.swstall delay_slot
        5932    0x00 0x00                                                                        NOPX
.delay_slot
.swstall delay_slot
        5934    0x00 0x00                                                                        NOPX
.delay_slot
.swstall delay_slot
        5936    0x00 0x00                                                                        NOPX
.delay_slot
.swstall delay_slot
        5938    0x00 0x2c 0xf0 0x02 0xb6 0x00 0x00 0x40 0x1a 0x57 0x00 0x00 0x1c 0x2e            NOPA;                                                       NOPS;                                                       NOPM;                                   NOPV
.return_address
        5952    0xfa 0x46 0x20 0x3f 0x27 0xca 0x08 0x00 0x58 0xba                                LDA r17, [sp, #-48];                                                                      MOVX r18, #-2;                MOV r16, #0
        5962    0x5c 0xa5 0x9d 0x20 0x01 0x64                                                                                                                                              LTU r18, r11, r18;            MOV r26, #0
        5968    0x00 0x00                                                                        NOPX
        5970    0x00 0x00                                                                        NOPX
        5972    0x00 0x00                                                                        NOPX
        5974    0x00 0x00                                                                        NOPX
        5976    0x00 0x00                                                                        NOPX
        5978    0x14 0x66 0xd0 0x18                                                                                                                                                        EQZ r19, r17
        5982    0x14 0xe5 0x24 0x98                                                                                                                                                        AND r18, r19, r18
        5986    0x14 0xa1 0x05 0x98                                                                                                                                                        OR r16, r18, r16
        5990    0x80 0x00 0xa0 0x40 0x01 0x84                                                                                                                                              JNZ r16, #320
.delay_slot
        5996    0x12 0xd6 0x07 0x18                                                                                                                                                        ADD r11, r11, #1
.delay_slot
        6000    0x14 0x63 0xa2 0x98                                                                                                                                                        ADC r17, r17, r26
.delay_slot
        6004    0x0f 0xd2 0x35 0x98                                                                                                                          ST r17, [sp, #-48]
.delay_slot
.swstall delay_slot
        6008    0x00 0x00                                                                        NOPX
.delay_slot
.swstall delay_slot
        6010    0x00 0x00                                                                        NOPX
.loop_nesting 0
        6012    0x07 0xd4 0x39 0x18                                                              LDA lr, [sp, #-44]
        6016    0x07 0xd9 0x51 0x18                                                              LDA r10, [sp, #-40]
        6020    0x07 0xdd 0x71 0x18                                                              LDA r11, [sp, #-36]
        6024    0x07 0xe1 0x91 0x18                                                              LDA r12, [sp, #-32]
        6028    0x07 0xe9 0xb1 0x18                                                              LDA r13, [sp, #-24]
        6032    0x07 0xf1 0xd1 0x18                                                              LDA r14, [sp, #-16]
        6036    0x07 0xf5 0xf1 0x18                                                              LDA r15, [sp, #-12]
        6040    0x07 0xf9 0x11 0x18                                                              LDA r8, [sp, #-8]
        6044    0x07 0xfd 0x31 0x18                                                              LDA r9, [sp, #-4]
        6048    0x07 0xe7 0x19 0x18                                                              LDA p6, [sp, #-28]
        6052    0x07 0xef 0x99 0x18                                                              LDA p7, [sp, #-20]
        6056    0x10 0x28 0x00 0x18                                                                                                                                                        RET lr
.delay_slot
        6060    0xff 0xf8 0x00 0x00 0x01 0xc4                                                                                                                                              PADDXM [sp], #-64
.delay_slot
.swstall delay_slot
        6066    0x00 0x00                                                                        NOPX
.delay_slot
.swstall delay_slot
        6068    0x00 0x00                                                                        NOPX
.delay_slot
.swstall delay_slot
        6070    0x00 0x00                                                                        NOPX
.delay_slot
.swstall delay_slot
        6072    0x00 0x00                                                                        NOPX
.label core_4_5__end

.text_segment PM   6080
.label llvm___aie2p___acquire
.function_start
        6080    0x10 0x12 0x18 0x18                                                                                                                                                        ACQ r0, r1
        6084    0x10 0x28 0x00 0x18                                                                                                                                                        RET lr
.delay_slot
.swstall delay_slot
        6088    0x00 0x00                                                                        NOPX
.delay_slot
.swstall delay_slot
        6090    0x00 0x00                                                                        NOPX
.delay_slot
.swstall delay_slot
        6092    0x00 0x00                                                                        NOPX
.delay_slot
.swstall delay_slot
        6094    0x00 0x00                                                                        NOPX
.delay_slot
.swstall delay_slot
        6096    0x00 0x00                                                                        NOPX
.label llvm___aie2p___acquire__end

.text_segment PM   6112
.label llvm___aie2p___release
.function_start
        6112    0x10 0x10 0x18 0x18                                                                                                                                                        REL r0, r1
        6116    0x10 0x28 0x00 0x18                                                                                                                                                        RET lr
.delay_slot
.swstall delay_slot
        6120    0x00 0x00                                                                        NOPX
.delay_slot
.swstall delay_slot
        6122    0x00 0x00                                                                        NOPX
.delay_slot
.swstall delay_slot
        6124    0x00 0x00                                                                        NOPX
.delay_slot
.swstall delay_slot
        6126    0x00 0x00                                                                        NOPX
.delay_slot
.swstall delay_slot
        6128    0x00 0x00                                                                        NOPX
.label llvm___aie2p___release__end

.text_segment PM   6144
.label matmul_vectorized_bfp16
.function_start
        6144    0x00 0xa2 0x00 0x00 0x01 0xf9 0xb7 0x00 0x10 0xba                                MOVA r2, #5;                                                                              MOVXM p3, #519680
        6154    0x60 0xca 0xd0 0x00 0x80 0x00 0x88 0x40 0x58 0xba                                LDA r18, [p3];                                                                            EVENT #0;                     MOV r4, #64
        6164    0x61 0x93 0x00 0x00 0x00 0x04 0x7c 0x60 0x10 0xba                                MOVA r19, #780;                                                                           MOVXM ls, #6336
        6174    0x00 0x15 0x00 0x00 0x00 0x05 0xbd 0xa0 0x10 0xba                                MOVA r21, #0;                                                                             MOVXM le, #6976
        6184    0x00 0x18 0x00 0x00 0x04 0x00 0x00 0x00 0x70 0xba                                MOVA r24, #0;                                                                             PADDXM [sp], #128
        6194    0x01 0x03 0x24 0x20 0xe5 0xe4                                                                                                                                              MOVX r4, #6;                  VBCST.8 x4, r4
        6200    0x1a 0xe0 0x72 0xf8                                                                                                                                                                                      VBCST.8 x5, r24
        6204    0x80 0x40 0x20 0xa0 0x20 0x44                                                                                                                                              MOVXM r1, #-2143281136
        6210    0x96 0xc4 0xf1 0x32 0x01 0x24                                                                                                                                              EQ r27, r18, r2;              ADD.NC r2, r18, #1
        6216    0x12 0x02 0x00 0x05 0x4c 0x12 0x2a 0x60 0x78 0xba                                MOVA r2, #144;                                                                            SEL.EQZ r20, r2, r24, r27;    MOV r17, p2
        6226    0x60 0xd2 0x30 0x02 0x01 0x00 0x09 0x00 0x91 0x3a                                                                                            ST r20, [p3];                 MOVXM r0, #134480385
        6236    0x1c 0x2a 0x04 0x38                                                                                                                                                                                      VSEL.8 x8, x5, x4, r1:r0
        6240    0x00 0x07 0xe8 0xdc 0x08 0x44                                                                                                                                              MOVXM p4, #519684
        6246    0x80 0x9c 0x50 0x1f 0xdf 0xdc 0x6f 0xbf 0x90 0xba                                LDA.s8 r7, [p4];                                                                          MOVXM r3, #2139062143
        6256    0x1c 0x03 0x9c 0xf8                                                                                                                                                                                      MOV el8, r3
        6260    0x20 0xd0 0x28 0x87 0x39 0xe4                                                                                                                                              MOVX r3, #288;                MOV eh8, r3
        6266    0x00 0x00 0x0a 0x3b 0x00 0x44                                                                                                                                              MOVXM r20, #3456
        6272    0x00 0x32 0x00 0x25 0x1a 0x30 0x08 0x60 0x78 0xba                                MOVA r18, #1;                                                                             MAC r17, r17, r18, r20;       MOV r0, p0
        6282    0x18 0x52 0xc0 0xf8                                                                                                                                                                                      MOV r1, p1
        6286    0x00 0x00 0x16 0xd1 0x40 0x44                                                                                                                                              MOVXM p3, #6304
        6292    0x00 0x2c 0xf3 0xf5 0x00 0x2c                                                    NOPA;                                                                                     MOVX crRnd, r7
        6298    0x00 0x00 0x03 0xb2 0x00 0x44                                                                                                                                              MOVXM r7, #2304
.label TGT_Fmatmul_vectorized_bfp16_160
.loop_nesting 1
        6304    0x00 0xc5 0x40 0x2b 0x42 0x7e 0xe8 0x10 0x78 0xba                                MOVA lc, #6;                                                                              MUL r20, r21, r4;             MOV r23, r0
        6314    0x3d 0xea 0xca 0xa0 0x01 0x64                                                                                                                                              MAC r23, r23, r7, r21;        MOV r21, #0
        6320    0x10 0xe9 0x4f 0x98                                                                                                                                                        MUL r20, r3, r20
        6324    0x00 0x2c 0xf0 0x00 0x20 0x01 0x5b 0x00 0x25 0xd0 0x70 0xf6                      NOPA;                         NOPB;                         NOPS;                                                       MOV dn0, r23
.label ZLS_Fmatmul_vectorized_bfp16_192
.loop_nesting 2
.begin_of_loop
        6336    0x00 0x00                                                                        NOPX
        6338    0x10 0xad 0x40 0x98                                                                                                                                                        ADD r22, r2, r20
        6342    0x06 0x00 0x20 0xd1 0xb2 0xa4                                                                                                                                              MOVX r24, #0;                 ADD.NC p0, r17, r22
        6348    0x3c 0x14 0x14 0x18                                                                                            VLDB.FILL.512 [p0, lf0, r24]
        6352    0x04 0x05 0xa8 0x01 0x90 0x08 0xb5 0x42 0xa8 0x3a                                                              VLDB.POP.576 ex11, [p0, lf0, r24];                          MOVX r25, #0;                 ADD.NC p1, r21, r1
        6362    0x22 0x81 0x74 0x05 0x28 0x3c                                                    VLDA.FILL.512 [p1, lf1, r25]; VLDB.POP.576 ex10, [p0, lf0, r24]
        6368    0x06 0x00 0xa8 0x01 0x80 0x08 0x30 0x40 0x78 0x3a                                                              VLDB.POP.576 ex1, [p1, lf1, r25];                           MOVX r24, #0;                 MOV p0, dn0
        6378    0xa0 0x19 0x78 0x28 0x28 0x3c                                                    VLDA.POP.576 ex3, [p1, lf1, r25];VLDB.FILL.512 [p0, lf0, r24]
        6384    0xa0 0x29 0x74 0x00 0x28 0x3c                                                    VLDA.POP.576 ex5, [p1, lf1, r25];VLDB.POP.576 ex0, [p0, lf0, r24]
.aggressive_scheduled_block_id 1
.aggressive_scheduled_block_id first
        6390    0xa0 0x39 0x74 0x01 0x28 0x3c                                                    VLDA.POP.576 ex7, [p1, lf1, r25];VLDB.POP.576 ex2, [p0, lf0, r24]
.aggressive_scheduled_block_id 1
.noswbrkpt
        6396    0x3b 0x00 0x54 0x18                                                                                            VLDB.POP.576 ex1, [p1, lf1, r25]
.aggressive_scheduled_block_id 1
.nohwbrkpt
.noswbrkpt
        6400    0x00 0x91 0x62 0x01 0x14 0x01 0x34 0x68 0xa6 0xba                                                              VLDB.POP.576 ex4, [p0, lf0, r24];MOVS dc0, p1;                                            ADD.NC p2, r17, r20
.aggressive_scheduled_block_id 1
.nohwbrkpt
.noswbrkpt
        6410    0x31 0x11 0x64 0x03 0x28 0x01 0x90 0x0b 0x6e 0x50 0x78 0x36                                                    VLDB.POP.576 ex6, [p0, lf0, r24];MOVS p1, p2;               MOVX r25, #0;                 MOV r27, r25
.aggressive_scheduled_block_id 1
.nohwbrkpt
.noswbrkpt
        6422    0x3d 0x14 0x14 0x18                                                                                            VLDB.FILL.512 [p1, lf1, r25]
.aggressive_scheduled_block_id 1
.nohwbrkpt
.noswbrkpt
        6426    0x03 0x01 0x94 0x00 0x99 0xf7 0x09 0x62                                                                        VLDB.POP.576 ex6, [p1, lf1, r25];                                                                                                 VMUL.f dm1, ex11, ex8, r19
.aggressive_scheduled_block_id 1
.nohwbrkpt
.noswbrkpt
        6434    0x03 0x00 0x94 0x00 0x9b 0xf5 0x09 0x62                                                                        VLDB.POP.576 ex2, [p1, lf1, r25];                                                                                                 VMUL.f dm3, ex10, ex8, r19
.aggressive_scheduled_block_id 1
.nohwbrkpt
.noswbrkpt
        6442    0x00 0x00                                                                        NOPX
.aggressive_scheduled_block_id 1
.nohwbrkpt
.noswbrkpt
        6444    0x04 0x82 0x5c 0xe6 0x99 0x24 0x29 0x62                                                                                                                                                                  VMOV ex9, ex1;                          VMAC.f dm1, dm1, ex2, ex1, r19
.aggressive_scheduled_block_id 1
.nohwbrkpt
.noswbrkpt
        6452    0xff 0xdd 0x60 0x02 0x9b 0x64 0x69 0x62                                                                                                      VST lfl1, [sp, #-64];                                                                               VMAC.f dm3, dm3, ex2, ex3, r19
.aggressive_scheduled_block_id 1
.nohwbrkpt
.noswbrkpt
        6460    0x0f 0xfa 0x6b 0x18                                                                                                                          VST lfh1, [sp, #-128]
.aggressive_scheduled_block_id 1
.nohwbrkpt
.noswbrkpt
        6464    0x99 0x2c 0xa9 0x48                                                                                                                                                                                                                              VMAC.f dm1, dm1, ex6, ex5, r19
.aggressive_scheduled_block_id 1
.nohwbrkpt
.noswbrkpt
        6468    0x02 0x00 0x14 0x00 0x9b 0x6c 0xe9 0x62                                                                        VLDB.POP.576 ex0, [p0, lf0, r24];                                                                                                 VMAC.f dm3, dm3, ex6, ex7, r19
.aggressive_scheduled_block_id 1
.nohwbrkpt
.noswbrkpt
        6476    0xff 0x48 0xf2 0x00 0x94 0x1d 0x98 0xed 0x09 0x4a                                VLDA lfh1, [sp, #-128];       VLDB.POP.576 ex2, [p0, lf0, r24];                                                                                                 VMUL.f dm0, ex6, ex8, r19
.aggressive_scheduled_block_id 1
.nohwbrkpt
.noswbrkpt
        6486    0xff 0xd8 0xf3 0x00 0x96 0x00 0x00 0x72 0xed 0x07 0x9a 0xe5 0x09 0x6e            VLDA lfl1, [sp, #-64];                                      MOVS p1, dc0;                                               MOV r25, r27;                           VMUL.f dm2, ex2, ex8, r19
.aggressive_scheduled_block_id 1
.nohwbrkpt
.noswbrkpt
        6500    0x3b 0x00 0xd4 0x18                                                                                            VLDB.POP.576 ex3, [p1, lf1, r25]
.aggressive_scheduled_block_id 1
.nohwbrkpt
.noswbrkpt
        6504    0x02 0x01 0x14 0x00 0x98 0x01 0x29 0x62                                                                        VLDB.POP.576 ex4, [p0, lf0, r24];                                                                                                 VMAC.f dm0, dm0, ex0, ex9, r19
.aggressive_scheduled_block_id 1
.nohwbrkpt
.noswbrkpt
        6512    0xa0 0x29 0x72 0x01 0x94 0x1d 0x9a 0x40 0x69 0x4a                                VLDA.POP.576 ex5, [p1, lf1, r25];VLDB.POP.576 ex6, [p0, lf0, r24];                                                                                              VMAC.f dm2, dm2, ex0, ex3, r19
.aggressive_scheduled_block_id 1
.nohwbrkpt
.noswbrkpt
        6522    0x00 0x00                                                                        NOPX
.aggressive_scheduled_block_id 1
.nohwbrkpt
.noswbrkpt
        6524    0xa0 0x39 0x74 0x14 0x14 0x1d 0x98 0x08 0xa9 0x4a                                VLDA.POP.576 ex7, [p1, lf1, r25];VLDB.FILL.512 [p0, lf0, r24];                                                                                                  VMAC.f dm0, dm0, ex4, ex5, r19
.aggressive_scheduled_block_id 1
.nohwbrkpt
.noswbrkpt
        6534    0x22 0x81 0x72 0x00 0x14 0x1d 0x9a 0x48 0xe9 0x4a                                VLDA.FILL.512 [p1, lf1, r25]; VLDB.POP.576 ex0, [p0, lf0, r24];                                                                                                 VMAC.f dm2, dm2, ex4, ex7, r19
.aggressive_scheduled_block_id 1
.nohwbrkpt
.noswbrkpt
        6544    0xa0 0x09 0x72 0x00 0x94 0x1d 0x99 0x24 0x29 0x4a                                VLDA.POP.576 ex1, [p1, lf1, r25];VLDB.POP.576 ex2, [p0, lf0, r24];                                                                                              VMAC.f dm1, dm1, ex2, ex1, r19
.aggressive_scheduled_block_id 1
.nohwbrkpt
.noswbrkpt
        6554    0x98 0x00 0x29 0x48                                                                                                                                                                                                                              VMAC.f dm0, dm0, ex0, ex1, r19
.aggressive_scheduled_block_id 1
.nohwbrkpt
.noswbrkpt
        6558    0x03 0x00 0xd4 0x00 0x9a 0x40 0x69 0x62                                                                        VLDB.POP.576 ex3, [p1, lf1, r25];                                                                                                 VMAC.f dm2, dm2, ex0, ex3, r19
.aggressive_scheduled_block_id 1
.nohwbrkpt
.noswbrkpt
        6566    0x02 0x01 0x14 0x00 0x9b 0x64 0x69 0x62                                                                        VLDB.POP.576 ex4, [p0, lf0, r24];                                                                                                 VMAC.f dm3, dm3, ex2, ex3, r19
.aggressive_scheduled_block_id 1
.nohwbrkpt
.noswbrkpt
        6574    0xa0 0x29 0x72 0x01 0x94 0x1d 0x99 0x2c 0xa9 0x4a                                VLDA.POP.576 ex5, [p1, lf1, r25];VLDB.POP.576 ex6, [p0, lf0, r24];                                                                                              VMAC.f dm1, dm1, ex6, ex5, r19
.aggressive_scheduled_block_id 1
.nohwbrkpt
.noswbrkpt
        6584    0x98 0x08 0xa9 0x48                                                                                                                                                                                                                              VMAC.f dm0, dm0, ex4, ex5, r19
.aggressive_scheduled_block_id 1
.nohwbrkpt
.noswbrkpt
        6588    0x03 0x01 0xd4 0x00 0x9a 0x48 0xe9 0x62                                                                        VLDB.POP.576 ex7, [p1, lf1, r25];                                                                                                 VMAC.f dm2, dm2, ex4, ex7, r19
.aggressive_scheduled_block_id 1
.nohwbrkpt
.noswbrkpt
        6596    0x02 0x00 0x14 0x00 0x9b 0x6c 0xe9 0x62                                                                        VLDB.POP.576 ex0, [p0, lf0, r24];                                                                                                 VMAC.f dm3, dm3, ex6, ex7, r19
.aggressive_scheduled_block_id 1
.nohwbrkpt
.noswbrkpt
        6604    0xa0 0x09 0x72 0x00 0x94 0x1d 0x99 0x24 0x29 0x4a                                VLDA.POP.576 ex1, [p1, lf1, r25];VLDB.POP.576 ex2, [p0, lf0, r24];                                                                                              VMAC.f dm1, dm1, ex2, ex1, r19
.aggressive_scheduled_block_id 1
.nohwbrkpt
.noswbrkpt
        6614    0x98 0x00 0x29 0x48                                                                                                                                                                                                                              VMAC.f dm0, dm0, ex0, ex1, r19
.aggressive_scheduled_block_id 1
.nohwbrkpt
.noswbrkpt
        6618    0x03 0x00 0xd4 0x00 0x9a 0x40 0x69 0x62                                                                        VLDB.POP.576 ex3, [p1, lf1, r25];                                                                                                 VMAC.f dm2, dm2, ex0, ex3, r19
.aggressive_scheduled_block_id 1
.nohwbrkpt
.noswbrkpt
        6626    0x02 0x01 0x14 0x00 0x9b 0x64 0x69 0x62                                                                        VLDB.POP.576 ex4, [p0, lf0, r24];                                                                                                 VMAC.f dm3, dm3, ex2, ex3, r19
.aggressive_scheduled_block_id 1
.nohwbrkpt
.noswbrkpt
        6634    0xa0 0x29 0x72 0x01 0x94 0x1d 0x99 0x2c 0xa9 0x4a                                VLDA.POP.576 ex5, [p1, lf1, r25];VLDB.POP.576 ex6, [p0, lf0, r24];                                                                                              VMAC.f dm1, dm1, ex6, ex5, r19
.aggressive_scheduled_block_id 1
.nohwbrkpt
.noswbrkpt
        6644    0x98 0x08 0xa9 0x48                                                                                                                                                                                                                              VMAC.f dm0, dm0, ex4, ex5, r19
.aggressive_scheduled_block_id 1
.nohwbrkpt
.noswbrkpt
        6648    0xa0 0x39 0x74 0x14 0x14 0x1d 0x9a 0x48 0xe9 0x4a                                VLDA.POP.576 ex7, [p1, lf1, r25];VLDB.FILL.512 [p0, lf0, r24];                                                                                                  VMAC.f dm2, dm2, ex4, ex7, r19
.aggressive_scheduled_block_id 1
.nohwbrkpt
.noswbrkpt
        6658    0x22 0x81 0x72 0x00 0x14 0x1d 0x9b 0x6c 0xe9 0x4a                                VLDA.FILL.512 [p1, lf1, r25]; VLDB.POP.576 ex0, [p0, lf0, r24];                                                                                                 VMAC.f dm3, dm3, ex6, ex7, r19
.aggressive_scheduled_block_id 1
.nohwbrkpt
.noswbrkpt
        6668    0xa0 0x09 0x72 0x00 0x94 0x1d 0x99 0x24 0x29 0x4a                                VLDA.POP.576 ex1, [p1, lf1, r25];VLDB.POP.576 ex2, [p0, lf0, r24];                                                                                              VMAC.f dm1, dm1, ex2, ex1, r19
.aggressive_scheduled_block_id 1
.nohwbrkpt
.noswbrkpt
        6678    0x98 0x00 0x29 0x48                                                                                                                                                                                                                              VMAC.f dm0, dm0, ex0, ex1, r19
.aggressive_scheduled_block_id 1
.nohwbrkpt
.noswbrkpt
        6682    0x03 0x00 0xd4 0x00 0x9a 0x40 0x69 0x62                                                                        VLDB.POP.576 ex3, [p1, lf1, r25];                                                                                                 VMAC.f dm2, dm2, ex0, ex3, r19
.aggressive_scheduled_block_id 1
.nohwbrkpt
.noswbrkpt
        6690    0x02 0x01 0x14 0x00 0x9b 0x64 0x69 0x62                                                                        VLDB.POP.576 ex4, [p0, lf0, r24];                                                                                                 VMAC.f dm3, dm3, ex2, ex3, r19
.aggressive_scheduled_block_id 1
.nohwbrkpt
.noswbrkpt
        6698    0xa0 0x29 0x72 0x01 0x94 0x1d 0x99 0x2c 0xa9 0x4a                                VLDA.POP.576 ex5, [p1, lf1, r25];VLDB.POP.576 ex6, [p0, lf0, r24];                                                                                              VMAC.f dm1, dm1, ex6, ex5, r19
.aggressive_scheduled_block_id 1
.nohwbrkpt
.noswbrkpt
        6708    0x98 0x08 0xa9 0x48                                                                                                                                                                                                                              VMAC.f dm0, dm0, ex4, ex5, r19
.aggressive_scheduled_block_id 1
.nohwbrkpt
.noswbrkpt
        6712    0x03 0x01 0xd4 0x00 0x9a 0x48 0xe9 0x62                                                                        VLDB.POP.576 ex7, [p1, lf1, r25];                                                                                                 VMAC.f dm2, dm2, ex4, ex7, r19
.aggressive_scheduled_block_id 1
.nohwbrkpt
.noswbrkpt
        6720    0x02 0x00 0x14 0x00 0x9b 0x6c 0xe9 0x62                                                                        VLDB.POP.576 ex0, [p0, lf0, r24];                                                                                                 VMAC.f dm3, dm3, ex6, ex7, r19
.aggressive_scheduled_block_id 1
.nohwbrkpt
.noswbrkpt
        6728    0xa0 0x09 0x72 0x00 0x94 0x1d 0x99 0x24 0x29 0x4a                                VLDA.POP.576 ex1, [p1, lf1, r25];VLDB.POP.576 ex2, [p0, lf0, r24];                                                                                              VMAC.f dm1, dm1, ex2, ex1, r19
.aggressive_scheduled_block_id 1
.nohwbrkpt
.noswbrkpt
        6738    0x98 0x00 0x29 0x48                                                                                                                                                                                                                              VMAC.f dm0, dm0, ex0, ex1, r19
.aggressive_scheduled_block_id 1
.nohwbrkpt
.noswbrkpt
        6742    0x03 0x00 0xd4 0x00 0x9a 0x40 0x69 0x62                                                                        VLDB.POP.576 ex3, [p1, lf1, r25];                                                                                                 VMAC.f dm2, dm2, ex0, ex3, r19
.aggressive_scheduled_block_id 1
.nohwbrkpt
.noswbrkpt
        6750    0x02 0x01 0x14 0x00 0x9b 0x64 0x69 0x62                                                                        VLDB.POP.576 ex4, [p0, lf0, r24];                                                                                                 VMAC.f dm3, dm3, ex2, ex3, r19
.aggressive_scheduled_block_id 1
.nohwbrkpt
.noswbrkpt
        6758    0xa0 0x29 0x72 0x01 0x94 0x1d 0x99 0x2c 0xa9 0x4a                                VLDA.POP.576 ex5, [p1, lf1, r25];VLDB.POP.576 ex6, [p0, lf0, r24];                                                                                              VMAC.f dm1, dm1, ex6, ex5, r19
.aggressive_scheduled_block_id 1
.nohwbrkpt
.noswbrkpt
        6768    0x98 0x08 0xa9 0x48                                                                                                                                                                                                                              VMAC.f dm0, dm0, ex4, ex5, r19
.aggressive_scheduled_block_id 1
.nohwbrkpt
.noswbrkpt
        6772    0xa0 0x39 0x74 0x14 0x14 0x1d 0x9a 0x48 0xe9 0x4a                                VLDA.POP.576 ex7, [p1, lf1, r25];VLDB.FILL.512 [p0, lf0, r24];                                                                                                  VMAC.f dm2, dm2, ex4, ex7, r19
.aggressive_scheduled_block_id 1
.nohwbrkpt
.noswbrkpt
        6782    0x22 0x81 0x72 0x00 0x14 0x1d 0x9b 0x6c 0xe9 0x4a                                VLDA.FILL.512 [p1, lf1, r25]; VLDB.POP.576 ex0, [p0, lf0, r24];                                                                                                 VMAC.f dm3, dm3, ex6, ex7, r19
.aggressive_scheduled_block_id 1
.nohwbrkpt
.noswbrkpt
        6792    0xa0 0x09 0x72 0x00 0x94 0x1d 0x99 0x24 0x29 0x4a                                VLDA.POP.576 ex1, [p1, lf1, r25];VLDB.POP.576 ex2, [p0, lf0, r24];                                                                                              VMAC.f dm1, dm1, ex2, ex1, r19
.aggressive_scheduled_block_id 1
.nohwbrkpt
.noswbrkpt
        6802    0x98 0x00 0x29 0x48                                                                                                                                                                                                                              VMAC.f dm0, dm0, ex0, ex1, r19
.aggressive_scheduled_block_id 1
.nohwbrkpt
.noswbrkpt
        6806    0x03 0x00 0xd4 0x00 0x9a 0x40 0x69 0x62                                                                        VLDB.POP.576 ex3, [p1, lf1, r25];                                                                                                 VMAC.f dm2, dm2, ex0, ex3, r19
.aggressive_scheduled_block_id 1
.nohwbrkpt
.noswbrkpt
        6814    0x9b 0x64 0x69 0x48                                                                                                                                                                                                                              VMAC.f dm3, dm3, ex2, ex3, r19
.aggressive_scheduled_block_id 1
.noswbrkpt
        6818    0xa0 0x29 0x72 0x01 0x14 0x1d 0x99 0x2c 0xa9 0x4a                                VLDA.POP.576 ex5, [p1, lf1, r25];VLDB.POP.576 ex4, [p0, lf0, r24];                                                                                              VMAC.f dm1, dm1, ex6, ex5, r19
.aggressive_scheduled_block_id 1
.nohwbrkpt
.noswbrkpt
        6828    0x02 0x01 0x94 0x00 0x98 0x08 0xa9 0x62                                                                        VLDB.POP.576 ex6, [p0, lf0, r24];                                                                                                 VMAC.f dm0, dm0, ex4, ex5, r19
.aggressive_scheduled_block_id 1
.nohwbrkpt
.noswbrkpt
        6836    0x03 0x01 0xd4 0x00 0x9a 0x48 0xe9 0x62                                                                        VLDB.POP.576 ex7, [p1, lf1, r25];                                                                                                 VMAC.f dm2, dm2, ex4, ex7, r19
.aggressive_scheduled_block_id 1
.nohwbrkpt
.noswbrkpt
        6844    0xa0 0x09 0x72 0x00 0x14 0x1d 0x9b 0x6c 0xe9 0x4a                                VLDA.POP.576 ex1, [p1, lf1, r25];VLDB.POP.576 ex0, [p0, lf0, r24];                                                                                              VMAC.f dm3, dm3, ex6, ex7, r19
.aggressive_scheduled_block_id 1
.nohwbrkpt
.noswbrkpt
        6854    0x99 0x24 0x29 0x48                                                                                                                                                                                                                              VMAC.f dm1, dm1, ex2, ex1, r19
.aggressive_scheduled_block_id 1
.nohwbrkpt
.noswbrkpt
        6858    0x80 0x11 0x73 0x00 0xd4 0x1d 0x98 0x00 0x29 0x4a                                VLDA.POP.576 ex2, [p0, lf0, r24];VLDB.POP.576 ex3, [p1, lf1, r25];                                                                                              VMAC.f dm0, dm0, ex0, ex1, r19
.aggressive_scheduled_block_id 1
.nohwbrkpt
.noswbrkpt
        6868    0xa0 0x29 0x72 0x01 0x14 0x1d 0x9a 0x40 0x69 0x4a                                VLDA.POP.576 ex5, [p1, lf1, r25];VLDB.POP.576 ex4, [p0, lf0, r24];                                                                                              VMAC.f dm2, dm2, ex0, ex3, r19
.aggressive_scheduled_block_id 1
.nohwbrkpt
.noswbrkpt
        6878    0x9b 0x64 0x69 0x48                                                                                                                                                                                                                              VMAC.f dm3, dm3, ex2, ex3, r19
.aggressive_scheduled_block_id 1
.nohwbrkpt
.noswbrkpt
        6882    0x03 0x01 0xd4 0x00 0x98 0x08 0xa9 0x62                                                                        VLDB.POP.576 ex7, [p1, lf1, r25];                                                                                                 VMAC.f dm0, dm0, ex4, ex5, r19
.aggressive_scheduled_block_id 1
.nohwbrkpt
.noswbrkpt
        6890    0x99 0x2c 0xa9 0x48                                                                                                                                                                                                                              VMAC.f dm1, dm1, ex6, ex5, r19
.aggressive_scheduled_block_id 1
.nohwbrkpt
.noswbrkpt
        6894    0x02 0x01 0x94 0x00 0x9a 0x48 0xe9 0x62                                                                        VLDB.POP.576 ex6, [p0, lf0, r24];                                                                                                 VMAC.f dm2, dm2, ex4, ex7, r19
.aggressive_scheduled_block_id 1
.nohwbrkpt
.noswbrkpt
        6902    0x98 0x00 0x29 0x48                                                                                                                                                                                                                              VMAC.f dm0, dm0, ex0, ex1, r19
.aggressive_scheduled_block_id 1
.aggressive_scheduled_block_id last
.nohwbrkpt
.noswbrkpt
        6906    0x9b 0x6c 0xe9 0x48                                                                                                                                                                                                                              VMAC.f dm3, dm3, ex6, ex7, r19
        6910    0x9a 0x40 0x69 0x48                                                                                                                                                                                                                              VMAC.f dm2, dm2, ex0, ex3, r19
        6914    0x98 0x08 0xa9 0x48                                                                                                                                                                                                                              VMAC.f dm0, dm0, ex4, ex5, r19
        6918    0x99 0x24 0x29 0x48                                                                                                                                                                                                                              VMAC.f dm1, dm1, ex2, ex1, r19
        6922    0x9a 0x48 0xe9 0x48                                                                                                                                                                                                                              VMAC.f dm2, dm2, ex4, ex7, r19
        6926    0x9b 0x64 0x69 0x48                                                                                                                                                                                                                              VMAC.f dm3, dm3, ex2, ex3, r19
        6930    0x99 0x2c 0xa9 0x48                                                                                                                                                                                                                              VMAC.f dm1, dm1, ex6, ex5, r19
        6934    0x10 0x34 0x01 0x18                                                                                                                                                        MOVX r26, #0
        6938    0xb0 0x00 0x60 0x02 0x9b 0x6c 0xe9 0x62                                                                                                      VST.PUSH.576.CONV.bfp16ebs8.fp32 dm0, [p2, sf, r26];                                                VMAC.f dm3, dm3, ex6, ex7, r19
        6946    0x09 0x00 0x03 0x18                                                                                                                          VST.FLUSH.512.CONV [p2, sf, r26]
        6950    0x0d 0x81 0x03 0x18                                                                                                                          VST.PUSH.576.CONV.bfp16ebs8.fp32 dm2, [p2, sf, r26]
        6954    0x09 0x00 0x03 0x18                                                                                                                          VST.FLUSH.512.CONV [p2, sf, r26]
        6958    0x0d 0x80 0x83 0x18                                                                                                                          VST.PUSH.576.CONV.bfp16ebs8.fp32 dm1, [p2, sf, r26]
        6962    0x09 0x00 0x03 0x18                                                                                                                          VST.FLUSH.512.CONV [p2, sf, r26]
        6966    0x00 0x2c 0xf5 0x81 0x83 0x00 0x00 0x00 0x00 0x7a                                NOPA;                                                       VST.PUSH.576.CONV.bfp16ebs8.fp32 dm3, [p2, sf, r26];NOPX
.label ZLE_Fmatmul_vectorized_bfp16_832
.end_of_loop
        6976    0x00 0x2c 0xf0 0x00 0x21 0x00 0x03 0x2d 0x41 0x06 0xa9 0xea 0xa8 0x00 0x00 0xe1  NOPA;                         NOPB;                         VST.FLUSH.512.CONV [p2, sf, r26];ADD r20, r22, r2;          ADD.NC r21, r7, r21;                    NOPV
.loop_nesting 1
        6992    0x14 0xa4 0xe0 0x18                                                                                                                                                        JNZD r18, r18, p3
.delay_slot
        6996    0x10 0x2a 0x05 0x18                                                                                                                                                        MOVX r21, #1
.delay_slot
.swstall delay_slot
        7000    0x00 0x00                                                                        NOPX
.delay_slot
.swstall delay_slot
        7002    0x00 0x00                                                                        NOPX
.delay_slot
.swstall delay_slot
        7004    0x00 0x00                                                                        NOPX
.delay_slot
.swstall delay_slot
        7006    0x00 0x00                                                                        NOPX
.loop_nesting 0
        7008    0x10 0x28 0x00 0x18                                                                                                                                                        RET lr
.delay_slot
        7012    0xff 0xf0 0x00 0x00 0x01 0xc4                                                                                                                                              PADDXM [sp], #-128
.delay_slot
.swstall delay_slot
        7018    0x00 0x00                                                                        NOPX
.delay_slot
.swstall delay_slot
        7020    0x00 0x00                                                                        NOPX
.delay_slot
.swstall delay_slot
        7022    0x00 0x00                                                                        NOPX
.delay_slot
.swstall delay_slot
        7024    0x00 0x00                                                                        NOPX
.label matmul_vectorized_bfp16__end

.text_segment PM   7040
.label zero_kernel
.function_start
        7040    0x24 0x05 0x40 0x00 0x22 0x80 0x8b 0x00 0x01 0xf8 0x37 0x02 0x10 0x07 0x00 0xe9  MOVA lc, #288;                NOPB;                         MOVS p2, p0;                  MOVXM p0, #519684;                                                    VCLR dm0
        7056    0x00 0x80 0x50 0x00 0x00 0x04 0x7e 0x00 0x10 0xba                                LDA.s8 r0, [p0];                                                                          MOVXM ls, #7168
        7066    0x00 0x1a 0x00 0x00 0x00 0x05 0xbe 0x08 0x10 0xba                                MOVA r26, #0;                                                                             MOVXM le, #7184
        7076    0x00 0x2c 0xf0 0x00 0x20 0x00 0x00 0x00 0x00 0xad 0x81 0x36                      NOPA;                         NOPB;                         NOPS;                         NOPX
        7088    0x00 0x2c 0xf0 0x00 0x20 0x01 0x5b 0x00 0x00 0x00 0x01 0xa5 0x78 0x00 0x00 0xe1  NOPA;                         NOPB;                         NOPS;                         NOPX;                         NOPM;                                   NOPV
        7104    0x00 0x2c 0xf0 0x00 0x20 0x01 0x5b 0x00 0x00 0x00 0x01 0xa5 0x78 0x00 0x00 0xe1  NOPA;                         NOPB;                         NOPS;                         NOPX;                         NOPM;                                   NOPV
        7120    0x00 0x2c 0xf0 0x00 0x20 0x01 0x5b 0x00 0x00 0x00 0x01 0xa5 0x78 0x00 0x00 0xe1  NOPA;                         NOPB;                         NOPS;                         NOPX;                         NOPM;                                   NOPV
        7136    0x00 0x2c 0xf0 0x00 0x20 0x01 0x5b 0x00 0x00 0x00 0x01 0xa5 0x78 0x00 0x00 0xe1  NOPA;                         NOPB;                         NOPS;                         NOPX;                         NOPM;                                   NOPV
        7152    0x00 0x2c 0xf0 0x00 0x20 0x01 0x5b 0x01 0xd4 0x00 0x01 0xa5 0x78 0x00 0x00 0xe1  NOPA;                         NOPB;                         NOPS;                         MOVX crRnd, r0;               NOPM;                                   NOPV
.label ZLS_Fzero_kernel_128
.loop_nesting 1
.begin_of_loop
        7168    0x00 0x2c 0xf0 0x00 0x25 0x80 0x03 0x00 0x00 0x00 0x01 0xa5 0x78 0x00 0x00 0xe1  NOPA;                         NOPB;                         VST.PUSH.576.CONV.bfp16ebs8.fp32 dm0, [p2, sf, r26];NOPX;   NOPM;                                   NOPV
.label ZLE_Fzero_kernel_144
.end_of_loop
        7184    0x00 0x2c 0xf0 0x00 0x21 0x00 0x03 0x00 0x00 0x00 0x01 0xa5 0x78 0x00 0x00 0xe1  NOPA;                         NOPB;                         VST.FLUSH.512.CONV [p2, sf, r26];NOPX;                      NOPM;                                   NOPV
.loop_nesting 0
        7200    0x10 0x28 0x00 0x18                                                                                                                                                        RET lr
.delay_slot
.swstall delay_slot
        7204    0x00 0x00                                                                        NOPX
.delay_slot
.swstall delay_slot
        7206    0x00 0x00                                                                        NOPX
.delay_slot
.swstall delay_slot
        7208    0x00 0x00                                                                        NOPX
.delay_slot
.swstall delay_slot
        7210    0x00 0x00                                                                        NOPX
.delay_slot
.swstall delay_slot
        7212    0x00 0x00                                                                        NOPX
.label zero_kernel__end

.text_segment PM   7216
.label _fini
.function_start
        7216    0x00 0x08 0x00 0x00 0x01 0xc4                                                                                                                                              PADDXM [sp], #64
        7222    0xff 0x3a 0xb0 0x00 0x00 0x02 0x08 0x00 0x11 0x3a                                                                                            ST r14, [sp, #-8];            MOVXM r16, #0
        7232    0xfe 0xf3 0xb0 0x00 0x00 0x01 0xc8 0x00 0x11 0x3a                                                                                            ST p7, [sp, #-12];            MOVXM r14, #0
        7242    0x74 0x20 0xfe 0xd0 0x41 0xe4                                                                                                                                              EQ r16, r14, r16;             MOV p7, r16
        7248    0x80 0x0e 0x58 0x40 0x01 0x84                                                                                                                                              JNZ r16, #7344
.delay_slot
        7254    0x0f 0xfd 0xf5 0x98                                                                                                                          ST r15, [sp, #-4]
.delay_slot
        7258    0x0f 0xf0 0x3d 0x98                                                                                                                          ST lr, [sp, #-16]
.delay_slot
.swstall delay_slot
        7262    0x00 0x00                                                                        NOPX
.delay_slot
.swstall delay_slot
        7264    0x00 0x00                                                                        NOPX
.delay_slot
.swstall delay_slot
        7266    0x00 0x2c 0xf0 0x02 0xb6 0x00 0x00 0x40 0x1a 0x57 0x00 0x00 0x1c 0x2e            NOPA;                                                       NOPS;                                                       NOPM;                                   NOPV
.label TGT_F_fini_64
.loop_nesting 1
        7280    0x07 0x1c 0x1e 0x98                                                              LDA p0, [p7], #4
        7284    0x00 0x00                                                                        NOPX
        7286    0x00 0x00                                                                        NOPX
        7288    0x00 0x00                                                                        NOPX
        7290    0x00 0x00                                                                        NOPX
        7292    0x00 0x00                                                                        NOPX
        7294    0x00 0x00                                                                        NOPX
.no_stack_arguments
        7296    0x10 0x30 0x00 0x18                                                                                                                                                        JL p0
.delay_slot
        7300    0x1b 0xde 0xc0 0xf8                                                                                                                                                                                      MOV r15, p7
.delay_slot
.swstall delay_slot
        7304    0x00 0x00                                                                        NOPX
.delay_slot
.swstall delay_slot
        7306    0x00 0x00                                                                        NOPX
.delay_slot
.swstall delay_slot
        7308    0x00 0x00                                                                        NOPX
.delay_slot
.swstall delay_slot
        7310    0x00 0x00                                                                        NOPX
.return_address
        7312    0x13 0xe0 0xe8 0x98                                                                                                                                                        NE r16, r15, r14
        7316    0x80 0x0e 0x38 0x40 0x01 0x84                                                                                                                                              JNZ r16, #7280
.delay_slot
.swstall delay_slot
        7322    0x00 0x00                                                                        NOPX
.delay_slot
.swstall delay_slot
        7324    0x00 0x00                                                                        NOPX
.delay_slot
.swstall delay_slot
        7326    0x00 0x00                                                                        NOPX
.delay_slot
.swstall delay_slot
        7328    0x00 0x00                                                                        NOPX
.delay_slot
.swstall delay_slot
        7330    0x00 0x2c 0xf0 0x02 0xb6 0x00 0x00 0x40 0x1a 0x57 0x00 0x00 0x1c 0x2e            NOPA;                                                       NOPS;                                                       NOPM;                                   NOPV
.label TGT_F_fini_128
.loop_nesting 0
        7344    0x07 0xf0 0x39 0x18                                                              LDA lr, [sp, #-16]
        7348    0x07 0xf9 0xd1 0x18                                                              LDA r14, [sp, #-8]
        7352    0x07 0xfd 0xf1 0x18                                                              LDA r15, [sp, #-4]
        7356    0x07 0xf7 0x99 0x18                                                              LDA p7, [sp, #-12]
        7360    0x00 0x00                                                                        NOPX
        7362    0x00 0x00                                                                        NOPX
        7364    0x00 0x00                                                                        NOPX
        7366    0x10 0x28 0x00 0x18                                                                                                                                                        RET lr
.delay_slot
        7370    0xff 0xf8 0x00 0x00 0x01 0xc4                                                                                                                                              PADDXM [sp], #-64
.delay_slot
.swstall delay_slot
        7376    0x00 0x00                                                                        NOPX
.delay_slot
.swstall delay_slot
        7378    0x00 0x00                                                                        NOPX
.delay_slot
.swstall delay_slot
        7380    0x00 0x00                                                                        NOPX
.delay_slot
.swstall delay_slot
        7382    0x00 0x00                                                                        NOPX
.label _fini__end

.text_segment PM   7392
.label __cxa_finalize
.function_start
        7392    0xff 0xa1 0x00 0x00 0x02 0x00 0x00 0x00 0x70 0xba                                MOVA r1, #-3;                                                                             PADDXM [sp], #64
        7402    0xfa 0x82 0xb0 0x00 0x41 0x08 0x6d 0xe0 0x79 0x3a                                                                                            ST r0, [sp, #-44];            MOVX r4, #8;                  MOV r3, packSign1
        7412    0xfb 0x0e 0xb0 0x00 0x6e 0x30 0x70 0x02                                                                                                      ST r3, [sp, #-40];                                          MOV r3, unpackSign1
        7420    0xfc 0x0e 0xb0 0x00 0x6a 0x30 0x70 0x02                                                                                                      ST r3, [sp, #-32];                                          MOV r3, unpackSign0
        7428    0xfc 0x8e 0xb0 0x00 0x6c 0x70 0x70 0x02                                                                                                      ST r3, [sp, #-28];                                          MOV r3, crSRSMode
        7436    0xfd 0x8e 0xb0 0x00 0x6b 0xb0 0x70 0x02                                                                                                      ST r3, [sp, #-20];                                          MOV r3, crPackSize
        7444    0xfe 0x8e 0xb0 0x00 0x01 0xf8 0x37 0x14 0x11 0x3a                                                                                            ST r3, [sp, #-12];            MOVXM p0, #519720
        7454    0x00 0x8a 0xd7 0xdc 0x3d 0x80 0x6a 0x70 0x72 0xba                                LDA r2, [p0];                                               ST lr, [sp, #-36];                                          MOV r3, crSat
        7464    0xff 0x8e 0xb0 0x00 0x69 0x70 0x70 0x02                                                                                                      ST r3, [sp, #-4];                                           MOV r3, crUnpackSize
        7472    0x00 0x92 0x30 0x01 0x4c 0x30 0x70 0x02                                                                                                      ST r4, [p0];                                                MOV r10, upsSign1
        7480    0xff 0x0e 0xb0 0x01 0x08 0x30 0x70 0x02                                                                                                      ST r3, [sp, #-8];                                           MOV r8, upsSign0
        7488    0x1b 0x1a 0x60 0xf8                                                                                                                                                                                      MOV r12, vaddSign1
        7492    0x1a 0x52 0x60 0xf8                                                                                                                                                                                      MOV r9, vaddSign0
        7496    0x1a 0xdf 0xc0 0xf8                                                                                                                                                                                      MOV r11, srsSign1
        7500    0x10 0xbc 0x66 0xaf 0x81 0xe4                                                                                                                                              ADD r2, r2, #-8;              MOV r13, srsSign0
        7506    0x13 0x83 0xd0 0xbe 0xc1 0xe4                                                                                                                                              ASHL r14, r2, r1;             MOV r1, crRnd
        7512    0xfe 0x06 0xb0 0x00 0x2e 0x70 0x70 0x02                                                                                                      ST r1, [sp, #-16];                                          MOV r1, crUPSMode
        7520    0xfd 0x06 0xb0 0x01 0xe9 0xe0 0x70 0x02                                                                                                      ST r1, [sp, #-24];                                          MOV r15, packSign0
        7528    0x00 0x07 0xe0 0xbc 0x10 0x44                                                                                                                                              MOVXM r1, #519688
        7534    0x1e 0x60 0x89 0x58                                                                                                                                                                                      ADD.NC p6, r1, r2
        7538    0x00 0x2c 0xf0 0x00 0x20 0x00 0x00 0xf6 0xd8 0x02 0x00 0x2b 0x60 0x7e            NOPA;                         NOPB;                         NOPS;                         MOVXM p7, #7552
.label TGT_F__cxa_finalize_160
.loop_nesting 1
        7552    0x06 0x1c 0x9e 0x98                                                              LDA p1, [p6], #4
        7556    0x06 0xdc 0x1e 0x98                                                              LDA p0, [p6], #-12
        7560    0x00 0x00                                                                        NOPX
        7562    0x00 0x00                                                                        NOPX
        7564    0x00 0x00                                                                        NOPX
        7566    0x00 0x00                                                                        NOPX
        7568    0x00 0x00                                                                        NOPX
.no_stack_arguments
        7570    0x10 0x30 0x40 0x18                                                                                                                                                        JL p1
.delay_slot
.swstall delay_slot
        7574    0x00 0x00                                                                        NOPX
.delay_slot
.swstall delay_slot
        7576    0x00 0x00                                                                        NOPX
.delay_slot
.swstall delay_slot
        7578    0x00 0x00                                                                        NOPX
.delay_slot
.swstall delay_slot
        7580    0x00 0x00                                                                        NOPX
.delay_slot
.swstall delay_slot
        7582    0x00 0x00                                                                        NOPX
.return_address
        7584    0x13 0x9d 0xe0 0x18                                                                                                                                                        JNZD r14, r14, p7
.delay_slot
.swstall delay_slot
        7588    0x00 0x00                                                                        NOPX
.delay_slot
.swstall delay_slot
        7590    0x00 0x00                                                                        NOPX
.delay_slot
.swstall delay_slot
        7592    0x00 0x00                                                                        NOPX
.delay_slot
.swstall delay_slot
        7594    0x00 0x00                                                                        NOPX
.delay_slot
.swstall delay_slot
        7596    0x00 0x00                                                                        NOPX
.loop_nesting 0
        7598    0xfb 0x87 0x20 0x15 0xea 0x02 0x9b 0x10 0x78 0xba                                LDA lr, [sp, #-36];                                                                       MOVX upsSign1, r10;           MOV vaddSign1, r12
        7608    0xfb 0x06 0x20 0x11 0xca 0x00 0x9a 0x50 0x78 0xba                                LDA r1, [sp, #-40];                                                                       MOVX upsSign0, r8;            MOV vaddSign0, r9
        7618    0xfc 0x0a 0x20 0x17 0xe6 0x00 0xf3 0xd0 0x78 0xba                                LDA r2, [sp, #-32];                                                                       MOVX srsSign1, r11;           MOV packSign0, r15
        7628    0xfd 0x82 0x26 0xf1 0x80 0x2c                                                    LDA r0, [sp, #-20];                                                                       MOVX srsSign0, r13
        7634    0x07 0xe4 0xb1 0x18                                                              LDA r5, [sp, #-28]
        7638    0x07 0xf4 0x71 0x18                                                              LDA r3, [sp, #-12]
        7642    0x07 0xfc 0x91 0x18                                                              LDA r4, [sp, #-4]
        7646    0x07 0xf8 0xd1 0x18                                                              LDA r6, [sp, #-8]
        7650    0xfe 0x06 0x20 0xf8 0x80 0x2c                                                    LDA r1, [sp, #-16];                                                                       MOVX packSign1, r1
        7656    0xfd 0x0a 0x21 0x7b 0x80 0x2c                                                    LDA r2, [sp, #-24];                                                                       MOVX unpackSign1, r2
        7662    0xfa 0x82 0x20 0x76 0x00 0x2c                                                    LDA r0, [sp, #-44];                                                                       MOVX crSRSMode, r0
        7668    0x05 0x00 0x04 0x65 0x41 0xe4                                                                                                                                              RET lr;                       MOV unpackSign0, r5
.delay_slot
        7674    0xff 0xf8 0x00 0x00 0x01 0xc4                                                                                                                                              PADDXM [sp], #-64
.delay_slot
        7680    0x1f 0x40 0x04 0xe4 0x41 0xe4                                                                                                                                              MOVX crPackSize, r3;          MOV crSat, r4
.delay_slot
        7686    0x11 0xbc 0x80 0x18                                                                                                                                                        MOVX crUnpackSize, r6
.delay_slot
        7690    0x10 0x7a 0x80 0x18                                                                                                                                                        MOVX crRnd, r1
.delay_slot
        7694    0x10 0xbc 0x00 0x18                                                                                                                                                        MOVX crUPSMode, r2
.label __cxa_finalize__end

.bss_segment DMb 519680	    4

.bss_segment DMb 519684	    1

.data_segment DMb 519688
.label _ZL7atexits
	0x30
	0x1c
	0x0
	0x0
	0x0
	0x0
	0x0
	0x0
	0x0
	0x0
	0x0
	0x0
	0x0
	0x0
	0x0
	0x0
	0x0
	0x0
	0x0
	0x0
	0x0
	0x0
	0x0
	0x0
	0x0
	0x0
	0x0
	0x0
	0x0
	0x0
	0x0
	0x0
.label _ZL10atexit_cnt
	0x8
	0x0
	0x0
	0x0

.stack DM_stack 458752 462080
