
// File generated by darts version V-2024.06#8be6237c82#250729, Mon Jun 29 20:20:27 2026
// Copyright 2014-2024 Synopsys, Inc. All rights reserved.
// darts -I/home/bcloud/torch2aie/toolchain/aietools/data/aie2p/lib -d -h -I/home/bcloud/torch2aie/toolchain/aietools/include -I/home/bcloud/torch2aie/toolchain/aietools/data/aie2p/lib/runtime_cxx/libcxx-lite/include -I/home/bcloud/torch2aie/toolchain/aietools/data/aie2p/lib/runtime_cxx/libs/libcxx-16/include -I/home/bcloud/torch2aie/toolchain/aietools/data/aie2p/lib/runtime_cxx/libs/libcxxabi-16/include -I/home/bcloud/torch2aie/toolchain/aietools/data/aie2p/lib/runtime/include -D__AIENGINE__ -D__AIE_ARCH__=21 -D__AIEARCH__=21 -D__tct_tgt__=250729 -L +Ihex +nanno +u /home/bcloud/torch2aie/examples/gemm_asymmetric_tile_buffering/config2/aie_1024x2560x3072_128x64x128.mlir.prj/main_core_0_2.elf me

// Release: ipp V-2024.06-TGT-250729

.text_segment PM      0
.entry_point
.label __AIE_ARCH_MODEL_VERSION__21011400__inlined__1__me_basic___main_init_
.label _main_init
.function_start
           0    0x00 0x07 0x09 0xe0 0x00 0x44                                                                                                                                              MOVXM sp, #458752
           6    0x00 0x00 0x04 0x20 0x00 0x44                                                                                                                                              MOVXM r8, #0
          12    0x00 0x00 0x08 0x20 0x00 0x44                                                                                                                                              MOVXM r16, #0
          18    0x12 0x21 0x07 0x98                                                                                                                                                        EQ r16, r8, r16
          22    0x80 0x00 0x40 0x40 0x01 0x84                                                                                                                                              JNZ r16, #128
.delay_slot
.swstall delay_slot
          28    0x00 0x00                                                                        NOPX
.delay_slot
.swstall delay_slot
          30    0x00 0x00                                                                        NOPX
.delay_slot
.swstall delay_slot
          32    0x00 0x00                                                                        NOPX
.delay_slot
.swstall delay_slot
          34    0x00 0x00                                                                        NOPX
.delay_slot
.swstall delay_slot
          36    0x00 0x00                                                                        NOPX
          38    0x00 0x2c 0xf7 0x80 0x8b 0x01 0x28 0x50 0x72 0xba                                NOPA;                                                       MOVS p7, p0;                                                MOV r9, r1
          48    0x00 0x2c 0xf0 0x00 0x20 0x01 0x5b 0x3f 0xff 0xff 0x37 0xfe 0x10 0x00 0x00 0xe1  NOPA;                         NOPB;                         NOPS;                         MOVXM p6, #-4;                                                        NOPV
.label TGT_F_main_init_64
.loop_nesting 1
          64    0xdf 0x83 0xd5 0x39 0x81 0xd4                                                    LDA p0, [p6], #-4;                                                                                                      MOV r10, p6
          70    0x00 0x00                                                                        NOPX
          72    0x00 0x00                                                                        NOPX
          74    0x00 0x00                                                                        NOPX
          76    0x00 0x00                                                                        NOPX
          78    0x00 0x00                                                                        NOPX
          80    0x00 0x00                                                                        NOPX
.no_stack_arguments
          82    0x10 0x30 0x00 0x18                                                                                                                                                        JL p0
.delay_slot
.swstall delay_slot
          86    0x00 0x00                                                                        NOPX
.delay_slot
.swstall delay_slot
          88    0x00 0x00                                                                        NOPX
.delay_slot
.swstall delay_slot
          90    0x00 0x00                                                                        NOPX
.delay_slot
.swstall delay_slot
          92    0x00 0x00                                                                        NOPX
.delay_slot
.swstall delay_slot
          94    0x00 0x00                                                                        NOPX
.return_address
          96    0x12 0xa0 0x88 0x98                                                                                                                                                        NE r16, r10, r8
         100    0x80 0x00 0x20 0x40 0x01 0x84                                                                                                                                              JNZ r16, #64
.delay_slot
.swstall delay_slot
         106    0x00 0x00                                                                        NOPX
.delay_slot
.swstall delay_slot
         108    0x00 0x00                                                                        NOPX
.delay_slot
.swstall delay_slot
         110    0x00 0x00                                                                        NOPX
.delay_slot
.swstall delay_slot
         112    0x00 0x00                                                                        NOPX
.delay_slot
.swstall delay_slot
         114    0x00 0x00                                                                        NOPX
.loop_nesting 0
         116    0x00 0x2c 0xf0 0x00 0x20 0x9c 0x8b 0x00 0x2a 0x50 0x70 0xf6                      NOPA;                         NOPB;                         MOVS p0, p7;                                                MOV r1, r9
.label TGT_F_main_init_128
.no_stack_arguments
         128    0x00 0x00 0x70 0x00 0x01 0x04                                                                                                                                              JL #224
.delay_slot
.swstall delay_slot
         134    0x00 0x00                                                                        NOPX
.delay_slot
.swstall delay_slot
         136    0x00 0x00                                                                        NOPX
.delay_slot
.swstall delay_slot
         138    0x00 0x00                                                                        NOPX
.delay_slot
.swstall delay_slot
         140    0x00 0x00                                                                        NOPX
.delay_slot
.swstall delay_slot
         142    0x00 0x00                                                                        NOPX
.return_address
.no_stack_arguments
         144    0x00 0x0f 0x60 0x00 0x01 0x04                                                                                                                                              JL #7872
.delay_slot
         150    0x18 0x60 0x00 0xb8                                                                                                                                                                                      MOV p0, #0
.delay_slot
.swstall delay_slot
         154    0x00 0x00                                                                        NOPX
.delay_slot
.swstall delay_slot
         156    0x00 0x00                                                                        NOPX
.delay_slot
.swstall delay_slot
         158    0x00 0x00                                                                        NOPX
.delay_slot
.swstall delay_slot
         160    0x00 0x2c 0xf0 0x00 0x20 0x01 0x5b 0x00 0x00 0x00 0x01 0xa5 0x78 0x00 0x00 0xe1  NOPA;                         NOPB;                         NOPS;                         NOPX;                         NOPM;                                   NOPV
.return_address
.swstall chess_separator_scheduler
         176    0x00 0x00                                                                        NOPX
.swstall chess_separator_scheduler
         178    0x00 0x00                                                                        NOPX
.swstall chess_separator_scheduler
         180    0x00 0x00                                                                        NOPX
.swstall chess_separator_scheduler
         182    0x00 0x00                                                                        NOPX
.swstall chess_separator_scheduler
         184    0x00 0x00                                                                        NOPX
.swstall chess_separator_scheduler
         186    0x00 0x00                                                                        NOPX
         188    0x10 0x08 0x00 0x18                                                                                                                                                        DONE
.swstall chess_separator_scheduler
         192    0x00 0x00                                                                        NOPX
.swstall chess_separator_scheduler
         194    0x00 0x00                                                                        NOPX
.swstall chess_separator_scheduler
         196    0x00 0x00                                                                        NOPX
.swstall chess_separator_scheduler
         198    0x00 0x00                                                                        NOPX
.swstall chess_separator_scheduler
         200    0x00 0x00                                                                        NOPX
.swstall chess_separator_scheduler
         202    0x00 0x00                                                                        NOPX
.swstall for_chess_exit
.exit
         204    0x00 0x01 0x67 0x98                                                              NOPA
.label TGT_F_main_init_208
.loop_nesting 1
         208    0x00 0x00 0x68 0x00 0x00 0x84                                                                                                                                              J #208
.delay_slot
.swstall delay_slot
         214    0x00 0x00                                                                        NOPX
.delay_slot
.swstall delay_slot
         216    0x00 0x00                                                                        NOPX
.delay_slot
.swstall delay_slot
         218    0x00 0x00                                                                        NOPX
.delay_slot
.swstall delay_slot
         220    0x00 0x00                                                                        NOPX
.delay_slot
.swstall delay_slot
         222    0x00 0x00                                                                        NOPX
.label _main_init__end
.label core_0_2
.function_start
         224    0x00 0x18 0x02 0x9c 0x8b 0x00 0x02 0x00 0x00 0x00 0x70 0x76                      MOVA r24, #0;                                               MOVS p2, p7;                  PADDXM [sp], #64
         236    0x00 0x13 0x07 0xd3 0x15 0x80 0x01 0xeb 0xb4 0x68 0x10 0x76                      MOVA r19, #0;                                               ST r24, [sp, #-48];           MOVXM p7, #501968
         248    0xe3 0xe2 0x30 0x00 0xf0 0x28 0x4b 0xd0 0x79 0x3a                                                                                            ST r24, [p7], #4;             MOVX r15, #1;                 MOV r2, r15
         258    0xe0 0xe2 0x30 0x00 0x8b 0x90 0x70 0x02                                                                                                      ST r24, [p7];                                               MOV r4, r14
         266    0xff 0x8a 0xb0 0x00 0x2b 0x50 0x70 0x02                                                                                                      ST r2, [sp, #-4];                                           MOV r1, r13
         274    0xff 0x12 0xb0 0x00 0x0b 0x10 0x70 0x02                                                                                                      ST r4, [sp, #-8];                                           MOV r0, r12
         282    0xfe 0x86 0xb0 0x00 0xaa 0xd0 0x70 0x02                                                                                                      ST r1, [sp, #-12];                                          MOV r5, r11
         290    0xfe 0x02 0xb0 0x00 0x6a 0x90 0x70 0x02                                                                                                      ST r0, [sp, #-16];                                          MOV r3, r10
         298    0xfd 0x16 0xb0 0x00 0x01 0xe9 0x49 0x74 0x11 0x3a                                                                                            ST r5, [sp, #-24];            MOVXM r10, #500456
         308    0xfc 0x0e 0xb0 0x00 0x01 0xe5 0x6e 0x80 0x11 0x3a                                                                                            ST r3, [sp, #-32];            MOVXM r11, #498944
         318    0x0f 0xdd 0x35 0x98                                                                                                                          ST r9, [sp, #-36]
         322    0x0f 0xd9 0x15 0x98                                                                                                                          ST r8, [sp, #-40]
         326    0x0f 0xed 0x1d 0x98                                                                                                                          ST p2, [sp, #-20]
         330    0x0f 0xe7 0x1d 0x98                                                                                                                          ST p6, [sp, #-28]
         334    0x0f 0xd4 0x3d 0x98                                                                                                                          ST lr, [sp, #-44]
         338    0x00 0x2c 0xfe 0x2e 0x23 0x00 0x00 0x40 0x1a 0x57 0x00 0x00 0x1c 0x2e            NOPA;                                                       ST r24, [p7, #4];                                           NOPM;                                   NOPV
.label TGT_Fcore_0_2_128
.loop_nesting 1
.no_stack_arguments
         352    0xff 0xe1 0x00 0x00 0x03 0x34 0x00 0x00 0x40 0xba                                MOVA r1, #-1;                                                                             JL #6560
.delay_slot
         362    0x10 0x00 0xd1 0x18                                                                                                                                                        MOVX r0, #52
.delay_slot
         366    0x0f 0xce 0x75 0x98                                                                                                                          ST r19, [sp, #-52]
.delay_slot
.swstall delay_slot
         370    0x00 0x00                                                                        NOPX
.delay_slot
.swstall delay_slot
         372    0x00 0x00                                                                        NOPX
.delay_slot
.swstall delay_slot
         374    0x00 0x2c 0xf0 0x00 0x10 0x00 0x01 0xa5 0x7e 0xba                                NOPA;                         NOPB;                                                                                     NOPM
.return_address
.no_stack_arguments
         384    0x00 0x0e 0xb0 0x00 0x01 0x04                                                                                                                                              JL #7520
.delay_slot
         390    0x00 0x07 0x00 0xda 0x00 0x44                                                                                                                                              MOVXM p0, #462080
.delay_slot
.swstall delay_slot
         396    0x00 0x00                                                                        NOPX
.delay_slot
.swstall delay_slot
         398    0x00 0x00                                                                        NOPX
.delay_slot
.swstall delay_slot
         400    0x00 0x00                                                                        NOPX
.delay_slot
.swstall delay_slot
         402    0x00 0x2c 0xf0 0x02 0xb6 0x00 0x00 0x40 0x1a 0x57 0x00 0x00 0x1c 0x2e            NOPA;                                                       NOPS;                                                       NOPM;                                   NOPV
.return_address
         416    0x00 0x2c 0xf0 0x00 0x20 0x01 0x5b 0x00 0x84 0xe8 0x01 0xa5 0x78 0x00 0x00 0xe1  NOPA;                         NOPB;                         NOPS;                         MOVX r8, #39;                 NOPM;                                   NOPV
.label TGT_Fcore_0_2_208
.loop_nesting 2
.no_stack_arguments
         432    0x06 0x60 0x00 0x00 0x03 0x34 0x00 0x00 0x40 0xba                                MOVA r0, #51;                                                                             JL #6560
.delay_slot
         442    0x17 0xc2 0xfd 0x18                                                                                                                                                        MOVX r1, #-1
.delay_slot
.swstall delay_slot
         446    0x00 0x00                                                                        NOPX
.delay_slot
.swstall delay_slot
         448    0x00 0x00                                                                        NOPX
.delay_slot
.swstall delay_slot
         450    0x00 0x00                                                                        NOPX
.delay_slot
.swstall delay_slot
         452    0x00 0x2c 0xf0 0x00 0x20 0x00 0x00 0x00 0x00 0xad 0x81 0x36                      NOPA;                         NOPB;                         NOPS;                         NOPX
.return_address
         464    0xe0 0xca 0xd0 0x00 0x06 0x28 0x2f 0xff 0x58 0xba                                LDA r18, [p7];                                                                            MOVX r0, #49;                 MOV r1, #-1
         474    0x00 0x00                                                                        NOPX
         476    0x00 0x00                                                                        NOPX
.no_stack_arguments
         478    0x00 0x0c 0xd0 0x00 0x01 0x04                                                                                                                                              JL #6560
.delay_slot
         484    0x00 0x07 0x78 0x32 0x00 0x44                                                                                                                                              MOVXM r16, #489728
.delay_slot
         490    0x00 0x07 0x58 0xaa 0x00 0x44                                                                                                                                              MOVXM r17, #480512
.delay_slot
.swstall delay_slot
         496    0x00 0x00                                                                        NOPX
.delay_slot
         498    0x13 0xf7 0x27 0x98                                                                                                                                                        EQ r27, r15, r18
.delay_slot
         502    0x00 0x2c 0xf0 0x01 0x5b 0x00 0x04 0x5b 0x02 0x7a                                NOPA;                                                       NOPS;                         SEL.EQZ r13, r17, r16, r27
.return_address
         512    0xe2 0xc2 0xd2 0xcd 0x41 0xd4                                                    LDA r16, [p7, #4];                                                                                                      MOV p1, r13
         518    0x1e 0x62 0xc0 0xf8                                                                                                                                                                                      MOV p6, p1
         522    0x00 0x00                                                                        NOPX
         524    0x00 0x00                                                                        NOPX
.no_stack_arguments
         526    0x00 0x0c 0xf0 0x00 0x01 0x04                                                                                                                                              JL #6624
.delay_slot
         532    0x00 0x07 0x04 0xda 0x00 0x44                                                                                                                                              MOVXM p2, #462080
.delay_slot
.swstall delay_slot
         538    0x00 0x00                                                                        NOPX
.delay_slot
         540    0x13 0xf7 0x07 0x98                                                                                                                                                        EQ r27, r15, r16
.delay_slot
         544    0x12 0xe0 0xa2 0x18                                                                                                                                                        SEL.EQZ r16, r11, r10, r27
.delay_slot
         548    0x00 0x2c 0xf0 0x00 0x20 0x01 0x5b 0x00 0x34 0x10 0x70 0xf6                      NOPA;                         NOPB;                         NOPS;                                                       MOV p0, r16
.return_address
.no_stack_arguments
         560    0x00 0x21 0x00 0x00 0x03 0x38 0x00 0x00 0x40 0xba                                MOVA r1, #1;                                                                              JL #6592
.delay_slot
         570    0x10 0x1c 0x05 0x18                                                                                                                                                        MOVX r14, #1
.delay_slot
         574    0x10 0x00 0xc1 0x18                                                                                                                                                        MOVX r0, #48
.delay_slot
.swstall delay_slot
         578    0x00 0x00                                                                        NOPX
.delay_slot
.swstall delay_slot
         580    0x00 0x00                                                                        NOPX
.delay_slot
.swstall delay_slot
         582    0x00 0x2c 0xf0 0x00 0x10 0x00 0x01 0xa5 0x7e 0xba                                NOPA;                         NOPB;                                                                                     NOPM
.return_address
         592    0xe2 0xc2 0xd0 0x00 0x06 0x28 0x2f 0xff 0x58 0xba                                LDA r16, [p7, #4];                                                                        MOVX r0, #49;                 MOV r1, #-1
         602    0x00 0x00                                                                        NOPX
         604    0x00 0x00                                                                        NOPX
         606    0x00 0x00                                                                        NOPX
         608    0x00 0x00                                                                        NOPX
.no_stack_arguments
         610    0x00 0x0c 0xd0 0x00 0x01 0x04                                                                                                                                              JL #6560
.delay_slot
.swstall delay_slot
         616    0x00 0x00                                                                        NOPX
.delay_slot
         618    0x14 0x20 0x07 0x18                                                                                                                                                        ADD r16, r16, #1
.delay_slot
         622    0x76 0xe1 0x58 0xb0 0xfe 0x24                                                                                                                                              LT r27, r14, r16;             ADD.NC r17, r16, #-2
.delay_slot
         628    0x14 0x21 0x12 0x18                                                                                                                                                        SEL.EQZ r16, r16, r17, r27
.delay_slot
         632    0xe2 0xc2 0x30 0x00 0x01 0xa5 0x70 0x02                                                                                                      ST r16, [p7, #4];                                           NOPM
.return_address
         640    0xe2 0xc2 0xd2 0xd9 0x81 0xd4                                                    LDA r16, [p7, #4];                                                                                                      MOV p1, p6
         646    0x00 0x00                                                                        NOPX
         648    0x00 0x00                                                                        NOPX
         650    0x00 0x00                                                                        NOPX
.no_stack_arguments
         652    0x00 0x0c 0xf0 0x00 0x01 0x04                                                                                                                                              JL #6624
.delay_slot
         658    0x00 0x07 0x04 0xda 0x00 0x44                                                                                                                                              MOVXM p2, #462080
.delay_slot
.swstall delay_slot
         664    0x00 0x00                                                                        NOPX
.delay_slot
         666    0x13 0xb7 0x07 0x98                                                                                                                                                        EQ r27, r14, r16
.delay_slot
         670    0x12 0xe0 0xa2 0x18                                                                                                                                                        SEL.EQZ r16, r11, r10, r27
.delay_slot
         674    0x00 0x2c 0xf0 0x02 0xb6 0x00 0x00 0x43 0x41 0x07 0x00 0x00 0x1c 0x2e            NOPA;                                                       NOPS;                                                       MOV p0, r16;                            NOPV
.return_address
.no_stack_arguments
         688    0x00 0x21 0x00 0x00 0x03 0x38 0x00 0x00 0x40 0xba                                MOVA r1, #1;                                                                              JL #6592
.delay_slot
         698    0x10 0x00 0xc1 0x18                                                                                                                                                        MOVX r0, #48
.delay_slot
.swstall delay_slot
         702    0x00 0x00                                                                        NOPX
.delay_slot
.swstall delay_slot
         704    0x00 0x00                                                                        NOPX
.delay_slot
.swstall delay_slot
         706    0x00 0x00                                                                        NOPX
.delay_slot
.swstall delay_slot
         708    0x00 0x2c 0xf0 0x00 0x20 0x00 0x00 0x00 0x00 0xad 0x81 0x36                      NOPA;                         NOPB;                         NOPS;                         NOPX
.return_address
         720    0xe2 0xc2 0xd0 0x00 0x06 0x28 0x2f 0xff 0x58 0xba                                LDA r16, [p7, #4];                                                                        MOVX r0, #49;                 MOV r1, #-1
         730    0x00 0x00                                                                        NOPX
         732    0x00 0x00                                                                        NOPX
         734    0x00 0x00                                                                        NOPX
         736    0x00 0x00                                                                        NOPX
.no_stack_arguments
         738    0x00 0x0c 0xd0 0x00 0x01 0x04                                                                                                                                              JL #6560
.delay_slot
.swstall delay_slot
         744    0x00 0x00                                                                        NOPX
.delay_slot
         746    0x14 0x20 0x07 0x18                                                                                                                                                        ADD r16, r16, #1
.delay_slot
         750    0x76 0xe1 0x58 0xb0 0xfe 0x24                                                                                                                                              LT r27, r14, r16;             ADD.NC r17, r16, #-2
.delay_slot
         756    0x14 0x21 0x12 0x18                                                                                                                                                        SEL.EQZ r16, r16, r17, r27
.delay_slot
         760    0xe2 0xc2 0x30 0x00 0x01 0xa5 0x70 0x02                                                                                                      ST r16, [p7, #4];                                           NOPM
.return_address
         768    0xe2 0xc2 0xd2 0xd9 0x81 0xd4                                                    LDA r16, [p7, #4];                                                                                                      MOV p1, p6
         774    0x00 0x00                                                                        NOPX
         776    0x00 0x00                                                                        NOPX
         778    0x00 0x00                                                                        NOPX
.no_stack_arguments
         780    0x00 0x0c 0xf0 0x00 0x01 0x04                                                                                                                                              JL #6624
.delay_slot
         786    0x00 0x07 0x04 0xda 0x00 0x44                                                                                                                                              MOVXM p2, #462080
.delay_slot
.swstall delay_slot
         792    0x00 0x00                                                                        NOPX
.delay_slot
         794    0x13 0xb7 0x07 0x98                                                                                                                                                        EQ r27, r14, r16
.delay_slot
         798    0x12 0xe0 0xa2 0x18                                                                                                                                                        SEL.EQZ r16, r11, r10, r27
.delay_slot
         802    0x00 0x2c 0xf0 0x02 0xb6 0x00 0x00 0x43 0x41 0x07 0x00 0x00 0x1c 0x2e            NOPA;                                                       NOPS;                                                       MOV p0, r16;                            NOPV
.return_address
.no_stack_arguments
         816    0x00 0x21 0x00 0x00 0x03 0x38 0x00 0x00 0x40 0xba                                MOVA r1, #1;                                                                              JL #6592
.delay_slot
         826    0x10 0x00 0xc1 0x18                                                                                                                                                        MOVX r0, #48
.delay_slot
.swstall delay_slot
         830    0x00 0x00                                                                        NOPX
.delay_slot
.swstall delay_slot
         832    0x00 0x00                                                                        NOPX
.delay_slot
.swstall delay_slot
         834    0x00 0x00                                                                        NOPX
.delay_slot
.swstall delay_slot
         836    0x00 0x2c 0xf0 0x00 0x20 0x00 0x00 0x00 0x00 0xad 0x81 0x36                      NOPA;                         NOPB;                         NOPS;                         NOPX
.return_address
         848    0xe2 0xc2 0xd0 0x00 0x06 0x28 0x2f 0xff 0x58 0xba                                LDA r16, [p7, #4];                                                                        MOVX r0, #49;                 MOV r1, #-1
         858    0x00 0x00                                                                        NOPX
         860    0x00 0x00                                                                        NOPX
         862    0x00 0x00                                                                        NOPX
         864    0x00 0x00                                                                        NOPX
.no_stack_arguments
         866    0x00 0x0c 0xd0 0x00 0x01 0x04                                                                                                                                              JL #6560
.delay_slot
.swstall delay_slot
         872    0x00 0x00                                                                        NOPX
.delay_slot
         874    0x14 0x20 0x07 0x18                                                                                                                                                        ADD r16, r16, #1
.delay_slot
         878    0x76 0xe1 0x58 0xb0 0xfe 0x24                                                                                                                                              LT r27, r14, r16;             ADD.NC r17, r16, #-2
.delay_slot
         884    0x14 0x21 0x12 0x18                                                                                                                                                        SEL.EQZ r16, r16, r17, r27
.delay_slot
         888    0xe2 0xc2 0x30 0x00 0x01 0xa5 0x70 0x02                                                                                                      ST r16, [p7, #4];                                           NOPM
.return_address
         896    0xe2 0xc2 0xd2 0xd9 0x81 0xd4                                                    LDA r16, [p7, #4];                                                                                                      MOV p1, p6
         902    0x00 0x00                                                                        NOPX
         904    0x00 0x00                                                                        NOPX
         906    0x00 0x00                                                                        NOPX
.no_stack_arguments
         908    0x00 0x0c 0xf0 0x00 0x01 0x04                                                                                                                                              JL #6624
.delay_slot
         914    0x00 0x07 0x04 0xda 0x00 0x44                                                                                                                                              MOVXM p2, #462080
.delay_slot
.swstall delay_slot
         920    0x00 0x00                                                                        NOPX
.delay_slot
         922    0x13 0xb7 0x07 0x98                                                                                                                                                        EQ r27, r14, r16
.delay_slot
         926    0x12 0xe0 0xa2 0x18                                                                                                                                                        SEL.EQZ r16, r11, r10, r27
.delay_slot
         930    0x00 0x2c 0xf0 0x02 0xb6 0x00 0x00 0x43 0x41 0x07 0x00 0x00 0x1c 0x2e            NOPA;                                                       NOPS;                                                       MOV p0, r16;                            NOPV
.return_address
.no_stack_arguments
         944    0x00 0x21 0x00 0x00 0x03 0x38 0x00 0x00 0x40 0xba                                MOVA r1, #1;                                                                              JL #6592
.delay_slot
         954    0x10 0x00 0xc1 0x18                                                                                                                                                        MOVX r0, #48
.delay_slot
.swstall delay_slot
         958    0x00 0x00                                                                        NOPX
.delay_slot
.swstall delay_slot
         960    0x00 0x00                                                                        NOPX
.delay_slot
.swstall delay_slot
         962    0x00 0x00                                                                        NOPX
.delay_slot
.swstall delay_slot
         964    0x00 0x2c 0xf0 0x00 0x20 0x00 0x00 0x00 0x00 0xad 0x81 0x36                      NOPA;                         NOPB;                         NOPS;                         NOPX
.return_address
         976    0xe2 0xc2 0xd0 0x00 0x06 0x28 0x2f 0xff 0x58 0xba                                LDA r16, [p7, #4];                                                                        MOVX r0, #49;                 MOV r1, #-1
         986    0x00 0x00                                                                        NOPX
         988    0x00 0x00                                                                        NOPX
         990    0x00 0x00                                                                        NOPX
         992    0x00 0x00                                                                        NOPX
.no_stack_arguments
         994    0x00 0x0c 0xd0 0x00 0x01 0x04                                                                                                                                              JL #6560
.delay_slot
.swstall delay_slot
        1000    0x00 0x00                                                                        NOPX
.delay_slot
        1002    0x14 0x20 0x07 0x18                                                                                                                                                        ADD r16, r16, #1
.delay_slot
        1006    0x76 0xe1 0x58 0xb0 0xfe 0x24                                                                                                                                              LT r27, r14, r16;             ADD.NC r17, r16, #-2
.delay_slot
        1012    0x14 0x21 0x12 0x18                                                                                                                                                        SEL.EQZ r16, r16, r17, r27
.delay_slot
        1016    0xe2 0xc2 0x30 0x00 0x01 0xa5 0x70 0x02                                                                                                      ST r16, [p7, #4];                                           NOPM
.return_address
        1024    0xe2 0xc2 0xd2 0xd9 0x81 0xd4                                                    LDA r16, [p7, #4];                                                                                                      MOV p1, p6
        1030    0x00 0x00                                                                        NOPX
        1032    0x00 0x00                                                                        NOPX
        1034    0x00 0x00                                                                        NOPX
.no_stack_arguments
        1036    0x00 0x0c 0xf0 0x00 0x01 0x04                                                                                                                                              JL #6624
.delay_slot
        1042    0x00 0x07 0x04 0xda 0x00 0x44                                                                                                                                              MOVXM p2, #462080
.delay_slot
.swstall delay_slot
        1048    0x00 0x00                                                                        NOPX
.delay_slot
        1050    0x13 0xb7 0x07 0x98                                                                                                                                                        EQ r27, r14, r16
.delay_slot
        1054    0x12 0xe0 0xa2 0x18                                                                                                                                                        SEL.EQZ r16, r11, r10, r27
.delay_slot
        1058    0x00 0x2c 0xf0 0x02 0xb6 0x00 0x00 0x43 0x41 0x07 0x00 0x00 0x1c 0x2e            NOPA;                                                       NOPS;                                                       MOV p0, r16;                            NOPV
.return_address
.no_stack_arguments
        1072    0x00 0x21 0x00 0x00 0x03 0x38 0x00 0x00 0x40 0xba                                MOVA r1, #1;                                                                              JL #6592
.delay_slot
        1082    0x10 0x00 0xc1 0x18                                                                                                                                                        MOVX r0, #48
.delay_slot
.swstall delay_slot
        1086    0x00 0x00                                                                        NOPX
.delay_slot
.swstall delay_slot
        1088    0x00 0x00                                                                        NOPX
.delay_slot
.swstall delay_slot
        1090    0x00 0x00                                                                        NOPX
.delay_slot
.swstall delay_slot
        1092    0x00 0x2c 0xf0 0x00 0x20 0x00 0x00 0x00 0x00 0xad 0x81 0x36                      NOPA;                         NOPB;                         NOPS;                         NOPX
.return_address
        1104    0xe2 0xc2 0xd0 0x00 0x06 0x28 0x2f 0xff 0x58 0xba                                LDA r16, [p7, #4];                                                                        MOVX r0, #49;                 MOV r1, #-1
        1114    0x00 0x00                                                                        NOPX
        1116    0x00 0x00                                                                        NOPX
        1118    0x00 0x00                                                                        NOPX
        1120    0x00 0x00                                                                        NOPX
.no_stack_arguments
        1122    0x00 0x0c 0xd0 0x00 0x01 0x04                                                                                                                                              JL #6560
.delay_slot
.swstall delay_slot
        1128    0x00 0x00                                                                        NOPX
.delay_slot
        1130    0x14 0x20 0x07 0x18                                                                                                                                                        ADD r16, r16, #1
.delay_slot
        1134    0x76 0xe1 0x58 0xb0 0xfe 0x24                                                                                                                                              LT r27, r14, r16;             ADD.NC r17, r16, #-2
.delay_slot
        1140    0x14 0x21 0x12 0x18                                                                                                                                                        SEL.EQZ r16, r16, r17, r27
.delay_slot
        1144    0xe2 0xc2 0x30 0x00 0x01 0xa5 0x70 0x02                                                                                                      ST r16, [p7, #4];                                           NOPM
.return_address
        1152    0xe2 0xc2 0xd2 0xd9 0x81 0xd4                                                    LDA r16, [p7, #4];                                                                                                      MOV p1, p6
        1158    0x00 0x00                                                                        NOPX
        1160    0x00 0x00                                                                        NOPX
        1162    0x00 0x00                                                                        NOPX
.no_stack_arguments
        1164    0x00 0x0c 0xf0 0x00 0x01 0x04                                                                                                                                              JL #6624
.delay_slot
        1170    0x00 0x07 0x04 0xda 0x00 0x44                                                                                                                                              MOVXM p2, #462080
.delay_slot
.swstall delay_slot
        1176    0x00 0x00                                                                        NOPX
.delay_slot
        1178    0x13 0xb7 0x07 0x98                                                                                                                                                        EQ r27, r14, r16
.delay_slot
        1182    0x12 0xe0 0xa2 0x18                                                                                                                                                        SEL.EQZ r16, r11, r10, r27
.delay_slot
        1186    0x00 0x2c 0xf0 0x02 0xb6 0x00 0x00 0x43 0x41 0x07 0x00 0x00 0x1c 0x2e            NOPA;                                                       NOPS;                                                       MOV p0, r16;                            NOPV
.return_address
.no_stack_arguments
        1200    0x00 0x21 0x00 0x00 0x03 0x38 0x00 0x00 0x40 0xba                                MOVA r1, #1;                                                                              JL #6592
.delay_slot
        1210    0x10 0x00 0xc1 0x18                                                                                                                                                        MOVX r0, #48
.delay_slot
.swstall delay_slot
        1214    0x00 0x00                                                                        NOPX
.delay_slot
.swstall delay_slot
        1216    0x00 0x00                                                                        NOPX
.delay_slot
.swstall delay_slot
        1218    0x00 0x00                                                                        NOPX
.delay_slot
.swstall delay_slot
        1220    0x00 0x2c 0xf0 0x00 0x20 0x00 0x00 0x00 0x00 0xad 0x81 0x36                      NOPA;                         NOPB;                         NOPS;                         NOPX
.return_address
        1232    0xe2 0xc2 0xd0 0x00 0x06 0x48 0x28 0x01 0x58 0xba                                LDA r16, [p7, #4];                                                                        MOVX r0, #50;                 MOV r1, #1
        1242    0x00 0x00                                                                        NOPX
        1244    0x00 0x00                                                                        NOPX
        1246    0x00 0x00                                                                        NOPX
        1248    0x00 0x00                                                                        NOPX
.no_stack_arguments
        1250    0x00 0x0c 0xe0 0x00 0x01 0x04                                                                                                                                              JL #6592
.delay_slot
.swstall delay_slot
        1256    0x00 0x00                                                                        NOPX
.delay_slot
        1258    0x14 0x20 0x07 0x18                                                                                                                                                        ADD r16, r16, #1
.delay_slot
        1262    0x76 0xe1 0x58 0xb0 0xfe 0x24                                                                                                                                              LT r27, r14, r16;             ADD.NC r17, r16, #-2
.delay_slot
        1268    0x14 0x21 0x12 0x18                                                                                                                                                        SEL.EQZ r16, r16, r17, r27
.delay_slot
        1272    0xe2 0xc2 0x30 0x00 0x01 0xa5 0x70 0x02                                                                                                      ST r16, [p7, #4];                                           NOPM
.return_address
        1280    0xe0 0xc2 0xd0 0x00 0x00 0x03 0x30 0xd8 0x10 0xba                                LDA r16, [p7];                                                                            MOVXM p6, #432
        1290    0x00 0x00                                                                        NOPX
        1292    0x00 0x00                                                                        NOPX
        1294    0x00 0x00                                                                        NOPX
        1296    0x00 0x00                                                                        NOPX
        1298    0x12 0x11 0xa0 0x18                                                                                                                                                        JNZD r8, r8, p6
.delay_slot
.swstall delay_slot
        1302    0x00 0x00                                                                        NOPX
.delay_slot
        1304    0x14 0x20 0x07 0x18                                                                                                                                                        ADD r16, r16, #1
.delay_slot
        1308    0x7e 0xe1 0x58 0xb0 0xfe 0x24                                                                                                                                              LT r27, r15, r16;             ADD.NC r17, r16, #-2
.delay_slot
        1314    0x14 0x21 0x12 0x18                                                                                                                                                        SEL.EQZ r16, r16, r17, r27
.delay_slot
        1318    0x0f 0x06 0x11 0x98                                                                                                                          ST r16, [p7]
.loop_nesting 1
.no_stack_arguments
        1322    0x00 0x21 0x00 0x00 0x03 0x38 0x00 0x00 0x40 0xba                                MOVA r1, #1;                                                                              JL #6592
.delay_slot
        1332    0x02 0x40 0xa8 0x3d 0x81 0xe4                                                                                                                                              MOVX r9, #1;                  MOV r16, p7
.delay_slot
        1338    0x10 0x00 0xd5 0x18                                                                                                                                                        MOVX r0, #53
.delay_slot
        1342    0x1a 0x18 0x7e 0x18                                                                                                                                                                                      ADD.NC r8, r16, #-4
.delay_slot
.swstall delay_slot
        1346    0x00 0x00                                                                        NOPX
.delay_slot
.swstall delay_slot
        1348    0x00 0x2c 0xf0 0x00 0x20 0x00 0x00 0x00 0x00 0xad 0x81 0x36                      NOPA;                         NOPB;                         NOPS;                         NOPX
.return_address
        1360    0xfe 0xc2 0xd0 0x00 0x06 0x88 0x2f 0xff 0x58 0xba                                LDA r16, [p7, #-4];                                                                       MOVX r0, #52;                 MOV r1, #-1
        1370    0x00 0x00                                                                        NOPX
        1372    0x00 0x00                                                                        NOPX
        1374    0x00 0x00                                                                        NOPX
.no_stack_arguments
        1376    0x00 0x0c 0xd0 0x00 0x01 0x04                                                                                                                                              JL #6560
.delay_slot
        1382    0x7f 0xff 0xf8 0xbf 0xfc 0x44                                                                                                                                              MOVXM r17, #2147483646
.delay_slot
.swstall delay_slot
        1388    0x00 0x00                                                                        NOPX
.delay_slot
        1390    0x14 0x63 0x0c 0x98                                                                                                                                                        LTU r17, r17, r16
.delay_slot
        1394    0x14 0x61 0x00 0x98                                                                                                                                                        ADD r16, r17, r16
.delay_slot
        1398    0x00 0x2c 0xf7 0xf6 0x11 0x80 0x00 0x00 0x00 0x7a                                NOPA;                                                       ST r16, [p7, #-4];            NOPX
.return_address
.no_stack_arguments
        1408    0x00 0x0e 0xb0 0x00 0x01 0x04                                                                                                                                              JL #7520
.delay_slot
        1414    0x00 0x07 0x00 0xda 0x00 0x44                                                                                                                                              MOVXM p0, #462080
.delay_slot
.swstall delay_slot
        1420    0x00 0x00                                                                        NOPX
.delay_slot
.swstall delay_slot
        1422    0x00 0x00                                                                        NOPX
.delay_slot
.swstall delay_slot
        1424    0x00 0x00                                                                        NOPX
.delay_slot
.swstall delay_slot
        1426    0x00 0x2c 0xf0 0x02 0xb6 0x00 0x00 0x40 0x1a 0x57 0x00 0x00 0x1c 0x2e            NOPA;                                                       NOPS;                                                       NOPM;                                   NOPV
.return_address
        1440    0x00 0x2c 0xf0 0x00 0x27 0xc9 0x15 0x80 0x84 0xe8 0x01 0xa5 0x78 0x00 0x00 0xe1  NOPA;                         NOPB;                         ST r8, [sp, #-56];            MOVX r8, #39;                 NOPM;                                   NOPV
.label TGT_Fcore_0_2_1232
.loop_nesting 2
.no_stack_arguments
        1456    0x06 0x60 0x00 0x00 0x03 0x34 0x00 0x00 0x40 0xba                                MOVA r0, #51;                                                                             JL #6560
.delay_slot
        1466    0x17 0xc2 0xfd 0x18                                                                                                                                                        MOVX r1, #-1
.delay_slot
.swstall delay_slot
        1470    0x00 0x00                                                                        NOPX
.delay_slot
.swstall delay_slot
        1472    0x00 0x00                                                                        NOPX
.delay_slot
.swstall delay_slot
        1474    0x00 0x00                                                                        NOPX
.delay_slot
.swstall delay_slot
        1476    0x00 0x2c 0xf0 0x00 0x20 0x00 0x00 0x00 0x00 0xad 0x81 0x36                      NOPA;                         NOPB;                         NOPS;                         NOPX
.return_address
        1488    0xe0 0xca 0xd0 0x00 0x06 0x28 0x2f 0xff 0x58 0xba                                LDA r18, [p7];                                                                            MOVX r0, #49;                 MOV r1, #-1
        1498    0x00 0x00                                                                        NOPX
        1500    0x00 0x00                                                                        NOPX
.no_stack_arguments
        1502    0x00 0x0c 0xd0 0x00 0x01 0x04                                                                                                                                              JL #6560
.delay_slot
        1508    0x00 0x07 0x78 0x32 0x00 0x44                                                                                                                                              MOVXM r16, #489728
.delay_slot
        1514    0x00 0x07 0x58 0xaa 0x00 0x44                                                                                                                                              MOVXM r17, #480512
.delay_slot
.swstall delay_slot
        1520    0x00 0x00                                                                        NOPX
.delay_slot
        1522    0x12 0x77 0x27 0x98                                                                                                                                                        EQ r27, r9, r18
.delay_slot
        1526    0x00 0x2c 0xf0 0x01 0x5b 0x00 0x04 0x5f 0x02 0x7a                                NOPA;                                                       NOPS;                         SEL.EQZ r15, r17, r16, r27
.return_address
        1536    0xe2 0xc2 0xd2 0xcf 0x41 0xd4                                                    LDA r16, [p7, #4];                                                                                                      MOV p1, r15
        1542    0x1e 0x62 0xc0 0xf8                                                                                                                                                                                      MOV p6, p1
        1546    0x00 0x00                                                                        NOPX
        1548    0x00 0x00                                                                        NOPX
.no_stack_arguments
        1550    0x00 0x0c 0xf0 0x00 0x01 0x04                                                                                                                                              JL #6624
.delay_slot
        1556    0x00 0x07 0x04 0xda 0x00 0x44                                                                                                                                              MOVXM p2, #462080
.delay_slot
.swstall delay_slot
        1562    0x00 0x00                                                                        NOPX
.delay_slot
        1564    0x12 0x77 0x07 0x98                                                                                                                                                        EQ r27, r9, r16
.delay_slot
        1568    0x12 0xe0 0xa2 0x18                                                                                                                                                        SEL.EQZ r16, r11, r10, r27
.delay_slot
        1572    0x00 0x2c 0xf0 0x00 0x20 0x01 0x5b 0x00 0x34 0x10 0x70 0xf6                      NOPA;                         NOPB;                         NOPS;                                                       MOV p0, r16
.return_address
.no_stack_arguments
        1584    0x00 0x21 0x00 0x00 0x03 0x38 0x00 0x00 0x40 0xba                                MOVA r1, #1;                                                                              JL #6592
.delay_slot
        1594    0x10 0x1c 0x05 0x18                                                                                                                                                        MOVX r14, #1
.delay_slot
        1598    0x10 0x00 0xc1 0x18                                                                                                                                                        MOVX r0, #48
.delay_slot
.swstall delay_slot
        1602    0x00 0x00                                                                        NOPX
.delay_slot
.swstall delay_slot
        1604    0x00 0x00                                                                        NOPX
.delay_slot
.swstall delay_slot
        1606    0x00 0x2c 0xf0 0x00 0x10 0x00 0x01 0xa5 0x7e 0xba                                NOPA;                         NOPB;                                                                                     NOPM
.return_address
        1616    0xe2 0xc2 0xd0 0x00 0x06 0x28 0x2f 0xff 0x58 0xba                                LDA r16, [p7, #4];                                                                        MOVX r0, #49;                 MOV r1, #-1
        1626    0x00 0x00                                                                        NOPX
        1628    0x00 0x00                                                                        NOPX
        1630    0x00 0x00                                                                        NOPX
        1632    0x00 0x00                                                                        NOPX
.no_stack_arguments
        1634    0x00 0x0c 0xd0 0x00 0x01 0x04                                                                                                                                              JL #6560
.delay_slot
.swstall delay_slot
        1640    0x00 0x00                                                                        NOPX
.delay_slot
        1642    0x14 0x20 0x07 0x18                                                                                                                                                        ADD r16, r16, #1
.delay_slot
        1646    0x76 0xe1 0x58 0xb0 0xfe 0x24                                                                                                                                              LT r27, r14, r16;             ADD.NC r17, r16, #-2
.delay_slot
        1652    0x14 0x21 0x12 0x18                                                                                                                                                        SEL.EQZ r16, r16, r17, r27
.delay_slot
        1656    0xe2 0xc2 0x30 0x00 0x01 0xa5 0x70 0x02                                                                                                      ST r16, [p7, #4];                                           NOPM
.return_address
        1664    0xe2 0xc2 0xd2 0xd9 0x81 0xd4                                                    LDA r16, [p7, #4];                                                                                                      MOV p1, p6
        1670    0x00 0x00                                                                        NOPX
        1672    0x00 0x00                                                                        NOPX
        1674    0x00 0x00                                                                        NOPX
.no_stack_arguments
        1676    0x00 0x0c 0xf0 0x00 0x01 0x04                                                                                                                                              JL #6624
.delay_slot
        1682    0x00 0x07 0x04 0xda 0x00 0x44                                                                                                                                              MOVXM p2, #462080
.delay_slot
.swstall delay_slot
        1688    0x00 0x00                                                                        NOPX
.delay_slot
        1690    0x13 0xb7 0x07 0x98                                                                                                                                                        EQ r27, r14, r16
.delay_slot
        1694    0x12 0xe0 0xa2 0x18                                                                                                                                                        SEL.EQZ r16, r11, r10, r27
.delay_slot
        1698    0x00 0x2c 0xf0 0x02 0xb6 0x00 0x00 0x43 0x41 0x07 0x00 0x00 0x1c 0x2e            NOPA;                                                       NOPS;                                                       MOV p0, r16;                            NOPV
.return_address
.no_stack_arguments
        1712    0x00 0x21 0x00 0x00 0x03 0x38 0x00 0x00 0x40 0xba                                MOVA r1, #1;                                                                              JL #6592
.delay_slot
        1722    0x10 0x00 0xc1 0x18                                                                                                                                                        MOVX r0, #48
.delay_slot
.swstall delay_slot
        1726    0x00 0x00                                                                        NOPX
.delay_slot
.swstall delay_slot
        1728    0x00 0x00                                                                        NOPX
.delay_slot
.swstall delay_slot
        1730    0x00 0x00                                                                        NOPX
.delay_slot
.swstall delay_slot
        1732    0x00 0x2c 0xf0 0x00 0x20 0x00 0x00 0x00 0x00 0xad 0x81 0x36                      NOPA;                         NOPB;                         NOPS;                         NOPX
.return_address
        1744    0xe2 0xc2 0xd0 0x00 0x06 0x28 0x2f 0xff 0x58 0xba                                LDA r16, [p7, #4];                                                                        MOVX r0, #49;                 MOV r1, #-1
        1754    0x00 0x00                                                                        NOPX
        1756    0x00 0x00                                                                        NOPX
        1758    0x00 0x00                                                                        NOPX
        1760    0x00 0x00                                                                        NOPX
.no_stack_arguments
        1762    0x00 0x0c 0xd0 0x00 0x01 0x04                                                                                                                                              JL #6560
.delay_slot
.swstall delay_slot
        1768    0x00 0x00                                                                        NOPX
.delay_slot
        1770    0x14 0x20 0x07 0x18                                                                                                                                                        ADD r16, r16, #1
.delay_slot
        1774    0x76 0xe1 0x58 0xb0 0xfe 0x24                                                                                                                                              LT r27, r14, r16;             ADD.NC r17, r16, #-2
.delay_slot
        1780    0x14 0x21 0x12 0x18                                                                                                                                                        SEL.EQZ r16, r16, r17, r27
.delay_slot
        1784    0xe2 0xc2 0x30 0x00 0x01 0xa5 0x70 0x02                                                                                                      ST r16, [p7, #4];                                           NOPM
.return_address
        1792    0xe2 0xc2 0xd2 0xd9 0x81 0xd4                                                    LDA r16, [p7, #4];                                                                                                      MOV p1, p6
        1798    0x00 0x00                                                                        NOPX
        1800    0x00 0x00                                                                        NOPX
        1802    0x00 0x00                                                                        NOPX
.no_stack_arguments
        1804    0x00 0x0c 0xf0 0x00 0x01 0x04                                                                                                                                              JL #6624
.delay_slot
        1810    0x00 0x07 0x04 0xda 0x00 0x44                                                                                                                                              MOVXM p2, #462080
.delay_slot
.swstall delay_slot
        1816    0x00 0x00                                                                        NOPX
.delay_slot
        1818    0x13 0xb7 0x07 0x98                                                                                                                                                        EQ r27, r14, r16
.delay_slot
        1822    0x12 0xe0 0xa2 0x18                                                                                                                                                        SEL.EQZ r16, r11, r10, r27
.delay_slot
        1826    0x00 0x2c 0xf0 0x02 0xb6 0x00 0x00 0x43 0x41 0x07 0x00 0x00 0x1c 0x2e            NOPA;                                                       NOPS;                                                       MOV p0, r16;                            NOPV
.return_address
.no_stack_arguments
        1840    0x00 0x21 0x00 0x00 0x03 0x38 0x00 0x00 0x40 0xba                                MOVA r1, #1;                                                                              JL #6592
.delay_slot
        1850    0x10 0x00 0xc1 0x18                                                                                                                                                        MOVX r0, #48
.delay_slot
.swstall delay_slot
        1854    0x00 0x00                                                                        NOPX
.delay_slot
.swstall delay_slot
        1856    0x00 0x00                                                                        NOPX
.delay_slot
.swstall delay_slot
        1858    0x00 0x00                                                                        NOPX
.delay_slot
.swstall delay_slot
        1860    0x00 0x2c 0xf0 0x00 0x20 0x00 0x00 0x00 0x00 0xad 0x81 0x36                      NOPA;                         NOPB;                         NOPS;                         NOPX
.return_address
        1872    0xe2 0xc2 0xd0 0x00 0x06 0x28 0x2f 0xff 0x58 0xba                                LDA r16, [p7, #4];                                                                        MOVX r0, #49;                 MOV r1, #-1
        1882    0x00 0x00                                                                        NOPX
        1884    0x00 0x00                                                                        NOPX
        1886    0x00 0x00                                                                        NOPX
        1888    0x00 0x00                                                                        NOPX
.no_stack_arguments
        1890    0x00 0x0c 0xd0 0x00 0x01 0x04                                                                                                                                              JL #6560
.delay_slot
.swstall delay_slot
        1896    0x00 0x00                                                                        NOPX
.delay_slot
        1898    0x14 0x20 0x07 0x18                                                                                                                                                        ADD r16, r16, #1
.delay_slot
        1902    0x76 0xe1 0x58 0xb0 0xfe 0x24                                                                                                                                              LT r27, r14, r16;             ADD.NC r17, r16, #-2
.delay_slot
        1908    0x14 0x21 0x12 0x18                                                                                                                                                        SEL.EQZ r16, r16, r17, r27
.delay_slot
        1912    0xe2 0xc2 0x30 0x00 0x01 0xa5 0x70 0x02                                                                                                      ST r16, [p7, #4];                                           NOPM
.return_address
        1920    0xe2 0xc2 0xd2 0xd9 0x81 0xd4                                                    LDA r16, [p7, #4];                                                                                                      MOV p1, p6
        1926    0x00 0x00                                                                        NOPX
        1928    0x00 0x00                                                                        NOPX
        1930    0x00 0x00                                                                        NOPX
.no_stack_arguments
        1932    0x00 0x0c 0xf0 0x00 0x01 0x04                                                                                                                                              JL #6624
.delay_slot
        1938    0x00 0x07 0x04 0xda 0x00 0x44                                                                                                                                              MOVXM p2, #462080
.delay_slot
.swstall delay_slot
        1944    0x00 0x00                                                                        NOPX
.delay_slot
        1946    0x13 0xb7 0x07 0x98                                                                                                                                                        EQ r27, r14, r16
.delay_slot
        1950    0x12 0xe0 0xa2 0x18                                                                                                                                                        SEL.EQZ r16, r11, r10, r27
.delay_slot
        1954    0x00 0x2c 0xf0 0x02 0xb6 0x00 0x00 0x43 0x41 0x07 0x00 0x00 0x1c 0x2e            NOPA;                                                       NOPS;                                                       MOV p0, r16;                            NOPV
.return_address
.no_stack_arguments
        1968    0x00 0x21 0x00 0x00 0x03 0x38 0x00 0x00 0x40 0xba                                MOVA r1, #1;                                                                              JL #6592
.delay_slot
        1978    0x10 0x00 0xc1 0x18                                                                                                                                                        MOVX r0, #48
.delay_slot
.swstall delay_slot
        1982    0x00 0x00                                                                        NOPX
.delay_slot
.swstall delay_slot
        1984    0x00 0x00                                                                        NOPX
.delay_slot
.swstall delay_slot
        1986    0x00 0x00                                                                        NOPX
.delay_slot
.swstall delay_slot
        1988    0x00 0x2c 0xf0 0x00 0x20 0x00 0x00 0x00 0x00 0xad 0x81 0x36                      NOPA;                         NOPB;                         NOPS;                         NOPX
.return_address
        2000    0xe2 0xc2 0xd0 0x00 0x06 0x28 0x2f 0xff 0x58 0xba                                LDA r16, [p7, #4];                                                                        MOVX r0, #49;                 MOV r1, #-1
        2010    0x00 0x00                                                                        NOPX
        2012    0x00 0x00                                                                        NOPX
        2014    0x00 0x00                                                                        NOPX
        2016    0x00 0x00                                                                        NOPX
.no_stack_arguments
        2018    0x00 0x0c 0xd0 0x00 0x01 0x04                                                                                                                                              JL #6560
.delay_slot
.swstall delay_slot
        2024    0x00 0x00                                                                        NOPX
.delay_slot
        2026    0x14 0x20 0x07 0x18                                                                                                                                                        ADD r16, r16, #1
.delay_slot
        2030    0x76 0xe1 0x58 0xb0 0xfe 0x24                                                                                                                                              LT r27, r14, r16;             ADD.NC r17, r16, #-2
.delay_slot
        2036    0x14 0x21 0x12 0x18                                                                                                                                                        SEL.EQZ r16, r16, r17, r27
.delay_slot
        2040    0xe2 0xc2 0x30 0x00 0x01 0xa5 0x70 0x02                                                                                                      ST r16, [p7, #4];                                           NOPM
.return_address
        2048    0xe2 0xc2 0xd2 0xd9 0x81 0xd4                                                    LDA r16, [p7, #4];                                                                                                      MOV p1, p6
        2054    0x00 0x00                                                                        NOPX
        2056    0x00 0x00                                                                        NOPX
        2058    0x00 0x00                                                                        NOPX
.no_stack_arguments
        2060    0x00 0x0c 0xf0 0x00 0x01 0x04                                                                                                                                              JL #6624
.delay_slot
        2066    0x00 0x07 0x04 0xda 0x00 0x44                                                                                                                                              MOVXM p2, #462080
.delay_slot
.swstall delay_slot
        2072    0x00 0x00                                                                        NOPX
.delay_slot
        2074    0x13 0xb7 0x07 0x98                                                                                                                                                        EQ r27, r14, r16
.delay_slot
        2078    0x12 0xe0 0xa2 0x18                                                                                                                                                        SEL.EQZ r16, r11, r10, r27
.delay_slot
        2082    0x00 0x2c 0xf0 0x02 0xb6 0x00 0x00 0x43 0x41 0x07 0x00 0x00 0x1c 0x2e            NOPA;                                                       NOPS;                                                       MOV p0, r16;                            NOPV
.return_address
.no_stack_arguments
        2096    0x00 0x21 0x00 0x00 0x03 0x38 0x00 0x00 0x40 0xba                                MOVA r1, #1;                                                                              JL #6592
.delay_slot
        2106    0x10 0x00 0xc1 0x18                                                                                                                                                        MOVX r0, #48
.delay_slot
.swstall delay_slot
        2110    0x00 0x00                                                                        NOPX
.delay_slot
.swstall delay_slot
        2112    0x00 0x00                                                                        NOPX
.delay_slot
.swstall delay_slot
        2114    0x00 0x00                                                                        NOPX
.delay_slot
.swstall delay_slot
        2116    0x00 0x2c 0xf0 0x00 0x20 0x00 0x00 0x00 0x00 0xad 0x81 0x36                      NOPA;                         NOPB;                         NOPS;                         NOPX
.return_address
        2128    0xe2 0xc2 0xd0 0x00 0x06 0x28 0x2f 0xff 0x58 0xba                                LDA r16, [p7, #4];                                                                        MOVX r0, #49;                 MOV r1, #-1
        2138    0x00 0x00                                                                        NOPX
        2140    0x00 0x00                                                                        NOPX
        2142    0x00 0x00                                                                        NOPX
        2144    0x00 0x00                                                                        NOPX
.no_stack_arguments
        2146    0x00 0x0c 0xd0 0x00 0x01 0x04                                                                                                                                              JL #6560
.delay_slot
.swstall delay_slot
        2152    0x00 0x00                                                                        NOPX
.delay_slot
        2154    0x14 0x20 0x07 0x18                                                                                                                                                        ADD r16, r16, #1
.delay_slot
        2158    0x76 0xe1 0x58 0xb0 0xfe 0x24                                                                                                                                              LT r27, r14, r16;             ADD.NC r17, r16, #-2
.delay_slot
        2164    0x14 0x21 0x12 0x18                                                                                                                                                        SEL.EQZ r16, r16, r17, r27
.delay_slot
        2168    0xe2 0xc2 0x30 0x00 0x01 0xa5 0x70 0x02                                                                                                      ST r16, [p7, #4];                                           NOPM
.return_address
        2176    0xe2 0xc2 0xd2 0xd9 0x81 0xd4                                                    LDA r16, [p7, #4];                                                                                                      MOV p1, p6
        2182    0x00 0x00                                                                        NOPX
        2184    0x00 0x00                                                                        NOPX
        2186    0x00 0x00                                                                        NOPX
.no_stack_arguments
        2188    0x00 0x0c 0xf0 0x00 0x01 0x04                                                                                                                                              JL #6624
.delay_slot
        2194    0x00 0x07 0x04 0xda 0x00 0x44                                                                                                                                              MOVXM p2, #462080
.delay_slot
.swstall delay_slot
        2200    0x00 0x00                                                                        NOPX
.delay_slot
        2202    0x13 0xb7 0x07 0x98                                                                                                                                                        EQ r27, r14, r16
.delay_slot
        2206    0x12 0xe0 0xa2 0x18                                                                                                                                                        SEL.EQZ r16, r11, r10, r27
.delay_slot
        2210    0x00 0x2c 0xf0 0x02 0xb6 0x00 0x00 0x43 0x41 0x07 0x00 0x00 0x1c 0x2e            NOPA;                                                       NOPS;                                                       MOV p0, r16;                            NOPV
.return_address
.no_stack_arguments
        2224    0x00 0x21 0x00 0x00 0x03 0x38 0x00 0x00 0x40 0xba                                MOVA r1, #1;                                                                              JL #6592
.delay_slot
        2234    0x10 0x12 0x05 0x18                                                                                                                                                        MOVX r9, #1
.delay_slot
        2238    0x10 0x00 0xc1 0x18                                                                                                                                                        MOVX r0, #48
.delay_slot
.swstall delay_slot
        2242    0x00 0x00                                                                        NOPX
.delay_slot
.swstall delay_slot
        2244    0x00 0x00                                                                        NOPX
.delay_slot
.swstall delay_slot
        2246    0x00 0x2c 0xf0 0x00 0x10 0x00 0x01 0xa5 0x7e 0xba                                NOPA;                         NOPB;                                                                                     NOPM
.return_address
        2256    0xe2 0xc2 0xd0 0x00 0x06 0x48 0x28 0x01 0x58 0xba                                LDA r16, [p7, #4];                                                                        MOVX r0, #50;                 MOV r1, #1
        2266    0x00 0x00                                                                        NOPX
        2268    0x00 0x00                                                                        NOPX
        2270    0x00 0x00                                                                        NOPX
        2272    0x00 0x00                                                                        NOPX
.no_stack_arguments
        2274    0x00 0x0c 0xe0 0x00 0x01 0x04                                                                                                                                              JL #6592
.delay_slot
.swstall delay_slot
        2280    0x00 0x00                                                                        NOPX
.delay_slot
        2282    0x14 0x20 0x07 0x18                                                                                                                                                        ADD r16, r16, #1
.delay_slot
        2286    0x4e 0xe1 0x58 0xb0 0xfe 0x24                                                                                                                                              LT r27, r9, r16;              ADD.NC r17, r16, #-2
.delay_slot
        2292    0x14 0x21 0x12 0x18                                                                                                                                                        SEL.EQZ r16, r16, r17, r27
.delay_slot
        2296    0xe2 0xc2 0x30 0x00 0x01 0xa5 0x70 0x02                                                                                                      ST r16, [p7, #4];                                           NOPM
.return_address
        2304    0xe0 0xc2 0xd0 0x00 0x00 0x03 0x32 0xd8 0x10 0xba                                LDA r16, [p7];                                                                            MOVXM p6, #1456
        2314    0x00 0x00                                                                        NOPX
        2316    0x00 0x00                                                                        NOPX
        2318    0x00 0x00                                                                        NOPX
        2320    0x00 0x00                                                                        NOPX
        2322    0x12 0x11 0xa0 0x18                                                                                                                                                        JNZD r8, r8, p6
.delay_slot
.swstall delay_slot
        2326    0x00 0x00                                                                        NOPX
.delay_slot
        2328    0x14 0x20 0x07 0x18                                                                                                                                                        ADD r16, r16, #1
.delay_slot
        2332    0x4e 0xe1 0x58 0xb0 0xfe 0x24                                                                                                                                              LT r27, r9, r16;              ADD.NC r17, r16, #-2
.delay_slot
        2338    0x14 0x21 0x12 0x18                                                                                                                                                        SEL.EQZ r16, r16, r17, r27
.delay_slot
        2342    0x0f 0x06 0x11 0x98                                                                                                                          ST r16, [p7]
.loop_nesting 1
.no_stack_arguments
        2346    0x06 0xa0 0x00 0x00 0x03 0x38 0x00 0x00 0x40 0xba                                MOVA r0, #53;                                                                             JL #6592
.delay_slot
        2356    0x10 0x02 0x05 0x18                                                                                                                                                        MOVX r1, #1
.delay_slot
.swstall delay_slot
        2360    0x00 0x00                                                                        NOPX
.delay_slot
.swstall delay_slot
        2362    0x00 0x00                                                                        NOPX
.delay_slot
.swstall delay_slot
        2364    0x00 0x00                                                                        NOPX
.delay_slot
.swstall delay_slot
        2366    0x00 0x00                                                                        NOPX
.return_address
        2368    0xfe 0xc2 0xd0 0x00 0x06 0x88 0x2f 0xff 0x58 0xba                                LDA r16, [p7, #-4];                                                                       MOVX r0, #52;                 MOV r1, #-1
        2378    0x00 0x00                                                                        NOPX
        2380    0x00 0x00                                                                        NOPX
        2382    0x00 0x00                                                                        NOPX
.no_stack_arguments
        2384    0x00 0x0c 0xd0 0x00 0x01 0x04                                                                                                                                              JL #6560
.delay_slot
        2390    0x7f 0xff 0xf8 0xbf 0xfc 0x44                                                                                                                                              MOVXM r17, #2147483646
.delay_slot
.swstall delay_slot
        2396    0x00 0x00                                                                        NOPX
.delay_slot
        2398    0x14 0x63 0x0c 0x98                                                                                                                                                        LTU r17, r17, r16
.delay_slot
        2402    0x14 0x61 0x00 0x98                                                                                                                                                        ADD r16, r17, r16
.delay_slot
        2406    0x00 0x2c 0xf7 0xf6 0x11 0x80 0x00 0x00 0x00 0x7a                                NOPA;                                                       ST r16, [p7, #-4];            NOPX
.return_address
.no_stack_arguments
        2416    0x00 0x0e 0xb0 0x00 0x01 0x04                                                                                                                                              JL #7520
.delay_slot
        2422    0x00 0x07 0x00 0xda 0x00 0x44                                                                                                                                              MOVXM p0, #462080
.delay_slot
.swstall delay_slot
        2428    0x00 0x00                                                                        NOPX
.delay_slot
.swstall delay_slot
        2430    0x00 0x00                                                                        NOPX
.delay_slot
.swstall delay_slot
        2432    0x00 0x00                                                                        NOPX
.delay_slot
.swstall delay_slot
        2434    0x00 0x2c 0xf0 0x02 0xb6 0x00 0x00 0x40 0x1a 0x57 0x00 0x00 0x1c 0x2e            NOPA;                                                       NOPS;                                                       NOPM;                                   NOPV
.return_address
        2448    0x00 0x2c 0xf0 0x00 0x20 0x01 0x5b 0x00 0x84 0xe8 0x01 0xa5 0x78 0x00 0x00 0xe1  NOPA;                         NOPB;                         NOPS;                         MOVX r8, #39;                 NOPM;                                   NOPV
.label TGT_Fcore_0_2_2240
.loop_nesting 2
.no_stack_arguments
        2464    0x06 0x60 0x00 0x00 0x03 0x34 0x00 0x00 0x40 0xba                                MOVA r0, #51;                                                                             JL #6560
.delay_slot
        2474    0x17 0xc2 0xfd 0x18                                                                                                                                                        MOVX r1, #-1
.delay_slot
.swstall delay_slot
        2478    0x00 0x00                                                                        NOPX
.delay_slot
.swstall delay_slot
        2480    0x00 0x00                                                                        NOPX
.delay_slot
.swstall delay_slot
        2482    0x00 0x00                                                                        NOPX
.delay_slot
.swstall delay_slot
        2484    0x00 0x2c 0xf0 0x00 0x20 0x00 0x00 0x00 0x00 0xad 0x81 0x36                      NOPA;                         NOPB;                         NOPS;                         NOPX
.return_address
        2496    0xe0 0xca 0xd0 0x00 0x06 0x28 0x2f 0xff 0x58 0xba                                LDA r18, [p7];                                                                            MOVX r0, #49;                 MOV r1, #-1
        2506    0x00 0x00                                                                        NOPX
        2508    0x00 0x00                                                                        NOPX
.no_stack_arguments
        2510    0x00 0x0c 0xd0 0x00 0x01 0x04                                                                                                                                              JL #6560
.delay_slot
        2516    0x00 0x07 0x78 0x32 0x00 0x44                                                                                                                                              MOVXM r16, #489728
.delay_slot
        2522    0x00 0x07 0x58 0xaa 0x00 0x44                                                                                                                                              MOVXM r17, #480512
.delay_slot
.swstall delay_slot
        2528    0x00 0x00                                                                        NOPX
.delay_slot
        2530    0x12 0x77 0x27 0x98                                                                                                                                                        EQ r27, r9, r18
.delay_slot
        2534    0x00 0x2c 0xf0 0x01 0x5b 0x00 0x04 0x5f 0x02 0x7a                                NOPA;                                                       NOPS;                         SEL.EQZ r15, r17, r16, r27
.return_address
        2544    0xe2 0xc2 0xd2 0xcf 0x41 0xd4                                                    LDA r16, [p7, #4];                                                                                                      MOV p1, r15
        2550    0x1e 0x62 0xc0 0xf8                                                                                                                                                                                      MOV p6, p1
        2554    0x00 0x00                                                                        NOPX
        2556    0x00 0x00                                                                        NOPX
.no_stack_arguments
        2558    0x00 0x0c 0xf0 0x00 0x01 0x04                                                                                                                                              JL #6624
.delay_slot
        2564    0x00 0x07 0x04 0xda 0x00 0x44                                                                                                                                              MOVXM p2, #462080
.delay_slot
.swstall delay_slot
        2570    0x00 0x00                                                                        NOPX
.delay_slot
        2572    0x12 0x77 0x07 0x98                                                                                                                                                        EQ r27, r9, r16
.delay_slot
        2576    0x12 0xe0 0xa2 0x18                                                                                                                                                        SEL.EQZ r16, r11, r10, r27
.delay_slot
        2580    0x00 0x2c 0xf0 0x00 0x20 0x01 0x5b 0x00 0x34 0x10 0x70 0xf6                      NOPA;                         NOPB;                         NOPS;                                                       MOV p0, r16
.return_address
.no_stack_arguments
        2592    0x00 0x21 0x00 0x00 0x03 0x38 0x00 0x00 0x40 0xba                                MOVA r1, #1;                                                                              JL #6592
.delay_slot
        2602    0x10 0x1c 0x05 0x18                                                                                                                                                        MOVX r14, #1
.delay_slot
        2606    0x10 0x00 0xc1 0x18                                                                                                                                                        MOVX r0, #48
.delay_slot
.swstall delay_slot
        2610    0x00 0x00                                                                        NOPX
.delay_slot
.swstall delay_slot
        2612    0x00 0x00                                                                        NOPX
.delay_slot
.swstall delay_slot
        2614    0x00 0x2c 0xf0 0x00 0x10 0x00 0x01 0xa5 0x7e 0xba                                NOPA;                         NOPB;                                                                                     NOPM
.return_address
        2624    0xe2 0xc2 0xd0 0x00 0x06 0x28 0x2f 0xff 0x58 0xba                                LDA r16, [p7, #4];                                                                        MOVX r0, #49;                 MOV r1, #-1
        2634    0x00 0x00                                                                        NOPX
        2636    0x00 0x00                                                                        NOPX
        2638    0x00 0x00                                                                        NOPX
        2640    0x00 0x00                                                                        NOPX
.no_stack_arguments
        2642    0x00 0x0c 0xd0 0x00 0x01 0x04                                                                                                                                              JL #6560
.delay_slot
.swstall delay_slot
        2648    0x00 0x00                                                                        NOPX
.delay_slot
        2650    0x14 0x20 0x07 0x18                                                                                                                                                        ADD r16, r16, #1
.delay_slot
        2654    0x76 0xe1 0x58 0xb0 0xfe 0x24                                                                                                                                              LT r27, r14, r16;             ADD.NC r17, r16, #-2
.delay_slot
        2660    0x14 0x21 0x12 0x18                                                                                                                                                        SEL.EQZ r16, r16, r17, r27
.delay_slot
        2664    0xe2 0xc2 0x30 0x00 0x01 0xa5 0x70 0x02                                                                                                      ST r16, [p7, #4];                                           NOPM
.return_address
        2672    0xe2 0xc2 0xd2 0xd9 0x81 0xd4                                                    LDA r16, [p7, #4];                                                                                                      MOV p1, p6
        2678    0x00 0x00                                                                        NOPX
        2680    0x00 0x00                                                                        NOPX
        2682    0x00 0x00                                                                        NOPX
.no_stack_arguments
        2684    0x00 0x0c 0xf0 0x00 0x01 0x04                                                                                                                                              JL #6624
.delay_slot
        2690    0x00 0x07 0x04 0xda 0x00 0x44                                                                                                                                              MOVXM p2, #462080
.delay_slot
.swstall delay_slot
        2696    0x00 0x00                                                                        NOPX
.delay_slot
        2698    0x13 0xb7 0x07 0x98                                                                                                                                                        EQ r27, r14, r16
.delay_slot
        2702    0x12 0xe0 0xa2 0x18                                                                                                                                                        SEL.EQZ r16, r11, r10, r27
.delay_slot
        2706    0x00 0x2c 0xf0 0x02 0xb6 0x00 0x00 0x43 0x41 0x07 0x00 0x00 0x1c 0x2e            NOPA;                                                       NOPS;                                                       MOV p0, r16;                            NOPV
.return_address
.no_stack_arguments
        2720    0x00 0x21 0x00 0x00 0x03 0x38 0x00 0x00 0x40 0xba                                MOVA r1, #1;                                                                              JL #6592
.delay_slot
        2730    0x10 0x00 0xc1 0x18                                                                                                                                                        MOVX r0, #48
.delay_slot
.swstall delay_slot
        2734    0x00 0x00                                                                        NOPX
.delay_slot
.swstall delay_slot
        2736    0x00 0x00                                                                        NOPX
.delay_slot
.swstall delay_slot
        2738    0x00 0x00                                                                        NOPX
.delay_slot
.swstall delay_slot
        2740    0x00 0x2c 0xf0 0x00 0x20 0x00 0x00 0x00 0x00 0xad 0x81 0x36                      NOPA;                         NOPB;                         NOPS;                         NOPX
.return_address
        2752    0xe2 0xc2 0xd0 0x00 0x06 0x28 0x2f 0xff 0x58 0xba                                LDA r16, [p7, #4];                                                                        MOVX r0, #49;                 MOV r1, #-1
        2762    0x00 0x00                                                                        NOPX
        2764    0x00 0x00                                                                        NOPX
        2766    0x00 0x00                                                                        NOPX
        2768    0x00 0x00                                                                        NOPX
.no_stack_arguments
        2770    0x00 0x0c 0xd0 0x00 0x01 0x04                                                                                                                                              JL #6560
.delay_slot
.swstall delay_slot
        2776    0x00 0x00                                                                        NOPX
.delay_slot
        2778    0x14 0x20 0x07 0x18                                                                                                                                                        ADD r16, r16, #1
.delay_slot
        2782    0x76 0xe1 0x58 0xb0 0xfe 0x24                                                                                                                                              LT r27, r14, r16;             ADD.NC r17, r16, #-2
.delay_slot
        2788    0x14 0x21 0x12 0x18                                                                                                                                                        SEL.EQZ r16, r16, r17, r27
.delay_slot
        2792    0xe2 0xc2 0x30 0x00 0x01 0xa5 0x70 0x02                                                                                                      ST r16, [p7, #4];                                           NOPM
.return_address
        2800    0xe2 0xc2 0xd2 0xd9 0x81 0xd4                                                    LDA r16, [p7, #4];                                                                                                      MOV p1, p6
        2806    0x00 0x00                                                                        NOPX
        2808    0x00 0x00                                                                        NOPX
        2810    0x00 0x00                                                                        NOPX
.no_stack_arguments
        2812    0x00 0x0c 0xf0 0x00 0x01 0x04                                                                                                                                              JL #6624
.delay_slot
        2818    0x00 0x07 0x04 0xda 0x00 0x44                                                                                                                                              MOVXM p2, #462080
.delay_slot
.swstall delay_slot
        2824    0x00 0x00                                                                        NOPX
.delay_slot
        2826    0x13 0xb7 0x07 0x98                                                                                                                                                        EQ r27, r14, r16
.delay_slot
        2830    0x12 0xe0 0xa2 0x18                                                                                                                                                        SEL.EQZ r16, r11, r10, r27
.delay_slot
        2834    0x00 0x2c 0xf0 0x02 0xb6 0x00 0x00 0x43 0x41 0x07 0x00 0x00 0x1c 0x2e            NOPA;                                                       NOPS;                                                       MOV p0, r16;                            NOPV
.return_address
.no_stack_arguments
        2848    0x00 0x21 0x00 0x00 0x03 0x38 0x00 0x00 0x40 0xba                                MOVA r1, #1;                                                                              JL #6592
.delay_slot
        2858    0x10 0x00 0xc1 0x18                                                                                                                                                        MOVX r0, #48
.delay_slot
.swstall delay_slot
        2862    0x00 0x00                                                                        NOPX
.delay_slot
.swstall delay_slot
        2864    0x00 0x00                                                                        NOPX
.delay_slot
.swstall delay_slot
        2866    0x00 0x00                                                                        NOPX
.delay_slot
.swstall delay_slot
        2868    0x00 0x2c 0xf0 0x00 0x20 0x00 0x00 0x00 0x00 0xad 0x81 0x36                      NOPA;                         NOPB;                         NOPS;                         NOPX
.return_address
        2880    0xe2 0xc2 0xd0 0x00 0x06 0x28 0x2f 0xff 0x58 0xba                                LDA r16, [p7, #4];                                                                        MOVX r0, #49;                 MOV r1, #-1
        2890    0x00 0x00                                                                        NOPX
        2892    0x00 0x00                                                                        NOPX
        2894    0x00 0x00                                                                        NOPX
        2896    0x00 0x00                                                                        NOPX
.no_stack_arguments
        2898    0x00 0x0c 0xd0 0x00 0x01 0x04                                                                                                                                              JL #6560
.delay_slot
.swstall delay_slot
        2904    0x00 0x00                                                                        NOPX
.delay_slot
        2906    0x14 0x20 0x07 0x18                                                                                                                                                        ADD r16, r16, #1
.delay_slot
        2910    0x76 0xe1 0x58 0xb0 0xfe 0x24                                                                                                                                              LT r27, r14, r16;             ADD.NC r17, r16, #-2
.delay_slot
        2916    0x14 0x21 0x12 0x18                                                                                                                                                        SEL.EQZ r16, r16, r17, r27
.delay_slot
        2920    0xe2 0xc2 0x30 0x00 0x01 0xa5 0x70 0x02                                                                                                      ST r16, [p7, #4];                                           NOPM
.return_address
        2928    0xe2 0xc2 0xd2 0xd9 0x81 0xd4                                                    LDA r16, [p7, #4];                                                                                                      MOV p1, p6
        2934    0x00 0x00                                                                        NOPX
        2936    0x00 0x00                                                                        NOPX
        2938    0x00 0x00                                                                        NOPX
.no_stack_arguments
        2940    0x00 0x0c 0xf0 0x00 0x01 0x04                                                                                                                                              JL #6624
.delay_slot
        2946    0x00 0x07 0x04 0xda 0x00 0x44                                                                                                                                              MOVXM p2, #462080
.delay_slot
.swstall delay_slot
        2952    0x00 0x00                                                                        NOPX
.delay_slot
        2954    0x13 0xb7 0x07 0x98                                                                                                                                                        EQ r27, r14, r16
.delay_slot
        2958    0x12 0xe0 0xa2 0x18                                                                                                                                                        SEL.EQZ r16, r11, r10, r27
.delay_slot
        2962    0x00 0x2c 0xf0 0x02 0xb6 0x00 0x00 0x43 0x41 0x07 0x00 0x00 0x1c 0x2e            NOPA;                                                       NOPS;                                                       MOV p0, r16;                            NOPV
.return_address
.no_stack_arguments
        2976    0x00 0x21 0x00 0x00 0x03 0x38 0x00 0x00 0x40 0xba                                MOVA r1, #1;                                                                              JL #6592
.delay_slot
        2986    0x10 0x00 0xc1 0x18                                                                                                                                                        MOVX r0, #48
.delay_slot
.swstall delay_slot
        2990    0x00 0x00                                                                        NOPX
.delay_slot
.swstall delay_slot
        2992    0x00 0x00                                                                        NOPX
.delay_slot
.swstall delay_slot
        2994    0x00 0x00                                                                        NOPX
.delay_slot
.swstall delay_slot
        2996    0x00 0x2c 0xf0 0x00 0x20 0x00 0x00 0x00 0x00 0xad 0x81 0x36                      NOPA;                         NOPB;                         NOPS;                         NOPX
.return_address
        3008    0xe2 0xc2 0xd0 0x00 0x06 0x28 0x2f 0xff 0x58 0xba                                LDA r16, [p7, #4];                                                                        MOVX r0, #49;                 MOV r1, #-1
        3018    0x00 0x00                                                                        NOPX
        3020    0x00 0x00                                                                        NOPX
        3022    0x00 0x00                                                                        NOPX
        3024    0x00 0x00                                                                        NOPX
.no_stack_arguments
        3026    0x00 0x0c 0xd0 0x00 0x01 0x04                                                                                                                                              JL #6560
.delay_slot
.swstall delay_slot
        3032    0x00 0x00                                                                        NOPX
.delay_slot
        3034    0x14 0x20 0x07 0x18                                                                                                                                                        ADD r16, r16, #1
.delay_slot
        3038    0x76 0xe1 0x58 0xb0 0xfe 0x24                                                                                                                                              LT r27, r14, r16;             ADD.NC r17, r16, #-2
.delay_slot
        3044    0x14 0x21 0x12 0x18                                                                                                                                                        SEL.EQZ r16, r16, r17, r27
.delay_slot
        3048    0xe2 0xc2 0x30 0x00 0x01 0xa5 0x70 0x02                                                                                                      ST r16, [p7, #4];                                           NOPM
.return_address
        3056    0xe2 0xc2 0xd2 0xd9 0x81 0xd4                                                    LDA r16, [p7, #4];                                                                                                      MOV p1, p6
        3062    0x00 0x00                                                                        NOPX
        3064    0x00 0x00                                                                        NOPX
        3066    0x00 0x00                                                                        NOPX
.no_stack_arguments
        3068    0x00 0x0c 0xf0 0x00 0x01 0x04                                                                                                                                              JL #6624
.delay_slot
        3074    0x00 0x07 0x04 0xda 0x00 0x44                                                                                                                                              MOVXM p2, #462080
.delay_slot
.swstall delay_slot
        3080    0x00 0x00                                                                        NOPX
.delay_slot
        3082    0x13 0xb7 0x07 0x98                                                                                                                                                        EQ r27, r14, r16
.delay_slot
        3086    0x12 0xe0 0xa2 0x18                                                                                                                                                        SEL.EQZ r16, r11, r10, r27
.delay_slot
        3090    0x00 0x2c 0xf0 0x02 0xb6 0x00 0x00 0x43 0x41 0x07 0x00 0x00 0x1c 0x2e            NOPA;                                                       NOPS;                                                       MOV p0, r16;                            NOPV
.return_address
.no_stack_arguments
        3104    0x00 0x21 0x00 0x00 0x03 0x38 0x00 0x00 0x40 0xba                                MOVA r1, #1;                                                                              JL #6592
.delay_slot
        3114    0x10 0x00 0xc1 0x18                                                                                                                                                        MOVX r0, #48
.delay_slot
.swstall delay_slot
        3118    0x00 0x00                                                                        NOPX
.delay_slot
.swstall delay_slot
        3120    0x00 0x00                                                                        NOPX
.delay_slot
.swstall delay_slot
        3122    0x00 0x00                                                                        NOPX
.delay_slot
.swstall delay_slot
        3124    0x00 0x2c 0xf0 0x00 0x20 0x00 0x00 0x00 0x00 0xad 0x81 0x36                      NOPA;                         NOPB;                         NOPS;                         NOPX
.return_address
        3136    0xe2 0xc2 0xd0 0x00 0x06 0x28 0x2f 0xff 0x58 0xba                                LDA r16, [p7, #4];                                                                        MOVX r0, #49;                 MOV r1, #-1
        3146    0x00 0x00                                                                        NOPX
        3148    0x00 0x00                                                                        NOPX
        3150    0x00 0x00                                                                        NOPX
        3152    0x00 0x00                                                                        NOPX
.no_stack_arguments
        3154    0x00 0x0c 0xd0 0x00 0x01 0x04                                                                                                                                              JL #6560
.delay_slot
.swstall delay_slot
        3160    0x00 0x00                                                                        NOPX
.delay_slot
        3162    0x14 0x20 0x07 0x18                                                                                                                                                        ADD r16, r16, #1
.delay_slot
        3166    0x76 0xe1 0x58 0xb0 0xfe 0x24                                                                                                                                              LT r27, r14, r16;             ADD.NC r17, r16, #-2
.delay_slot
        3172    0x14 0x21 0x12 0x18                                                                                                                                                        SEL.EQZ r16, r16, r17, r27
.delay_slot
        3176    0xe2 0xc2 0x30 0x00 0x01 0xa5 0x70 0x02                                                                                                      ST r16, [p7, #4];                                           NOPM
.return_address
        3184    0xe2 0xc2 0xd2 0xd9 0x81 0xd4                                                    LDA r16, [p7, #4];                                                                                                      MOV p1, p6
        3190    0x00 0x00                                                                        NOPX
        3192    0x00 0x00                                                                        NOPX
        3194    0x00 0x00                                                                        NOPX
.no_stack_arguments
        3196    0x00 0x0c 0xf0 0x00 0x01 0x04                                                                                                                                              JL #6624
.delay_slot
        3202    0x00 0x07 0x04 0xda 0x00 0x44                                                                                                                                              MOVXM p2, #462080
.delay_slot
.swstall delay_slot
        3208    0x00 0x00                                                                        NOPX
.delay_slot
        3210    0x13 0xb7 0x07 0x98                                                                                                                                                        EQ r27, r14, r16
.delay_slot
        3214    0x12 0xe0 0xa2 0x18                                                                                                                                                        SEL.EQZ r16, r11, r10, r27
.delay_slot
        3218    0x00 0x2c 0xf0 0x02 0xb6 0x00 0x00 0x43 0x41 0x07 0x00 0x00 0x1c 0x2e            NOPA;                                                       NOPS;                                                       MOV p0, r16;                            NOPV
.return_address
.no_stack_arguments
        3232    0x00 0x21 0x00 0x00 0x03 0x38 0x00 0x00 0x40 0xba                                MOVA r1, #1;                                                                              JL #6592
.delay_slot
        3242    0x10 0x12 0x05 0x18                                                                                                                                                        MOVX r9, #1
.delay_slot
        3246    0x10 0x00 0xc1 0x18                                                                                                                                                        MOVX r0, #48
.delay_slot
.swstall delay_slot
        3250    0x00 0x00                                                                        NOPX
.delay_slot
.swstall delay_slot
        3252    0x00 0x00                                                                        NOPX
.delay_slot
.swstall delay_slot
        3254    0x00 0x2c 0xf0 0x00 0x10 0x00 0x01 0xa5 0x7e 0xba                                NOPA;                         NOPB;                                                                                     NOPM
.return_address
        3264    0xe2 0xc2 0xd0 0x00 0x06 0x48 0x28 0x01 0x58 0xba                                LDA r16, [p7, #4];                                                                        MOVX r0, #50;                 MOV r1, #1
        3274    0x00 0x00                                                                        NOPX
        3276    0x00 0x00                                                                        NOPX
        3278    0x00 0x00                                                                        NOPX
        3280    0x00 0x00                                                                        NOPX
.no_stack_arguments
        3282    0x00 0x0c 0xe0 0x00 0x01 0x04                                                                                                                                              JL #6592
.delay_slot
.swstall delay_slot
        3288    0x00 0x00                                                                        NOPX
.delay_slot
        3290    0x14 0x20 0x07 0x18                                                                                                                                                        ADD r16, r16, #1
.delay_slot
        3294    0x4e 0xe1 0x58 0xb0 0xfe 0x24                                                                                                                                              LT r27, r9, r16;              ADD.NC r17, r16, #-2
.delay_slot
        3300    0x14 0x21 0x12 0x18                                                                                                                                                        SEL.EQZ r16, r16, r17, r27
.delay_slot
        3304    0xe2 0xc2 0x30 0x00 0x01 0xa5 0x70 0x02                                                                                                      ST r16, [p7, #4];                                           NOPM
.return_address
        3312    0xe0 0xc2 0xd0 0x00 0x00 0x03 0x34 0xd0 0x10 0xba                                LDA r16, [p7];                                                                            MOVXM p6, #2464
        3322    0x00 0x00                                                                        NOPX
        3324    0x00 0x00                                                                        NOPX
        3326    0x00 0x00                                                                        NOPX
        3328    0x00 0x00                                                                        NOPX
        3330    0x12 0x11 0xa0 0x18                                                                                                                                                        JNZD r8, r8, p6
.delay_slot
.swstall delay_slot
        3334    0x00 0x00                                                                        NOPX
.delay_slot
        3336    0x14 0x20 0x07 0x18                                                                                                                                                        ADD r16, r16, #1
.delay_slot
        3340    0x4e 0xe1 0x58 0xb0 0xfe 0x24                                                                                                                                              LT r27, r9, r16;              ADD.NC r17, r16, #-2
.delay_slot
        3346    0x14 0x21 0x12 0x18                                                                                                                                                        SEL.EQZ r16, r16, r17, r27
.delay_slot
        3350    0x0f 0x06 0x11 0x98                                                                                                                          ST r16, [p7]
.loop_nesting 1
.no_stack_arguments
        3354    0x06 0xa0 0x00 0x00 0x03 0x38 0x00 0x00 0x40 0xba                                MOVA r0, #53;                                                                             JL #6592
.delay_slot
        3364    0x10 0x02 0x05 0x18                                                                                                                                                        MOVX r1, #1
.delay_slot
.swstall delay_slot
        3368    0x00 0x00                                                                        NOPX
.delay_slot
.swstall delay_slot
        3370    0x00 0x00                                                                        NOPX
.delay_slot
.swstall delay_slot
        3372    0x00 0x00                                                                        NOPX
.delay_slot
.swstall delay_slot
        3374    0x00 0x00                                                                        NOPX
.return_address
        3376    0xfe 0xc2 0xd0 0x00 0x06 0x88 0x2f 0xff 0x58 0xba                                LDA r16, [p7, #-4];                                                                       MOVX r0, #52;                 MOV r1, #-1
        3386    0x00 0x00                                                                        NOPX
        3388    0x00 0x00                                                                        NOPX
        3390    0x00 0x00                                                                        NOPX
.no_stack_arguments
        3392    0x00 0x0c 0xd0 0x00 0x01 0x04                                                                                                                                              JL #6560
.delay_slot
        3398    0x7f 0xff 0xf8 0xbf 0xfc 0x44                                                                                                                                              MOVXM r17, #2147483646
.delay_slot
.swstall delay_slot
        3404    0x00 0x00                                                                        NOPX
.delay_slot
        3406    0x14 0x63 0x0c 0x98                                                                                                                                                        LTU r17, r17, r16
.delay_slot
        3410    0x14 0x61 0x00 0x98                                                                                                                                                        ADD r16, r17, r16
.delay_slot
        3414    0x00 0x2c 0xf7 0xf6 0x11 0x80 0x00 0x00 0x00 0x7a                                NOPA;                                                       ST r16, [p7, #-4];            NOPX
.return_address
.no_stack_arguments
        3424    0x00 0x0e 0xb0 0x00 0x01 0x04                                                                                                                                              JL #7520
.delay_slot
        3430    0x00 0x07 0x00 0xda 0x00 0x44                                                                                                                                              MOVXM p0, #462080
.delay_slot
.swstall delay_slot
        3436    0x00 0x00                                                                        NOPX
.delay_slot
.swstall delay_slot
        3438    0x00 0x00                                                                        NOPX
.delay_slot
.swstall delay_slot
        3440    0x00 0x00                                                                        NOPX
.delay_slot
.swstall delay_slot
        3442    0x00 0x2c 0xf0 0x02 0xb6 0x00 0x00 0x40 0x1a 0x57 0x00 0x00 0x1c 0x2e            NOPA;                                                       NOPS;                                                       NOPM;                                   NOPV
.return_address
        3456    0x00 0x2c 0xf0 0x00 0x20 0x01 0x5b 0x00 0x84 0xe8 0x01 0xa5 0x78 0x00 0x00 0xe1  NOPA;                         NOPB;                         NOPS;                         MOVX r8, #39;                 NOPM;                                   NOPV
.label TGT_Fcore_0_2_3248
.loop_nesting 2
.no_stack_arguments
        3472    0x06 0x60 0x00 0x00 0x03 0x34 0x00 0x00 0x40 0xba                                MOVA r0, #51;                                                                             JL #6560
.delay_slot
        3482    0x17 0xc2 0xfd 0x18                                                                                                                                                        MOVX r1, #-1
.delay_slot
.swstall delay_slot
        3486    0x00 0x00                                                                        NOPX
.delay_slot
.swstall delay_slot
        3488    0x00 0x00                                                                        NOPX
.delay_slot
.swstall delay_slot
        3490    0x00 0x00                                                                        NOPX
.delay_slot
.swstall delay_slot
        3492    0x00 0x2c 0xf0 0x00 0x20 0x00 0x00 0x00 0x00 0xad 0x81 0x36                      NOPA;                         NOPB;                         NOPS;                         NOPX
.return_address
        3504    0xe0 0xca 0xd0 0x00 0x06 0x28 0x2f 0xff 0x58 0xba                                LDA r18, [p7];                                                                            MOVX r0, #49;                 MOV r1, #-1
        3514    0x00 0x00                                                                        NOPX
        3516    0x00 0x00                                                                        NOPX
.no_stack_arguments
        3518    0x00 0x0c 0xd0 0x00 0x01 0x04                                                                                                                                              JL #6560
.delay_slot
        3524    0x00 0x07 0x78 0x32 0x00 0x44                                                                                                                                              MOVXM r16, #489728
.delay_slot
        3530    0x00 0x07 0x58 0xaa 0x00 0x44                                                                                                                                              MOVXM r17, #480512
.delay_slot
.swstall delay_slot
        3536    0x00 0x00                                                                        NOPX
.delay_slot
        3538    0x12 0x77 0x27 0x98                                                                                                                                                        EQ r27, r9, r18
.delay_slot
        3542    0x00 0x2c 0xf0 0x01 0x5b 0x00 0x04 0x5f 0x02 0x7a                                NOPA;                                                       NOPS;                         SEL.EQZ r15, r17, r16, r27
.return_address
        3552    0xe2 0xc2 0xd2 0xcf 0x41 0xd4                                                    LDA r16, [p7, #4];                                                                                                      MOV p1, r15
        3558    0x1e 0x62 0xc0 0xf8                                                                                                                                                                                      MOV p6, p1
        3562    0x00 0x00                                                                        NOPX
        3564    0x00 0x00                                                                        NOPX
.no_stack_arguments
        3566    0x00 0x0c 0xf0 0x00 0x01 0x04                                                                                                                                              JL #6624
.delay_slot
        3572    0x00 0x07 0x04 0xda 0x00 0x44                                                                                                                                              MOVXM p2, #462080
.delay_slot
.swstall delay_slot
        3578    0x00 0x00                                                                        NOPX
.delay_slot
        3580    0x12 0x77 0x07 0x98                                                                                                                                                        EQ r27, r9, r16
.delay_slot
        3584    0x12 0xe0 0xa2 0x18                                                                                                                                                        SEL.EQZ r16, r11, r10, r27
.delay_slot
        3588    0x00 0x2c 0xf0 0x00 0x20 0x01 0x5b 0x00 0x34 0x10 0x70 0xf6                      NOPA;                         NOPB;                         NOPS;                                                       MOV p0, r16
.return_address
.no_stack_arguments
        3600    0x00 0x21 0x00 0x00 0x03 0x38 0x00 0x00 0x40 0xba                                MOVA r1, #1;                                                                              JL #6592
.delay_slot
        3610    0x10 0x1c 0x05 0x18                                                                                                                                                        MOVX r14, #1
.delay_slot
        3614    0x10 0x00 0xc1 0x18                                                                                                                                                        MOVX r0, #48
.delay_slot
.swstall delay_slot
        3618    0x00 0x00                                                                        NOPX
.delay_slot
.swstall delay_slot
        3620    0x00 0x00                                                                        NOPX
.delay_slot
.swstall delay_slot
        3622    0x00 0x2c 0xf0 0x00 0x10 0x00 0x01 0xa5 0x7e 0xba                                NOPA;                         NOPB;                                                                                     NOPM
.return_address
        3632    0xe2 0xc2 0xd0 0x00 0x06 0x28 0x2f 0xff 0x58 0xba                                LDA r16, [p7, #4];                                                                        MOVX r0, #49;                 MOV r1, #-1
        3642    0x00 0x00                                                                        NOPX
        3644    0x00 0x00                                                                        NOPX
        3646    0x00 0x00                                                                        NOPX
        3648    0x00 0x00                                                                        NOPX
.no_stack_arguments
        3650    0x00 0x0c 0xd0 0x00 0x01 0x04                                                                                                                                              JL #6560
.delay_slot
.swstall delay_slot
        3656    0x00 0x00                                                                        NOPX
.delay_slot
        3658    0x14 0x20 0x07 0x18                                                                                                                                                        ADD r16, r16, #1
.delay_slot
        3662    0x76 0xe1 0x58 0xb0 0xfe 0x24                                                                                                                                              LT r27, r14, r16;             ADD.NC r17, r16, #-2
.delay_slot
        3668    0x14 0x21 0x12 0x18                                                                                                                                                        SEL.EQZ r16, r16, r17, r27
.delay_slot
        3672    0xe2 0xc2 0x30 0x00 0x01 0xa5 0x70 0x02                                                                                                      ST r16, [p7, #4];                                           NOPM
.return_address
        3680    0xe2 0xc2 0xd2 0xd9 0x81 0xd4                                                    LDA r16, [p7, #4];                                                                                                      MOV p1, p6
        3686    0x00 0x00                                                                        NOPX
        3688    0x00 0x00                                                                        NOPX
        3690    0x00 0x00                                                                        NOPX
.no_stack_arguments
        3692    0x00 0x0c 0xf0 0x00 0x01 0x04                                                                                                                                              JL #6624
.delay_slot
        3698    0x00 0x07 0x04 0xda 0x00 0x44                                                                                                                                              MOVXM p2, #462080
.delay_slot
.swstall delay_slot
        3704    0x00 0x00                                                                        NOPX
.delay_slot
        3706    0x13 0xb7 0x07 0x98                                                                                                                                                        EQ r27, r14, r16
.delay_slot
        3710    0x12 0xe0 0xa2 0x18                                                                                                                                                        SEL.EQZ r16, r11, r10, r27
.delay_slot
        3714    0x00 0x2c 0xf0 0x02 0xb6 0x00 0x00 0x43 0x41 0x07 0x00 0x00 0x1c 0x2e            NOPA;                                                       NOPS;                                                       MOV p0, r16;                            NOPV
.return_address
.no_stack_arguments
        3728    0x00 0x21 0x00 0x00 0x03 0x38 0x00 0x00 0x40 0xba                                MOVA r1, #1;                                                                              JL #6592
.delay_slot
        3738    0x10 0x00 0xc1 0x18                                                                                                                                                        MOVX r0, #48
.delay_slot
.swstall delay_slot
        3742    0x00 0x00                                                                        NOPX
.delay_slot
.swstall delay_slot
        3744    0x00 0x00                                                                        NOPX
.delay_slot
.swstall delay_slot
        3746    0x00 0x00                                                                        NOPX
.delay_slot
.swstall delay_slot
        3748    0x00 0x2c 0xf0 0x00 0x20 0x00 0x00 0x00 0x00 0xad 0x81 0x36                      NOPA;                         NOPB;                         NOPS;                         NOPX
.return_address
        3760    0xe2 0xc2 0xd0 0x00 0x06 0x28 0x2f 0xff 0x58 0xba                                LDA r16, [p7, #4];                                                                        MOVX r0, #49;                 MOV r1, #-1
        3770    0x00 0x00                                                                        NOPX
        3772    0x00 0x00                                                                        NOPX
        3774    0x00 0x00                                                                        NOPX
        3776    0x00 0x00                                                                        NOPX
.no_stack_arguments
        3778    0x00 0x0c 0xd0 0x00 0x01 0x04                                                                                                                                              JL #6560
.delay_slot
.swstall delay_slot
        3784    0x00 0x00                                                                        NOPX
.delay_slot
        3786    0x14 0x20 0x07 0x18                                                                                                                                                        ADD r16, r16, #1
.delay_slot
        3790    0x76 0xe1 0x58 0xb0 0xfe 0x24                                                                                                                                              LT r27, r14, r16;             ADD.NC r17, r16, #-2
.delay_slot
        3796    0x14 0x21 0x12 0x18                                                                                                                                                        SEL.EQZ r16, r16, r17, r27
.delay_slot
        3800    0xe2 0xc2 0x30 0x00 0x01 0xa5 0x70 0x02                                                                                                      ST r16, [p7, #4];                                           NOPM
.return_address
        3808    0xe2 0xc2 0xd2 0xd9 0x81 0xd4                                                    LDA r16, [p7, #4];                                                                                                      MOV p1, p6
        3814    0x00 0x00                                                                        NOPX
        3816    0x00 0x00                                                                        NOPX
        3818    0x00 0x00                                                                        NOPX
.no_stack_arguments
        3820    0x00 0x0c 0xf0 0x00 0x01 0x04                                                                                                                                              JL #6624
.delay_slot
        3826    0x00 0x07 0x04 0xda 0x00 0x44                                                                                                                                              MOVXM p2, #462080
.delay_slot
.swstall delay_slot
        3832    0x00 0x00                                                                        NOPX
.delay_slot
        3834    0x13 0xb7 0x07 0x98                                                                                                                                                        EQ r27, r14, r16
.delay_slot
        3838    0x12 0xe0 0xa2 0x18                                                                                                                                                        SEL.EQZ r16, r11, r10, r27
.delay_slot
        3842    0x00 0x2c 0xf0 0x02 0xb6 0x00 0x00 0x43 0x41 0x07 0x00 0x00 0x1c 0x2e            NOPA;                                                       NOPS;                                                       MOV p0, r16;                            NOPV
.return_address
.no_stack_arguments
        3856    0x00 0x21 0x00 0x00 0x03 0x38 0x00 0x00 0x40 0xba                                MOVA r1, #1;                                                                              JL #6592
.delay_slot
        3866    0x10 0x00 0xc1 0x18                                                                                                                                                        MOVX r0, #48
.delay_slot
.swstall delay_slot
        3870    0x00 0x00                                                                        NOPX
.delay_slot
.swstall delay_slot
        3872    0x00 0x00                                                                        NOPX
.delay_slot
.swstall delay_slot
        3874    0x00 0x00                                                                        NOPX
.delay_slot
.swstall delay_slot
        3876    0x00 0x2c 0xf0 0x00 0x20 0x00 0x00 0x00 0x00 0xad 0x81 0x36                      NOPA;                         NOPB;                         NOPS;                         NOPX
.return_address
        3888    0xe2 0xc2 0xd0 0x00 0x06 0x28 0x2f 0xff 0x58 0xba                                LDA r16, [p7, #4];                                                                        MOVX r0, #49;                 MOV r1, #-1
        3898    0x00 0x00                                                                        NOPX
        3900    0x00 0x00                                                                        NOPX
        3902    0x00 0x00                                                                        NOPX
        3904    0x00 0x00                                                                        NOPX
.no_stack_arguments
        3906    0x00 0x0c 0xd0 0x00 0x01 0x04                                                                                                                                              JL #6560
.delay_slot
.swstall delay_slot
        3912    0x00 0x00                                                                        NOPX
.delay_slot
        3914    0x14 0x20 0x07 0x18                                                                                                                                                        ADD r16, r16, #1
.delay_slot
        3918    0x76 0xe1 0x58 0xb0 0xfe 0x24                                                                                                                                              LT r27, r14, r16;             ADD.NC r17, r16, #-2
.delay_slot
        3924    0x14 0x21 0x12 0x18                                                                                                                                                        SEL.EQZ r16, r16, r17, r27
.delay_slot
        3928    0xe2 0xc2 0x30 0x00 0x01 0xa5 0x70 0x02                                                                                                      ST r16, [p7, #4];                                           NOPM
.return_address
        3936    0xe2 0xc2 0xd2 0xd9 0x81 0xd4                                                    LDA r16, [p7, #4];                                                                                                      MOV p1, p6
        3942    0x00 0x00                                                                        NOPX
        3944    0x00 0x00                                                                        NOPX
        3946    0x00 0x00                                                                        NOPX
.no_stack_arguments
        3948    0x00 0x0c 0xf0 0x00 0x01 0x04                                                                                                                                              JL #6624
.delay_slot
        3954    0x00 0x07 0x04 0xda 0x00 0x44                                                                                                                                              MOVXM p2, #462080
.delay_slot
.swstall delay_slot
        3960    0x00 0x00                                                                        NOPX
.delay_slot
        3962    0x13 0xb7 0x07 0x98                                                                                                                                                        EQ r27, r14, r16
.delay_slot
        3966    0x12 0xe0 0xa2 0x18                                                                                                                                                        SEL.EQZ r16, r11, r10, r27
.delay_slot
        3970    0x00 0x2c 0xf0 0x02 0xb6 0x00 0x00 0x43 0x41 0x07 0x00 0x00 0x1c 0x2e            NOPA;                                                       NOPS;                                                       MOV p0, r16;                            NOPV
.return_address
.no_stack_arguments
        3984    0x00 0x21 0x00 0x00 0x03 0x38 0x00 0x00 0x40 0xba                                MOVA r1, #1;                                                                              JL #6592
.delay_slot
        3994    0x10 0x00 0xc1 0x18                                                                                                                                                        MOVX r0, #48
.delay_slot
.swstall delay_slot
        3998    0x00 0x00                                                                        NOPX
.delay_slot
.swstall delay_slot
        4000    0x00 0x00                                                                        NOPX
.delay_slot
.swstall delay_slot
        4002    0x00 0x00                                                                        NOPX
.delay_slot
.swstall delay_slot
        4004    0x00 0x2c 0xf0 0x00 0x20 0x00 0x00 0x00 0x00 0xad 0x81 0x36                      NOPA;                         NOPB;                         NOPS;                         NOPX
.return_address
        4016    0xe2 0xc2 0xd0 0x00 0x06 0x28 0x2f 0xff 0x58 0xba                                LDA r16, [p7, #4];                                                                        MOVX r0, #49;                 MOV r1, #-1
        4026    0x00 0x00                                                                        NOPX
        4028    0x00 0x00                                                                        NOPX
        4030    0x00 0x00                                                                        NOPX
        4032    0x00 0x00                                                                        NOPX
.no_stack_arguments
        4034    0x00 0x0c 0xd0 0x00 0x01 0x04                                                                                                                                              JL #6560
.delay_slot
.swstall delay_slot
        4040    0x00 0x00                                                                        NOPX
.delay_slot
        4042    0x14 0x20 0x07 0x18                                                                                                                                                        ADD r16, r16, #1
.delay_slot
        4046    0x76 0xe1 0x58 0xb0 0xfe 0x24                                                                                                                                              LT r27, r14, r16;             ADD.NC r17, r16, #-2
.delay_slot
        4052    0x14 0x21 0x12 0x18                                                                                                                                                        SEL.EQZ r16, r16, r17, r27
.delay_slot
        4056    0xe2 0xc2 0x30 0x00 0x01 0xa5 0x70 0x02                                                                                                      ST r16, [p7, #4];                                           NOPM
.return_address
        4064    0xe2 0xc2 0xd2 0xd9 0x81 0xd4                                                    LDA r16, [p7, #4];                                                                                                      MOV p1, p6
        4070    0x00 0x00                                                                        NOPX
        4072    0x00 0x00                                                                        NOPX
        4074    0x00 0x00                                                                        NOPX
.no_stack_arguments
        4076    0x00 0x0c 0xf0 0x00 0x01 0x04                                                                                                                                              JL #6624
.delay_slot
        4082    0x00 0x07 0x04 0xda 0x00 0x44                                                                                                                                              MOVXM p2, #462080
.delay_slot
.swstall delay_slot
        4088    0x00 0x00                                                                        NOPX
.delay_slot
        4090    0x13 0xb7 0x07 0x98                                                                                                                                                        EQ r27, r14, r16
.delay_slot
        4094    0x12 0xe0 0xa2 0x18                                                                                                                                                        SEL.EQZ r16, r11, r10, r27
.delay_slot
        4098    0x00 0x2c 0xf0 0x02 0xb6 0x00 0x00 0x43 0x41 0x07 0x00 0x00 0x1c 0x2e            NOPA;                                                       NOPS;                                                       MOV p0, r16;                            NOPV
.return_address
.no_stack_arguments
        4112    0x00 0x21 0x00 0x00 0x03 0x38 0x00 0x00 0x40 0xba                                MOVA r1, #1;                                                                              JL #6592
.delay_slot
        4122    0x10 0x00 0xc1 0x18                                                                                                                                                        MOVX r0, #48
.delay_slot
.swstall delay_slot
        4126    0x00 0x00                                                                        NOPX
.delay_slot
.swstall delay_slot
        4128    0x00 0x00                                                                        NOPX
.delay_slot
.swstall delay_slot
        4130    0x00 0x00                                                                        NOPX
.delay_slot
.swstall delay_slot
        4132    0x00 0x2c 0xf0 0x00 0x20 0x00 0x00 0x00 0x00 0xad 0x81 0x36                      NOPA;                         NOPB;                         NOPS;                         NOPX
.return_address
        4144    0xe2 0xc2 0xd0 0x00 0x06 0x28 0x2f 0xff 0x58 0xba                                LDA r16, [p7, #4];                                                                        MOVX r0, #49;                 MOV r1, #-1
        4154    0x00 0x00                                                                        NOPX
        4156    0x00 0x00                                                                        NOPX
        4158    0x00 0x00                                                                        NOPX
        4160    0x00 0x00                                                                        NOPX
.no_stack_arguments
        4162    0x00 0x0c 0xd0 0x00 0x01 0x04                                                                                                                                              JL #6560
.delay_slot
.swstall delay_slot
        4168    0x00 0x00                                                                        NOPX
.delay_slot
        4170    0x14 0x20 0x07 0x18                                                                                                                                                        ADD r16, r16, #1
.delay_slot
        4174    0x76 0xe1 0x58 0xb0 0xfe 0x24                                                                                                                                              LT r27, r14, r16;             ADD.NC r17, r16, #-2
.delay_slot
        4180    0x14 0x21 0x12 0x18                                                                                                                                                        SEL.EQZ r16, r16, r17, r27
.delay_slot
        4184    0xe2 0xc2 0x30 0x00 0x01 0xa5 0x70 0x02                                                                                                      ST r16, [p7, #4];                                           NOPM
.return_address
        4192    0xe2 0xc2 0xd2 0xd9 0x81 0xd4                                                    LDA r16, [p7, #4];                                                                                                      MOV p1, p6
        4198    0x00 0x00                                                                        NOPX
        4200    0x00 0x00                                                                        NOPX
        4202    0x00 0x00                                                                        NOPX
.no_stack_arguments
        4204    0x00 0x0c 0xf0 0x00 0x01 0x04                                                                                                                                              JL #6624
.delay_slot
        4210    0x00 0x07 0x04 0xda 0x00 0x44                                                                                                                                              MOVXM p2, #462080
.delay_slot
.swstall delay_slot
        4216    0x00 0x00                                                                        NOPX
.delay_slot
        4218    0x13 0xb7 0x07 0x98                                                                                                                                                        EQ r27, r14, r16
.delay_slot
        4222    0x12 0xe0 0xa2 0x18                                                                                                                                                        SEL.EQZ r16, r11, r10, r27
.delay_slot
        4226    0x00 0x2c 0xf0 0x02 0xb6 0x00 0x00 0x43 0x41 0x07 0x00 0x00 0x1c 0x2e            NOPA;                                                       NOPS;                                                       MOV p0, r16;                            NOPV
.return_address
.no_stack_arguments
        4240    0x00 0x21 0x00 0x00 0x03 0x38 0x00 0x00 0x40 0xba                                MOVA r1, #1;                                                                              JL #6592
.delay_slot
        4250    0x10 0x12 0x05 0x18                                                                                                                                                        MOVX r9, #1
.delay_slot
        4254    0x10 0x00 0xc1 0x18                                                                                                                                                        MOVX r0, #48
.delay_slot
.swstall delay_slot
        4258    0x00 0x00                                                                        NOPX
.delay_slot
.swstall delay_slot
        4260    0x00 0x00                                                                        NOPX
.delay_slot
.swstall delay_slot
        4262    0x00 0x2c 0xf0 0x00 0x10 0x00 0x01 0xa5 0x7e 0xba                                NOPA;                         NOPB;                                                                                     NOPM
.return_address
        4272    0xe2 0xc2 0xd0 0x00 0x06 0x48 0x28 0x01 0x58 0xba                                LDA r16, [p7, #4];                                                                        MOVX r0, #50;                 MOV r1, #1
        4282    0x00 0x00                                                                        NOPX
        4284    0x00 0x00                                                                        NOPX
        4286    0x00 0x00                                                                        NOPX
        4288    0x00 0x00                                                                        NOPX
.no_stack_arguments
        4290    0x00 0x0c 0xe0 0x00 0x01 0x04                                                                                                                                              JL #6592
.delay_slot
.swstall delay_slot
        4296    0x00 0x00                                                                        NOPX
.delay_slot
        4298    0x14 0x20 0x07 0x18                                                                                                                                                        ADD r16, r16, #1
.delay_slot
        4302    0x4e 0xe1 0x58 0xb0 0xfe 0x24                                                                                                                                              LT r27, r9, r16;              ADD.NC r17, r16, #-2
.delay_slot
        4308    0x14 0x21 0x12 0x18                                                                                                                                                        SEL.EQZ r16, r16, r17, r27
.delay_slot
        4312    0xe2 0xc2 0x30 0x00 0x01 0xa5 0x70 0x02                                                                                                      ST r16, [p7, #4];                                           NOPM
.return_address
        4320    0xe0 0xc2 0xd0 0x00 0x00 0x03 0x36 0xc8 0x10 0xba                                LDA r16, [p7];                                                                            MOVXM p6, #3472
        4330    0x00 0x00                                                                        NOPX
        4332    0x00 0x00                                                                        NOPX
        4334    0x00 0x00                                                                        NOPX
        4336    0x00 0x00                                                                        NOPX
        4338    0x12 0x11 0xa0 0x18                                                                                                                                                        JNZD r8, r8, p6
.delay_slot
.swstall delay_slot
        4342    0x00 0x00                                                                        NOPX
.delay_slot
        4344    0x14 0x20 0x07 0x18                                                                                                                                                        ADD r16, r16, #1
.delay_slot
        4348    0x4e 0xe1 0x58 0xb0 0xfe 0x24                                                                                                                                              LT r27, r9, r16;              ADD.NC r17, r16, #-2
.delay_slot
        4354    0x14 0x21 0x12 0x18                                                                                                                                                        SEL.EQZ r16, r16, r17, r27
.delay_slot
        4358    0x0f 0x06 0x11 0x98                                                                                                                          ST r16, [p7]
.loop_nesting 1
.no_stack_arguments
        4362    0x06 0xa0 0x00 0x00 0x03 0x38 0x00 0x00 0x40 0xba                                MOVA r0, #53;                                                                             JL #6592
.delay_slot
        4372    0x10 0x02 0x05 0x18                                                                                                                                                        MOVX r1, #1
.delay_slot
.swstall delay_slot
        4376    0x00 0x00                                                                        NOPX
.delay_slot
.swstall delay_slot
        4378    0x00 0x00                                                                        NOPX
.delay_slot
.swstall delay_slot
        4380    0x00 0x00                                                                        NOPX
.delay_slot
.swstall delay_slot
        4382    0x00 0x00                                                                        NOPX
.return_address
        4384    0xfe 0xc2 0xd0 0x00 0x06 0x88 0x2f 0xff 0x58 0xba                                LDA r16, [p7, #-4];                                                                       MOVX r0, #52;                 MOV r1, #-1
        4394    0x00 0x00                                                                        NOPX
        4396    0x00 0x00                                                                        NOPX
        4398    0x00 0x00                                                                        NOPX
.no_stack_arguments
        4400    0x00 0x0c 0xd0 0x00 0x01 0x04                                                                                                                                              JL #6560
.delay_slot
        4406    0x7f 0xff 0xf8 0xbf 0xfc 0x44                                                                                                                                              MOVXM r17, #2147483646
.delay_slot
.swstall delay_slot
        4412    0x00 0x00                                                                        NOPX
.delay_slot
        4414    0x14 0x63 0x0c 0x98                                                                                                                                                        LTU r17, r17, r16
.delay_slot
        4418    0x14 0x61 0x00 0x98                                                                                                                                                        ADD r16, r17, r16
.delay_slot
        4422    0x00 0x2c 0xf7 0xf6 0x11 0x80 0x00 0x00 0x00 0x7a                                NOPA;                                                       ST r16, [p7, #-4];            NOPX
.return_address
.no_stack_arguments
        4432    0x00 0x0e 0xb0 0x00 0x01 0x04                                                                                                                                              JL #7520
.delay_slot
        4438    0x00 0x07 0x00 0xda 0x00 0x44                                                                                                                                              MOVXM p0, #462080
.delay_slot
.swstall delay_slot
        4444    0x00 0x00                                                                        NOPX
.delay_slot
.swstall delay_slot
        4446    0x00 0x00                                                                        NOPX
.delay_slot
.swstall delay_slot
        4448    0x00 0x00                                                                        NOPX
.delay_slot
.swstall delay_slot
        4450    0x00 0x2c 0xf0 0x02 0xb6 0x00 0x00 0x40 0x1a 0x57 0x00 0x00 0x1c 0x2e            NOPA;                                                       NOPS;                                                       NOPM;                                   NOPV
.return_address
        4464    0x00 0x2c 0xf0 0x00 0x20 0x01 0x5b 0x00 0x84 0xe8 0x01 0xa5 0x78 0x00 0x00 0xe1  NOPA;                         NOPB;                         NOPS;                         MOVX r8, #39;                 NOPM;                                   NOPV
.label TGT_Fcore_0_2_4256
.loop_nesting 2
.no_stack_arguments
        4480    0x06 0x60 0x00 0x00 0x03 0x34 0x00 0x00 0x40 0xba                                MOVA r0, #51;                                                                             JL #6560
.delay_slot
        4490    0x17 0xc2 0xfd 0x18                                                                                                                                                        MOVX r1, #-1
.delay_slot
.swstall delay_slot
        4494    0x00 0x00                                                                        NOPX
.delay_slot
.swstall delay_slot
        4496    0x00 0x00                                                                        NOPX
.delay_slot
.swstall delay_slot
        4498    0x00 0x00                                                                        NOPX
.delay_slot
.swstall delay_slot
        4500    0x00 0x2c 0xf0 0x00 0x20 0x00 0x00 0x00 0x00 0xad 0x81 0x36                      NOPA;                         NOPB;                         NOPS;                         NOPX
.return_address
        4512    0xe0 0xca 0xd0 0x00 0x06 0x28 0x2f 0xff 0x58 0xba                                LDA r18, [p7];                                                                            MOVX r0, #49;                 MOV r1, #-1
        4522    0x00 0x00                                                                        NOPX
        4524    0x00 0x00                                                                        NOPX
.no_stack_arguments
        4526    0x00 0x0c 0xd0 0x00 0x01 0x04                                                                                                                                              JL #6560
.delay_slot
        4532    0x00 0x07 0x78 0x32 0x00 0x44                                                                                                                                              MOVXM r16, #489728
.delay_slot
        4538    0x00 0x07 0x58 0xaa 0x00 0x44                                                                                                                                              MOVXM r17, #480512
.delay_slot
.swstall delay_slot
        4544    0x00 0x00                                                                        NOPX
.delay_slot
        4546    0x12 0x77 0x27 0x98                                                                                                                                                        EQ r27, r9, r18
.delay_slot
        4550    0x00 0x2c 0xf0 0x01 0x5b 0x00 0x04 0x5f 0x02 0x7a                                NOPA;                                                       NOPS;                         SEL.EQZ r15, r17, r16, r27
.return_address
        4560    0xe2 0xc2 0xd2 0xcf 0x41 0xd4                                                    LDA r16, [p7, #4];                                                                                                      MOV p1, r15
        4566    0x1e 0x62 0xc0 0xf8                                                                                                                                                                                      MOV p6, p1
        4570    0x00 0x00                                                                        NOPX
        4572    0x00 0x00                                                                        NOPX
.no_stack_arguments
        4574    0x00 0x0c 0xf0 0x00 0x01 0x04                                                                                                                                              JL #6624
.delay_slot
        4580    0x00 0x07 0x04 0xda 0x00 0x44                                                                                                                                              MOVXM p2, #462080
.delay_slot
.swstall delay_slot
        4586    0x00 0x00                                                                        NOPX
.delay_slot
        4588    0x12 0x77 0x07 0x98                                                                                                                                                        EQ r27, r9, r16
.delay_slot
        4592    0x12 0xe0 0xa2 0x18                                                                                                                                                        SEL.EQZ r16, r11, r10, r27
.delay_slot
        4596    0x00 0x2c 0xf0 0x00 0x20 0x01 0x5b 0x00 0x34 0x10 0x70 0xf6                      NOPA;                         NOPB;                         NOPS;                                                       MOV p0, r16
.return_address
.no_stack_arguments
        4608    0x00 0x21 0x00 0x00 0x03 0x38 0x00 0x00 0x40 0xba                                MOVA r1, #1;                                                                              JL #6592
.delay_slot
        4618    0x10 0x1c 0x05 0x18                                                                                                                                                        MOVX r14, #1
.delay_slot
        4622    0x10 0x00 0xc1 0x18                                                                                                                                                        MOVX r0, #48
.delay_slot
.swstall delay_slot
        4626    0x00 0x00                                                                        NOPX
.delay_slot
.swstall delay_slot
        4628    0x00 0x00                                                                        NOPX
.delay_slot
.swstall delay_slot
        4630    0x00 0x2c 0xf0 0x00 0x10 0x00 0x01 0xa5 0x7e 0xba                                NOPA;                         NOPB;                                                                                     NOPM
.return_address
        4640    0xe2 0xc2 0xd0 0x00 0x06 0x28 0x2f 0xff 0x58 0xba                                LDA r16, [p7, #4];                                                                        MOVX r0, #49;                 MOV r1, #-1
        4650    0x00 0x00                                                                        NOPX
        4652    0x00 0x00                                                                        NOPX
        4654    0x00 0x00                                                                        NOPX
        4656    0x00 0x00                                                                        NOPX
.no_stack_arguments
        4658    0x00 0x0c 0xd0 0x00 0x01 0x04                                                                                                                                              JL #6560
.delay_slot
.swstall delay_slot
        4664    0x00 0x00                                                                        NOPX
.delay_slot
        4666    0x14 0x20 0x07 0x18                                                                                                                                                        ADD r16, r16, #1
.delay_slot
        4670    0x76 0xe1 0x58 0xb0 0xfe 0x24                                                                                                                                              LT r27, r14, r16;             ADD.NC r17, r16, #-2
.delay_slot
        4676    0x14 0x21 0x12 0x18                                                                                                                                                        SEL.EQZ r16, r16, r17, r27
.delay_slot
        4680    0xe2 0xc2 0x30 0x00 0x01 0xa5 0x70 0x02                                                                                                      ST r16, [p7, #4];                                           NOPM
.return_address
        4688    0xe2 0xc2 0xd2 0xd9 0x81 0xd4                                                    LDA r16, [p7, #4];                                                                                                      MOV p1, p6
        4694    0x00 0x00                                                                        NOPX
        4696    0x00 0x00                                                                        NOPX
        4698    0x00 0x00                                                                        NOPX
.no_stack_arguments
        4700    0x00 0x0c 0xf0 0x00 0x01 0x04                                                                                                                                              JL #6624
.delay_slot
        4706    0x00 0x07 0x04 0xda 0x00 0x44                                                                                                                                              MOVXM p2, #462080
.delay_slot
.swstall delay_slot
        4712    0x00 0x00                                                                        NOPX
.delay_slot
        4714    0x13 0xb7 0x07 0x98                                                                                                                                                        EQ r27, r14, r16
.delay_slot
        4718    0x12 0xe0 0xa2 0x18                                                                                                                                                        SEL.EQZ r16, r11, r10, r27
.delay_slot
        4722    0x00 0x2c 0xf0 0x02 0xb6 0x00 0x00 0x43 0x41 0x07 0x00 0x00 0x1c 0x2e            NOPA;                                                       NOPS;                                                       MOV p0, r16;                            NOPV
.return_address
.no_stack_arguments
        4736    0x00 0x21 0x00 0x00 0x03 0x38 0x00 0x00 0x40 0xba                                MOVA r1, #1;                                                                              JL #6592
.delay_slot
        4746    0x10 0x00 0xc1 0x18                                                                                                                                                        MOVX r0, #48
.delay_slot
.swstall delay_slot
        4750    0x00 0x00                                                                        NOPX
.delay_slot
.swstall delay_slot
        4752    0x00 0x00                                                                        NOPX
.delay_slot
.swstall delay_slot
        4754    0x00 0x00                                                                        NOPX
.delay_slot
.swstall delay_slot
        4756    0x00 0x2c 0xf0 0x00 0x20 0x00 0x00 0x00 0x00 0xad 0x81 0x36                      NOPA;                         NOPB;                         NOPS;                         NOPX
.return_address
        4768    0xe2 0xc2 0xd0 0x00 0x06 0x28 0x2f 0xff 0x58 0xba                                LDA r16, [p7, #4];                                                                        MOVX r0, #49;                 MOV r1, #-1
        4778    0x00 0x00                                                                        NOPX
        4780    0x00 0x00                                                                        NOPX
        4782    0x00 0x00                                                                        NOPX
        4784    0x00 0x00                                                                        NOPX
.no_stack_arguments
        4786    0x00 0x0c 0xd0 0x00 0x01 0x04                                                                                                                                              JL #6560
.delay_slot
.swstall delay_slot
        4792    0x00 0x00                                                                        NOPX
.delay_slot
        4794    0x14 0x20 0x07 0x18                                                                                                                                                        ADD r16, r16, #1
.delay_slot
        4798    0x76 0xe1 0x58 0xb0 0xfe 0x24                                                                                                                                              LT r27, r14, r16;             ADD.NC r17, r16, #-2
.delay_slot
        4804    0x14 0x21 0x12 0x18                                                                                                                                                        SEL.EQZ r16, r16, r17, r27
.delay_slot
        4808    0xe2 0xc2 0x30 0x00 0x01 0xa5 0x70 0x02                                                                                                      ST r16, [p7, #4];                                           NOPM
.return_address
        4816    0xe2 0xc2 0xd2 0xd9 0x81 0xd4                                                    LDA r16, [p7, #4];                                                                                                      MOV p1, p6
        4822    0x00 0x00                                                                        NOPX
        4824    0x00 0x00                                                                        NOPX
        4826    0x00 0x00                                                                        NOPX
.no_stack_arguments
        4828    0x00 0x0c 0xf0 0x00 0x01 0x04                                                                                                                                              JL #6624
.delay_slot
        4834    0x00 0x07 0x04 0xda 0x00 0x44                                                                                                                                              MOVXM p2, #462080
.delay_slot
.swstall delay_slot
        4840    0x00 0x00                                                                        NOPX
.delay_slot
        4842    0x13 0xb7 0x07 0x98                                                                                                                                                        EQ r27, r14, r16
.delay_slot
        4846    0x12 0xe0 0xa2 0x18                                                                                                                                                        SEL.EQZ r16, r11, r10, r27
.delay_slot
        4850    0x00 0x2c 0xf0 0x02 0xb6 0x00 0x00 0x43 0x41 0x07 0x00 0x00 0x1c 0x2e            NOPA;                                                       NOPS;                                                       MOV p0, r16;                            NOPV
.return_address
.no_stack_arguments
        4864    0x00 0x21 0x00 0x00 0x03 0x38 0x00 0x00 0x40 0xba                                MOVA r1, #1;                                                                              JL #6592
.delay_slot
        4874    0x10 0x00 0xc1 0x18                                                                                                                                                        MOVX r0, #48
.delay_slot
.swstall delay_slot
        4878    0x00 0x00                                                                        NOPX
.delay_slot
.swstall delay_slot
        4880    0x00 0x00                                                                        NOPX
.delay_slot
.swstall delay_slot
        4882    0x00 0x00                                                                        NOPX
.delay_slot
.swstall delay_slot
        4884    0x00 0x2c 0xf0 0x00 0x20 0x00 0x00 0x00 0x00 0xad 0x81 0x36                      NOPA;                         NOPB;                         NOPS;                         NOPX
.return_address
        4896    0xe2 0xc2 0xd0 0x00 0x06 0x28 0x2f 0xff 0x58 0xba                                LDA r16, [p7, #4];                                                                        MOVX r0, #49;                 MOV r1, #-1
        4906    0x00 0x00                                                                        NOPX
        4908    0x00 0x00                                                                        NOPX
        4910    0x00 0x00                                                                        NOPX
        4912    0x00 0x00                                                                        NOPX
.no_stack_arguments
        4914    0x00 0x0c 0xd0 0x00 0x01 0x04                                                                                                                                              JL #6560
.delay_slot
.swstall delay_slot
        4920    0x00 0x00                                                                        NOPX
.delay_slot
        4922    0x14 0x20 0x07 0x18                                                                                                                                                        ADD r16, r16, #1
.delay_slot
        4926    0x76 0xe1 0x58 0xb0 0xfe 0x24                                                                                                                                              LT r27, r14, r16;             ADD.NC r17, r16, #-2
.delay_slot
        4932    0x14 0x21 0x12 0x18                                                                                                                                                        SEL.EQZ r16, r16, r17, r27
.delay_slot
        4936    0xe2 0xc2 0x30 0x00 0x01 0xa5 0x70 0x02                                                                                                      ST r16, [p7, #4];                                           NOPM
.return_address
        4944    0xe2 0xc2 0xd2 0xd9 0x81 0xd4                                                    LDA r16, [p7, #4];                                                                                                      MOV p1, p6
        4950    0x00 0x00                                                                        NOPX
        4952    0x00 0x00                                                                        NOPX
        4954    0x00 0x00                                                                        NOPX
.no_stack_arguments
        4956    0x00 0x0c 0xf0 0x00 0x01 0x04                                                                                                                                              JL #6624
.delay_slot
        4962    0x00 0x07 0x04 0xda 0x00 0x44                                                                                                                                              MOVXM p2, #462080
.delay_slot
.swstall delay_slot
        4968    0x00 0x00                                                                        NOPX
.delay_slot
        4970    0x13 0xb7 0x07 0x98                                                                                                                                                        EQ r27, r14, r16
.delay_slot
        4974    0x12 0xe0 0xa2 0x18                                                                                                                                                        SEL.EQZ r16, r11, r10, r27
.delay_slot
        4978    0x00 0x2c 0xf0 0x02 0xb6 0x00 0x00 0x43 0x41 0x07 0x00 0x00 0x1c 0x2e            NOPA;                                                       NOPS;                                                       MOV p0, r16;                            NOPV
.return_address
.no_stack_arguments
        4992    0x00 0x21 0x00 0x00 0x03 0x38 0x00 0x00 0x40 0xba                                MOVA r1, #1;                                                                              JL #6592
.delay_slot
        5002    0x10 0x00 0xc1 0x18                                                                                                                                                        MOVX r0, #48
.delay_slot
.swstall delay_slot
        5006    0x00 0x00                                                                        NOPX
.delay_slot
.swstall delay_slot
        5008    0x00 0x00                                                                        NOPX
.delay_slot
.swstall delay_slot
        5010    0x00 0x00                                                                        NOPX
.delay_slot
.swstall delay_slot
        5012    0x00 0x2c 0xf0 0x00 0x20 0x00 0x00 0x00 0x00 0xad 0x81 0x36                      NOPA;                         NOPB;                         NOPS;                         NOPX
.return_address
        5024    0xe2 0xc2 0xd0 0x00 0x06 0x28 0x2f 0xff 0x58 0xba                                LDA r16, [p7, #4];                                                                        MOVX r0, #49;                 MOV r1, #-1
        5034    0x00 0x00                                                                        NOPX
        5036    0x00 0x00                                                                        NOPX
        5038    0x00 0x00                                                                        NOPX
        5040    0x00 0x00                                                                        NOPX
.no_stack_arguments
        5042    0x00 0x0c 0xd0 0x00 0x01 0x04                                                                                                                                              JL #6560
.delay_slot
.swstall delay_slot
        5048    0x00 0x00                                                                        NOPX
.delay_slot
        5050    0x14 0x20 0x07 0x18                                                                                                                                                        ADD r16, r16, #1
.delay_slot
        5054    0x76 0xe1 0x58 0xb0 0xfe 0x24                                                                                                                                              LT r27, r14, r16;             ADD.NC r17, r16, #-2
.delay_slot
        5060    0x14 0x21 0x12 0x18                                                                                                                                                        SEL.EQZ r16, r16, r17, r27
.delay_slot
        5064    0xe2 0xc2 0x30 0x00 0x01 0xa5 0x70 0x02                                                                                                      ST r16, [p7, #4];                                           NOPM
.return_address
        5072    0xe2 0xc2 0xd2 0xd9 0x81 0xd4                                                    LDA r16, [p7, #4];                                                                                                      MOV p1, p6
        5078    0x00 0x00                                                                        NOPX
        5080    0x00 0x00                                                                        NOPX
        5082    0x00 0x00                                                                        NOPX
.no_stack_arguments
        5084    0x00 0x0c 0xf0 0x00 0x01 0x04                                                                                                                                              JL #6624
.delay_slot
        5090    0x00 0x07 0x04 0xda 0x00 0x44                                                                                                                                              MOVXM p2, #462080
.delay_slot
.swstall delay_slot
        5096    0x00 0x00                                                                        NOPX
.delay_slot
        5098    0x13 0xb7 0x07 0x98                                                                                                                                                        EQ r27, r14, r16
.delay_slot
        5102    0x12 0xe0 0xa2 0x18                                                                                                                                                        SEL.EQZ r16, r11, r10, r27
.delay_slot
        5106    0x00 0x2c 0xf0 0x02 0xb6 0x00 0x00 0x43 0x41 0x07 0x00 0x00 0x1c 0x2e            NOPA;                                                       NOPS;                                                       MOV p0, r16;                            NOPV
.return_address
.no_stack_arguments
        5120    0x00 0x21 0x00 0x00 0x03 0x38 0x00 0x00 0x40 0xba                                MOVA r1, #1;                                                                              JL #6592
.delay_slot
        5130    0x10 0x00 0xc1 0x18                                                                                                                                                        MOVX r0, #48
.delay_slot
.swstall delay_slot
        5134    0x00 0x00                                                                        NOPX
.delay_slot
.swstall delay_slot
        5136    0x00 0x00                                                                        NOPX
.delay_slot
.swstall delay_slot
        5138    0x00 0x00                                                                        NOPX
.delay_slot
.swstall delay_slot
        5140    0x00 0x2c 0xf0 0x00 0x20 0x00 0x00 0x00 0x00 0xad 0x81 0x36                      NOPA;                         NOPB;                         NOPS;                         NOPX
.return_address
        5152    0xe2 0xc2 0xd0 0x00 0x06 0x28 0x2f 0xff 0x58 0xba                                LDA r16, [p7, #4];                                                                        MOVX r0, #49;                 MOV r1, #-1
        5162    0x00 0x00                                                                        NOPX
        5164    0x00 0x00                                                                        NOPX
        5166    0x00 0x00                                                                        NOPX
        5168    0x00 0x00                                                                        NOPX
.no_stack_arguments
        5170    0x00 0x0c 0xd0 0x00 0x01 0x04                                                                                                                                              JL #6560
.delay_slot
.swstall delay_slot
        5176    0x00 0x00                                                                        NOPX
.delay_slot
        5178    0x14 0x20 0x07 0x18                                                                                                                                                        ADD r16, r16, #1
.delay_slot
        5182    0x76 0xe1 0x58 0xb0 0xfe 0x24                                                                                                                                              LT r27, r14, r16;             ADD.NC r17, r16, #-2
.delay_slot
        5188    0x14 0x21 0x12 0x18                                                                                                                                                        SEL.EQZ r16, r16, r17, r27
.delay_slot
        5192    0xe2 0xc2 0x30 0x00 0x01 0xa5 0x70 0x02                                                                                                      ST r16, [p7, #4];                                           NOPM
.return_address
        5200    0xe2 0xc2 0xd2 0xd9 0x81 0xd4                                                    LDA r16, [p7, #4];                                                                                                      MOV p1, p6
        5206    0x00 0x00                                                                        NOPX
        5208    0x00 0x00                                                                        NOPX
        5210    0x00 0x00                                                                        NOPX
.no_stack_arguments
        5212    0x00 0x0c 0xf0 0x00 0x01 0x04                                                                                                                                              JL #6624
.delay_slot
        5218    0x00 0x07 0x04 0xda 0x00 0x44                                                                                                                                              MOVXM p2, #462080
.delay_slot
.swstall delay_slot
        5224    0x00 0x00                                                                        NOPX
.delay_slot
        5226    0x13 0xb7 0x07 0x98                                                                                                                                                        EQ r27, r14, r16
.delay_slot
        5230    0x12 0xe0 0xa2 0x18                                                                                                                                                        SEL.EQZ r16, r11, r10, r27
.delay_slot
        5234    0x00 0x2c 0xf0 0x02 0xb6 0x00 0x00 0x43 0x41 0x07 0x00 0x00 0x1c 0x2e            NOPA;                                                       NOPS;                                                       MOV p0, r16;                            NOPV
.return_address
.no_stack_arguments
        5248    0x00 0x21 0x00 0x00 0x03 0x38 0x00 0x00 0x40 0xba                                MOVA r1, #1;                                                                              JL #6592
.delay_slot
        5258    0x10 0x12 0x05 0x18                                                                                                                                                        MOVX r9, #1
.delay_slot
        5262    0x10 0x00 0xc1 0x18                                                                                                                                                        MOVX r0, #48
.delay_slot
.swstall delay_slot
        5266    0x00 0x00                                                                        NOPX
.delay_slot
.swstall delay_slot
        5268    0x00 0x00                                                                        NOPX
.delay_slot
.swstall delay_slot
        5270    0x00 0x2c 0xf0 0x00 0x10 0x00 0x01 0xa5 0x7e 0xba                                NOPA;                         NOPB;                                                                                     NOPM
.return_address
        5280    0xe2 0xc2 0xd0 0x00 0x06 0x48 0x28 0x01 0x58 0xba                                LDA r16, [p7, #4];                                                                        MOVX r0, #50;                 MOV r1, #1
        5290    0x00 0x00                                                                        NOPX
        5292    0x00 0x00                                                                        NOPX
        5294    0x00 0x00                                                                        NOPX
        5296    0x00 0x00                                                                        NOPX
.no_stack_arguments
        5298    0x00 0x0c 0xe0 0x00 0x01 0x04                                                                                                                                              JL #6592
.delay_slot
.swstall delay_slot
        5304    0x00 0x00                                                                        NOPX
.delay_slot
        5306    0x14 0x20 0x07 0x18                                                                                                                                                        ADD r16, r16, #1
.delay_slot
        5310    0x4e 0xe1 0x58 0xb0 0xfe 0x24                                                                                                                                              LT r27, r9, r16;              ADD.NC r17, r16, #-2
.delay_slot
        5316    0x14 0x21 0x12 0x18                                                                                                                                                        SEL.EQZ r16, r16, r17, r27
.delay_slot
        5320    0xe2 0xc2 0x30 0x00 0x01 0xa5 0x70 0x02                                                                                                      ST r16, [p7, #4];                                           NOPM
.return_address
        5328    0xe0 0xc2 0xd0 0x00 0x00 0x07 0x30 0xc0 0x10 0xba                                LDA r16, [p7];                                                                            MOVXM p6, #4480
        5338    0x00 0x00                                                                        NOPX
        5340    0x00 0x00                                                                        NOPX
        5342    0x00 0x00                                                                        NOPX
        5344    0x00 0x00                                                                        NOPX
        5346    0x12 0x11 0xa0 0x18                                                                                                                                                        JNZD r8, r8, p6
.delay_slot
.swstall delay_slot
        5350    0x00 0x00                                                                        NOPX
.delay_slot
        5352    0x14 0x20 0x07 0x18                                                                                                                                                        ADD r16, r16, #1
.delay_slot
        5356    0x4e 0xe1 0x58 0xb0 0xfe 0x24                                                                                                                                              LT r27, r9, r16;              ADD.NC r17, r16, #-2
.delay_slot
        5362    0x14 0x21 0x12 0x18                                                                                                                                                        SEL.EQZ r16, r16, r17, r27
.delay_slot
        5366    0x0f 0x06 0x11 0x98                                                                                                                          ST r16, [p7]
.loop_nesting 1
.no_stack_arguments
        5370    0x06 0xa0 0x00 0x00 0x03 0x38 0x00 0x00 0x40 0xba                                MOVA r0, #53;                                                                             JL #6592
.delay_slot
        5380    0x10 0x02 0x05 0x18                                                                                                                                                        MOVX r1, #1
.delay_slot
        5384    0x10 0x1e 0x05 0x18                                                                                                                                                        MOVX r15, #1
.delay_slot
.swstall delay_slot
        5388    0x00 0x00                                                                        NOPX
.delay_slot
.swstall delay_slot
        5390    0x00 0x00                                                                        NOPX
.delay_slot
.swstall delay_slot
        5392    0x00 0x2c 0xf0 0x00 0x20 0x01 0x5b 0x00 0x00 0x00 0x01 0xa5 0x78 0x00 0x00 0xe1  NOPA;                         NOPB;                         NOPS;                         NOPX;                         NOPM;                                   NOPV
.return_address
        5408    0xfe 0xc2 0xd0 0x00 0x06 0x88 0x2f 0xff 0x58 0xba                                LDA r16, [p7, #-4];                                                                       MOVX r0, #52;                 MOV r1, #-1
        5418    0x00 0x00                                                                        NOPX
        5420    0x00 0x00                                                                        NOPX
        5422    0x00 0x00                                                                        NOPX
.no_stack_arguments
        5424    0x00 0x0c 0xd0 0x00 0x01 0x04                                                                                                                                              JL #6560
.delay_slot
        5430    0x7f 0xff 0xf8 0xbf 0xfc 0x44                                                                                                                                              MOVXM r17, #2147483646
.delay_slot
.swstall delay_slot
        5436    0x00 0x00                                                                        NOPX
.delay_slot
        5438    0x14 0x63 0x0c 0x98                                                                                                                                                        LTU r17, r17, r16
.delay_slot
        5442    0x14 0x61 0x00 0x98                                                                                                                                                        ADD r16, r17, r16
.delay_slot
        5446    0x00 0x2c 0xf7 0xf6 0x11 0x80 0x00 0x00 0x00 0x7a                                NOPA;                                                       ST r16, [p7, #-4];            NOPX
.return_address
.no_stack_arguments
        5456    0x00 0x0e 0xb0 0x00 0x01 0x04                                                                                                                                              JL #7520
.delay_slot
        5462    0x00 0x07 0x00 0xda 0x00 0x44                                                                                                                                              MOVXM p0, #462080
.delay_slot
.swstall delay_slot
        5468    0x00 0x00                                                                        NOPX
.delay_slot
.swstall delay_slot
        5470    0x00 0x00                                                                        NOPX
.delay_slot
.swstall delay_slot
        5472    0x00 0x00                                                                        NOPX
.delay_slot
.swstall delay_slot
        5474    0x00 0x2c 0xf0 0x02 0xb6 0x00 0x00 0x40 0x1a 0x57 0x00 0x00 0x1c 0x2e            NOPA;                                                       NOPS;                                                       NOPM;                                   NOPV
.return_address
        5488    0x00 0x2c 0xf0 0x00 0x20 0x01 0x5b 0x00 0x84 0xe8 0x01 0xa5 0x78 0x00 0x00 0xe1  NOPA;                         NOPB;                         NOPS;                         MOVX r8, #39;                 NOPM;                                   NOPV
.label TGT_Fcore_0_2_5280
.loop_nesting 2
.no_stack_arguments
        5504    0x06 0x60 0x00 0x00 0x03 0x34 0x00 0x00 0x40 0xba                                MOVA r0, #51;                                                                             JL #6560
.delay_slot
        5514    0x17 0xc2 0xfd 0x18                                                                                                                                                        MOVX r1, #-1
.delay_slot
.swstall delay_slot
        5518    0x00 0x00                                                                        NOPX
.delay_slot
.swstall delay_slot
        5520    0x00 0x00                                                                        NOPX
.delay_slot
.swstall delay_slot
        5522    0x00 0x00                                                                        NOPX
.delay_slot
.swstall delay_slot
        5524    0x00 0x2c 0xf0 0x00 0x20 0x00 0x00 0x00 0x00 0xad 0x81 0x36                      NOPA;                         NOPB;                         NOPS;                         NOPX
.return_address
        5536    0xe0 0xca 0xd0 0x00 0x06 0x28 0x2f 0xff 0x58 0xba                                LDA r18, [p7];                                                                            MOVX r0, #49;                 MOV r1, #-1
        5546    0x00 0x00                                                                        NOPX
        5548    0x00 0x00                                                                        NOPX
.no_stack_arguments
        5550    0x00 0x0c 0xd0 0x00 0x01 0x04                                                                                                                                              JL #6560
.delay_slot
        5556    0x00 0x07 0x78 0x32 0x00 0x44                                                                                                                                              MOVXM r16, #489728
.delay_slot
        5562    0x00 0x07 0x58 0xaa 0x00 0x44                                                                                                                                              MOVXM r17, #480512
.delay_slot
.swstall delay_slot
        5568    0x00 0x00                                                                        NOPX
.delay_slot
        5570    0x13 0xf7 0x27 0x98                                                                                                                                                        EQ r27, r15, r18
.delay_slot
        5574    0x00 0x2c 0xf0 0x01 0x5b 0x00 0x04 0x5b 0x02 0x7a                                NOPA;                                                       NOPS;                         SEL.EQZ r13, r17, r16, r27
.return_address
        5584    0xe2 0xc2 0xd2 0xcd 0x41 0xd4                                                    LDA r16, [p7, #4];                                                                                                      MOV p1, r13
        5590    0x1e 0x62 0xc0 0xf8                                                                                                                                                                                      MOV p6, p1
        5594    0x00 0x00                                                                        NOPX
        5596    0x00 0x00                                                                        NOPX
.no_stack_arguments
        5598    0x00 0x0c 0xf0 0x00 0x01 0x04                                                                                                                                              JL #6624
.delay_slot
        5604    0x00 0x07 0x04 0xda 0x00 0x44                                                                                                                                              MOVXM p2, #462080
.delay_slot
.swstall delay_slot
        5610    0x00 0x00                                                                        NOPX
.delay_slot
        5612    0x13 0xf7 0x07 0x98                                                                                                                                                        EQ r27, r15, r16
.delay_slot
        5616    0x12 0xe0 0xa2 0x18                                                                                                                                                        SEL.EQZ r16, r11, r10, r27
.delay_slot
        5620    0x00 0x2c 0xf0 0x00 0x20 0x01 0x5b 0x00 0x34 0x10 0x70 0xf6                      NOPA;                         NOPB;                         NOPS;                                                       MOV p0, r16
.return_address
.no_stack_arguments
        5632    0x00 0x21 0x00 0x00 0x03 0x38 0x00 0x00 0x40 0xba                                MOVA r1, #1;                                                                              JL #6592
.delay_slot
        5642    0x10 0x1c 0x05 0x18                                                                                                                                                        MOVX r14, #1
.delay_slot
        5646    0x10 0x00 0xc1 0x18                                                                                                                                                        MOVX r0, #48
.delay_slot
.swstall delay_slot
        5650    0x00 0x00                                                                        NOPX
.delay_slot
.swstall delay_slot
        5652    0x00 0x00                                                                        NOPX
.delay_slot
.swstall delay_slot
        5654    0x00 0x2c 0xf0 0x00 0x10 0x00 0x01 0xa5 0x7e 0xba                                NOPA;                         NOPB;                                                                                     NOPM
.return_address
        5664    0xe2 0xc2 0xd0 0x00 0x06 0x28 0x2f 0xff 0x58 0xba                                LDA r16, [p7, #4];                                                                        MOVX r0, #49;                 MOV r1, #-1
        5674    0x00 0x00                                                                        NOPX
        5676    0x00 0x00                                                                        NOPX
        5678    0x00 0x00                                                                        NOPX
        5680    0x00 0x00                                                                        NOPX
.no_stack_arguments
        5682    0x00 0x0c 0xd0 0x00 0x01 0x04                                                                                                                                              JL #6560
.delay_slot
.swstall delay_slot
        5688    0x00 0x00                                                                        NOPX
.delay_slot
        5690    0x14 0x20 0x07 0x18                                                                                                                                                        ADD r16, r16, #1
.delay_slot
        5694    0x76 0xe1 0x58 0xb0 0xfe 0x24                                                                                                                                              LT r27, r14, r16;             ADD.NC r17, r16, #-2
.delay_slot
        5700    0x14 0x21 0x12 0x18                                                                                                                                                        SEL.EQZ r16, r16, r17, r27
.delay_slot
        5704    0xe2 0xc2 0x30 0x00 0x01 0xa5 0x70 0x02                                                                                                      ST r16, [p7, #4];                                           NOPM
.return_address
        5712    0xe2 0xc2 0xd2 0xd9 0x81 0xd4                                                    LDA r16, [p7, #4];                                                                                                      MOV p1, p6
        5718    0x00 0x00                                                                        NOPX
        5720    0x00 0x00                                                                        NOPX
        5722    0x00 0x00                                                                        NOPX
.no_stack_arguments
        5724    0x00 0x0c 0xf0 0x00 0x01 0x04                                                                                                                                              JL #6624
.delay_slot
        5730    0x00 0x07 0x04 0xda 0x00 0x44                                                                                                                                              MOVXM p2, #462080
.delay_slot
.swstall delay_slot
        5736    0x00 0x00                                                                        NOPX
.delay_slot
        5738    0x13 0xb7 0x07 0x98                                                                                                                                                        EQ r27, r14, r16
.delay_slot
        5742    0x12 0xe0 0xa2 0x18                                                                                                                                                        SEL.EQZ r16, r11, r10, r27
.delay_slot
        5746    0x00 0x2c 0xf0 0x02 0xb6 0x00 0x00 0x43 0x41 0x07 0x00 0x00 0x1c 0x2e            NOPA;                                                       NOPS;                                                       MOV p0, r16;                            NOPV
.return_address
.no_stack_arguments
        5760    0x00 0x21 0x00 0x00 0x03 0x38 0x00 0x00 0x40 0xba                                MOVA r1, #1;                                                                              JL #6592
.delay_slot
        5770    0x10 0x1a 0x05 0x18                                                                                                                                                        MOVX r13, #1
.delay_slot
        5774    0x10 0x00 0xc1 0x18                                                                                                                                                        MOVX r0, #48
.delay_slot
.swstall delay_slot
        5778    0x00 0x00                                                                        NOPX
.delay_slot
.swstall delay_slot
        5780    0x00 0x00                                                                        NOPX
.delay_slot
.swstall delay_slot
        5782    0x00 0x2c 0xf0 0x00 0x10 0x00 0x01 0xa5 0x7e 0xba                                NOPA;                         NOPB;                                                                                     NOPM
.return_address
        5792    0xe2 0xc2 0xd0 0x00 0x06 0x28 0x2f 0xff 0x58 0xba                                LDA r16, [p7, #4];                                                                        MOVX r0, #49;                 MOV r1, #-1
        5802    0x00 0x00                                                                        NOPX
        5804    0x00 0x00                                                                        NOPX
        5806    0x00 0x00                                                                        NOPX
        5808    0x00 0x00                                                                        NOPX
.no_stack_arguments
        5810    0x00 0x0c 0xd0 0x00 0x01 0x04                                                                                                                                              JL #6560
.delay_slot
.swstall delay_slot
        5816    0x00 0x00                                                                        NOPX
.delay_slot
        5818    0x14 0x20 0x07 0x18                                                                                                                                                        ADD r16, r16, #1
.delay_slot
        5822    0x6e 0xe1 0x58 0xb0 0xfe 0x24                                                                                                                                              LT r27, r13, r16;             ADD.NC r17, r16, #-2
.delay_slot
        5828    0x14 0x21 0x12 0x18                                                                                                                                                        SEL.EQZ r16, r16, r17, r27
.delay_slot
        5832    0xe2 0xc2 0x30 0x00 0x01 0xa5 0x70 0x02                                                                                                      ST r16, [p7, #4];                                           NOPM
.return_address
        5840    0xe2 0xc2 0xd2 0xd9 0x81 0xd4                                                    LDA r16, [p7, #4];                                                                                                      MOV p1, p6
        5846    0x00 0x00                                                                        NOPX
        5848    0x00 0x00                                                                        NOPX
        5850    0x00 0x00                                                                        NOPX
.no_stack_arguments
        5852    0x00 0x0c 0xf0 0x00 0x01 0x04                                                                                                                                              JL #6624
.delay_slot
        5858    0x00 0x07 0x04 0xda 0x00 0x44                                                                                                                                              MOVXM p2, #462080
.delay_slot
.swstall delay_slot
        5864    0x00 0x00                                                                        NOPX
.delay_slot
        5866    0x13 0x77 0x07 0x98                                                                                                                                                        EQ r27, r13, r16
.delay_slot
        5870    0x12 0xe0 0xa2 0x18                                                                                                                                                        SEL.EQZ r16, r11, r10, r27
.delay_slot
        5874    0x00 0x2c 0xf0 0x02 0xb6 0x00 0x00 0x43 0x41 0x07 0x00 0x00 0x1c 0x2e            NOPA;                                                       NOPS;                                                       MOV p0, r16;                            NOPV
.return_address
.no_stack_arguments
        5888    0x00 0x21 0x00 0x00 0x03 0x38 0x00 0x00 0x40 0xba                                MOVA r1, #1;                                                                              JL #6592
.delay_slot
        5898    0x10 0x00 0xc1 0x18                                                                                                                                                        MOVX r0, #48
.delay_slot
.swstall delay_slot
        5902    0x00 0x00                                                                        NOPX
.delay_slot
.swstall delay_slot
        5904    0x00 0x00                                                                        NOPX
.delay_slot
.swstall delay_slot
        5906    0x00 0x00                                                                        NOPX
.delay_slot
.swstall delay_slot
        5908    0x00 0x2c 0xf0 0x00 0x20 0x00 0x00 0x00 0x00 0xad 0x81 0x36                      NOPA;                         NOPB;                         NOPS;                         NOPX
.return_address
        5920    0xe2 0xc2 0xd0 0x00 0x06 0x28 0x2f 0xff 0x58 0xba                                LDA r16, [p7, #4];                                                                        MOVX r0, #49;                 MOV r1, #-1
        5930    0x00 0x00                                                                        NOPX
        5932    0x00 0x00                                                                        NOPX
        5934    0x00 0x00                                                                        NOPX
        5936    0x00 0x00                                                                        NOPX
.no_stack_arguments
        5938    0x00 0x0c 0xd0 0x00 0x01 0x04                                                                                                                                              JL #6560
.delay_slot
.swstall delay_slot
        5944    0x00 0x00                                                                        NOPX
.delay_slot
        5946    0x14 0x20 0x07 0x18                                                                                                                                                        ADD r16, r16, #1
.delay_slot
        5950    0x6e 0xe1 0x58 0xb0 0xfe 0x24                                                                                                                                              LT r27, r13, r16;             ADD.NC r17, r16, #-2
.delay_slot
        5956    0x14 0x21 0x12 0x18                                                                                                                                                        SEL.EQZ r16, r16, r17, r27
.delay_slot
        5960    0xe2 0xc2 0x30 0x00 0x01 0xa5 0x70 0x02                                                                                                      ST r16, [p7, #4];                                           NOPM
.return_address
        5968    0xe2 0xc2 0xd2 0xd9 0x81 0xd4                                                    LDA r16, [p7, #4];                                                                                                      MOV p1, p6
        5974    0x00 0x00                                                                        NOPX
        5976    0x00 0x00                                                                        NOPX
        5978    0x00 0x00                                                                        NOPX
.no_stack_arguments
        5980    0x00 0x0c 0xf0 0x00 0x01 0x04                                                                                                                                              JL #6624
.delay_slot
        5986    0x00 0x07 0x04 0xda 0x00 0x44                                                                                                                                              MOVXM p2, #462080
.delay_slot
.swstall delay_slot
        5992    0x00 0x00                                                                        NOPX
.delay_slot
        5994    0x13 0x77 0x07 0x98                                                                                                                                                        EQ r27, r13, r16
.delay_slot
        5998    0x12 0xe0 0xa2 0x18                                                                                                                                                        SEL.EQZ r16, r11, r10, r27
.delay_slot
        6002    0x00 0x2c 0xf0 0x02 0xb6 0x00 0x00 0x43 0x41 0x07 0x00 0x00 0x1c 0x2e            NOPA;                                                       NOPS;                                                       MOV p0, r16;                            NOPV
.return_address
.no_stack_arguments
        6016    0x00 0x21 0x00 0x00 0x03 0x38 0x00 0x00 0x40 0xba                                MOVA r1, #1;                                                                              JL #6592
.delay_slot
        6026    0x10 0x00 0xc1 0x18                                                                                                                                                        MOVX r0, #48
.delay_slot
.swstall delay_slot
        6030    0x00 0x00                                                                        NOPX
.delay_slot
.swstall delay_slot
        6032    0x00 0x00                                                                        NOPX
.delay_slot
.swstall delay_slot
        6034    0x00 0x00                                                                        NOPX
.delay_slot
.swstall delay_slot
        6036    0x00 0x2c 0xf0 0x00 0x20 0x00 0x00 0x00 0x00 0xad 0x81 0x36                      NOPA;                         NOPB;                         NOPS;                         NOPX
.return_address
        6048    0xe2 0xc2 0xd0 0x00 0x06 0x28 0x2f 0xff 0x58 0xba                                LDA r16, [p7, #4];                                                                        MOVX r0, #49;                 MOV r1, #-1
        6058    0x00 0x00                                                                        NOPX
        6060    0x00 0x00                                                                        NOPX
        6062    0x00 0x00                                                                        NOPX
        6064    0x00 0x00                                                                        NOPX
.no_stack_arguments
        6066    0x00 0x0c 0xd0 0x00 0x01 0x04                                                                                                                                              JL #6560
.delay_slot
.swstall delay_slot
        6072    0x00 0x00                                                                        NOPX
.delay_slot
        6074    0x14 0x20 0x07 0x18                                                                                                                                                        ADD r16, r16, #1
.delay_slot
        6078    0x6e 0xe1 0x58 0xb0 0xfe 0x24                                                                                                                                              LT r27, r13, r16;             ADD.NC r17, r16, #-2
.delay_slot
        6084    0x14 0x21 0x12 0x18                                                                                                                                                        SEL.EQZ r16, r16, r17, r27
.delay_slot
        6088    0xe2 0xc2 0x30 0x00 0x01 0xa5 0x70 0x02                                                                                                      ST r16, [p7, #4];                                           NOPM
.return_address
        6096    0xe2 0xc2 0xd2 0xd9 0x81 0xd4                                                    LDA r16, [p7, #4];                                                                                                      MOV p1, p6
        6102    0x00 0x00                                                                        NOPX
        6104    0x00 0x00                                                                        NOPX
        6106    0x00 0x00                                                                        NOPX
.no_stack_arguments
        6108    0x00 0x0c 0xf0 0x00 0x01 0x04                                                                                                                                              JL #6624
.delay_slot
        6114    0x00 0x07 0x04 0xda 0x00 0x44                                                                                                                                              MOVXM p2, #462080
.delay_slot
.swstall delay_slot
        6120    0x00 0x00                                                                        NOPX
.delay_slot
        6122    0x13 0x77 0x07 0x98                                                                                                                                                        EQ r27, r13, r16
.delay_slot
        6126    0x12 0xe0 0xa2 0x18                                                                                                                                                        SEL.EQZ r16, r11, r10, r27
.delay_slot
        6130    0x00 0x2c 0xf0 0x02 0xb6 0x00 0x00 0x43 0x41 0x07 0x00 0x00 0x1c 0x2e            NOPA;                                                       NOPS;                                                       MOV p0, r16;                            NOPV
.return_address
.no_stack_arguments
        6144    0x00 0x21 0x00 0x00 0x03 0x38 0x00 0x00 0x40 0xba                                MOVA r1, #1;                                                                              JL #6592
.delay_slot
        6154    0x10 0x1c 0x05 0x18                                                                                                                                                        MOVX r14, #1
.delay_slot
        6158    0x10 0x00 0xc1 0x18                                                                                                                                                        MOVX r0, #48
.delay_slot
.swstall delay_slot
        6162    0x00 0x00                                                                        NOPX
.delay_slot
.swstall delay_slot
        6164    0x00 0x00                                                                        NOPX
.delay_slot
.swstall delay_slot
        6166    0x00 0x2c 0xf0 0x00 0x10 0x00 0x01 0xa5 0x7e 0xba                                NOPA;                         NOPB;                                                                                     NOPM
.return_address
        6176    0xe2 0xc2 0xd0 0x00 0x06 0x28 0x2f 0xff 0x58 0xba                                LDA r16, [p7, #4];                                                                        MOVX r0, #49;                 MOV r1, #-1
        6186    0x00 0x00                                                                        NOPX
        6188    0x00 0x00                                                                        NOPX
        6190    0x00 0x00                                                                        NOPX
        6192    0x00 0x00                                                                        NOPX
.no_stack_arguments
        6194    0x00 0x0c 0xd0 0x00 0x01 0x04                                                                                                                                              JL #6560
.delay_slot
.swstall delay_slot
        6200    0x00 0x00                                                                        NOPX
.delay_slot
        6202    0x14 0x20 0x07 0x18                                                                                                                                                        ADD r16, r16, #1
.delay_slot
        6206    0x76 0xe1 0x58 0xb0 0xfe 0x24                                                                                                                                              LT r27, r14, r16;             ADD.NC r17, r16, #-2
.delay_slot
        6212    0x14 0x21 0x12 0x18                                                                                                                                                        SEL.EQZ r16, r16, r17, r27
.delay_slot
        6216    0xe2 0xc2 0x30 0x00 0x01 0xa5 0x70 0x02                                                                                                      ST r16, [p7, #4];                                           NOPM
.return_address
        6224    0xe2 0xc2 0xd2 0xd9 0x81 0xd4                                                    LDA r16, [p7, #4];                                                                                                      MOV p1, p6
        6230    0x00 0x00                                                                        NOPX
        6232    0x00 0x00                                                                        NOPX
        6234    0x00 0x00                                                                        NOPX
.no_stack_arguments
        6236    0x00 0x0c 0xf0 0x00 0x01 0x04                                                                                                                                              JL #6624
.delay_slot
        6242    0x00 0x07 0x04 0xda 0x00 0x44                                                                                                                                              MOVXM p2, #462080
.delay_slot
.swstall delay_slot
        6248    0x00 0x00                                                                        NOPX
.delay_slot
        6250    0x13 0xb7 0x07 0x98                                                                                                                                                        EQ r27, r14, r16
.delay_slot
        6254    0x12 0xe0 0xa2 0x18                                                                                                                                                        SEL.EQZ r16, r11, r10, r27
.delay_slot
        6258    0x00 0x2c 0xf0 0x02 0xb6 0x00 0x00 0x43 0x41 0x07 0x00 0x00 0x1c 0x2e            NOPA;                                                       NOPS;                                                       MOV p0, r16;                            NOPV
.return_address
.no_stack_arguments
        6272    0x00 0x21 0x00 0x00 0x03 0x38 0x00 0x00 0x40 0xba                                MOVA r1, #1;                                                                              JL #6592
.delay_slot
        6282    0x10 0x00 0xc1 0x18                                                                                                                                                        MOVX r0, #48
.delay_slot
.swstall delay_slot
        6286    0x00 0x00                                                                        NOPX
.delay_slot
.swstall delay_slot
        6288    0x00 0x00                                                                        NOPX
.delay_slot
.swstall delay_slot
        6290    0x00 0x00                                                                        NOPX
.delay_slot
.swstall delay_slot
        6292    0x00 0x2c 0xf0 0x00 0x20 0x00 0x00 0x00 0x00 0xad 0x81 0x36                      NOPA;                         NOPB;                         NOPS;                         NOPX
.return_address
        6304    0xe2 0xc2 0xd0 0x00 0x06 0x48 0x28 0x01 0x58 0xba                                LDA r16, [p7, #4];                                                                        MOVX r0, #50;                 MOV r1, #1
        6314    0x00 0x00                                                                        NOPX
        6316    0x00 0x00                                                                        NOPX
        6318    0x00 0x00                                                                        NOPX
        6320    0x00 0x00                                                                        NOPX
.no_stack_arguments
        6322    0x00 0x0c 0xe0 0x00 0x01 0x04                                                                                                                                              JL #6592
.delay_slot
.swstall delay_slot
        6328    0x00 0x00                                                                        NOPX
.delay_slot
        6330    0x14 0x20 0x07 0x18                                                                                                                                                        ADD r16, r16, #1
.delay_slot
        6334    0x76 0xe1 0x58 0xb0 0xfe 0x24                                                                                                                                              LT r27, r14, r16;             ADD.NC r17, r16, #-2
.delay_slot
        6340    0x14 0x21 0x12 0x18                                                                                                                                                        SEL.EQZ r16, r16, r17, r27
.delay_slot
        6344    0xe2 0xc2 0x30 0x00 0x01 0xa5 0x70 0x02                                                                                                      ST r16, [p7, #4];                                           NOPM
.return_address
        6352    0xe0 0xc2 0xd0 0x00 0x00 0x07 0x32 0xc0 0x10 0xba                                LDA r16, [p7];                                                                            MOVXM p6, #5504
        6362    0x00 0x00                                                                        NOPX
        6364    0x00 0x00                                                                        NOPX
        6366    0x00 0x00                                                                        NOPX
        6368    0x00 0x00                                                                        NOPX
        6370    0x12 0x11 0xa0 0x18                                                                                                                                                        JNZD r8, r8, p6
.delay_slot
.swstall delay_slot
        6374    0x00 0x00                                                                        NOPX
.delay_slot
        6376    0x14 0x20 0x07 0x18                                                                                                                                                        ADD r16, r16, #1
.delay_slot
        6380    0x7e 0xe1 0x58 0xb0 0xfe 0x24                                                                                                                                              LT r27, r15, r16;             ADD.NC r17, r16, #-2
.delay_slot
        6386    0x14 0x21 0x12 0x18                                                                                                                                                        SEL.EQZ r16, r16, r17, r27
.delay_slot
        6390    0x0f 0x06 0x11 0x98                                                                                                                          ST r16, [p7]
.loop_nesting 1
.no_stack_arguments
        6394    0x06 0xa0 0x00 0x00 0x03 0x38 0x00 0x00 0x40 0xba                                MOVA r0, #53;                                                                             JL #6592
.delay_slot
        6404    0x10 0x02 0x05 0x18                                                                                                                                                        MOVX r1, #1
.delay_slot
.swstall delay_slot
        6408    0x00 0x00                                                                        NOPX
.delay_slot
.swstall delay_slot
        6410    0x00 0x00                                                                        NOPX
.delay_slot
.swstall delay_slot
        6412    0x00 0x00                                                                        NOPX
.delay_slot
.swstall delay_slot
        6414    0x00 0x00                                                                        NOPX
.return_address
        6416    0xfa 0x46 0x20 0x3f 0x27 0xca 0x08 0x00 0x58 0xba                                LDA r17, [sp, #-48];                                                                      MOVX r18, #-2;                MOV r16, #0
        6426    0xf9 0xce 0x20 0x60 0x02 0x2c                                                    LDA r19, [sp, #-52];                                                                      MOVX r24, #0
        6432    0x07 0xf6 0xb6 0x98                                                              LDA r21, [p7, #-4]
        6436    0x07 0xcb 0x99 0x18                                                              LDA p7, [sp, #-56]
        6440    0x00 0x00                                                                        NOPX
        6442    0x00 0x00                                                                        NOPX
        6444    0x00 0x00                                                                        NOPX
        6446    0x14 0x65 0x2c 0x98                                                                                                                                                        LTU r18, r17, r18
        6450    0x14 0xec 0xd0 0x18                                                                                                                                                        EQZ r22, r19
        6454    0x15 0xa5 0x24 0x98                                                                                                                                                        AND r18, r22, r18
        6458    0x14 0xa1 0x05 0x98                                                                                                                                                        OR r16, r18, r16
        6462    0x80 0x00 0xb0 0x40 0x01 0x84                                                                                                                                              JNZ r16, #352
.delay_slot
        6468    0x7f 0xff 0xfa 0x3f 0xfc 0x44                                                                                                                                              MOVXM r20, #2147483646
.delay_slot
        6474    0x14 0x62 0x07 0x18                                                                                                                                                        ADD r17, r17, #1
.delay_slot
        6478    0xfa 0x46 0xba 0x46 0xb9 0x5c                                                                                                                ST r17, [sp, #-48];           LTU r17, r20, r21
.delay_slot
        6484    0x9c 0xf0 0x58 0xb5 0x8a 0xa4                                                                                                                                              ADC r19, r19, r24;            ADD.NC r17, r21, r17
.delay_slot
        6490    0x0f 0x1e 0x31 0x98                                                                                                                          ST r17, [p7], #4
.loop_nesting 0
        6494    0x07 0xd4 0x39 0x18                                                              LDA lr, [sp, #-44]
        6498    0x07 0xd9 0x11 0x18                                                              LDA r8, [sp, #-40]
        6502    0x07 0xdd 0x31 0x18                                                              LDA r9, [sp, #-36]
        6506    0x07 0xe1 0x51 0x18                                                              LDA r10, [sp, #-32]
        6510    0x07 0xe9 0x71 0x18                                                              LDA r11, [sp, #-24]
        6514    0x07 0xf1 0x91 0x18                                                              LDA r12, [sp, #-16]
        6518    0x07 0xf5 0xb1 0x18                                                              LDA r13, [sp, #-12]
        6522    0x07 0xf9 0xd1 0x18                                                              LDA r14, [sp, #-8]
        6526    0x07 0xfd 0xf1 0x18                                                              LDA r15, [sp, #-4]
        6530    0x07 0xe7 0x19 0x18                                                              LDA p6, [sp, #-28]
        6534    0x07 0xef 0x99 0x18                                                              LDA p7, [sp, #-20]
        6538    0x10 0x28 0x00 0x18                                                                                                                                                        RET lr
.delay_slot
        6542    0xff 0xf8 0x00 0x00 0x01 0xc4                                                                                                                                              PADDXM [sp], #-64
.delay_slot
.swstall delay_slot
        6548    0x00 0x00                                                                        NOPX
.delay_slot
.swstall delay_slot
        6550    0x00 0x00                                                                        NOPX
.delay_slot
.swstall delay_slot
        6552    0x00 0x00                                                                        NOPX
.delay_slot
.swstall delay_slot
        6554    0x00 0x00                                                                        NOPX
.label core_0_2__end

.text_segment PM   6560
.label llvm___aie2p___acquire
.function_start
        6560    0x10 0x12 0x18 0x18                                                                                                                                                        ACQ r0, r1
        6564    0x10 0x28 0x00 0x18                                                                                                                                                        RET lr
.delay_slot
.swstall delay_slot
        6568    0x00 0x00                                                                        NOPX
.delay_slot
.swstall delay_slot
        6570    0x00 0x00                                                                        NOPX
.delay_slot
.swstall delay_slot
        6572    0x00 0x00                                                                        NOPX
.delay_slot
.swstall delay_slot
        6574    0x00 0x00                                                                        NOPX
.delay_slot
.swstall delay_slot
        6576    0x00 0x00                                                                        NOPX
.label llvm___aie2p___acquire__end

.text_segment PM   6592
.label llvm___aie2p___release
.function_start
        6592    0x10 0x10 0x18 0x18                                                                                                                                                        REL r0, r1
        6596    0x10 0x28 0x00 0x18                                                                                                                                                        RET lr
.delay_slot
.swstall delay_slot
        6600    0x00 0x00                                                                        NOPX
.delay_slot
.swstall delay_slot
        6602    0x00 0x00                                                                        NOPX
.delay_slot
.swstall delay_slot
        6604    0x00 0x00                                                                        NOPX
.delay_slot
.swstall delay_slot
        6606    0x00 0x00                                                                        NOPX
.delay_slot
.swstall delay_slot
        6608    0x00 0x00                                                                        NOPX
.label llvm___aie2p___release__end

.text_segment PM   6624
.label matmul_vectorized_bfp16
.function_start
        6624    0x00 0xa2 0x00 0x00 0x01 0xe9 0xb4 0x6e 0x10 0xba                                MOVA r2, #5;                                                                              MOVXM p3, #501980
        6634    0x60 0xca 0xd0 0x00 0x80 0x00 0x88 0x40 0x58 0xba                                LDA r18, [p3];                                                                            EVENT #0;                     MOV r4, #64
        6644    0x61 0x93 0x00 0x00 0x00 0x04 0x7d 0x50 0x10 0xba                                MOVA r19, #780;                                                                           MOVXM ls, #6816
        6654    0x00 0x15 0x00 0x00 0x00 0x05 0xbe 0x90 0x10 0xba                                MOVA r21, #0;                                                                             MOVXM le, #7456
        6664    0x00 0x18 0x00 0x00 0x04 0x00 0x00 0x00 0x70 0xba                                MOVA r24, #0;                                                                             PADDXM [sp], #128
        6674    0x01 0x03 0x24 0x20 0xe5 0xe4                                                                                                                                              MOVX r4, #6;                  VBCST.8 x4, r4
        6680    0x1a 0xe0 0x72 0xf8                                                                                                                                                                                      VBCST.8 x5, r24
        6684    0x80 0x40 0x20 0xa0 0x20 0x44                                                                                                                                              MOVXM r1, #-2143281136
        6690    0x96 0xc4 0xf1 0x32 0x01 0x24                                                                                                                                              EQ r27, r18, r2;              ADD.NC r2, r18, #1
        6696    0x12 0x02 0x00 0x05 0x4c 0x12 0x2a 0x60 0x78 0xba                                MOVA r2, #144;                                                                            SEL.EQZ r20, r2, r24, r27;    MOV r17, p2
        6706    0x60 0xd2 0x30 0x02 0x01 0x00 0x09 0x00 0x91 0x3a                                                                                            ST r20, [p3];                 MOVXM r0, #134480385
        6716    0x1c 0x2a 0x04 0x38                                                                                                                                                                                      VSEL.8 x8, x5, x4, r1:r0
        6720    0x00 0x07 0xa8 0xd1 0xc0 0x44                                                                                                                                              MOVXM p4, #501984
        6726    0x80 0x9c 0x50 0x1f 0xdf 0xdc 0x6f 0xbf 0x90 0xba                                LDA.s8 r7, [p4];                                                                          MOVXM r3, #2139062143
        6736    0x1c 0x03 0x9c 0xf8                                                                                                                                                                                      MOV el8, r3
        6740    0x20 0xd0 0x28 0x87 0x39 0xe4                                                                                                                                              MOVX r3, #288;                MOV eh8, r3
        6746    0x00 0x00 0x0a 0x3b 0x00 0x44                                                                                                                                              MOVXM r20, #3456
        6752    0x00 0x32 0x00 0x25 0x1a 0x30 0x08 0x60 0x78 0xba                                MOVA r18, #1;                                                                             MAC r17, r17, r18, r20;       MOV r0, p0
        6762    0x18 0x52 0xc0 0xf8                                                                                                                                                                                      MOV r1, p1
        6766    0x00 0x00 0x16 0xd5 0x00 0x44                                                                                                                                              MOVXM p3, #6784
        6772    0x00 0x2c 0xf3 0xf5 0x00 0x2c                                                    NOPA;                                                                                     MOVX crRnd, r7
        6778    0x00 0x00 0x03 0xb2 0x00 0x44                                                                                                                                              MOVXM r7, #2304
.label TGT_Fmatmul_vectorized_bfp16_160
.loop_nesting 1
        6784    0x00 0xc5 0x40 0x2b 0x42 0x7e 0xe8 0x10 0x78 0xba                                MOVA lc, #6;                                                                              MUL r20, r21, r4;             MOV r23, r0
        6794    0x3d 0xea 0xca 0xa0 0x01 0x64                                                                                                                                              MAC r23, r23, r7, r21;        MOV r21, #0
        6800    0x10 0xe9 0x4f 0x98                                                                                                                                                        MUL r20, r3, r20
        6804    0x00 0x2c 0xf0 0x00 0x20 0x01 0x5b 0x00 0x25 0xd0 0x70 0xf6                      NOPA;                         NOPB;                         NOPS;                                                       MOV dn0, r23
.label ZLS_Fmatmul_vectorized_bfp16_192
.loop_nesting 2
.begin_of_loop
        6816    0x00 0x00                                                                        NOPX
        6818    0x10 0xad 0x40 0x98                                                                                                                                                        ADD r22, r2, r20
        6822    0x06 0x00 0x20 0xd1 0xb2 0xa4                                                                                                                                              MOVX r24, #0;                 ADD.NC p0, r17, r22
        6828    0x3c 0x14 0x14 0x18                                                                                            VLDB.FILL.512 [p0, lf0, r24]
        6832    0x04 0x05 0xa8 0x01 0x90 0x08 0xb5 0x42 0xa8 0x3a                                                              VLDB.POP.576 ex11, [p0, lf0, r24];                          MOVX r25, #0;                 ADD.NC p1, r21, r1
        6842    0x22 0x81 0x74 0x05 0x28 0x3c                                                    VLDA.FILL.512 [p1, lf1, r25]; VLDB.POP.576 ex10, [p0, lf0, r24]
        6848    0x06 0x00 0xa8 0x01 0x80 0x08 0x30 0x40 0x78 0x3a                                                              VLDB.POP.576 ex1, [p1, lf1, r25];                           MOVX r24, #0;                 MOV p0, dn0
        6858    0xa0 0x19 0x78 0x28 0x28 0x3c                                                    VLDA.POP.576 ex3, [p1, lf1, r25];VLDB.FILL.512 [p0, lf0, r24]
        6864    0xa0 0x29 0x74 0x00 0x28 0x3c                                                    VLDA.POP.576 ex5, [p1, lf1, r25];VLDB.POP.576 ex0, [p0, lf0, r24]
.aggressive_scheduled_block_id 1
.aggressive_scheduled_block_id first
        6870    0xa0 0x39 0x74 0x01 0x28 0x3c                                                    VLDA.POP.576 ex7, [p1, lf1, r25];VLDB.POP.576 ex2, [p0, lf0, r24]
.aggressive_scheduled_block_id 1
.noswbrkpt
        6876    0x3b 0x00 0x54 0x18                                                                                            VLDB.POP.576 ex1, [p1, lf1, r25]
.aggressive_scheduled_block_id 1
.nohwbrkpt
.noswbrkpt
        6880    0x00 0x91 0x62 0x01 0x14 0x01 0x34 0x68 0xa6 0xba                                                              VLDB.POP.576 ex4, [p0, lf0, r24];MOVS dc0, p1;                                            ADD.NC p2, r17, r20
.aggressive_scheduled_block_id 1
.nohwbrkpt
.noswbrkpt
        6890    0x31 0x11 0x64 0x03 0x28 0x01 0x90 0x0b 0x6e 0x50 0x78 0x36                                                    VLDB.POP.576 ex6, [p0, lf0, r24];MOVS p1, p2;               MOVX r25, #0;                 MOV r27, r25
.aggressive_scheduled_block_id 1
.nohwbrkpt
.noswbrkpt
        6902    0x3d 0x14 0x14 0x18                                                                                            VLDB.FILL.512 [p1, lf1, r25]
.aggressive_scheduled_block_id 1
.nohwbrkpt
.noswbrkpt
        6906    0x03 0x01 0x94 0x00 0x99 0xf7 0x09 0x62                                                                        VLDB.POP.576 ex6, [p1, lf1, r25];                                                                                                 VMUL.f dm1, ex11, ex8, r19
.aggressive_scheduled_block_id 1
.nohwbrkpt
.noswbrkpt
        6914    0x03 0x00 0x94 0x00 0x9b 0xf5 0x09 0x62                                                                        VLDB.POP.576 ex2, [p1, lf1, r25];                                                                                                 VMUL.f dm3, ex10, ex8, r19
.aggressive_scheduled_block_id 1
.nohwbrkpt
.noswbrkpt
        6922    0x00 0x00                                                                        NOPX
.aggressive_scheduled_block_id 1
.nohwbrkpt
.noswbrkpt
        6924    0x04 0x82 0x5c 0xe6 0x99 0x24 0x29 0x62                                                                                                                                                                  VMOV ex9, ex1;                          VMAC.f dm1, dm1, ex2, ex1, r19
.aggressive_scheduled_block_id 1
.nohwbrkpt
.noswbrkpt
        6932    0xff 0xdd 0x60 0x02 0x9b 0x64 0x69 0x62                                                                                                      VST lfl1, [sp, #-64];                                                                               VMAC.f dm3, dm3, ex2, ex3, r19
.aggressive_scheduled_block_id 1
.nohwbrkpt
.noswbrkpt
        6940    0x0f 0xfa 0x6b 0x18                                                                                                                          VST lfh1, [sp, #-128]
.aggressive_scheduled_block_id 1
.nohwbrkpt
.noswbrkpt
        6944    0x99 0x2c 0xa9 0x48                                                                                                                                                                                                                              VMAC.f dm1, dm1, ex6, ex5, r19
.aggressive_scheduled_block_id 1
.nohwbrkpt
.noswbrkpt
        6948    0x02 0x00 0x14 0x00 0x9b 0x6c 0xe9 0x62                                                                        VLDB.POP.576 ex0, [p0, lf0, r24];                                                                                                 VMAC.f dm3, dm3, ex6, ex7, r19
.aggressive_scheduled_block_id 1
.nohwbrkpt
.noswbrkpt
        6956    0xff 0x48 0xf2 0x00 0x94 0x1d 0x98 0xed 0x09 0x4a                                VLDA lfh1, [sp, #-128];       VLDB.POP.576 ex2, [p0, lf0, r24];                                                                                                 VMUL.f dm0, ex6, ex8, r19
.aggressive_scheduled_block_id 1
.nohwbrkpt
.noswbrkpt
        6966    0xff 0xd8 0xf3 0x00 0x96 0x00 0x00 0x72 0xed 0x07 0x9a 0xe5 0x09 0x6e            VLDA lfl1, [sp, #-64];                                      MOVS p1, dc0;                                               MOV r25, r27;                           VMUL.f dm2, ex2, ex8, r19
.aggressive_scheduled_block_id 1
.nohwbrkpt
.noswbrkpt
        6980    0x3b 0x00 0xd4 0x18                                                                                            VLDB.POP.576 ex3, [p1, lf1, r25]
.aggressive_scheduled_block_id 1
.nohwbrkpt
.noswbrkpt
        6984    0x02 0x01 0x14 0x00 0x98 0x01 0x29 0x62                                                                        VLDB.POP.576 ex4, [p0, lf0, r24];                                                                                                 VMAC.f dm0, dm0, ex0, ex9, r19
.aggressive_scheduled_block_id 1
.nohwbrkpt
.noswbrkpt
        6992    0xa0 0x29 0x72 0x01 0x94 0x1d 0x9a 0x40 0x69 0x4a                                VLDA.POP.576 ex5, [p1, lf1, r25];VLDB.POP.576 ex6, [p0, lf0, r24];                                                                                              VMAC.f dm2, dm2, ex0, ex3, r19
.aggressive_scheduled_block_id 1
.nohwbrkpt
.noswbrkpt
        7002    0x00 0x00                                                                        NOPX
.aggressive_scheduled_block_id 1
.nohwbrkpt
.noswbrkpt
        7004    0xa0 0x39 0x74 0x14 0x14 0x1d 0x98 0x08 0xa9 0x4a                                VLDA.POP.576 ex7, [p1, lf1, r25];VLDB.FILL.512 [p0, lf0, r24];                                                                                                  VMAC.f dm0, dm0, ex4, ex5, r19
.aggressive_scheduled_block_id 1
.nohwbrkpt
.noswbrkpt
        7014    0x22 0x81 0x72 0x00 0x14 0x1d 0x9a 0x48 0xe9 0x4a                                VLDA.FILL.512 [p1, lf1, r25]; VLDB.POP.576 ex0, [p0, lf0, r24];                                                                                                 VMAC.f dm2, dm2, ex4, ex7, r19
.aggressive_scheduled_block_id 1
.nohwbrkpt
.noswbrkpt
        7024    0xa0 0x09 0x72 0x00 0x94 0x1d 0x99 0x24 0x29 0x4a                                VLDA.POP.576 ex1, [p1, lf1, r25];VLDB.POP.576 ex2, [p0, lf0, r24];                                                                                              VMAC.f dm1, dm1, ex2, ex1, r19
.aggressive_scheduled_block_id 1
.nohwbrkpt
.noswbrkpt
        7034    0x98 0x00 0x29 0x48                                                                                                                                                                                                                              VMAC.f dm0, dm0, ex0, ex1, r19
.aggressive_scheduled_block_id 1
.nohwbrkpt
.noswbrkpt
        7038    0x03 0x00 0xd4 0x00 0x9a 0x40 0x69 0x62                                                                        VLDB.POP.576 ex3, [p1, lf1, r25];                                                                                                 VMAC.f dm2, dm2, ex0, ex3, r19
.aggressive_scheduled_block_id 1
.nohwbrkpt
.noswbrkpt
        7046    0x02 0x01 0x14 0x00 0x9b 0x64 0x69 0x62                                                                        VLDB.POP.576 ex4, [p0, lf0, r24];                                                                                                 VMAC.f dm3, dm3, ex2, ex3, r19
.aggressive_scheduled_block_id 1
.nohwbrkpt
.noswbrkpt
        7054    0xa0 0x29 0x72 0x01 0x94 0x1d 0x99 0x2c 0xa9 0x4a                                VLDA.POP.576 ex5, [p1, lf1, r25];VLDB.POP.576 ex6, [p0, lf0, r24];                                                                                              VMAC.f dm1, dm1, ex6, ex5, r19
.aggressive_scheduled_block_id 1
.nohwbrkpt
.noswbrkpt
        7064    0x98 0x08 0xa9 0x48                                                                                                                                                                                                                              VMAC.f dm0, dm0, ex4, ex5, r19
.aggressive_scheduled_block_id 1
.nohwbrkpt
.noswbrkpt
        7068    0x03 0x01 0xd4 0x00 0x9a 0x48 0xe9 0x62                                                                        VLDB.POP.576 ex7, [p1, lf1, r25];                                                                                                 VMAC.f dm2, dm2, ex4, ex7, r19
.aggressive_scheduled_block_id 1
.nohwbrkpt
.noswbrkpt
        7076    0x02 0x00 0x14 0x00 0x9b 0x6c 0xe9 0x62                                                                        VLDB.POP.576 ex0, [p0, lf0, r24];                                                                                                 VMAC.f dm3, dm3, ex6, ex7, r19
.aggressive_scheduled_block_id 1
.nohwbrkpt
.noswbrkpt
        7084    0xa0 0x09 0x72 0x00 0x94 0x1d 0x99 0x24 0x29 0x4a                                VLDA.POP.576 ex1, [p1, lf1, r25];VLDB.POP.576 ex2, [p0, lf0, r24];                                                                                              VMAC.f dm1, dm1, ex2, ex1, r19
.aggressive_scheduled_block_id 1
.nohwbrkpt
.noswbrkpt
        7094    0x98 0x00 0x29 0x48                                                                                                                                                                                                                              VMAC.f dm0, dm0, ex0, ex1, r19
.aggressive_scheduled_block_id 1
.nohwbrkpt
.noswbrkpt
        7098    0x03 0x00 0xd4 0x00 0x9a 0x40 0x69 0x62                                                                        VLDB.POP.576 ex3, [p1, lf1, r25];                                                                                                 VMAC.f dm2, dm2, ex0, ex3, r19
.aggressive_scheduled_block_id 1
.nohwbrkpt
.noswbrkpt
        7106    0x02 0x01 0x14 0x00 0x9b 0x64 0x69 0x62                                                                        VLDB.POP.576 ex4, [p0, lf0, r24];                                                                                                 VMAC.f dm3, dm3, ex2, ex3, r19
.aggressive_scheduled_block_id 1
.nohwbrkpt
.noswbrkpt
        7114    0xa0 0x29 0x72 0x01 0x94 0x1d 0x99 0x2c 0xa9 0x4a                                VLDA.POP.576 ex5, [p1, lf1, r25];VLDB.POP.576 ex6, [p0, lf0, r24];                                                                                              VMAC.f dm1, dm1, ex6, ex5, r19
.aggressive_scheduled_block_id 1
.nohwbrkpt
.noswbrkpt
        7124    0x98 0x08 0xa9 0x48                                                                                                                                                                                                                              VMAC.f dm0, dm0, ex4, ex5, r19
.aggressive_scheduled_block_id 1
.nohwbrkpt
.noswbrkpt
        7128    0xa0 0x39 0x74 0x14 0x14 0x1d 0x9a 0x48 0xe9 0x4a                                VLDA.POP.576 ex7, [p1, lf1, r25];VLDB.FILL.512 [p0, lf0, r24];                                                                                                  VMAC.f dm2, dm2, ex4, ex7, r19
.aggressive_scheduled_block_id 1
.nohwbrkpt
.noswbrkpt
        7138    0x22 0x81 0x72 0x00 0x14 0x1d 0x9b 0x6c 0xe9 0x4a                                VLDA.FILL.512 [p1, lf1, r25]; VLDB.POP.576 ex0, [p0, lf0, r24];                                                                                                 VMAC.f dm3, dm3, ex6, ex7, r19
.aggressive_scheduled_block_id 1
.nohwbrkpt
.noswbrkpt
        7148    0xa0 0x09 0x72 0x00 0x94 0x1d 0x99 0x24 0x29 0x4a                                VLDA.POP.576 ex1, [p1, lf1, r25];VLDB.POP.576 ex2, [p0, lf0, r24];                                                                                              VMAC.f dm1, dm1, ex2, ex1, r19
.aggressive_scheduled_block_id 1
.nohwbrkpt
.noswbrkpt
        7158    0x98 0x00 0x29 0x48                                                                                                                                                                                                                              VMAC.f dm0, dm0, ex0, ex1, r19
.aggressive_scheduled_block_id 1
.nohwbrkpt
.noswbrkpt
        7162    0x03 0x00 0xd4 0x00 0x9a 0x40 0x69 0x62                                                                        VLDB.POP.576 ex3, [p1, lf1, r25];                                                                                                 VMAC.f dm2, dm2, ex0, ex3, r19
.aggressive_scheduled_block_id 1
.nohwbrkpt
.noswbrkpt
        7170    0x02 0x01 0x14 0x00 0x9b 0x64 0x69 0x62                                                                        VLDB.POP.576 ex4, [p0, lf0, r24];                                                                                                 VMAC.f dm3, dm3, ex2, ex3, r19
.aggressive_scheduled_block_id 1
.nohwbrkpt
.noswbrkpt
        7178    0xa0 0x29 0x72 0x01 0x94 0x1d 0x99 0x2c 0xa9 0x4a                                VLDA.POP.576 ex5, [p1, lf1, r25];VLDB.POP.576 ex6, [p0, lf0, r24];                                                                                              VMAC.f dm1, dm1, ex6, ex5, r19
.aggressive_scheduled_block_id 1
.nohwbrkpt
.noswbrkpt
        7188    0x98 0x08 0xa9 0x48                                                                                                                                                                                                                              VMAC.f dm0, dm0, ex4, ex5, r19
.aggressive_scheduled_block_id 1
.nohwbrkpt
.noswbrkpt
        7192    0x03 0x01 0xd4 0x00 0x9a 0x48 0xe9 0x62                                                                        VLDB.POP.576 ex7, [p1, lf1, r25];                                                                                                 VMAC.f dm2, dm2, ex4, ex7, r19
.aggressive_scheduled_block_id 1
.nohwbrkpt
.noswbrkpt
        7200    0x02 0x00 0x14 0x00 0x9b 0x6c 0xe9 0x62                                                                        VLDB.POP.576 ex0, [p0, lf0, r24];                                                                                                 VMAC.f dm3, dm3, ex6, ex7, r19
.aggressive_scheduled_block_id 1
.nohwbrkpt
.noswbrkpt
        7208    0xa0 0x09 0x72 0x00 0x94 0x1d 0x99 0x24 0x29 0x4a                                VLDA.POP.576 ex1, [p1, lf1, r25];VLDB.POP.576 ex2, [p0, lf0, r24];                                                                                              VMAC.f dm1, dm1, ex2, ex1, r19
.aggressive_scheduled_block_id 1
.nohwbrkpt
.noswbrkpt
        7218    0x98 0x00 0x29 0x48                                                                                                                                                                                                                              VMAC.f dm0, dm0, ex0, ex1, r19
.aggressive_scheduled_block_id 1
.nohwbrkpt
.noswbrkpt
        7222    0x03 0x00 0xd4 0x00 0x9a 0x40 0x69 0x62                                                                        VLDB.POP.576 ex3, [p1, lf1, r25];                                                                                                 VMAC.f dm2, dm2, ex0, ex3, r19
.aggressive_scheduled_block_id 1
.nohwbrkpt
.noswbrkpt
        7230    0x02 0x01 0x14 0x00 0x9b 0x64 0x69 0x62                                                                        VLDB.POP.576 ex4, [p0, lf0, r24];                                                                                                 VMAC.f dm3, dm3, ex2, ex3, r19
.aggressive_scheduled_block_id 1
.nohwbrkpt
.noswbrkpt
        7238    0xa0 0x29 0x72 0x01 0x94 0x1d 0x99 0x2c 0xa9 0x4a                                VLDA.POP.576 ex5, [p1, lf1, r25];VLDB.POP.576 ex6, [p0, lf0, r24];                                                                                              VMAC.f dm1, dm1, ex6, ex5, r19
.aggressive_scheduled_block_id 1
.nohwbrkpt
.noswbrkpt
        7248    0x98 0x08 0xa9 0x48                                                                                                                                                                                                                              VMAC.f dm0, dm0, ex4, ex5, r19
.aggressive_scheduled_block_id 1
.nohwbrkpt
.noswbrkpt
        7252    0xa0 0x39 0x74 0x14 0x14 0x1d 0x9a 0x48 0xe9 0x4a                                VLDA.POP.576 ex7, [p1, lf1, r25];VLDB.FILL.512 [p0, lf0, r24];                                                                                                  VMAC.f dm2, dm2, ex4, ex7, r19
.aggressive_scheduled_block_id 1
.nohwbrkpt
.noswbrkpt
        7262    0x22 0x81 0x72 0x00 0x14 0x1d 0x9b 0x6c 0xe9 0x4a                                VLDA.FILL.512 [p1, lf1, r25]; VLDB.POP.576 ex0, [p0, lf0, r24];                                                                                                 VMAC.f dm3, dm3, ex6, ex7, r19
.aggressive_scheduled_block_id 1
.nohwbrkpt
.noswbrkpt
        7272    0xa0 0x09 0x72 0x00 0x94 0x1d 0x99 0x24 0x29 0x4a                                VLDA.POP.576 ex1, [p1, lf1, r25];VLDB.POP.576 ex2, [p0, lf0, r24];                                                                                              VMAC.f dm1, dm1, ex2, ex1, r19
.aggressive_scheduled_block_id 1
.nohwbrkpt
.noswbrkpt
        7282    0x98 0x00 0x29 0x48                                                                                                                                                                                                                              VMAC.f dm0, dm0, ex0, ex1, r19
.aggressive_scheduled_block_id 1
.nohwbrkpt
.noswbrkpt
        7286    0x03 0x00 0xd4 0x00 0x9a 0x40 0x69 0x62                                                                        VLDB.POP.576 ex3, [p1, lf1, r25];                                                                                                 VMAC.f dm2, dm2, ex0, ex3, r19
.aggressive_scheduled_block_id 1
.nohwbrkpt
.noswbrkpt
        7294    0x9b 0x64 0x69 0x48                                                                                                                                                                                                                              VMAC.f dm3, dm3, ex2, ex3, r19
.aggressive_scheduled_block_id 1
.noswbrkpt
        7298    0xa0 0x29 0x72 0x01 0x14 0x1d 0x99 0x2c 0xa9 0x4a                                VLDA.POP.576 ex5, [p1, lf1, r25];VLDB.POP.576 ex4, [p0, lf0, r24];                                                                                              VMAC.f dm1, dm1, ex6, ex5, r19
.aggressive_scheduled_block_id 1
.nohwbrkpt
.noswbrkpt
        7308    0x02 0x01 0x94 0x00 0x98 0x08 0xa9 0x62                                                                        VLDB.POP.576 ex6, [p0, lf0, r24];                                                                                                 VMAC.f dm0, dm0, ex4, ex5, r19
.aggressive_scheduled_block_id 1
.nohwbrkpt
.noswbrkpt
        7316    0x03 0x01 0xd4 0x00 0x9a 0x48 0xe9 0x62                                                                        VLDB.POP.576 ex7, [p1, lf1, r25];                                                                                                 VMAC.f dm2, dm2, ex4, ex7, r19
.aggressive_scheduled_block_id 1
.nohwbrkpt
.noswbrkpt
        7324    0xa0 0x09 0x72 0x00 0x14 0x1d 0x9b 0x6c 0xe9 0x4a                                VLDA.POP.576 ex1, [p1, lf1, r25];VLDB.POP.576 ex0, [p0, lf0, r24];                                                                                              VMAC.f dm3, dm3, ex6, ex7, r19
.aggressive_scheduled_block_id 1
.nohwbrkpt
.noswbrkpt
        7334    0x99 0x24 0x29 0x48                                                                                                                                                                                                                              VMAC.f dm1, dm1, ex2, ex1, r19
.aggressive_scheduled_block_id 1
.nohwbrkpt
.noswbrkpt
        7338    0x80 0x11 0x73 0x00 0xd4 0x1d 0x98 0x00 0x29 0x4a                                VLDA.POP.576 ex2, [p0, lf0, r24];VLDB.POP.576 ex3, [p1, lf1, r25];                                                                                              VMAC.f dm0, dm0, ex0, ex1, r19
.aggressive_scheduled_block_id 1
.nohwbrkpt
.noswbrkpt
        7348    0xa0 0x29 0x72 0x01 0x14 0x1d 0x9a 0x40 0x69 0x4a                                VLDA.POP.576 ex5, [p1, lf1, r25];VLDB.POP.576 ex4, [p0, lf0, r24];                                                                                              VMAC.f dm2, dm2, ex0, ex3, r19
.aggressive_scheduled_block_id 1
.nohwbrkpt
.noswbrkpt
        7358    0x9b 0x64 0x69 0x48                                                                                                                                                                                                                              VMAC.f dm3, dm3, ex2, ex3, r19
.aggressive_scheduled_block_id 1
.nohwbrkpt
.noswbrkpt
        7362    0x03 0x01 0xd4 0x00 0x98 0x08 0xa9 0x62                                                                        VLDB.POP.576 ex7, [p1, lf1, r25];                                                                                                 VMAC.f dm0, dm0, ex4, ex5, r19
.aggressive_scheduled_block_id 1
.nohwbrkpt
.noswbrkpt
        7370    0x99 0x2c 0xa9 0x48                                                                                                                                                                                                                              VMAC.f dm1, dm1, ex6, ex5, r19
.aggressive_scheduled_block_id 1
.nohwbrkpt
.noswbrkpt
        7374    0x02 0x01 0x94 0x00 0x9a 0x48 0xe9 0x62                                                                        VLDB.POP.576 ex6, [p0, lf0, r24];                                                                                                 VMAC.f dm2, dm2, ex4, ex7, r19
.aggressive_scheduled_block_id 1
.nohwbrkpt
.noswbrkpt
        7382    0x98 0x00 0x29 0x48                                                                                                                                                                                                                              VMAC.f dm0, dm0, ex0, ex1, r19
.aggressive_scheduled_block_id 1
.aggressive_scheduled_block_id last
.nohwbrkpt
.noswbrkpt
        7386    0x9b 0x6c 0xe9 0x48                                                                                                                                                                                                                              VMAC.f dm3, dm3, ex6, ex7, r19
        7390    0x9a 0x40 0x69 0x48                                                                                                                                                                                                                              VMAC.f dm2, dm2, ex0, ex3, r19
        7394    0x98 0x08 0xa9 0x48                                                                                                                                                                                                                              VMAC.f dm0, dm0, ex4, ex5, r19
        7398    0x99 0x24 0x29 0x48                                                                                                                                                                                                                              VMAC.f dm1, dm1, ex2, ex1, r19
        7402    0x9a 0x48 0xe9 0x48                                                                                                                                                                                                                              VMAC.f dm2, dm2, ex4, ex7, r19
        7406    0x9b 0x64 0x69 0x48                                                                                                                                                                                                                              VMAC.f dm3, dm3, ex2, ex3, r19
        7410    0x99 0x2c 0xa9 0x48                                                                                                                                                                                                                              VMAC.f dm1, dm1, ex6, ex5, r19
        7414    0x10 0x34 0x01 0x18                                                                                                                                                        MOVX r26, #0
        7418    0xb0 0x00 0x60 0x02 0x9b 0x6c 0xe9 0x62                                                                                                      VST.PUSH.576.CONV.bfp16ebs8.fp32 dm0, [p2, sf, r26];                                                VMAC.f dm3, dm3, ex6, ex7, r19
        7426    0x09 0x00 0x03 0x18                                                                                                                          VST.FLUSH.512.CONV [p2, sf, r26]
        7430    0x0d 0x81 0x03 0x18                                                                                                                          VST.PUSH.576.CONV.bfp16ebs8.fp32 dm2, [p2, sf, r26]
        7434    0x09 0x00 0x03 0x18                                                                                                                          VST.FLUSH.512.CONV [p2, sf, r26]
        7438    0x0d 0x80 0x83 0x18                                                                                                                          VST.PUSH.576.CONV.bfp16ebs8.fp32 dm1, [p2, sf, r26]
        7442    0x09 0x00 0x03 0x18                                                                                                                          VST.FLUSH.512.CONV [p2, sf, r26]
        7446    0x00 0x2c 0xf5 0x81 0x83 0x00 0x00 0x00 0x00 0x7a                                NOPA;                                                       VST.PUSH.576.CONV.bfp16ebs8.fp32 dm3, [p2, sf, r26];NOPX
.label ZLE_Fmatmul_vectorized_bfp16_832
.end_of_loop
        7456    0x00 0x2c 0xf0 0x00 0x21 0x00 0x03 0x2d 0x41 0x06 0xa9 0xea 0xa8 0x00 0x00 0xe1  NOPA;                         NOPB;                         VST.FLUSH.512.CONV [p2, sf, r26];ADD r20, r22, r2;          ADD.NC r21, r7, r21;                    NOPV
.loop_nesting 1
        7472    0x14 0xa4 0xe0 0x18                                                                                                                                                        JNZD r18, r18, p3
.delay_slot
        7476    0x10 0x2a 0x05 0x18                                                                                                                                                        MOVX r21, #1
.delay_slot
.swstall delay_slot
        7480    0x00 0x00                                                                        NOPX
.delay_slot
.swstall delay_slot
        7482    0x00 0x00                                                                        NOPX
.delay_slot
.swstall delay_slot
        7484    0x00 0x00                                                                        NOPX
.delay_slot
.swstall delay_slot
        7486    0x00 0x00                                                                        NOPX
.loop_nesting 0
        7488    0x10 0x28 0x00 0x18                                                                                                                                                        RET lr
.delay_slot
        7492    0xff 0xf0 0x00 0x00 0x01 0xc4                                                                                                                                              PADDXM [sp], #-128
.delay_slot
.swstall delay_slot
        7498    0x00 0x00                                                                        NOPX
.delay_slot
.swstall delay_slot
        7500    0x00 0x00                                                                        NOPX
.delay_slot
.swstall delay_slot
        7502    0x00 0x00                                                                        NOPX
.delay_slot
.swstall delay_slot
        7504    0x00 0x00                                                                        NOPX
.label matmul_vectorized_bfp16__end

.text_segment PM   7520
.label zero_kernel
.function_start
        7520    0x20 0x05 0x40 0x00 0x22 0x80 0x8b 0x00 0x01 0xe8 0x34 0x70 0x10 0x07 0x00 0xe9  MOVA lc, #256;                NOPB;                         MOVS p2, p0;                  MOVXM p0, #501984;                                                    VCLR dm0
        7536    0x00 0x80 0x50 0x00 0x00 0x04 0x7e 0xf0 0x10 0xba                                LDA.s8 r0, [p0];                                                                          MOVXM ls, #7648
        7546    0x00 0x1a 0x00 0x00 0x00 0x05 0xbe 0xf8 0x10 0xba                                MOVA r26, #0;                                                                             MOVXM le, #7664
        7556    0x00 0x2c 0xf0 0x00 0x20 0x00 0x00 0x00 0x00 0xad 0x81 0x36                      NOPA;                         NOPB;                         NOPS;                         NOPX
        7568    0x00 0x2c 0xf0 0x00 0x20 0x01 0x5b 0x00 0x00 0x00 0x01 0xa5 0x78 0x00 0x00 0xe1  NOPA;                         NOPB;                         NOPS;                         NOPX;                         NOPM;                                   NOPV
        7584    0x00 0x2c 0xf0 0x00 0x20 0x01 0x5b 0x00 0x00 0x00 0x01 0xa5 0x78 0x00 0x00 0xe1  NOPA;                         NOPB;                         NOPS;                         NOPX;                         NOPM;                                   NOPV
        7600    0x00 0x2c 0xf0 0x00 0x20 0x01 0x5b 0x00 0x00 0x00 0x01 0xa5 0x78 0x00 0x00 0xe1  NOPA;                         NOPB;                         NOPS;                         NOPX;                         NOPM;                                   NOPV
        7616    0x00 0x2c 0xf0 0x00 0x20 0x01 0x5b 0x00 0x00 0x00 0x01 0xa5 0x78 0x00 0x00 0xe1  NOPA;                         NOPB;                         NOPS;                         NOPX;                         NOPM;                                   NOPV
        7632    0x00 0x2c 0xf0 0x00 0x20 0x01 0x5b 0x01 0xd4 0x00 0x01 0xa5 0x78 0x00 0x00 0xe1  NOPA;                         NOPB;                         NOPS;                         MOVX crRnd, r0;               NOPM;                                   NOPV
.label ZLS_Fzero_kernel_128
.loop_nesting 1
.begin_of_loop
        7648    0x00 0x2c 0xf0 0x00 0x25 0x80 0x03 0x00 0x00 0x00 0x01 0xa5 0x78 0x00 0x00 0xe1  NOPA;                         NOPB;                         VST.PUSH.576.CONV.bfp16ebs8.fp32 dm0, [p2, sf, r26];NOPX;   NOPM;                                   NOPV
.label ZLE_Fzero_kernel_144
.end_of_loop
        7664    0x00 0x2c 0xf0 0x00 0x21 0x00 0x03 0x00 0x00 0x00 0x01 0xa5 0x78 0x00 0x00 0xe1  NOPA;                         NOPB;                         VST.FLUSH.512.CONV [p2, sf, r26];NOPX;                      NOPM;                                   NOPV
.loop_nesting 0
        7680    0x10 0x28 0x00 0x18                                                                                                                                                        RET lr
.delay_slot
.swstall delay_slot
        7684    0x00 0x00                                                                        NOPX
.delay_slot
.swstall delay_slot
        7686    0x00 0x00                                                                        NOPX
.delay_slot
.swstall delay_slot
        7688    0x00 0x00                                                                        NOPX
.delay_slot
.swstall delay_slot
        7690    0x00 0x00                                                                        NOPX
.delay_slot
.swstall delay_slot
        7692    0x00 0x00                                                                        NOPX
.label zero_kernel__end

.text_segment PM   7696
.label _fini
.function_start
        7696    0x00 0x08 0x00 0x00 0x01 0xc4                                                                                                                                              PADDXM [sp], #64
        7702    0xff 0x3a 0xb0 0x00 0x00 0x02 0x08 0x00 0x11 0x3a                                                                                            ST r14, [sp, #-8];            MOVXM r16, #0
        7712    0xfe 0xf3 0xb0 0x00 0x00 0x01 0xc8 0x00 0x11 0x3a                                                                                            ST p7, [sp, #-12];            MOVXM r14, #0
        7722    0x74 0x20 0xfe 0xd0 0x41 0xe4                                                                                                                                              EQ r16, r14, r16;             MOV p7, r16
        7728    0x80 0x0f 0x48 0x40 0x01 0x84                                                                                                                                              JNZ r16, #7824
.delay_slot
        7734    0x0f 0xfd 0xf5 0x98                                                                                                                          ST r15, [sp, #-4]
.delay_slot
        7738    0x0f 0xf0 0x3d 0x98                                                                                                                          ST lr, [sp, #-16]
.delay_slot
.swstall delay_slot
        7742    0x00 0x00                                                                        NOPX
.delay_slot
.swstall delay_slot
        7744    0x00 0x00                                                                        NOPX
.delay_slot
.swstall delay_slot
        7746    0x00 0x2c 0xf0 0x02 0xb6 0x00 0x00 0x40 0x1a 0x57 0x00 0x00 0x1c 0x2e            NOPA;                                                       NOPS;                                                       NOPM;                                   NOPV
.label TGT_F_fini_64
.loop_nesting 1
        7760    0x07 0x1c 0x1e 0x98                                                              LDA p0, [p7], #4
        7764    0x00 0x00                                                                        NOPX
        7766    0x00 0x00                                                                        NOPX
        7768    0x00 0x00                                                                        NOPX
        7770    0x00 0x00                                                                        NOPX
        7772    0x00 0x00                                                                        NOPX
        7774    0x00 0x00                                                                        NOPX
.no_stack_arguments
        7776    0x10 0x30 0x00 0x18                                                                                                                                                        JL p0
.delay_slot
        7780    0x1b 0xde 0xc0 0xf8                                                                                                                                                                                      MOV r15, p7
.delay_slot
.swstall delay_slot
        7784    0x00 0x00                                                                        NOPX
.delay_slot
.swstall delay_slot
        7786    0x00 0x00                                                                        NOPX
.delay_slot
.swstall delay_slot
        7788    0x00 0x00                                                                        NOPX
.delay_slot
.swstall delay_slot
        7790    0x00 0x00                                                                        NOPX
.return_address
        7792    0x13 0xe0 0xe8 0x98                                                                                                                                                        NE r16, r15, r14
        7796    0x80 0x0f 0x28 0x40 0x01 0x84                                                                                                                                              JNZ r16, #7760
.delay_slot
.swstall delay_slot
        7802    0x00 0x00                                                                        NOPX
.delay_slot
.swstall delay_slot
        7804    0x00 0x00                                                                        NOPX
.delay_slot
.swstall delay_slot
        7806    0x00 0x00                                                                        NOPX
.delay_slot
.swstall delay_slot
        7808    0x00 0x00                                                                        NOPX
.delay_slot
.swstall delay_slot
        7810    0x00 0x2c 0xf0 0x02 0xb6 0x00 0x00 0x40 0x1a 0x57 0x00 0x00 0x1c 0x2e            NOPA;                                                       NOPS;                                                       NOPM;                                   NOPV
.label TGT_F_fini_128
.loop_nesting 0
        7824    0x07 0xf0 0x39 0x18                                                              LDA lr, [sp, #-16]
        7828    0x07 0xf9 0xd1 0x18                                                              LDA r14, [sp, #-8]
        7832    0x07 0xfd 0xf1 0x18                                                              LDA r15, [sp, #-4]
        7836    0x07 0xf7 0x99 0x18                                                              LDA p7, [sp, #-12]
        7840    0x00 0x00                                                                        NOPX
        7842    0x00 0x00                                                                        NOPX
        7844    0x00 0x00                                                                        NOPX
        7846    0x10 0x28 0x00 0x18                                                                                                                                                        RET lr
.delay_slot
        7850    0xff 0xf8 0x00 0x00 0x01 0xc4                                                                                                                                              PADDXM [sp], #-64
.delay_slot
.swstall delay_slot
        7856    0x00 0x00                                                                        NOPX
.delay_slot
.swstall delay_slot
        7858    0x00 0x00                                                                        NOPX
.delay_slot
.swstall delay_slot
        7860    0x00 0x00                                                                        NOPX
.delay_slot
.swstall delay_slot
        7862    0x00 0x00                                                                        NOPX
.label _fini__end

.text_segment PM   7872
.label __cxa_finalize
.function_start
        7872    0xff 0xa1 0x00 0x00 0x02 0x00 0x00 0x00 0x70 0xba                                MOVA r1, #-3;                                                                             PADDXM [sp], #64
        7882    0xfa 0x82 0xb0 0x00 0x41 0x08 0x6d 0xe0 0x79 0x3a                                                                                            ST r0, [sp, #-44];            MOVX r4, #8;                  MOV r3, packSign1
        7892    0xfb 0x0e 0xb0 0x00 0x6e 0x30 0x70 0x02                                                                                                      ST r3, [sp, #-40];                                          MOV r3, unpackSign1
        7900    0xfc 0x0e 0xb0 0x00 0x6a 0x30 0x70 0x02                                                                                                      ST r3, [sp, #-32];                                          MOV r3, unpackSign0
        7908    0xfc 0x8e 0xb0 0x00 0x6c 0x70 0x70 0x02                                                                                                      ST r3, [sp, #-28];                                          MOV r3, crSRSMode
        7916    0xfd 0x8e 0xb0 0x00 0x6b 0xb0 0x70 0x02                                                                                                      ST r3, [sp, #-20];                                          MOV r3, crPackSize
        7924    0xfe 0x8e 0xb0 0x00 0x01 0xe8 0x34 0x82 0x11 0x3a                                                                                            ST r3, [sp, #-12];            MOVXM p0, #502020
        7934    0x00 0x8a 0xd7 0xdc 0x3d 0x80 0x6a 0x70 0x72 0xba                                LDA r2, [p0];                                               ST lr, [sp, #-36];                                          MOV r3, crSat
        7944    0xff 0x8e 0xb0 0x00 0x69 0x70 0x70 0x02                                                                                                      ST r3, [sp, #-4];                                           MOV r3, crUnpackSize
        7952    0x00 0x92 0x30 0x01 0x4c 0x30 0x70 0x02                                                                                                      ST r4, [p0];                                                MOV r10, upsSign1
        7960    0xff 0x0e 0xb0 0x01 0x08 0x30 0x70 0x02                                                                                                      ST r3, [sp, #-8];                                           MOV r8, upsSign0
        7968    0x1b 0x1a 0x60 0xf8                                                                                                                                                                                      MOV r12, vaddSign1
        7972    0x1a 0x52 0x60 0xf8                                                                                                                                                                                      MOV r9, vaddSign0
        7976    0x1a 0xdf 0xc0 0xf8                                                                                                                                                                                      MOV r11, srsSign1
        7980    0x10 0xbc 0x66 0xaf 0x81 0xe4                                                                                                                                              ADD r2, r2, #-8;              MOV r13, srsSign0
        7986    0x13 0x83 0xd0 0xbe 0xc1 0xe4                                                                                                                                              ASHL r14, r2, r1;             MOV r1, crRnd
        7992    0xfe 0x06 0xb0 0x00 0x2e 0x70 0x70 0x02                                                                                                      ST r1, [sp, #-16];                                          MOV r1, crUPSMode
        8000    0xfd 0x06 0xb0 0x01 0xe9 0xe0 0x70 0x02                                                                                                      ST r1, [sp, #-24];                                          MOV r15, packSign0
        8008    0x00 0x07 0xa0 0xb1 0xc8 0x44                                                                                                                                              MOVXM r1, #501988
        8014    0x1e 0x60 0x89 0x58                                                                                                                                                                                      ADD.NC p6, r1, r2
        8018    0x00 0x2c 0xf0 0x00 0x20 0x00 0x00 0xf6 0xf6 0x02 0x00 0x2b 0x60 0x7e            NOPA;                         NOPB;                         NOPS;                         MOVXM p7, #8032
.label TGT_F__cxa_finalize_160
.loop_nesting 1
        8032    0x06 0x1c 0x9e 0x98                                                              LDA p1, [p6], #4
        8036    0x06 0xdc 0x1e 0x98                                                              LDA p0, [p6], #-12
        8040    0x00 0x00                                                                        NOPX
        8042    0x00 0x00                                                                        NOPX
        8044    0x00 0x00                                                                        NOPX
        8046    0x00 0x00                                                                        NOPX
        8048    0x00 0x00                                                                        NOPX
.no_stack_arguments
        8050    0x10 0x30 0x40 0x18                                                                                                                                                        JL p1
.delay_slot
.swstall delay_slot
        8054    0x00 0x00                                                                        NOPX
.delay_slot
.swstall delay_slot
        8056    0x00 0x00                                                                        NOPX
.delay_slot
.swstall delay_slot
        8058    0x00 0x00                                                                        NOPX
.delay_slot
.swstall delay_slot
        8060    0x00 0x00                                                                        NOPX
.delay_slot
.swstall delay_slot
        8062    0x00 0x00                                                                        NOPX
.return_address
        8064    0x13 0x9d 0xe0 0x18                                                                                                                                                        JNZD r14, r14, p7
.delay_slot
.swstall delay_slot
        8068    0x00 0x00                                                                        NOPX
.delay_slot
.swstall delay_slot
        8070    0x00 0x00                                                                        NOPX
.delay_slot
.swstall delay_slot
        8072    0x00 0x00                                                                        NOPX
.delay_slot
.swstall delay_slot
        8074    0x00 0x00                                                                        NOPX
.delay_slot
.swstall delay_slot
        8076    0x00 0x00                                                                        NOPX
.loop_nesting 0
        8078    0xfb 0x87 0x20 0x15 0xea 0x02 0x9b 0x10 0x78 0xba                                LDA lr, [sp, #-36];                                                                       MOVX upsSign1, r10;           MOV vaddSign1, r12
        8088    0xfb 0x06 0x20 0x11 0xca 0x00 0x9a 0x50 0x78 0xba                                LDA r1, [sp, #-40];                                                                       MOVX upsSign0, r8;            MOV vaddSign0, r9
        8098    0xfc 0x0a 0x20 0x17 0xe6 0x00 0xf3 0xd0 0x78 0xba                                LDA r2, [sp, #-32];                                                                       MOVX srsSign1, r11;           MOV packSign0, r15
        8108    0xfd 0x82 0x26 0xf1 0x80 0x2c                                                    LDA r0, [sp, #-20];                                                                       MOVX srsSign0, r13
        8114    0x07 0xe4 0xb1 0x18                                                              LDA r5, [sp, #-28]
        8118    0x07 0xf4 0x71 0x18                                                              LDA r3, [sp, #-12]
        8122    0x07 0xfc 0x91 0x18                                                              LDA r4, [sp, #-4]
        8126    0x07 0xf8 0xd1 0x18                                                              LDA r6, [sp, #-8]
        8130    0xfe 0x06 0x20 0xf8 0x80 0x2c                                                    LDA r1, [sp, #-16];                                                                       MOVX packSign1, r1
        8136    0xfd 0x0a 0x21 0x7b 0x80 0x2c                                                    LDA r2, [sp, #-24];                                                                       MOVX unpackSign1, r2
        8142    0xfa 0x82 0x20 0x76 0x00 0x2c                                                    LDA r0, [sp, #-44];                                                                       MOVX crSRSMode, r0
        8148    0x05 0x00 0x04 0x65 0x41 0xe4                                                                                                                                              RET lr;                       MOV unpackSign0, r5
.delay_slot
        8154    0xff 0xf8 0x00 0x00 0x01 0xc4                                                                                                                                              PADDXM [sp], #-64
.delay_slot
        8160    0x1f 0x40 0x04 0xe4 0x41 0xe4                                                                                                                                              MOVX crPackSize, r3;          MOV crSat, r4
.delay_slot
        8166    0x11 0xbc 0x80 0x18                                                                                                                                                        MOVX crUnpackSize, r6
.delay_slot
        8170    0x10 0x7a 0x80 0x18                                                                                                                                                        MOVX crRnd, r1
.delay_slot
        8174    0x10 0xbc 0x00 0x18                                                                                                                                                        MOVX crUPSMode, r2
.label __cxa_finalize__end

.bss_segment DMb 501980	    4

.bss_segment DMb 501984	    1

.data_segment DMb 501988
.label _ZL7atexits
	0x10
	0x1e
	0x0
	0x0
	0x0
	0x0
	0x0
	0x0
	0x0
	0x0
	0x0
	0x0
	0x0
	0x0
	0x0
	0x0
	0x0
	0x0
	0x0
	0x0
	0x0
	0x0
	0x0
	0x0
	0x0
	0x0
	0x0
	0x0
	0x0
	0x0
	0x0
	0x0
.label _ZL10atexit_cnt
	0x8
	0x0
	0x0
	0x0

.stack DM_stack 458752 462080
