
// File generated by darts version V-2024.06#8be6237c82#250729, Sun Jun 28 17:10:38 2026
// Copyright 2014-2024 Synopsys, Inc. All rights reserved.
// darts -I/home/bcloud/torch2aie/toolchain/aietools/data/aie2p/lib -d -h -I/home/bcloud/torch2aie/toolchain/aietools/include -I/home/bcloud/torch2aie/toolchain/aietools/data/aie2p/lib/runtime_cxx/libcxx-lite/include -I/home/bcloud/torch2aie/toolchain/aietools/data/aie2p/lib/runtime_cxx/libs/libcxx-16/include -I/home/bcloud/torch2aie/toolchain/aietools/data/aie2p/lib/runtime_cxx/libs/libcxxabi-16/include -I/home/bcloud/torch2aie/toolchain/aietools/data/aie2p/lib/runtime/include -D__AIENGINE__ -D__AIE_ARCH__=21 -D__AIEARCH__=21 -D__tct_tgt__=250729 -L +Ihex +nanno design_2048.mlir.prj/main_core_1_3.o me

// Release: ipp V-2024.06-TGT-250729
.undef global data _ZN12me_primitive11control_satE

.undef global data _ZN12me_primitive11control_rndE

.undef global data A_L2L1_1_1_cons_buff_1

.undef global data A_L2L1_1_1_cons_buff_0

.undef global data B_L2L1_1_1_cons_buff_1

.undef global data B_L2L1_1_1_cons_buff_0

.undef global data C_L1L2_1_1_buff_0

.text_segment_name
.text global 16 core_1_3
.function_start
	     0    0x00 0x10 0x00 0x9c 0x8b 0x00 0x02 0x00 0x00 0x00 0x70 0x76                      MOVA r16, #0;                                               MOVS p0, p7;                  PADDXM [sp], #64
	    12    0xfb 0x22 0xb0 0x00 0x80 0x08 0x2b 0xd0 0x79 0x3a                                                                                            ST r8, [sp, #-40];            MOVX r8, #0;                  MOV r1, r15
	    22    0xff 0xae 0xb0 0x00 0x0b 0x90 0x70 0x02                                                                                                      ST r11, [sp, #-4];                                          MOV r0, r14
	    30    0xff 0x2a 0xb0 0x00 0x4b 0x50 0x70 0x02                                                                                                      ST r10, [sp, #-8];                                          MOV r2, r13
	    38    0xfe 0xa6 0xb0 0x00 0x00 0x03 0xb0 0x00 0x11 0x3a                                                                                            ST r9, [sp, #-12];            MOVXM p7, #C_L1L2_1_1_buff_0
	    48    0x0f 0xf0 0x35 0x98                                                                                                                          ST r1, [sp, #-16]
	    52    0x0f 0xe8 0x15 0x98                                                                                                                          ST r0, [sp, #-24]
	    56    0x0f 0xe0 0x55 0x98                                                                                                                          ST r2, [sp, #-32]
	    60    0x0f 0xdd 0x95 0x98                                                                                                                          ST r12, [sp, #-36]
	    64    0x0f 0xec 0x1d 0x98                                                                                                                          ST p0, [sp, #-20]
	    68    0x0f 0xe7 0x1d 0x98                                                                                                                          ST p6, [sp, #-28]
	    72    0xfa 0x87 0xb0 0x00 0x01 0xa5 0x70 0x02                                                                                                      ST lr, [sp, #-44];                                          NOPM
.label TGT_Fcore_1_3_80
.loop_nesting 1
.no_stack_arguments
	    80    0xff 0xe1 0x00 0x00 0x00 0x00 0x00 0x00 0x40 0xba                                MOVA r1, #-1;                                                                             JL #llvm___aie2p___acquire
.delay_slot
	    90    0x10 0x00 0xd1 0x18                                                                                                                                                        MOVX r0, #52
.delay_slot
	    94    0x0f 0xd2 0x15 0x98                                                                                                                          ST r16, [sp, #-48]
.delay_slot
.swstall delay_slot
	    98    0x00 0x00                                                                        NOPX
.delay_slot
.swstall delay_slot
	   100    0x00 0x00                                                                        NOPX
.delay_slot
.swstall delay_slot
	   102    0x00 0x2c 0xf0 0x00 0x10 0x00 0x01 0xa5 0x7e 0xba                                NOPA;                         NOPB;                                                                                     NOPM
.return_address
.no_stack_arguments
	   112    0x00 0x00 0x00 0x00 0x01 0x04                                                                                                                                              JL #zero_kernel_bf16
.delay_slot
	   118    0x18 0x6e 0xc0 0xf8                                                                                                                                                                                      MOV p0, p7
.delay_slot
.swstall delay_slot
	   122    0x00 0x00                                                                        NOPX
.delay_slot
.swstall delay_slot
	   124    0x00 0x00                                                                        NOPX
.delay_slot
.swstall delay_slot
	   126    0x00 0x00                                                                        NOPX
.delay_slot
.swstall delay_slot
	   128    0x00 0x2c 0xf0 0x00 0x20 0x01 0x5b 0x00 0x00 0x00 0x01 0xa5 0x78 0x00 0x00 0xe1  NOPA;                         NOPB;                         NOPS;                         NOPX;                         NOPM;                                   NOPV
.return_address
	   144    0x00 0x2c 0xf0 0x00 0x20 0x01 0x5b 0x00 0xc1 0xe8 0x01 0xa5 0x78 0x00 0x00 0xe1  NOPA;                         NOPB;                         NOPS;                         MOVX r12, #15;                NOPM;                                   NOPV
.label TGT_Fcore_1_3_160
.loop_nesting 2
.no_stack_arguments
	   160    0xff 0xe1 0x00 0x00 0x00 0x00 0x00 0x00 0x40 0xba                                MOVA r1, #-1;                                                                             JL #llvm___aie2p___acquire
.delay_slot
	   170    0x10 0x00 0xcd 0x18                                                                                                                                                        MOVX r0, #51
.delay_slot
.swstall delay_slot
	   174    0x00 0x00                                                                        NOPX
.delay_slot
.swstall delay_slot
	   176    0x00 0x00                                                                        NOPX
.delay_slot
.swstall delay_slot
	   178    0x00 0x00                                                                        NOPX
.delay_slot
.swstall delay_slot
	   180    0x00 0x2c 0xf0 0x00 0x20 0x00 0x00 0x00 0x00 0xad 0x81 0x36                      NOPA;                         NOPB;                         NOPS;                         NOPX
.return_address
.no_stack_arguments
	   192    0xff 0xe1 0x00 0x00 0x00 0x00 0x00 0x00 0x40 0xba                                MOVA r1, #-1;                                                                             JL #llvm___aie2p___acquire
.delay_slot
	   202    0x10 0x00 0xc5 0x18                                                                                                                                                        MOVX r0, #49
.delay_slot
.swstall delay_slot
	   206    0x00 0x00                                                                        NOPX
.delay_slot
.swstall delay_slot
	   208    0x00 0x00                                                                        NOPX
.delay_slot
.swstall delay_slot
	   210    0x00 0x00                                                                        NOPX
.delay_slot
.swstall delay_slot
	   212    0x00 0x2c 0xf0 0x00 0x20 0x00 0x00 0x00 0x00 0xad 0x81 0x36                      NOPA;                         NOPB;                         NOPS;                         NOPX
.return_address
.no_stack_arguments
	   224    0x00 0x00 0x00 0x00 0x01 0x04                                                                                                                                              JL #matmul_vectorized_different_datatypes
.delay_slot
	   230    0x00 0x00 0x02 0xc0 0x00 0x44                                                                                                                                              MOVXM p1, #B_L2L1_1_1_cons_buff_0
.delay_slot
	   236    0x00 0x00 0x00 0xc0 0x00 0x44                                                                                                                                              MOVXM p0, #A_L2L1_1_1_cons_buff_0
.delay_slot
	   242    0x1a 0x6e 0xc0 0xf8                                                                                                                                                                                      MOV p2, p7
.delay_slot
.swstall delay_slot
	   246    0x00 0x00                                                                        NOPX
.delay_slot
.swstall delay_slot
	   248    0x00 0x2c 0xf0 0x04 0x00 0x00 0x1c 0x22                                          NOPA;                                                                                                                                                           NOPV
.return_address
.no_stack_arguments
	   256    0x06 0x00 0x00 0x00 0x00 0x00 0x00 0x00 0x40 0xba                                MOVA r0, #48;                                                                             JL #llvm___aie2p___release
.delay_slot
	   266    0x10 0x02 0x05 0x18                                                                                                                                                        MOVX r1, #1
.delay_slot
.swstall delay_slot
	   270    0x00 0x00                                                                        NOPX
.delay_slot
.swstall delay_slot
	   272    0x00 0x00                                                                        NOPX
.delay_slot
.swstall delay_slot
	   274    0x00 0x00                                                                        NOPX
.delay_slot
.swstall delay_slot
	   276    0x00 0x2c 0xf0 0x00 0x20 0x00 0x00 0x00 0x00 0xad 0x81 0x36                      NOPA;                         NOPB;                         NOPS;                         NOPX
.return_address
.no_stack_arguments
	   288    0xff 0xe1 0x00 0x00 0x00 0x00 0x00 0x00 0x40 0xba                                MOVA r1, #-1;                                                                             JL #llvm___aie2p___acquire
.delay_slot
	   298    0x10 0x00 0xc5 0x18                                                                                                                                                        MOVX r0, #49
.delay_slot
.swstall delay_slot
	   302    0x00 0x00                                                                        NOPX
.delay_slot
.swstall delay_slot
	   304    0x00 0x00                                                                        NOPX
.delay_slot
.swstall delay_slot
	   306    0x00 0x00                                                                        NOPX
.delay_slot
.swstall delay_slot
	   308    0x00 0x2c 0xf0 0x00 0x20 0x00 0x00 0x00 0x00 0xad 0x81 0x36                      NOPA;                         NOPB;                         NOPS;                         NOPX
.return_address
.no_stack_arguments
	   320    0x53 0x91 0x60 0x00 0x00 0x00 0x00 0x00 0x41 0x3a                                                                                            MOVS p2, p7;                  JL #matmul_vectorized_different_datatypes
.delay_slot
	   330    0x00 0x00 0x00 0xc0 0x00 0x44                                                                                                                                              MOVXM p0, #A_L2L1_1_1_cons_buff_1
.delay_slot
	   336    0x00 0x00 0x02 0xc0 0x00 0x44                                                                                                                                              MOVXM p1, #B_L2L1_1_1_cons_buff_0
.delay_slot
	   342    0x1e 0x64 0xc0 0xf8                                                                                                                                                                                      MOV p6, p2
.delay_slot
.swstall delay_slot
	   346    0x00 0x00                                                                        NOPX
.delay_slot
.swstall delay_slot
	   348    0x00 0x01 0x67 0x98                                                              NOPA
.return_address
.no_stack_arguments
	   352    0x06 0x00 0x00 0x00 0x00 0x00 0x00 0x00 0x40 0xba                                MOVA r0, #48;                                                                             JL #llvm___aie2p___release
.delay_slot
	   362    0x10 0x02 0x05 0x18                                                                                                                                                        MOVX r1, #1
.delay_slot
.swstall delay_slot
	   366    0x00 0x00                                                                        NOPX
.delay_slot
.swstall delay_slot
	   368    0x00 0x00                                                                        NOPX
.delay_slot
.swstall delay_slot
	   370    0x00 0x00                                                                        NOPX
.delay_slot
.swstall delay_slot
	   372    0x00 0x2c 0xf0 0x00 0x20 0x00 0x00 0x00 0x00 0xad 0x81 0x36                      NOPA;                         NOPB;                         NOPS;                         NOPX
.return_address
.no_stack_arguments
	   384    0xff 0xe1 0x00 0x00 0x00 0x00 0x00 0x00 0x40 0xba                                MOVA r1, #-1;                                                                             JL #llvm___aie2p___acquire
.delay_slot
	   394    0x10 0x00 0xc5 0x18                                                                                                                                                        MOVX r0, #49
.delay_slot
.swstall delay_slot
	   398    0x00 0x00                                                                        NOPX
.delay_slot
.swstall delay_slot
	   400    0x00 0x00                                                                        NOPX
.delay_slot
.swstall delay_slot
	   402    0x00 0x00                                                                        NOPX
.delay_slot
.swstall delay_slot
	   404    0x00 0x2c 0xf0 0x00 0x20 0x00 0x00 0x00 0x00 0xad 0x81 0x36                      NOPA;                         NOPB;                         NOPS;                         NOPX
.return_address
.no_stack_arguments
	   416    0x00 0x00 0x00 0x00 0x01 0x04                                                                                                                                              JL #matmul_vectorized_different_datatypes
.delay_slot
	   422    0x00 0x00 0x00 0xc0 0x00 0x44                                                                                                                                              MOVXM p0, #A_L2L1_1_1_cons_buff_0
.delay_slot
	   428    0x00 0x00 0x02 0xc0 0x00 0x44                                                                                                                                              MOVXM p1, #B_L2L1_1_1_cons_buff_0
.delay_slot
	   434    0x1a 0x6c 0xc0 0xf8                                                                                                                                                                                      MOV p2, p6
.delay_slot
.swstall delay_slot
	   438    0x00 0x00                                                                        NOPX
.delay_slot
.swstall delay_slot
	   440    0x00 0x2c 0xf0 0x04 0x00 0x00 0x1c 0x22                                          NOPA;                                                                                                                                                           NOPV
.return_address
.no_stack_arguments
	   448    0x06 0x00 0x00 0x00 0x00 0x00 0x00 0x00 0x40 0xba                                MOVA r0, #48;                                                                             JL #llvm___aie2p___release
.delay_slot
	   458    0x10 0x02 0x05 0x18                                                                                                                                                        MOVX r1, #1
.delay_slot
.swstall delay_slot
	   462    0x00 0x00                                                                        NOPX
.delay_slot
.swstall delay_slot
	   464    0x00 0x00                                                                        NOPX
.delay_slot
.swstall delay_slot
	   466    0x00 0x00                                                                        NOPX
.delay_slot
.swstall delay_slot
	   468    0x00 0x2c 0xf0 0x00 0x20 0x00 0x00 0x00 0x00 0xad 0x81 0x36                      NOPA;                         NOPB;                         NOPS;                         NOPX
.return_address
.no_stack_arguments
	   480    0xff 0xe1 0x00 0x00 0x00 0x00 0x00 0x00 0x40 0xba                                MOVA r1, #-1;                                                                             JL #llvm___aie2p___acquire
.delay_slot
	   490    0x10 0x00 0xc5 0x18                                                                                                                                                        MOVX r0, #49
.delay_slot
.swstall delay_slot
	   494    0x00 0x00                                                                        NOPX
.delay_slot
.swstall delay_slot
	   496    0x00 0x00                                                                        NOPX
.delay_slot
.swstall delay_slot
	   498    0x00 0x00                                                                        NOPX
.delay_slot
.swstall delay_slot
	   500    0x00 0x2c 0xf0 0x00 0x20 0x00 0x00 0x00 0x00 0xad 0x81 0x36                      NOPA;                         NOPB;                         NOPS;                         NOPX
.return_address
.no_stack_arguments
	   512    0x00 0x00 0x00 0x00 0x01 0x04                                                                                                                                              JL #matmul_vectorized_different_datatypes
.delay_slot
	   518    0x00 0x00 0x00 0xc0 0x00 0x44                                                                                                                                              MOVXM p0, #A_L2L1_1_1_cons_buff_1
.delay_slot
	   524    0x00 0x00 0x02 0xc0 0x00 0x44                                                                                                                                              MOVXM p1, #B_L2L1_1_1_cons_buff_0
.delay_slot
	   530    0x1a 0x6c 0xc0 0xf8                                                                                                                                                                                      MOV p2, p6
.delay_slot
.swstall delay_slot
	   534    0x00 0x00                                                                        NOPX
.delay_slot
.swstall delay_slot
	   536    0x00 0x2c 0xf0 0x04 0x00 0x00 0x1c 0x22                                          NOPA;                                                                                                                                                           NOPV
.return_address
.no_stack_arguments
	   544    0x06 0x00 0x00 0x00 0x00 0x00 0x00 0x00 0x40 0xba                                MOVA r0, #48;                                                                             JL #llvm___aie2p___release
.delay_slot
	   554    0x10 0x02 0x05 0x18                                                                                                                                                        MOVX r1, #1
.delay_slot
.swstall delay_slot
	   558    0x00 0x00                                                                        NOPX
.delay_slot
.swstall delay_slot
	   560    0x00 0x00                                                                        NOPX
.delay_slot
.swstall delay_slot
	   562    0x00 0x00                                                                        NOPX
.delay_slot
.swstall delay_slot
	   564    0x00 0x2c 0xf0 0x00 0x20 0x00 0x00 0x00 0x00 0xad 0x81 0x36                      NOPA;                         NOPB;                         NOPS;                         NOPX
.return_address
.no_stack_arguments
	   576    0x06 0x40 0x00 0x00 0x00 0x00 0x00 0x00 0x40 0xba                                MOVA r0, #50;                                                                             JL #llvm___aie2p___release
.delay_slot
	   586    0x10 0x02 0x05 0x18                                                                                                                                                        MOVX r1, #1
.delay_slot
.swstall delay_slot
	   590    0x00 0x00                                                                        NOPX
.delay_slot
.swstall delay_slot
	   592    0x00 0x00                                                                        NOPX
.delay_slot
.swstall delay_slot
	   594    0x00 0x00                                                                        NOPX
.delay_slot
.swstall delay_slot
	   596    0x00 0x2c 0xf0 0x00 0x20 0x00 0x00 0x00 0x00 0xad 0x81 0x36                      NOPA;                         NOPB;                         NOPS;                         NOPX
.return_address
.no_stack_arguments
	   608    0xff 0xe1 0x00 0x00 0x00 0x00 0x00 0x00 0x40 0xba                                MOVA r1, #-1;                                                                             JL #llvm___aie2p___acquire
.delay_slot
	   618    0x10 0x00 0xcd 0x18                                                                                                                                                        MOVX r0, #51
.delay_slot
.swstall delay_slot
	   622    0x00 0x00                                                                        NOPX
.delay_slot
.swstall delay_slot
	   624    0x00 0x00                                                                        NOPX
.delay_slot
.swstall delay_slot
	   626    0x00 0x00                                                                        NOPX
.delay_slot
.swstall delay_slot
	   628    0x00 0x2c 0xf0 0x00 0x20 0x00 0x00 0x00 0x00 0xad 0x81 0x36                      NOPA;                         NOPB;                         NOPS;                         NOPX
.return_address
.no_stack_arguments
	   640    0xff 0xe1 0x00 0x00 0x00 0x00 0x00 0x00 0x40 0xba                                MOVA r1, #-1;                                                                             JL #llvm___aie2p___acquire
.delay_slot
	   650    0x10 0x00 0xc5 0x18                                                                                                                                                        MOVX r0, #49
.delay_slot
.swstall delay_slot
	   654    0x00 0x00                                                                        NOPX
.delay_slot
.swstall delay_slot
	   656    0x00 0x00                                                                        NOPX
.delay_slot
.swstall delay_slot
	   658    0x00 0x00                                                                        NOPX
.delay_slot
.swstall delay_slot
	   660    0x00 0x2c 0xf0 0x00 0x20 0x00 0x00 0x00 0x00 0xad 0x81 0x36                      NOPA;                         NOPB;                         NOPS;                         NOPX
.return_address
.no_stack_arguments
	   672    0x00 0x00 0x00 0x00 0x01 0x04                                                                                                                                              JL #matmul_vectorized_different_datatypes
.delay_slot
	   678    0x00 0x00 0x00 0xc0 0x00 0x44                                                                                                                                              MOVXM p0, #A_L2L1_1_1_cons_buff_0
.delay_slot
	   684    0x00 0x00 0x02 0xc0 0x00 0x44                                                                                                                                              MOVXM p1, #B_L2L1_1_1_cons_buff_1
.delay_slot
	   690    0x1a 0x6c 0xc0 0xf8                                                                                                                                                                                      MOV p2, p6
.delay_slot
.swstall delay_slot
	   694    0x00 0x00                                                                        NOPX
.delay_slot
.swstall delay_slot
	   696    0x00 0x2c 0xf0 0x04 0x00 0x00 0x1c 0x22                                          NOPA;                                                                                                                                                           NOPV
.return_address
.no_stack_arguments
	   704    0x06 0x00 0x00 0x00 0x00 0x00 0x00 0x00 0x40 0xba                                MOVA r0, #48;                                                                             JL #llvm___aie2p___release
.delay_slot
	   714    0x10 0x02 0x05 0x18                                                                                                                                                        MOVX r1, #1
.delay_slot
.swstall delay_slot
	   718    0x00 0x00                                                                        NOPX
.delay_slot
.swstall delay_slot
	   720    0x00 0x00                                                                        NOPX
.delay_slot
.swstall delay_slot
	   722    0x00 0x00                                                                        NOPX
.delay_slot
.swstall delay_slot
	   724    0x00 0x2c 0xf0 0x00 0x20 0x00 0x00 0x00 0x00 0xad 0x81 0x36                      NOPA;                         NOPB;                         NOPS;                         NOPX
.return_address
.no_stack_arguments
	   736    0xff 0xe1 0x00 0x00 0x00 0x00 0x00 0x00 0x40 0xba                                MOVA r1, #-1;                                                                             JL #llvm___aie2p___acquire
.delay_slot
	   746    0x10 0x00 0xc5 0x18                                                                                                                                                        MOVX r0, #49
.delay_slot
.swstall delay_slot
	   750    0x00 0x00                                                                        NOPX
.delay_slot
.swstall delay_slot
	   752    0x00 0x00                                                                        NOPX
.delay_slot
.swstall delay_slot
	   754    0x00 0x00                                                                        NOPX
.delay_slot
.swstall delay_slot
	   756    0x00 0x2c 0xf0 0x00 0x20 0x00 0x00 0x00 0x00 0xad 0x81 0x36                      NOPA;                         NOPB;                         NOPS;                         NOPX
.return_address
.no_stack_arguments
	   768    0x00 0x00 0x00 0x00 0x01 0x04                                                                                                                                              JL #matmul_vectorized_different_datatypes
.delay_slot
	   774    0x00 0x00 0x00 0xc0 0x00 0x44                                                                                                                                              MOVXM p0, #A_L2L1_1_1_cons_buff_1
.delay_slot
	   780    0x00 0x00 0x02 0xc0 0x00 0x44                                                                                                                                              MOVXM p1, #B_L2L1_1_1_cons_buff_1
.delay_slot
	   786    0x1a 0x6c 0xc0 0xf8                                                                                                                                                                                      MOV p2, p6
.delay_slot
.swstall delay_slot
	   790    0x00 0x00                                                                        NOPX
.delay_slot
.swstall delay_slot
	   792    0x00 0x2c 0xf0 0x04 0x00 0x00 0x1c 0x22                                          NOPA;                                                                                                                                                           NOPV
.return_address
.no_stack_arguments
	   800    0x06 0x00 0x00 0x00 0x00 0x00 0x00 0x00 0x40 0xba                                MOVA r0, #48;                                                                             JL #llvm___aie2p___release
.delay_slot
	   810    0x10 0x02 0x05 0x18                                                                                                                                                        MOVX r1, #1
.delay_slot
.swstall delay_slot
	   814    0x00 0x00                                                                        NOPX
.delay_slot
.swstall delay_slot
	   816    0x00 0x00                                                                        NOPX
.delay_slot
.swstall delay_slot
	   818    0x00 0x00                                                                        NOPX
.delay_slot
.swstall delay_slot
	   820    0x00 0x2c 0xf0 0x00 0x20 0x00 0x00 0x00 0x00 0xad 0x81 0x36                      NOPA;                         NOPB;                         NOPS;                         NOPX
.return_address
.no_stack_arguments
	   832    0xff 0xe1 0x00 0x00 0x00 0x00 0x00 0x00 0x40 0xba                                MOVA r1, #-1;                                                                             JL #llvm___aie2p___acquire
.delay_slot
	   842    0x10 0x00 0xc5 0x18                                                                                                                                                        MOVX r0, #49
.delay_slot
.swstall delay_slot
	   846    0x00 0x00                                                                        NOPX
.delay_slot
.swstall delay_slot
	   848    0x00 0x00                                                                        NOPX
.delay_slot
.swstall delay_slot
	   850    0x00 0x00                                                                        NOPX
.delay_slot
.swstall delay_slot
	   852    0x00 0x2c 0xf0 0x00 0x20 0x00 0x00 0x00 0x00 0xad 0x81 0x36                      NOPA;                         NOPB;                         NOPS;                         NOPX
.return_address
.no_stack_arguments
	   864    0x00 0x00 0x00 0x00 0x01 0x04                                                                                                                                              JL #matmul_vectorized_different_datatypes
.delay_slot
	   870    0x00 0x00 0x00 0xc0 0x00 0x44                                                                                                                                              MOVXM p0, #A_L2L1_1_1_cons_buff_0
.delay_slot
	   876    0x00 0x00 0x02 0xc0 0x00 0x44                                                                                                                                              MOVXM p1, #B_L2L1_1_1_cons_buff_1
.delay_slot
	   882    0x1a 0x6c 0xc0 0xf8                                                                                                                                                                                      MOV p2, p6
.delay_slot
.swstall delay_slot
	   886    0x00 0x00                                                                        NOPX
.delay_slot
.swstall delay_slot
	   888    0x00 0x2c 0xf0 0x04 0x00 0x00 0x1c 0x22                                          NOPA;                                                                                                                                                           NOPV
.return_address
.no_stack_arguments
	   896    0x06 0x00 0x00 0x00 0x00 0x00 0x00 0x00 0x40 0xba                                MOVA r0, #48;                                                                             JL #llvm___aie2p___release
.delay_slot
	   906    0x10 0x02 0x05 0x18                                                                                                                                                        MOVX r1, #1
.delay_slot
.swstall delay_slot
	   910    0x00 0x00                                                                        NOPX
.delay_slot
.swstall delay_slot
	   912    0x00 0x00                                                                        NOPX
.delay_slot
.swstall delay_slot
	   914    0x00 0x00                                                                        NOPX
.delay_slot
.swstall delay_slot
	   916    0x00 0x2c 0xf0 0x00 0x20 0x00 0x00 0x00 0x00 0xad 0x81 0x36                      NOPA;                         NOPB;                         NOPS;                         NOPX
.return_address
.no_stack_arguments
	   928    0x00 0x00 0x00 0x00 0x01 0x04                                                                                                                                              JL #llvm___aie2p___acquire
.delay_slot
	   934    0xff 0xe1 0x00 0x00 0x00 0x03 0x30 0x50 0x10 0xba                                MOVA r1, #-1;                                                                             MOVXM p6, #(TGT_Fcore_1_3_160 + 0)
.delay_slot
	   944    0x10 0x00 0xc5 0x18                                                                                                                                                        MOVX r0, #49
.delay_slot
.swstall delay_slot
	   948    0x00 0x00                                                                        NOPX
.delay_slot
.swstall delay_slot
	   950    0x00 0x00                                                                        NOPX
.delay_slot
.swstall delay_slot
	   952    0x00 0x2c 0xf0 0x04 0x00 0x00 0x1c 0x22                                          NOPA;                                                                                                                                                           NOPV
.return_address
.no_stack_arguments
	   960    0x00 0x00 0x00 0x00 0x01 0x04                                                                                                                                              JL #matmul_vectorized_different_datatypes
.delay_slot
	   966    0x00 0x00 0x00 0xc0 0x00 0x44                                                                                                                                              MOVXM p0, #A_L2L1_1_1_cons_buff_1
.delay_slot
	   972    0x00 0x00 0x02 0xc0 0x00 0x44                                                                                                                                              MOVXM p1, #B_L2L1_1_1_cons_buff_1
.delay_slot
	   978    0x1a 0x6e 0xc0 0xf8                                                                                                                                                                                      MOV p2, p7
.delay_slot
.swstall delay_slot
	   982    0x00 0x00                                                                        NOPX
.delay_slot
.swstall delay_slot
	   984    0x00 0x2c 0xf0 0x04 0x00 0x00 0x1c 0x22                                          NOPA;                                                                                                                                                           NOPV
.return_address
.no_stack_arguments
	   992    0x06 0x00 0x00 0x00 0x00 0x00 0x00 0x00 0x40 0xba                                MOVA r0, #48;                                                                             JL #llvm___aie2p___release
.delay_slot
	  1002    0x10 0x02 0x05 0x18                                                                                                                                                        MOVX r1, #1
.delay_slot
.swstall delay_slot
	  1006    0x00 0x00                                                                        NOPX
.delay_slot
.swstall delay_slot
	  1008    0x00 0x00                                                                        NOPX
.delay_slot
.swstall delay_slot
	  1010    0x00 0x00                                                                        NOPX
.delay_slot
.swstall delay_slot
	  1012    0x00 0x2c 0xf0 0x00 0x20 0x00 0x00 0x00 0x00 0xad 0x81 0x36                      NOPA;                         NOPB;                         NOPS;                         NOPX
.return_address
.no_stack_arguments
	  1024    0x06 0x40 0x00 0x00 0x00 0x00 0x00 0x00 0x40 0xba                                MOVA r0, #50;                                                                             JL #llvm___aie2p___release
.delay_slot
	  1034    0x10 0x02 0x05 0x18                                                                                                                                                        MOVX r1, #1
.delay_slot
.swstall delay_slot
	  1038    0x00 0x00                                                                        NOPX
.delay_slot
.swstall delay_slot
	  1040    0x00 0x00                                                                        NOPX
.delay_slot
.swstall delay_slot
	  1042    0x00 0x00                                                                        NOPX
.delay_slot
.swstall delay_slot
	  1044    0x00 0x2c 0xf0 0x00 0x20 0x00 0x00 0x00 0x00 0xad 0x81 0x36                      NOPA;                         NOPB;                         NOPS;                         NOPX
.return_address
	  1056    0x13 0x19 0xa0 0x18                                                                                                                                                        JNZD r12, r12, p6
.delay_slot
.swstall delay_slot
	  1060    0x00 0x00                                                                        NOPX
.delay_slot
.swstall delay_slot
	  1062    0x00 0x00                                                                        NOPX
.delay_slot
.swstall delay_slot
	  1064    0x00 0x00                                                                        NOPX
.delay_slot
.swstall delay_slot
	  1066    0x00 0x00                                                                        NOPX
.delay_slot
.swstall delay_slot
	  1068    0x00 0x00                                                                        NOPX
.loop_nesting 1
.no_stack_arguments
	  1070    0x06 0xa0 0x00 0x00 0x00 0x00 0x00 0x00 0x40 0xba                                MOVA r0, #53;                                                                             JL #llvm___aie2p___release
.delay_slot
	  1080    0x10 0x02 0x05 0x18                                                                                                                                                        MOVX r1, #1
.delay_slot
.swstall delay_slot
	  1084    0x00 0x00                                                                        NOPX
.delay_slot
.swstall delay_slot
	  1086    0x00 0x00                                                                        NOPX
.delay_slot
.swstall delay_slot
	  1088    0x00 0x00                                                                        NOPX
.delay_slot
.swstall delay_slot
	  1090    0x00 0x2c 0xf0 0x02 0xb6 0x00 0x00 0x40 0x1a 0x57 0x00 0x00 0x1c 0x2e            NOPA;                                                       NOPS;                                                       NOPM;                                   NOPV
.return_address
.no_stack_arguments
	  1104    0x06 0x80 0x00 0x00 0x00 0x00 0x00 0x00 0x40 0xba                                MOVA r0, #52;                                                                             JL #llvm___aie2p___acquire
.delay_slot
	  1114    0x17 0xc2 0xfd 0x18                                                                                                                                                        MOVX r1, #-1
.delay_slot
.swstall delay_slot
	  1118    0x00 0x00                                                                        NOPX
.delay_slot
.swstall delay_slot
	  1120    0x00 0x00                                                                        NOPX
.delay_slot
.swstall delay_slot
	  1122    0x00 0x00                                                                        NOPX
.delay_slot
.swstall delay_slot
	  1124    0x00 0x2c 0xf0 0x00 0x20 0x00 0x00 0x00 0x00 0xad 0x81 0x36                      NOPA;                         NOPB;                         NOPS;                         NOPX
.return_address
.no_stack_arguments
	  1136    0x00 0x00 0x00 0x00 0x01 0x04                                                                                                                                              JL #zero_kernel_bf16
.delay_slot
	  1142    0x18 0x6e 0xc0 0xf8                                                                                                                                                                                      MOV p0, p7
.delay_slot
.swstall delay_slot
	  1146    0x00 0x00                                                                        NOPX
.delay_slot
.swstall delay_slot
	  1148    0x00 0x00                                                                        NOPX
.delay_slot
.swstall delay_slot
	  1150    0x00 0x00                                                                        NOPX
.delay_slot
.swstall delay_slot
	  1152    0x00 0x2c 0xf0 0x00 0x20 0x01 0x5b 0x00 0x00 0x00 0x01 0xa5 0x78 0x00 0x00 0xe1  NOPA;                         NOPB;                         NOPS;                         NOPX;                         NOPM;                                   NOPV
.return_address
	  1168    0x00 0x2c 0xf0 0x00 0x20 0x01 0x5b 0x00 0xc1 0xe8 0x01 0xa5 0x78 0x00 0x00 0xe1  NOPA;                         NOPB;                         NOPS;                         MOVX r12, #15;                NOPM;                                   NOPV
.label TGT_Fcore_1_3_1184
.loop_nesting 2
.no_stack_arguments
	  1184    0xff 0xe1 0x00 0x00 0x00 0x00 0x00 0x00 0x40 0xba                                MOVA r1, #-1;                                                                             JL #llvm___aie2p___acquire
.delay_slot
	  1194    0x10 0x00 0xcd 0x18                                                                                                                                                        MOVX r0, #51
.delay_slot
.swstall delay_slot
	  1198    0x00 0x00                                                                        NOPX
.delay_slot
.swstall delay_slot
	  1200    0x00 0x00                                                                        NOPX
.delay_slot
.swstall delay_slot
	  1202    0x00 0x00                                                                        NOPX
.delay_slot
.swstall delay_slot
	  1204    0x00 0x2c 0xf0 0x00 0x20 0x00 0x00 0x00 0x00 0xad 0x81 0x36                      NOPA;                         NOPB;                         NOPS;                         NOPX
.return_address
.no_stack_arguments
	  1216    0xff 0xe1 0x00 0x00 0x00 0x00 0x00 0x00 0x40 0xba                                MOVA r1, #-1;                                                                             JL #llvm___aie2p___acquire
.delay_slot
	  1226    0x10 0x00 0xc5 0x18                                                                                                                                                        MOVX r0, #49
.delay_slot
.swstall delay_slot
	  1230    0x00 0x00                                                                        NOPX
.delay_slot
.swstall delay_slot
	  1232    0x00 0x00                                                                        NOPX
.delay_slot
.swstall delay_slot
	  1234    0x00 0x00                                                                        NOPX
.delay_slot
.swstall delay_slot
	  1236    0x00 0x2c 0xf0 0x00 0x20 0x00 0x00 0x00 0x00 0xad 0x81 0x36                      NOPA;                         NOPB;                         NOPS;                         NOPX
.return_address
.no_stack_arguments
	  1248    0x00 0x00 0x00 0x00 0x01 0x04                                                                                                                                              JL #matmul_vectorized_different_datatypes
.delay_slot
	  1254    0x00 0x00 0x02 0xc0 0x00 0x44                                                                                                                                              MOVXM p1, #B_L2L1_1_1_cons_buff_0
.delay_slot
	  1260    0x00 0x00 0x00 0xc0 0x00 0x44                                                                                                                                              MOVXM p0, #A_L2L1_1_1_cons_buff_0
.delay_slot
	  1266    0x1a 0x6e 0xc0 0xf8                                                                                                                                                                                      MOV p2, p7
.delay_slot
.swstall delay_slot
	  1270    0x00 0x00                                                                        NOPX
.delay_slot
.swstall delay_slot
	  1272    0x00 0x2c 0xf0 0x04 0x00 0x00 0x1c 0x22                                          NOPA;                                                                                                                                                           NOPV
.return_address
.no_stack_arguments
	  1280    0x06 0x00 0x00 0x00 0x00 0x00 0x00 0x00 0x40 0xba                                MOVA r0, #48;                                                                             JL #llvm___aie2p___release
.delay_slot
	  1290    0x10 0x02 0x05 0x18                                                                                                                                                        MOVX r1, #1
.delay_slot
.swstall delay_slot
	  1294    0x00 0x00                                                                        NOPX
.delay_slot
.swstall delay_slot
	  1296    0x00 0x00                                                                        NOPX
.delay_slot
.swstall delay_slot
	  1298    0x00 0x00                                                                        NOPX
.delay_slot
.swstall delay_slot
	  1300    0x00 0x2c 0xf0 0x00 0x20 0x00 0x00 0x00 0x00 0xad 0x81 0x36                      NOPA;                         NOPB;                         NOPS;                         NOPX
.return_address
.no_stack_arguments
	  1312    0xff 0xe1 0x00 0x00 0x00 0x00 0x00 0x00 0x40 0xba                                MOVA r1, #-1;                                                                             JL #llvm___aie2p___acquire
.delay_slot
	  1322    0x10 0x00 0xc5 0x18                                                                                                                                                        MOVX r0, #49
.delay_slot
.swstall delay_slot
	  1326    0x00 0x00                                                                        NOPX
.delay_slot
.swstall delay_slot
	  1328    0x00 0x00                                                                        NOPX
.delay_slot
.swstall delay_slot
	  1330    0x00 0x00                                                                        NOPX
.delay_slot
.swstall delay_slot
	  1332    0x00 0x2c 0xf0 0x00 0x20 0x00 0x00 0x00 0x00 0xad 0x81 0x36                      NOPA;                         NOPB;                         NOPS;                         NOPX
.return_address
.no_stack_arguments
	  1344    0x53 0x91 0x60 0x00 0x00 0x00 0x00 0x00 0x41 0x3a                                                                                            MOVS p2, p7;                  JL #matmul_vectorized_different_datatypes
.delay_slot
	  1354    0x00 0x00 0x00 0xc0 0x00 0x44                                                                                                                                              MOVXM p0, #A_L2L1_1_1_cons_buff_1
.delay_slot
	  1360    0x00 0x00 0x02 0xc0 0x00 0x44                                                                                                                                              MOVXM p1, #B_L2L1_1_1_cons_buff_0
.delay_slot
	  1366    0x1e 0x64 0xc0 0xf8                                                                                                                                                                                      MOV p6, p2
.delay_slot
.swstall delay_slot
	  1370    0x00 0x00                                                                        NOPX
.delay_slot
.swstall delay_slot
	  1372    0x00 0x01 0x67 0x98                                                              NOPA
.return_address
.no_stack_arguments
	  1376    0x06 0x00 0x00 0x00 0x00 0x00 0x00 0x00 0x40 0xba                                MOVA r0, #48;                                                                             JL #llvm___aie2p___release
.delay_slot
	  1386    0x10 0x02 0x05 0x18                                                                                                                                                        MOVX r1, #1
.delay_slot
.swstall delay_slot
	  1390    0x00 0x00                                                                        NOPX
.delay_slot
.swstall delay_slot
	  1392    0x00 0x00                                                                        NOPX
.delay_slot
.swstall delay_slot
	  1394    0x00 0x00                                                                        NOPX
.delay_slot
.swstall delay_slot
	  1396    0x00 0x2c 0xf0 0x00 0x20 0x00 0x00 0x00 0x00 0xad 0x81 0x36                      NOPA;                         NOPB;                         NOPS;                         NOPX
.return_address
.no_stack_arguments
	  1408    0xff 0xe1 0x00 0x00 0x00 0x00 0x00 0x00 0x40 0xba                                MOVA r1, #-1;                                                                             JL #llvm___aie2p___acquire
.delay_slot
	  1418    0x10 0x00 0xc5 0x18                                                                                                                                                        MOVX r0, #49
.delay_slot
.swstall delay_slot
	  1422    0x00 0x00                                                                        NOPX
.delay_slot
.swstall delay_slot
	  1424    0x00 0x00                                                                        NOPX
.delay_slot
.swstall delay_slot
	  1426    0x00 0x00                                                                        NOPX
.delay_slot
.swstall delay_slot
	  1428    0x00 0x2c 0xf0 0x00 0x20 0x00 0x00 0x00 0x00 0xad 0x81 0x36                      NOPA;                         NOPB;                         NOPS;                         NOPX
.return_address
.no_stack_arguments
	  1440    0x00 0x00 0x00 0x00 0x01 0x04                                                                                                                                              JL #matmul_vectorized_different_datatypes
.delay_slot
	  1446    0x00 0x00 0x00 0xc0 0x00 0x44                                                                                                                                              MOVXM p0, #A_L2L1_1_1_cons_buff_0
.delay_slot
	  1452    0x00 0x00 0x02 0xc0 0x00 0x44                                                                                                                                              MOVXM p1, #B_L2L1_1_1_cons_buff_0
.delay_slot
	  1458    0x1a 0x6c 0xc0 0xf8                                                                                                                                                                                      MOV p2, p6
.delay_slot
.swstall delay_slot
	  1462    0x00 0x00                                                                        NOPX
.delay_slot
.swstall delay_slot
	  1464    0x00 0x2c 0xf0 0x04 0x00 0x00 0x1c 0x22                                          NOPA;                                                                                                                                                           NOPV
.return_address
.no_stack_arguments
	  1472    0x06 0x00 0x00 0x00 0x00 0x00 0x00 0x00 0x40 0xba                                MOVA r0, #48;                                                                             JL #llvm___aie2p___release
.delay_slot
	  1482    0x10 0x02 0x05 0x18                                                                                                                                                        MOVX r1, #1
.delay_slot
.swstall delay_slot
	  1486    0x00 0x00                                                                        NOPX
.delay_slot
.swstall delay_slot
	  1488    0x00 0x00                                                                        NOPX
.delay_slot
.swstall delay_slot
	  1490    0x00 0x00                                                                        NOPX
.delay_slot
.swstall delay_slot
	  1492    0x00 0x2c 0xf0 0x00 0x20 0x00 0x00 0x00 0x00 0xad 0x81 0x36                      NOPA;                         NOPB;                         NOPS;                         NOPX
.return_address
.no_stack_arguments
	  1504    0xff 0xe1 0x00 0x00 0x00 0x00 0x00 0x00 0x40 0xba                                MOVA r1, #-1;                                                                             JL #llvm___aie2p___acquire
.delay_slot
	  1514    0x10 0x00 0xc5 0x18                                                                                                                                                        MOVX r0, #49
.delay_slot
.swstall delay_slot
	  1518    0x00 0x00                                                                        NOPX
.delay_slot
.swstall delay_slot
	  1520    0x00 0x00                                                                        NOPX
.delay_slot
.swstall delay_slot
	  1522    0x00 0x00                                                                        NOPX
.delay_slot
.swstall delay_slot
	  1524    0x00 0x2c 0xf0 0x00 0x20 0x00 0x00 0x00 0x00 0xad 0x81 0x36                      NOPA;                         NOPB;                         NOPS;                         NOPX
.return_address
.no_stack_arguments
	  1536    0x00 0x00 0x00 0x00 0x01 0x04                                                                                                                                              JL #matmul_vectorized_different_datatypes
.delay_slot
	  1542    0x00 0x00 0x00 0xc0 0x00 0x44                                                                                                                                              MOVXM p0, #A_L2L1_1_1_cons_buff_1
.delay_slot
	  1548    0x00 0x00 0x02 0xc0 0x00 0x44                                                                                                                                              MOVXM p1, #B_L2L1_1_1_cons_buff_0
.delay_slot
	  1554    0x1a 0x6c 0xc0 0xf8                                                                                                                                                                                      MOV p2, p6
.delay_slot
.swstall delay_slot
	  1558    0x00 0x00                                                                        NOPX
.delay_slot
.swstall delay_slot
	  1560    0x00 0x2c 0xf0 0x04 0x00 0x00 0x1c 0x22                                          NOPA;                                                                                                                                                           NOPV
.return_address
.no_stack_arguments
	  1568    0x06 0x00 0x00 0x00 0x00 0x00 0x00 0x00 0x40 0xba                                MOVA r0, #48;                                                                             JL #llvm___aie2p___release
.delay_slot
	  1578    0x10 0x02 0x05 0x18                                                                                                                                                        MOVX r1, #1
.delay_slot
.swstall delay_slot
	  1582    0x00 0x00                                                                        NOPX
.delay_slot
.swstall delay_slot
	  1584    0x00 0x00                                                                        NOPX
.delay_slot
.swstall delay_slot
	  1586    0x00 0x00                                                                        NOPX
.delay_slot
.swstall delay_slot
	  1588    0x00 0x2c 0xf0 0x00 0x20 0x00 0x00 0x00 0x00 0xad 0x81 0x36                      NOPA;                         NOPB;                         NOPS;                         NOPX
.return_address
.no_stack_arguments
	  1600    0x06 0x40 0x00 0x00 0x00 0x00 0x00 0x00 0x40 0xba                                MOVA r0, #50;                                                                             JL #llvm___aie2p___release
.delay_slot
	  1610    0x10 0x02 0x05 0x18                                                                                                                                                        MOVX r1, #1
.delay_slot
.swstall delay_slot
	  1614    0x00 0x00                                                                        NOPX
.delay_slot
.swstall delay_slot
	  1616    0x00 0x00                                                                        NOPX
.delay_slot
.swstall delay_slot
	  1618    0x00 0x00                                                                        NOPX
.delay_slot
.swstall delay_slot
	  1620    0x00 0x2c 0xf0 0x00 0x20 0x00 0x00 0x00 0x00 0xad 0x81 0x36                      NOPA;                         NOPB;                         NOPS;                         NOPX
.return_address
.no_stack_arguments
	  1632    0xff 0xe1 0x00 0x00 0x00 0x00 0x00 0x00 0x40 0xba                                MOVA r1, #-1;                                                                             JL #llvm___aie2p___acquire
.delay_slot
	  1642    0x10 0x00 0xcd 0x18                                                                                                                                                        MOVX r0, #51
.delay_slot
.swstall delay_slot
	  1646    0x00 0x00                                                                        NOPX
.delay_slot
.swstall delay_slot
	  1648    0x00 0x00                                                                        NOPX
.delay_slot
.swstall delay_slot
	  1650    0x00 0x00                                                                        NOPX
.delay_slot
.swstall delay_slot
	  1652    0x00 0x2c 0xf0 0x00 0x20 0x00 0x00 0x00 0x00 0xad 0x81 0x36                      NOPA;                         NOPB;                         NOPS;                         NOPX
.return_address
.no_stack_arguments
	  1664    0xff 0xe1 0x00 0x00 0x00 0x00 0x00 0x00 0x40 0xba                                MOVA r1, #-1;                                                                             JL #llvm___aie2p___acquire
.delay_slot
	  1674    0x10 0x00 0xc5 0x18                                                                                                                                                        MOVX r0, #49
.delay_slot
.swstall delay_slot
	  1678    0x00 0x00                                                                        NOPX
.delay_slot
.swstall delay_slot
	  1680    0x00 0x00                                                                        NOPX
.delay_slot
.swstall delay_slot
	  1682    0x00 0x00                                                                        NOPX
.delay_slot
.swstall delay_slot
	  1684    0x00 0x2c 0xf0 0x00 0x20 0x00 0x00 0x00 0x00 0xad 0x81 0x36                      NOPA;                         NOPB;                         NOPS;                         NOPX
.return_address
.no_stack_arguments
	  1696    0x00 0x00 0x00 0x00 0x01 0x04                                                                                                                                              JL #matmul_vectorized_different_datatypes
.delay_slot
	  1702    0x00 0x00 0x00 0xc0 0x00 0x44                                                                                                                                              MOVXM p0, #A_L2L1_1_1_cons_buff_0
.delay_slot
	  1708    0x00 0x00 0x02 0xc0 0x00 0x44                                                                                                                                              MOVXM p1, #B_L2L1_1_1_cons_buff_1
.delay_slot
	  1714    0x1a 0x6c 0xc0 0xf8                                                                                                                                                                                      MOV p2, p6
.delay_slot
.swstall delay_slot
	  1718    0x00 0x00                                                                        NOPX
.delay_slot
.swstall delay_slot
	  1720    0x00 0x2c 0xf0 0x04 0x00 0x00 0x1c 0x22                                          NOPA;                                                                                                                                                           NOPV
.return_address
.no_stack_arguments
	  1728    0x06 0x00 0x00 0x00 0x00 0x00 0x00 0x00 0x40 0xba                                MOVA r0, #48;                                                                             JL #llvm___aie2p___release
.delay_slot
	  1738    0x10 0x02 0x05 0x18                                                                                                                                                        MOVX r1, #1
.delay_slot
.swstall delay_slot
	  1742    0x00 0x00                                                                        NOPX
.delay_slot
.swstall delay_slot
	  1744    0x00 0x00                                                                        NOPX
.delay_slot
.swstall delay_slot
	  1746    0x00 0x00                                                                        NOPX
.delay_slot
.swstall delay_slot
	  1748    0x00 0x2c 0xf0 0x00 0x20 0x00 0x00 0x00 0x00 0xad 0x81 0x36                      NOPA;                         NOPB;                         NOPS;                         NOPX
.return_address
.no_stack_arguments
	  1760    0xff 0xe1 0x00 0x00 0x00 0x00 0x00 0x00 0x40 0xba                                MOVA r1, #-1;                                                                             JL #llvm___aie2p___acquire
.delay_slot
	  1770    0x10 0x00 0xc5 0x18                                                                                                                                                        MOVX r0, #49
.delay_slot
.swstall delay_slot
	  1774    0x00 0x00                                                                        NOPX
.delay_slot
.swstall delay_slot
	  1776    0x00 0x00                                                                        NOPX
.delay_slot
.swstall delay_slot
	  1778    0x00 0x00                                                                        NOPX
.delay_slot
.swstall delay_slot
	  1780    0x00 0x2c 0xf0 0x00 0x20 0x00 0x00 0x00 0x00 0xad 0x81 0x36                      NOPA;                         NOPB;                         NOPS;                         NOPX
.return_address
.no_stack_arguments
	  1792    0x00 0x00 0x00 0x00 0x01 0x04                                                                                                                                              JL #matmul_vectorized_different_datatypes
.delay_slot
	  1798    0x00 0x00 0x00 0xc0 0x00 0x44                                                                                                                                              MOVXM p0, #A_L2L1_1_1_cons_buff_1
.delay_slot
	  1804    0x00 0x00 0x02 0xc0 0x00 0x44                                                                                                                                              MOVXM p1, #B_L2L1_1_1_cons_buff_1
.delay_slot
	  1810    0x1a 0x6c 0xc0 0xf8                                                                                                                                                                                      MOV p2, p6
.delay_slot
.swstall delay_slot
	  1814    0x00 0x00                                                                        NOPX
.delay_slot
.swstall delay_slot
	  1816    0x00 0x2c 0xf0 0x04 0x00 0x00 0x1c 0x22                                          NOPA;                                                                                                                                                           NOPV
.return_address
.no_stack_arguments
	  1824    0x06 0x00 0x00 0x00 0x00 0x00 0x00 0x00 0x40 0xba                                MOVA r0, #48;                                                                             JL #llvm___aie2p___release
.delay_slot
	  1834    0x10 0x02 0x05 0x18                                                                                                                                                        MOVX r1, #1
.delay_slot
.swstall delay_slot
	  1838    0x00 0x00                                                                        NOPX
.delay_slot
.swstall delay_slot
	  1840    0x00 0x00                                                                        NOPX
.delay_slot
.swstall delay_slot
	  1842    0x00 0x00                                                                        NOPX
.delay_slot
.swstall delay_slot
	  1844    0x00 0x2c 0xf0 0x00 0x20 0x00 0x00 0x00 0x00 0xad 0x81 0x36                      NOPA;                         NOPB;                         NOPS;                         NOPX
.return_address
.no_stack_arguments
	  1856    0xff 0xe1 0x00 0x00 0x00 0x00 0x00 0x00 0x40 0xba                                MOVA r1, #-1;                                                                             JL #llvm___aie2p___acquire
.delay_slot
	  1866    0x10 0x00 0xc5 0x18                                                                                                                                                        MOVX r0, #49
.delay_slot
.swstall delay_slot
	  1870    0x00 0x00                                                                        NOPX
.delay_slot
.swstall delay_slot
	  1872    0x00 0x00                                                                        NOPX
.delay_slot
.swstall delay_slot
	  1874    0x00 0x00                                                                        NOPX
.delay_slot
.swstall delay_slot
	  1876    0x00 0x2c 0xf0 0x00 0x20 0x00 0x00 0x00 0x00 0xad 0x81 0x36                      NOPA;                         NOPB;                         NOPS;                         NOPX
.return_address
.no_stack_arguments
	  1888    0x00 0x00 0x00 0x00 0x01 0x04                                                                                                                                              JL #matmul_vectorized_different_datatypes
.delay_slot
	  1894    0x00 0x00 0x00 0xc0 0x00 0x44                                                                                                                                              MOVXM p0, #A_L2L1_1_1_cons_buff_0
.delay_slot
	  1900    0x00 0x00 0x02 0xc0 0x00 0x44                                                                                                                                              MOVXM p1, #B_L2L1_1_1_cons_buff_1
.delay_slot
	  1906    0x1a 0x6c 0xc0 0xf8                                                                                                                                                                                      MOV p2, p6
.delay_slot
.swstall delay_slot
	  1910    0x00 0x00                                                                        NOPX
.delay_slot
.swstall delay_slot
	  1912    0x00 0x2c 0xf0 0x04 0x00 0x00 0x1c 0x22                                          NOPA;                                                                                                                                                           NOPV
.return_address
.no_stack_arguments
	  1920    0x06 0x00 0x00 0x00 0x00 0x00 0x00 0x00 0x40 0xba                                MOVA r0, #48;                                                                             JL #llvm___aie2p___release
.delay_slot
	  1930    0x10 0x02 0x05 0x18                                                                                                                                                        MOVX r1, #1
.delay_slot
.swstall delay_slot
	  1934    0x00 0x00                                                                        NOPX
.delay_slot
.swstall delay_slot
	  1936    0x00 0x00                                                                        NOPX
.delay_slot
.swstall delay_slot
	  1938    0x00 0x00                                                                        NOPX
.delay_slot
.swstall delay_slot
	  1940    0x00 0x2c 0xf0 0x00 0x20 0x00 0x00 0x00 0x00 0xad 0x81 0x36                      NOPA;                         NOPB;                         NOPS;                         NOPX
.return_address
.no_stack_arguments
	  1952    0x00 0x00 0x00 0x00 0x01 0x04                                                                                                                                              JL #llvm___aie2p___acquire
.delay_slot
	  1958    0xff 0xe1 0x00 0x00 0x00 0x03 0x32 0x50 0x10 0xba                                MOVA r1, #-1;                                                                             MOVXM p6, #(TGT_Fcore_1_3_1184 + 0)
.delay_slot
	  1968    0x10 0x00 0xc5 0x18                                                                                                                                                        MOVX r0, #49
.delay_slot
.swstall delay_slot
	  1972    0x00 0x00                                                                        NOPX
.delay_slot
.swstall delay_slot
	  1974    0x00 0x00                                                                        NOPX
.delay_slot
.swstall delay_slot
	  1976    0x00 0x2c 0xf0 0x04 0x00 0x00 0x1c 0x22                                          NOPA;                                                                                                                                                           NOPV
.return_address
.no_stack_arguments
	  1984    0x00 0x00 0x00 0x00 0x01 0x04                                                                                                                                              JL #matmul_vectorized_different_datatypes
.delay_slot
	  1990    0x00 0x00 0x00 0xc0 0x00 0x44                                                                                                                                              MOVXM p0, #A_L2L1_1_1_cons_buff_1
.delay_slot
	  1996    0x00 0x00 0x02 0xc0 0x00 0x44                                                                                                                                              MOVXM p1, #B_L2L1_1_1_cons_buff_1
.delay_slot
	  2002    0x1a 0x6e 0xc0 0xf8                                                                                                                                                                                      MOV p2, p7
.delay_slot
.swstall delay_slot
	  2006    0x00 0x00                                                                        NOPX
.delay_slot
.swstall delay_slot
	  2008    0x00 0x2c 0xf0 0x04 0x00 0x00 0x1c 0x22                                          NOPA;                                                                                                                                                           NOPV
.return_address
.no_stack_arguments
	  2016    0x06 0x00 0x00 0x00 0x00 0x00 0x00 0x00 0x40 0xba                                MOVA r0, #48;                                                                             JL #llvm___aie2p___release
.delay_slot
	  2026    0x10 0x02 0x05 0x18                                                                                                                                                        MOVX r1, #1
.delay_slot
.swstall delay_slot
	  2030    0x00 0x00                                                                        NOPX
.delay_slot
.swstall delay_slot
	  2032    0x00 0x00                                                                        NOPX
.delay_slot
.swstall delay_slot
	  2034    0x00 0x00                                                                        NOPX
.delay_slot
.swstall delay_slot
	  2036    0x00 0x2c 0xf0 0x00 0x20 0x00 0x00 0x00 0x00 0xad 0x81 0x36                      NOPA;                         NOPB;                         NOPS;                         NOPX
.return_address
.no_stack_arguments
	  2048    0x06 0x40 0x00 0x00 0x00 0x00 0x00 0x00 0x40 0xba                                MOVA r0, #50;                                                                             JL #llvm___aie2p___release
.delay_slot
	  2058    0x10 0x02 0x05 0x18                                                                                                                                                        MOVX r1, #1
.delay_slot
.swstall delay_slot
	  2062    0x00 0x00                                                                        NOPX
.delay_slot
.swstall delay_slot
	  2064    0x00 0x00                                                                        NOPX
.delay_slot
.swstall delay_slot
	  2066    0x00 0x00                                                                        NOPX
.delay_slot
.swstall delay_slot
	  2068    0x00 0x2c 0xf0 0x00 0x20 0x00 0x00 0x00 0x00 0xad 0x81 0x36                      NOPA;                         NOPB;                         NOPS;                         NOPX
.return_address
	  2080    0x13 0x19 0xa0 0x18                                                                                                                                                        JNZD r12, r12, p6
.delay_slot
.swstall delay_slot
	  2084    0x00 0x00                                                                        NOPX
.delay_slot
.swstall delay_slot
	  2086    0x00 0x00                                                                        NOPX
.delay_slot
.swstall delay_slot
	  2088    0x00 0x00                                                                        NOPX
.delay_slot
.swstall delay_slot
	  2090    0x00 0x00                                                                        NOPX
.delay_slot
.swstall delay_slot
	  2092    0x00 0x00                                                                        NOPX
.loop_nesting 1
.no_stack_arguments
	  2094    0x06 0xa0 0x00 0x00 0x00 0x00 0x00 0x00 0x40 0xba                                MOVA r0, #53;                                                                             JL #llvm___aie2p___release
.delay_slot
	  2104    0x10 0x02 0x05 0x18                                                                                                                                                        MOVX r1, #1
.delay_slot
.swstall delay_slot
	  2108    0x00 0x00                                                                        NOPX
.delay_slot
.swstall delay_slot
	  2110    0x00 0x00                                                                        NOPX
.delay_slot
.swstall delay_slot
	  2112    0x00 0x00                                                                        NOPX
.delay_slot
.swstall delay_slot
	  2114    0x00 0x2c 0xf0 0x02 0xb6 0x00 0x00 0x40 0x1a 0x57 0x00 0x00 0x1c 0x2e            NOPA;                                                       NOPS;                                                       NOPM;                                   NOPV
.return_address
.no_stack_arguments
	  2128    0x06 0x80 0x00 0x00 0x00 0x00 0x00 0x00 0x40 0xba                                MOVA r0, #52;                                                                             JL #llvm___aie2p___acquire
.delay_slot
	  2138    0x17 0xc2 0xfd 0x18                                                                                                                                                        MOVX r1, #-1
.delay_slot
.swstall delay_slot
	  2142    0x00 0x00                                                                        NOPX
.delay_slot
.swstall delay_slot
	  2144    0x00 0x00                                                                        NOPX
.delay_slot
.swstall delay_slot
	  2146    0x00 0x00                                                                        NOPX
.delay_slot
.swstall delay_slot
	  2148    0x00 0x2c 0xf0 0x00 0x20 0x00 0x00 0x00 0x00 0xad 0x81 0x36                      NOPA;                         NOPB;                         NOPS;                         NOPX
.return_address
.no_stack_arguments
	  2160    0x00 0x00 0x00 0x00 0x01 0x04                                                                                                                                              JL #zero_kernel_bf16
.delay_slot
	  2166    0x18 0x6e 0xc0 0xf8                                                                                                                                                                                      MOV p0, p7
.delay_slot
.swstall delay_slot
	  2170    0x00 0x00                                                                        NOPX
.delay_slot
.swstall delay_slot
	  2172    0x00 0x00                                                                        NOPX
.delay_slot
.swstall delay_slot
	  2174    0x00 0x00                                                                        NOPX
.delay_slot
.swstall delay_slot
	  2176    0x00 0x2c 0xf0 0x00 0x20 0x01 0x5b 0x00 0x00 0x00 0x01 0xa5 0x78 0x00 0x00 0xe1  NOPA;                         NOPB;                         NOPS;                         NOPX;                         NOPM;                                   NOPV
.return_address
	  2192    0x00 0x2c 0xf0 0x00 0x20 0x01 0x5b 0x00 0xc1 0xe8 0x01 0xa5 0x78 0x00 0x00 0xe1  NOPA;                         NOPB;                         NOPS;                         MOVX r12, #15;                NOPM;                                   NOPV
.label TGT_Fcore_1_3_2208
.loop_nesting 2
.no_stack_arguments
	  2208    0xff 0xe1 0x00 0x00 0x00 0x00 0x00 0x00 0x40 0xba                                MOVA r1, #-1;                                                                             JL #llvm___aie2p___acquire
.delay_slot
	  2218    0x10 0x00 0xcd 0x18                                                                                                                                                        MOVX r0, #51
.delay_slot
.swstall delay_slot
	  2222    0x00 0x00                                                                        NOPX
.delay_slot
.swstall delay_slot
	  2224    0x00 0x00                                                                        NOPX
.delay_slot
.swstall delay_slot
	  2226    0x00 0x00                                                                        NOPX
.delay_slot
.swstall delay_slot
	  2228    0x00 0x2c 0xf0 0x00 0x20 0x00 0x00 0x00 0x00 0xad 0x81 0x36                      NOPA;                         NOPB;                         NOPS;                         NOPX
.return_address
.no_stack_arguments
	  2240    0xff 0xe1 0x00 0x00 0x00 0x00 0x00 0x00 0x40 0xba                                MOVA r1, #-1;                                                                             JL #llvm___aie2p___acquire
.delay_slot
	  2250    0x10 0x00 0xc5 0x18                                                                                                                                                        MOVX r0, #49
.delay_slot
.swstall delay_slot
	  2254    0x00 0x00                                                                        NOPX
.delay_slot
.swstall delay_slot
	  2256    0x00 0x00                                                                        NOPX
.delay_slot
.swstall delay_slot
	  2258    0x00 0x00                                                                        NOPX
.delay_slot
.swstall delay_slot
	  2260    0x00 0x2c 0xf0 0x00 0x20 0x00 0x00 0x00 0x00 0xad 0x81 0x36                      NOPA;                         NOPB;                         NOPS;                         NOPX
.return_address
.no_stack_arguments
	  2272    0x00 0x00 0x00 0x00 0x01 0x04                                                                                                                                              JL #matmul_vectorized_different_datatypes
.delay_slot
	  2278    0x00 0x00 0x02 0xc0 0x00 0x44                                                                                                                                              MOVXM p1, #B_L2L1_1_1_cons_buff_0
.delay_slot
	  2284    0x00 0x00 0x00 0xc0 0x00 0x44                                                                                                                                              MOVXM p0, #A_L2L1_1_1_cons_buff_0
.delay_slot
	  2290    0x1a 0x6e 0xc0 0xf8                                                                                                                                                                                      MOV p2, p7
.delay_slot
.swstall delay_slot
	  2294    0x00 0x00                                                                        NOPX
.delay_slot
.swstall delay_slot
	  2296    0x00 0x2c 0xf0 0x04 0x00 0x00 0x1c 0x22                                          NOPA;                                                                                                                                                           NOPV
.return_address
.no_stack_arguments
	  2304    0x06 0x00 0x00 0x00 0x00 0x00 0x00 0x00 0x40 0xba                                MOVA r0, #48;                                                                             JL #llvm___aie2p___release
.delay_slot
	  2314    0x10 0x02 0x05 0x18                                                                                                                                                        MOVX r1, #1
.delay_slot
.swstall delay_slot
	  2318    0x00 0x00                                                                        NOPX
.delay_slot
.swstall delay_slot
	  2320    0x00 0x00                                                                        NOPX
.delay_slot
.swstall delay_slot
	  2322    0x00 0x00                                                                        NOPX
.delay_slot
.swstall delay_slot
	  2324    0x00 0x2c 0xf0 0x00 0x20 0x00 0x00 0x00 0x00 0xad 0x81 0x36                      NOPA;                         NOPB;                         NOPS;                         NOPX
.return_address
.no_stack_arguments
	  2336    0xff 0xe1 0x00 0x00 0x00 0x00 0x00 0x00 0x40 0xba                                MOVA r1, #-1;                                                                             JL #llvm___aie2p___acquire
.delay_slot
	  2346    0x10 0x00 0xc5 0x18                                                                                                                                                        MOVX r0, #49
.delay_slot
.swstall delay_slot
	  2350    0x00 0x00                                                                        NOPX
.delay_slot
.swstall delay_slot
	  2352    0x00 0x00                                                                        NOPX
.delay_slot
.swstall delay_slot
	  2354    0x00 0x00                                                                        NOPX
.delay_slot
.swstall delay_slot
	  2356    0x00 0x2c 0xf0 0x00 0x20 0x00 0x00 0x00 0x00 0xad 0x81 0x36                      NOPA;                         NOPB;                         NOPS;                         NOPX
.return_address
.no_stack_arguments
	  2368    0x53 0x91 0x60 0x00 0x00 0x00 0x00 0x00 0x41 0x3a                                                                                            MOVS p2, p7;                  JL #matmul_vectorized_different_datatypes
.delay_slot
	  2378    0x00 0x00 0x00 0xc0 0x00 0x44                                                                                                                                              MOVXM p0, #A_L2L1_1_1_cons_buff_1
.delay_slot
	  2384    0x00 0x00 0x02 0xc0 0x00 0x44                                                                                                                                              MOVXM p1, #B_L2L1_1_1_cons_buff_0
.delay_slot
	  2390    0x1e 0x64 0xc0 0xf8                                                                                                                                                                                      MOV p6, p2
.delay_slot
.swstall delay_slot
	  2394    0x00 0x00                                                                        NOPX
.delay_slot
.swstall delay_slot
	  2396    0x00 0x01 0x67 0x98                                                              NOPA
.return_address
.no_stack_arguments
	  2400    0x06 0x00 0x00 0x00 0x00 0x00 0x00 0x00 0x40 0xba                                MOVA r0, #48;                                                                             JL #llvm___aie2p___release
.delay_slot
	  2410    0x10 0x02 0x05 0x18                                                                                                                                                        MOVX r1, #1
.delay_slot
.swstall delay_slot
	  2414    0x00 0x00                                                                        NOPX
.delay_slot
.swstall delay_slot
	  2416    0x00 0x00                                                                        NOPX
.delay_slot
.swstall delay_slot
	  2418    0x00 0x00                                                                        NOPX
.delay_slot
.swstall delay_slot
	  2420    0x00 0x2c 0xf0 0x00 0x20 0x00 0x00 0x00 0x00 0xad 0x81 0x36                      NOPA;                         NOPB;                         NOPS;                         NOPX
.return_address
.no_stack_arguments
	  2432    0xff 0xe1 0x00 0x00 0x00 0x00 0x00 0x00 0x40 0xba                                MOVA r1, #-1;                                                                             JL #llvm___aie2p___acquire
.delay_slot
	  2442    0x10 0x00 0xc5 0x18                                                                                                                                                        MOVX r0, #49
.delay_slot
.swstall delay_slot
	  2446    0x00 0x00                                                                        NOPX
.delay_slot
.swstall delay_slot
	  2448    0x00 0x00                                                                        NOPX
.delay_slot
.swstall delay_slot
	  2450    0x00 0x00                                                                        NOPX
.delay_slot
.swstall delay_slot
	  2452    0x00 0x2c 0xf0 0x00 0x20 0x00 0x00 0x00 0x00 0xad 0x81 0x36                      NOPA;                         NOPB;                         NOPS;                         NOPX
.return_address
.no_stack_arguments
	  2464    0x00 0x00 0x00 0x00 0x01 0x04                                                                                                                                              JL #matmul_vectorized_different_datatypes
.delay_slot
	  2470    0x00 0x00 0x00 0xc0 0x00 0x44                                                                                                                                              MOVXM p0, #A_L2L1_1_1_cons_buff_0
.delay_slot
	  2476    0x00 0x00 0x02 0xc0 0x00 0x44                                                                                                                                              MOVXM p1, #B_L2L1_1_1_cons_buff_0
.delay_slot
	  2482    0x1a 0x6c 0xc0 0xf8                                                                                                                                                                                      MOV p2, p6
.delay_slot
.swstall delay_slot
	  2486    0x00 0x00                                                                        NOPX
.delay_slot
.swstall delay_slot
	  2488    0x00 0x2c 0xf0 0x04 0x00 0x00 0x1c 0x22                                          NOPA;                                                                                                                                                           NOPV
.return_address
.no_stack_arguments
	  2496    0x06 0x00 0x00 0x00 0x00 0x00 0x00 0x00 0x40 0xba                                MOVA r0, #48;                                                                             JL #llvm___aie2p___release
.delay_slot
	  2506    0x10 0x02 0x05 0x18                                                                                                                                                        MOVX r1, #1
.delay_slot
.swstall delay_slot
	  2510    0x00 0x00                                                                        NOPX
.delay_slot
.swstall delay_slot
	  2512    0x00 0x00                                                                        NOPX
.delay_slot
.swstall delay_slot
	  2514    0x00 0x00                                                                        NOPX
.delay_slot
.swstall delay_slot
	  2516    0x00 0x2c 0xf0 0x00 0x20 0x00 0x00 0x00 0x00 0xad 0x81 0x36                      NOPA;                         NOPB;                         NOPS;                         NOPX
.return_address
.no_stack_arguments
	  2528    0xff 0xe1 0x00 0x00 0x00 0x00 0x00 0x00 0x40 0xba                                MOVA r1, #-1;                                                                             JL #llvm___aie2p___acquire
.delay_slot
	  2538    0x10 0x00 0xc5 0x18                                                                                                                                                        MOVX r0, #49
.delay_slot
.swstall delay_slot
	  2542    0x00 0x00                                                                        NOPX
.delay_slot
.swstall delay_slot
	  2544    0x00 0x00                                                                        NOPX
.delay_slot
.swstall delay_slot
	  2546    0x00 0x00                                                                        NOPX
.delay_slot
.swstall delay_slot
	  2548    0x00 0x2c 0xf0 0x00 0x20 0x00 0x00 0x00 0x00 0xad 0x81 0x36                      NOPA;                         NOPB;                         NOPS;                         NOPX
.return_address
.no_stack_arguments
	  2560    0x00 0x00 0x00 0x00 0x01 0x04                                                                                                                                              JL #matmul_vectorized_different_datatypes
.delay_slot
	  2566    0x00 0x00 0x00 0xc0 0x00 0x44                                                                                                                                              MOVXM p0, #A_L2L1_1_1_cons_buff_1
.delay_slot
	  2572    0x00 0x00 0x02 0xc0 0x00 0x44                                                                                                                                              MOVXM p1, #B_L2L1_1_1_cons_buff_0
.delay_slot
	  2578    0x1a 0x6c 0xc0 0xf8                                                                                                                                                                                      MOV p2, p6
.delay_slot
.swstall delay_slot
	  2582    0x00 0x00                                                                        NOPX
.delay_slot
.swstall delay_slot
	  2584    0x00 0x2c 0xf0 0x04 0x00 0x00 0x1c 0x22                                          NOPA;                                                                                                                                                           NOPV
.return_address
.no_stack_arguments
	  2592    0x06 0x00 0x00 0x00 0x00 0x00 0x00 0x00 0x40 0xba                                MOVA r0, #48;                                                                             JL #llvm___aie2p___release
.delay_slot
	  2602    0x10 0x02 0x05 0x18                                                                                                                                                        MOVX r1, #1
.delay_slot
.swstall delay_slot
	  2606    0x00 0x00                                                                        NOPX
.delay_slot
.swstall delay_slot
	  2608    0x00 0x00                                                                        NOPX
.delay_slot
.swstall delay_slot
	  2610    0x00 0x00                                                                        NOPX
.delay_slot
.swstall delay_slot
	  2612    0x00 0x2c 0xf0 0x00 0x20 0x00 0x00 0x00 0x00 0xad 0x81 0x36                      NOPA;                         NOPB;                         NOPS;                         NOPX
.return_address
.no_stack_arguments
	  2624    0x06 0x40 0x00 0x00 0x00 0x00 0x00 0x00 0x40 0xba                                MOVA r0, #50;                                                                             JL #llvm___aie2p___release
.delay_slot
	  2634    0x10 0x02 0x05 0x18                                                                                                                                                        MOVX r1, #1
.delay_slot
.swstall delay_slot
	  2638    0x00 0x00                                                                        NOPX
.delay_slot
.swstall delay_slot
	  2640    0x00 0x00                                                                        NOPX
.delay_slot
.swstall delay_slot
	  2642    0x00 0x00                                                                        NOPX
.delay_slot
.swstall delay_slot
	  2644    0x00 0x2c 0xf0 0x00 0x20 0x00 0x00 0x00 0x00 0xad 0x81 0x36                      NOPA;                         NOPB;                         NOPS;                         NOPX
.return_address
.no_stack_arguments
	  2656    0xff 0xe1 0x00 0x00 0x00 0x00 0x00 0x00 0x40 0xba                                MOVA r1, #-1;                                                                             JL #llvm___aie2p___acquire
.delay_slot
	  2666    0x10 0x00 0xcd 0x18                                                                                                                                                        MOVX r0, #51
.delay_slot
.swstall delay_slot
	  2670    0x00 0x00                                                                        NOPX
.delay_slot
.swstall delay_slot
	  2672    0x00 0x00                                                                        NOPX
.delay_slot
.swstall delay_slot
	  2674    0x00 0x00                                                                        NOPX
.delay_slot
.swstall delay_slot
	  2676    0x00 0x2c 0xf0 0x00 0x20 0x00 0x00 0x00 0x00 0xad 0x81 0x36                      NOPA;                         NOPB;                         NOPS;                         NOPX
.return_address
.no_stack_arguments
	  2688    0xff 0xe1 0x00 0x00 0x00 0x00 0x00 0x00 0x40 0xba                                MOVA r1, #-1;                                                                             JL #llvm___aie2p___acquire
.delay_slot
	  2698    0x10 0x00 0xc5 0x18                                                                                                                                                        MOVX r0, #49
.delay_slot
.swstall delay_slot
	  2702    0x00 0x00                                                                        NOPX
.delay_slot
.swstall delay_slot
	  2704    0x00 0x00                                                                        NOPX
.delay_slot
.swstall delay_slot
	  2706    0x00 0x00                                                                        NOPX
.delay_slot
.swstall delay_slot
	  2708    0x00 0x2c 0xf0 0x00 0x20 0x00 0x00 0x00 0x00 0xad 0x81 0x36                      NOPA;                         NOPB;                         NOPS;                         NOPX
.return_address
.no_stack_arguments
	  2720    0x00 0x00 0x00 0x00 0x01 0x04                                                                                                                                              JL #matmul_vectorized_different_datatypes
.delay_slot
	  2726    0x00 0x00 0x00 0xc0 0x00 0x44                                                                                                                                              MOVXM p0, #A_L2L1_1_1_cons_buff_0
.delay_slot
	  2732    0x00 0x00 0x02 0xc0 0x00 0x44                                                                                                                                              MOVXM p1, #B_L2L1_1_1_cons_buff_1
.delay_slot
	  2738    0x1a 0x6c 0xc0 0xf8                                                                                                                                                                                      MOV p2, p6
.delay_slot
.swstall delay_slot
	  2742    0x00 0x00                                                                        NOPX
.delay_slot
.swstall delay_slot
	  2744    0x00 0x2c 0xf0 0x04 0x00 0x00 0x1c 0x22                                          NOPA;                                                                                                                                                           NOPV
.return_address
.no_stack_arguments
	  2752    0x06 0x00 0x00 0x00 0x00 0x00 0x00 0x00 0x40 0xba                                MOVA r0, #48;                                                                             JL #llvm___aie2p___release
.delay_slot
	  2762    0x10 0x02 0x05 0x18                                                                                                                                                        MOVX r1, #1
.delay_slot
.swstall delay_slot
	  2766    0x00 0x00                                                                        NOPX
.delay_slot
.swstall delay_slot
	  2768    0x00 0x00                                                                        NOPX
.delay_slot
.swstall delay_slot
	  2770    0x00 0x00                                                                        NOPX
.delay_slot
.swstall delay_slot
	  2772    0x00 0x2c 0xf0 0x00 0x20 0x00 0x00 0x00 0x00 0xad 0x81 0x36                      NOPA;                         NOPB;                         NOPS;                         NOPX
.return_address
.no_stack_arguments
	  2784    0xff 0xe1 0x00 0x00 0x00 0x00 0x00 0x00 0x40 0xba                                MOVA r1, #-1;                                                                             JL #llvm___aie2p___acquire
.delay_slot
	  2794    0x10 0x00 0xc5 0x18                                                                                                                                                        MOVX r0, #49
.delay_slot
.swstall delay_slot
	  2798    0x00 0x00                                                                        NOPX
.delay_slot
.swstall delay_slot
	  2800    0x00 0x00                                                                        NOPX
.delay_slot
.swstall delay_slot
	  2802    0x00 0x00                                                                        NOPX
.delay_slot
.swstall delay_slot
	  2804    0x00 0x2c 0xf0 0x00 0x20 0x00 0x00 0x00 0x00 0xad 0x81 0x36                      NOPA;                         NOPB;                         NOPS;                         NOPX
.return_address
.no_stack_arguments
	  2816    0x00 0x00 0x00 0x00 0x01 0x04                                                                                                                                              JL #matmul_vectorized_different_datatypes
.delay_slot
	  2822    0x00 0x00 0x00 0xc0 0x00 0x44                                                                                                                                              MOVXM p0, #A_L2L1_1_1_cons_buff_1
.delay_slot
	  2828    0x00 0x00 0x02 0xc0 0x00 0x44                                                                                                                                              MOVXM p1, #B_L2L1_1_1_cons_buff_1
.delay_slot
	  2834    0x1a 0x6c 0xc0 0xf8                                                                                                                                                                                      MOV p2, p6
.delay_slot
.swstall delay_slot
	  2838    0x00 0x00                                                                        NOPX
.delay_slot
.swstall delay_slot
	  2840    0x00 0x2c 0xf0 0x04 0x00 0x00 0x1c 0x22                                          NOPA;                                                                                                                                                           NOPV
.return_address
.no_stack_arguments
	  2848    0x06 0x00 0x00 0x00 0x00 0x00 0x00 0x00 0x40 0xba                                MOVA r0, #48;                                                                             JL #llvm___aie2p___release
.delay_slot
	  2858    0x10 0x02 0x05 0x18                                                                                                                                                        MOVX r1, #1
.delay_slot
.swstall delay_slot
	  2862    0x00 0x00                                                                        NOPX
.delay_slot
.swstall delay_slot
	  2864    0x00 0x00                                                                        NOPX
.delay_slot
.swstall delay_slot
	  2866    0x00 0x00                                                                        NOPX
.delay_slot
.swstall delay_slot
	  2868    0x00 0x2c 0xf0 0x00 0x20 0x00 0x00 0x00 0x00 0xad 0x81 0x36                      NOPA;                         NOPB;                         NOPS;                         NOPX
.return_address
.no_stack_arguments
	  2880    0xff 0xe1 0x00 0x00 0x00 0x00 0x00 0x00 0x40 0xba                                MOVA r1, #-1;                                                                             JL #llvm___aie2p___acquire
.delay_slot
	  2890    0x10 0x00 0xc5 0x18                                                                                                                                                        MOVX r0, #49
.delay_slot
.swstall delay_slot
	  2894    0x00 0x00                                                                        NOPX
.delay_slot
.swstall delay_slot
	  2896    0x00 0x00                                                                        NOPX
.delay_slot
.swstall delay_slot
	  2898    0x00 0x00                                                                        NOPX
.delay_slot
.swstall delay_slot
	  2900    0x00 0x2c 0xf0 0x00 0x20 0x00 0x00 0x00 0x00 0xad 0x81 0x36                      NOPA;                         NOPB;                         NOPS;                         NOPX
.return_address
.no_stack_arguments
	  2912    0x00 0x00 0x00 0x00 0x01 0x04                                                                                                                                              JL #matmul_vectorized_different_datatypes
.delay_slot
	  2918    0x00 0x00 0x00 0xc0 0x00 0x44                                                                                                                                              MOVXM p0, #A_L2L1_1_1_cons_buff_0
.delay_slot
	  2924    0x00 0x00 0x02 0xc0 0x00 0x44                                                                                                                                              MOVXM p1, #B_L2L1_1_1_cons_buff_1
.delay_slot
	  2930    0x1a 0x6c 0xc0 0xf8                                                                                                                                                                                      MOV p2, p6
.delay_slot
.swstall delay_slot
	  2934    0x00 0x00                                                                        NOPX
.delay_slot
.swstall delay_slot
	  2936    0x00 0x2c 0xf0 0x04 0x00 0x00 0x1c 0x22                                          NOPA;                                                                                                                                                           NOPV
.return_address
.no_stack_arguments
	  2944    0x06 0x00 0x00 0x00 0x00 0x00 0x00 0x00 0x40 0xba                                MOVA r0, #48;                                                                             JL #llvm___aie2p___release
.delay_slot
	  2954    0x10 0x02 0x05 0x18                                                                                                                                                        MOVX r1, #1
.delay_slot
.swstall delay_slot
	  2958    0x00 0x00                                                                        NOPX
.delay_slot
.swstall delay_slot
	  2960    0x00 0x00                                                                        NOPX
.delay_slot
.swstall delay_slot
	  2962    0x00 0x00                                                                        NOPX
.delay_slot
.swstall delay_slot
	  2964    0x00 0x2c 0xf0 0x00 0x20 0x00 0x00 0x00 0x00 0xad 0x81 0x36                      NOPA;                         NOPB;                         NOPS;                         NOPX
.return_address
.no_stack_arguments
	  2976    0x00 0x00 0x00 0x00 0x01 0x04                                                                                                                                              JL #llvm___aie2p___acquire
.delay_slot
	  2982    0xff 0xe1 0x00 0x00 0x00 0x03 0x34 0x50 0x10 0xba                                MOVA r1, #-1;                                                                             MOVXM p6, #(TGT_Fcore_1_3_2208 + 0)
.delay_slot
	  2992    0x10 0x00 0xc5 0x18                                                                                                                                                        MOVX r0, #49
.delay_slot
.swstall delay_slot
	  2996    0x00 0x00                                                                        NOPX
.delay_slot
.swstall delay_slot
	  2998    0x00 0x00                                                                        NOPX
.delay_slot
.swstall delay_slot
	  3000    0x00 0x2c 0xf0 0x04 0x00 0x00 0x1c 0x22                                          NOPA;                                                                                                                                                           NOPV
.return_address
.no_stack_arguments
	  3008    0x00 0x00 0x00 0x00 0x01 0x04                                                                                                                                              JL #matmul_vectorized_different_datatypes
.delay_slot
	  3014    0x00 0x00 0x00 0xc0 0x00 0x44                                                                                                                                              MOVXM p0, #A_L2L1_1_1_cons_buff_1
.delay_slot
	  3020    0x00 0x00 0x02 0xc0 0x00 0x44                                                                                                                                              MOVXM p1, #B_L2L1_1_1_cons_buff_1
.delay_slot
	  3026    0x1a 0x6e 0xc0 0xf8                                                                                                                                                                                      MOV p2, p7
.delay_slot
.swstall delay_slot
	  3030    0x00 0x00                                                                        NOPX
.delay_slot
.swstall delay_slot
	  3032    0x00 0x2c 0xf0 0x04 0x00 0x00 0x1c 0x22                                          NOPA;                                                                                                                                                           NOPV
.return_address
.no_stack_arguments
	  3040    0x06 0x00 0x00 0x00 0x00 0x00 0x00 0x00 0x40 0xba                                MOVA r0, #48;                                                                             JL #llvm___aie2p___release
.delay_slot
	  3050    0x10 0x02 0x05 0x18                                                                                                                                                        MOVX r1, #1
.delay_slot
.swstall delay_slot
	  3054    0x00 0x00                                                                        NOPX
.delay_slot
.swstall delay_slot
	  3056    0x00 0x00                                                                        NOPX
.delay_slot
.swstall delay_slot
	  3058    0x00 0x00                                                                        NOPX
.delay_slot
.swstall delay_slot
	  3060    0x00 0x2c 0xf0 0x00 0x20 0x00 0x00 0x00 0x00 0xad 0x81 0x36                      NOPA;                         NOPB;                         NOPS;                         NOPX
.return_address
.no_stack_arguments
	  3072    0x06 0x40 0x00 0x00 0x00 0x00 0x00 0x00 0x40 0xba                                MOVA r0, #50;                                                                             JL #llvm___aie2p___release
.delay_slot
	  3082    0x10 0x02 0x05 0x18                                                                                                                                                        MOVX r1, #1
.delay_slot
.swstall delay_slot
	  3086    0x00 0x00                                                                        NOPX
.delay_slot
.swstall delay_slot
	  3088    0x00 0x00                                                                        NOPX
.delay_slot
.swstall delay_slot
	  3090    0x00 0x00                                                                        NOPX
.delay_slot
.swstall delay_slot
	  3092    0x00 0x2c 0xf0 0x00 0x20 0x00 0x00 0x00 0x00 0xad 0x81 0x36                      NOPA;                         NOPB;                         NOPS;                         NOPX
.return_address
	  3104    0x13 0x19 0xa0 0x18                                                                                                                                                        JNZD r12, r12, p6
.delay_slot
.swstall delay_slot
	  3108    0x00 0x00                                                                        NOPX
.delay_slot
.swstall delay_slot
	  3110    0x00 0x00                                                                        NOPX
.delay_slot
.swstall delay_slot
	  3112    0x00 0x00                                                                        NOPX
.delay_slot
.swstall delay_slot
	  3114    0x00 0x00                                                                        NOPX
.delay_slot
.swstall delay_slot
	  3116    0x00 0x00                                                                        NOPX
.loop_nesting 1
.no_stack_arguments
	  3118    0x06 0xa0 0x00 0x00 0x00 0x00 0x00 0x00 0x40 0xba                                MOVA r0, #53;                                                                             JL #llvm___aie2p___release
.delay_slot
	  3128    0x10 0x02 0x05 0x18                                                                                                                                                        MOVX r1, #1
.delay_slot
.swstall delay_slot
	  3132    0x00 0x00                                                                        NOPX
.delay_slot
.swstall delay_slot
	  3134    0x00 0x00                                                                        NOPX
.delay_slot
.swstall delay_slot
	  3136    0x00 0x00                                                                        NOPX
.delay_slot
.swstall delay_slot
	  3138    0x00 0x2c 0xf0 0x02 0xb6 0x00 0x00 0x40 0x1a 0x57 0x00 0x00 0x1c 0x2e            NOPA;                                                       NOPS;                                                       NOPM;                                   NOPV
.return_address
.no_stack_arguments
	  3152    0xff 0xe1 0x00 0x00 0x00 0x00 0x00 0x00 0x40 0xba                                MOVA r1, #-1;                                                                             JL #llvm___aie2p___acquire
.delay_slot
	  3162    0x10 0x00 0xd1 0x18                                                                                                                                                        MOVX r0, #52
.delay_slot
.swstall delay_slot
	  3166    0x00 0x00                                                                        NOPX
.delay_slot
.swstall delay_slot
	  3168    0x00 0x00                                                                        NOPX
.delay_slot
.swstall delay_slot
	  3170    0x00 0x00                                                                        NOPX
.delay_slot
.swstall delay_slot
	  3172    0x00 0x2c 0xf0 0x00 0x20 0x00 0x00 0x00 0x00 0xad 0x81 0x36                      NOPA;                         NOPB;                         NOPS;                         NOPX
.return_address
.no_stack_arguments
	  3184    0x00 0x00 0x00 0x00 0x01 0x04                                                                                                                                              JL #zero_kernel_bf16
.delay_slot
	  3190    0x18 0x6e 0xc0 0xf8                                                                                                                                                                                      MOV p0, p7
.delay_slot
.swstall delay_slot
	  3194    0x00 0x00                                                                        NOPX
.delay_slot
.swstall delay_slot
	  3196    0x00 0x00                                                                        NOPX
.delay_slot
.swstall delay_slot
	  3198    0x00 0x00                                                                        NOPX
.delay_slot
.swstall delay_slot
	  3200    0x00 0x2c 0xf0 0x00 0x20 0x01 0x5b 0x00 0x00 0x00 0x01 0xa5 0x78 0x00 0x00 0xe1  NOPA;                         NOPB;                         NOPS;                         NOPX;                         NOPM;                                   NOPV
.return_address
	  3216    0x00 0x2c 0xf0 0x00 0x20 0x01 0x5b 0x00 0xc1 0xe8 0x01 0xa5 0x78 0x00 0x00 0xe1  NOPA;                         NOPB;                         NOPS;                         MOVX r12, #15;                NOPM;                                   NOPV
.label TGT_Fcore_1_3_3232
.loop_nesting 2
.no_stack_arguments
	  3232    0xff 0xe1 0x00 0x00 0x00 0x00 0x00 0x00 0x40 0xba                                MOVA r1, #-1;                                                                             JL #llvm___aie2p___acquire
.delay_slot
	  3242    0x10 0x00 0xcd 0x18                                                                                                                                                        MOVX r0, #51
.delay_slot
.swstall delay_slot
	  3246    0x00 0x00                                                                        NOPX
.delay_slot
.swstall delay_slot
	  3248    0x00 0x00                                                                        NOPX
.delay_slot
.swstall delay_slot
	  3250    0x00 0x00                                                                        NOPX
.delay_slot
.swstall delay_slot
	  3252    0x00 0x2c 0xf0 0x00 0x20 0x00 0x00 0x00 0x00 0xad 0x81 0x36                      NOPA;                         NOPB;                         NOPS;                         NOPX
.return_address
.no_stack_arguments
	  3264    0xff 0xe1 0x00 0x00 0x00 0x00 0x00 0x00 0x40 0xba                                MOVA r1, #-1;                                                                             JL #llvm___aie2p___acquire
.delay_slot
	  3274    0x10 0x00 0xc5 0x18                                                                                                                                                        MOVX r0, #49
.delay_slot
.swstall delay_slot
	  3278    0x00 0x00                                                                        NOPX
.delay_slot
.swstall delay_slot
	  3280    0x00 0x00                                                                        NOPX
.delay_slot
.swstall delay_slot
	  3282    0x00 0x00                                                                        NOPX
.delay_slot
.swstall delay_slot
	  3284    0x00 0x2c 0xf0 0x00 0x20 0x00 0x00 0x00 0x00 0xad 0x81 0x36                      NOPA;                         NOPB;                         NOPS;                         NOPX
.return_address
.no_stack_arguments
	  3296    0x00 0x00 0x00 0x00 0x01 0x04                                                                                                                                              JL #matmul_vectorized_different_datatypes
.delay_slot
	  3302    0x00 0x00 0x02 0xc0 0x00 0x44                                                                                                                                              MOVXM p1, #B_L2L1_1_1_cons_buff_0
.delay_slot
	  3308    0x00 0x00 0x00 0xc0 0x00 0x44                                                                                                                                              MOVXM p0, #A_L2L1_1_1_cons_buff_0
.delay_slot
	  3314    0x1a 0x6e 0xc0 0xf8                                                                                                                                                                                      MOV p2, p7
.delay_slot
.swstall delay_slot
	  3318    0x00 0x00                                                                        NOPX
.delay_slot
.swstall delay_slot
	  3320    0x00 0x2c 0xf0 0x04 0x00 0x00 0x1c 0x22                                          NOPA;                                                                                                                                                           NOPV
.return_address
.no_stack_arguments
	  3328    0x06 0x00 0x00 0x00 0x00 0x00 0x00 0x00 0x40 0xba                                MOVA r0, #48;                                                                             JL #llvm___aie2p___release
.delay_slot
	  3338    0x10 0x02 0x05 0x18                                                                                                                                                        MOVX r1, #1
.delay_slot
.swstall delay_slot
	  3342    0x00 0x00                                                                        NOPX
.delay_slot
.swstall delay_slot
	  3344    0x00 0x00                                                                        NOPX
.delay_slot
.swstall delay_slot
	  3346    0x00 0x00                                                                        NOPX
.delay_slot
.swstall delay_slot
	  3348    0x00 0x2c 0xf0 0x00 0x20 0x00 0x00 0x00 0x00 0xad 0x81 0x36                      NOPA;                         NOPB;                         NOPS;                         NOPX
.return_address
.no_stack_arguments
	  3360    0xff 0xe1 0x00 0x00 0x00 0x00 0x00 0x00 0x40 0xba                                MOVA r1, #-1;                                                                             JL #llvm___aie2p___acquire
.delay_slot
	  3370    0x10 0x00 0xc5 0x18                                                                                                                                                        MOVX r0, #49
.delay_slot
.swstall delay_slot
	  3374    0x00 0x00                                                                        NOPX
.delay_slot
.swstall delay_slot
	  3376    0x00 0x00                                                                        NOPX
.delay_slot
.swstall delay_slot
	  3378    0x00 0x00                                                                        NOPX
.delay_slot
.swstall delay_slot
	  3380    0x00 0x2c 0xf0 0x00 0x20 0x00 0x00 0x00 0x00 0xad 0x81 0x36                      NOPA;                         NOPB;                         NOPS;                         NOPX
.return_address
.no_stack_arguments
	  3392    0x53 0x91 0x60 0x00 0x00 0x00 0x00 0x00 0x41 0x3a                                                                                            MOVS p2, p7;                  JL #matmul_vectorized_different_datatypes
.delay_slot
	  3402    0x00 0x00 0x00 0xc0 0x00 0x44                                                                                                                                              MOVXM p0, #A_L2L1_1_1_cons_buff_1
.delay_slot
	  3408    0x00 0x00 0x02 0xc0 0x00 0x44                                                                                                                                              MOVXM p1, #B_L2L1_1_1_cons_buff_0
.delay_slot
	  3414    0x1e 0x64 0xc0 0xf8                                                                                                                                                                                      MOV p6, p2
.delay_slot
.swstall delay_slot
	  3418    0x00 0x00                                                                        NOPX
.delay_slot
.swstall delay_slot
	  3420    0x00 0x01 0x67 0x98                                                              NOPA
.return_address
.no_stack_arguments
	  3424    0x06 0x00 0x00 0x00 0x00 0x00 0x00 0x00 0x40 0xba                                MOVA r0, #48;                                                                             JL #llvm___aie2p___release
.delay_slot
	  3434    0x10 0x02 0x05 0x18                                                                                                                                                        MOVX r1, #1
.delay_slot
.swstall delay_slot
	  3438    0x00 0x00                                                                        NOPX
.delay_slot
.swstall delay_slot
	  3440    0x00 0x00                                                                        NOPX
.delay_slot
.swstall delay_slot
	  3442    0x00 0x00                                                                        NOPX
.delay_slot
.swstall delay_slot
	  3444    0x00 0x2c 0xf0 0x00 0x20 0x00 0x00 0x00 0x00 0xad 0x81 0x36                      NOPA;                         NOPB;                         NOPS;                         NOPX
.return_address
.no_stack_arguments
	  3456    0xff 0xe1 0x00 0x00 0x00 0x00 0x00 0x00 0x40 0xba                                MOVA r1, #-1;                                                                             JL #llvm___aie2p___acquire
.delay_slot
	  3466    0x10 0x00 0xc5 0x18                                                                                                                                                        MOVX r0, #49
.delay_slot
.swstall delay_slot
	  3470    0x00 0x00                                                                        NOPX
.delay_slot
.swstall delay_slot
	  3472    0x00 0x00                                                                        NOPX
.delay_slot
.swstall delay_slot
	  3474    0x00 0x00                                                                        NOPX
.delay_slot
.swstall delay_slot
	  3476    0x00 0x2c 0xf0 0x00 0x20 0x00 0x00 0x00 0x00 0xad 0x81 0x36                      NOPA;                         NOPB;                         NOPS;                         NOPX
.return_address
.no_stack_arguments
	  3488    0x00 0x00 0x00 0x00 0x01 0x04                                                                                                                                              JL #matmul_vectorized_different_datatypes
.delay_slot
	  3494    0x00 0x00 0x00 0xc0 0x00 0x44                                                                                                                                              MOVXM p0, #A_L2L1_1_1_cons_buff_0
.delay_slot
	  3500    0x00 0x00 0x02 0xc0 0x00 0x44                                                                                                                                              MOVXM p1, #B_L2L1_1_1_cons_buff_0
.delay_slot
	  3506    0x1a 0x6c 0xc0 0xf8                                                                                                                                                                                      MOV p2, p6
.delay_slot
.swstall delay_slot
	  3510    0x00 0x00                                                                        NOPX
.delay_slot
.swstall delay_slot
	  3512    0x00 0x2c 0xf0 0x04 0x00 0x00 0x1c 0x22                                          NOPA;                                                                                                                                                           NOPV
.return_address
.no_stack_arguments
	  3520    0x06 0x00 0x00 0x00 0x00 0x00 0x00 0x00 0x40 0xba                                MOVA r0, #48;                                                                             JL #llvm___aie2p___release
.delay_slot
	  3530    0x10 0x02 0x05 0x18                                                                                                                                                        MOVX r1, #1
.delay_slot
.swstall delay_slot
	  3534    0x00 0x00                                                                        NOPX
.delay_slot
.swstall delay_slot
	  3536    0x00 0x00                                                                        NOPX
.delay_slot
.swstall delay_slot
	  3538    0x00 0x00                                                                        NOPX
.delay_slot
.swstall delay_slot
	  3540    0x00 0x2c 0xf0 0x00 0x20 0x00 0x00 0x00 0x00 0xad 0x81 0x36                      NOPA;                         NOPB;                         NOPS;                         NOPX
.return_address
.no_stack_arguments
	  3552    0xff 0xe1 0x00 0x00 0x00 0x00 0x00 0x00 0x40 0xba                                MOVA r1, #-1;                                                                             JL #llvm___aie2p___acquire
.delay_slot
	  3562    0x10 0x00 0xc5 0x18                                                                                                                                                        MOVX r0, #49
.delay_slot
.swstall delay_slot
	  3566    0x00 0x00                                                                        NOPX
.delay_slot
.swstall delay_slot
	  3568    0x00 0x00                                                                        NOPX
.delay_slot
.swstall delay_slot
	  3570    0x00 0x00                                                                        NOPX
.delay_slot
.swstall delay_slot
	  3572    0x00 0x2c 0xf0 0x00 0x20 0x00 0x00 0x00 0x00 0xad 0x81 0x36                      NOPA;                         NOPB;                         NOPS;                         NOPX
.return_address
.no_stack_arguments
	  3584    0x00 0x00 0x00 0x00 0x01 0x04                                                                                                                                              JL #matmul_vectorized_different_datatypes
.delay_slot
	  3590    0x00 0x00 0x00 0xc0 0x00 0x44                                                                                                                                              MOVXM p0, #A_L2L1_1_1_cons_buff_1
.delay_slot
	  3596    0x00 0x00 0x02 0xc0 0x00 0x44                                                                                                                                              MOVXM p1, #B_L2L1_1_1_cons_buff_0
.delay_slot
	  3602    0x1a 0x6c 0xc0 0xf8                                                                                                                                                                                      MOV p2, p6
.delay_slot
.swstall delay_slot
	  3606    0x00 0x00                                                                        NOPX
.delay_slot
.swstall delay_slot
	  3608    0x00 0x2c 0xf0 0x04 0x00 0x00 0x1c 0x22                                          NOPA;                                                                                                                                                           NOPV
.return_address
.no_stack_arguments
	  3616    0x06 0x00 0x00 0x00 0x00 0x00 0x00 0x00 0x40 0xba                                MOVA r0, #48;                                                                             JL #llvm___aie2p___release
.delay_slot
	  3626    0x10 0x02 0x05 0x18                                                                                                                                                        MOVX r1, #1
.delay_slot
.swstall delay_slot
	  3630    0x00 0x00                                                                        NOPX
.delay_slot
.swstall delay_slot
	  3632    0x00 0x00                                                                        NOPX
.delay_slot
.swstall delay_slot
	  3634    0x00 0x00                                                                        NOPX
.delay_slot
.swstall delay_slot
	  3636    0x00 0x2c 0xf0 0x00 0x20 0x00 0x00 0x00 0x00 0xad 0x81 0x36                      NOPA;                         NOPB;                         NOPS;                         NOPX
.return_address
.no_stack_arguments
	  3648    0x06 0x40 0x00 0x00 0x00 0x00 0x00 0x00 0x40 0xba                                MOVA r0, #50;                                                                             JL #llvm___aie2p___release
.delay_slot
	  3658    0x10 0x02 0x05 0x18                                                                                                                                                        MOVX r1, #1
.delay_slot
.swstall delay_slot
	  3662    0x00 0x00                                                                        NOPX
.delay_slot
.swstall delay_slot
	  3664    0x00 0x00                                                                        NOPX
.delay_slot
.swstall delay_slot
	  3666    0x00 0x00                                                                        NOPX
.delay_slot
.swstall delay_slot
	  3668    0x00 0x2c 0xf0 0x00 0x20 0x00 0x00 0x00 0x00 0xad 0x81 0x36                      NOPA;                         NOPB;                         NOPS;                         NOPX
.return_address
.no_stack_arguments
	  3680    0xff 0xe1 0x00 0x00 0x00 0x00 0x00 0x00 0x40 0xba                                MOVA r1, #-1;                                                                             JL #llvm___aie2p___acquire
.delay_slot
	  3690    0x10 0x00 0xcd 0x18                                                                                                                                                        MOVX r0, #51
.delay_slot
.swstall delay_slot
	  3694    0x00 0x00                                                                        NOPX
.delay_slot
.swstall delay_slot
	  3696    0x00 0x00                                                                        NOPX
.delay_slot
.swstall delay_slot
	  3698    0x00 0x00                                                                        NOPX
.delay_slot
.swstall delay_slot
	  3700    0x00 0x2c 0xf0 0x00 0x20 0x00 0x00 0x00 0x00 0xad 0x81 0x36                      NOPA;                         NOPB;                         NOPS;                         NOPX
.return_address
.no_stack_arguments
	  3712    0xff 0xe1 0x00 0x00 0x00 0x00 0x00 0x00 0x40 0xba                                MOVA r1, #-1;                                                                             JL #llvm___aie2p___acquire
.delay_slot
	  3722    0x10 0x00 0xc5 0x18                                                                                                                                                        MOVX r0, #49
.delay_slot
.swstall delay_slot
	  3726    0x00 0x00                                                                        NOPX
.delay_slot
.swstall delay_slot
	  3728    0x00 0x00                                                                        NOPX
.delay_slot
.swstall delay_slot
	  3730    0x00 0x00                                                                        NOPX
.delay_slot
.swstall delay_slot
	  3732    0x00 0x2c 0xf0 0x00 0x20 0x00 0x00 0x00 0x00 0xad 0x81 0x36                      NOPA;                         NOPB;                         NOPS;                         NOPX
.return_address
.no_stack_arguments
	  3744    0x00 0x00 0x00 0x00 0x01 0x04                                                                                                                                              JL #matmul_vectorized_different_datatypes
.delay_slot
	  3750    0x00 0x00 0x00 0xc0 0x00 0x44                                                                                                                                              MOVXM p0, #A_L2L1_1_1_cons_buff_0
.delay_slot
	  3756    0x00 0x00 0x02 0xc0 0x00 0x44                                                                                                                                              MOVXM p1, #B_L2L1_1_1_cons_buff_1
.delay_slot
	  3762    0x1a 0x6c 0xc0 0xf8                                                                                                                                                                                      MOV p2, p6
.delay_slot
.swstall delay_slot
	  3766    0x00 0x00                                                                        NOPX
.delay_slot
.swstall delay_slot
	  3768    0x00 0x2c 0xf0 0x04 0x00 0x00 0x1c 0x22                                          NOPA;                                                                                                                                                           NOPV
.return_address
.no_stack_arguments
	  3776    0x06 0x00 0x00 0x00 0x00 0x00 0x00 0x00 0x40 0xba                                MOVA r0, #48;                                                                             JL #llvm___aie2p___release
.delay_slot
	  3786    0x10 0x02 0x05 0x18                                                                                                                                                        MOVX r1, #1
.delay_slot
.swstall delay_slot
	  3790    0x00 0x00                                                                        NOPX
.delay_slot
.swstall delay_slot
	  3792    0x00 0x00                                                                        NOPX
.delay_slot
.swstall delay_slot
	  3794    0x00 0x00                                                                        NOPX
.delay_slot
.swstall delay_slot
	  3796    0x00 0x2c 0xf0 0x00 0x20 0x00 0x00 0x00 0x00 0xad 0x81 0x36                      NOPA;                         NOPB;                         NOPS;                         NOPX
.return_address
.no_stack_arguments
	  3808    0xff 0xe1 0x00 0x00 0x00 0x00 0x00 0x00 0x40 0xba                                MOVA r1, #-1;                                                                             JL #llvm___aie2p___acquire
.delay_slot
	  3818    0x10 0x00 0xc5 0x18                                                                                                                                                        MOVX r0, #49
.delay_slot
.swstall delay_slot
	  3822    0x00 0x00                                                                        NOPX
.delay_slot
.swstall delay_slot
	  3824    0x00 0x00                                                                        NOPX
.delay_slot
.swstall delay_slot
	  3826    0x00 0x00                                                                        NOPX
.delay_slot
.swstall delay_slot
	  3828    0x00 0x2c 0xf0 0x00 0x20 0x00 0x00 0x00 0x00 0xad 0x81 0x36                      NOPA;                         NOPB;                         NOPS;                         NOPX
.return_address
.no_stack_arguments
	  3840    0x00 0x00 0x00 0x00 0x01 0x04                                                                                                                                              JL #matmul_vectorized_different_datatypes
.delay_slot
	  3846    0x00 0x00 0x00 0xc0 0x00 0x44                                                                                                                                              MOVXM p0, #A_L2L1_1_1_cons_buff_1
.delay_slot
	  3852    0x00 0x00 0x02 0xc0 0x00 0x44                                                                                                                                              MOVXM p1, #B_L2L1_1_1_cons_buff_1
.delay_slot
	  3858    0x1a 0x6c 0xc0 0xf8                                                                                                                                                                                      MOV p2, p6
.delay_slot
.swstall delay_slot
	  3862    0x00 0x00                                                                        NOPX
.delay_slot
.swstall delay_slot
	  3864    0x00 0x2c 0xf0 0x04 0x00 0x00 0x1c 0x22                                          NOPA;                                                                                                                                                           NOPV
.return_address
.no_stack_arguments
	  3872    0x06 0x00 0x00 0x00 0x00 0x00 0x00 0x00 0x40 0xba                                MOVA r0, #48;                                                                             JL #llvm___aie2p___release
.delay_slot
	  3882    0x10 0x02 0x05 0x18                                                                                                                                                        MOVX r1, #1
.delay_slot
.swstall delay_slot
	  3886    0x00 0x00                                                                        NOPX
.delay_slot
.swstall delay_slot
	  3888    0x00 0x00                                                                        NOPX
.delay_slot
.swstall delay_slot
	  3890    0x00 0x00                                                                        NOPX
.delay_slot
.swstall delay_slot
	  3892    0x00 0x2c 0xf0 0x00 0x20 0x00 0x00 0x00 0x00 0xad 0x81 0x36                      NOPA;                         NOPB;                         NOPS;                         NOPX
.return_address
.no_stack_arguments
	  3904    0xff 0xe1 0x00 0x00 0x00 0x00 0x00 0x00 0x40 0xba                                MOVA r1, #-1;                                                                             JL #llvm___aie2p___acquire
.delay_slot
	  3914    0x10 0x00 0xc5 0x18                                                                                                                                                        MOVX r0, #49
.delay_slot
.swstall delay_slot
	  3918    0x00 0x00                                                                        NOPX
.delay_slot
.swstall delay_slot
	  3920    0x00 0x00                                                                        NOPX
.delay_slot
.swstall delay_slot
	  3922    0x00 0x00                                                                        NOPX
.delay_slot
.swstall delay_slot
	  3924    0x00 0x2c 0xf0 0x00 0x20 0x00 0x00 0x00 0x00 0xad 0x81 0x36                      NOPA;                         NOPB;                         NOPS;                         NOPX
.return_address
.no_stack_arguments
	  3936    0x00 0x00 0x00 0x00 0x01 0x04                                                                                                                                              JL #matmul_vectorized_different_datatypes
.delay_slot
	  3942    0x00 0x00 0x00 0xc0 0x00 0x44                                                                                                                                              MOVXM p0, #A_L2L1_1_1_cons_buff_0
.delay_slot
	  3948    0x00 0x00 0x02 0xc0 0x00 0x44                                                                                                                                              MOVXM p1, #B_L2L1_1_1_cons_buff_1
.delay_slot
	  3954    0x1a 0x6c 0xc0 0xf8                                                                                                                                                                                      MOV p2, p6
.delay_slot
.swstall delay_slot
	  3958    0x00 0x00                                                                        NOPX
.delay_slot
.swstall delay_slot
	  3960    0x00 0x2c 0xf0 0x04 0x00 0x00 0x1c 0x22                                          NOPA;                                                                                                                                                           NOPV
.return_address
.no_stack_arguments
	  3968    0x06 0x00 0x00 0x00 0x00 0x00 0x00 0x00 0x40 0xba                                MOVA r0, #48;                                                                             JL #llvm___aie2p___release
.delay_slot
	  3978    0x10 0x02 0x05 0x18                                                                                                                                                        MOVX r1, #1
.delay_slot
.swstall delay_slot
	  3982    0x00 0x00                                                                        NOPX
.delay_slot
.swstall delay_slot
	  3984    0x00 0x00                                                                        NOPX
.delay_slot
.swstall delay_slot
	  3986    0x00 0x00                                                                        NOPX
.delay_slot
.swstall delay_slot
	  3988    0x00 0x2c 0xf0 0x00 0x20 0x00 0x00 0x00 0x00 0xad 0x81 0x36                      NOPA;                         NOPB;                         NOPS;                         NOPX
.return_address
.no_stack_arguments
	  4000    0x00 0x00 0x00 0x00 0x01 0x04                                                                                                                                              JL #llvm___aie2p___acquire
.delay_slot
	  4006    0xff 0xe1 0x00 0x00 0x00 0x03 0x36 0x50 0x10 0xba                                MOVA r1, #-1;                                                                             MOVXM p6, #(TGT_Fcore_1_3_3232 + 0)
.delay_slot
	  4016    0x10 0x00 0xc5 0x18                                                                                                                                                        MOVX r0, #49
.delay_slot
.swstall delay_slot
	  4020    0x00 0x00                                                                        NOPX
.delay_slot
.swstall delay_slot
	  4022    0x00 0x00                                                                        NOPX
.delay_slot
.swstall delay_slot
	  4024    0x00 0x2c 0xf0 0x04 0x00 0x00 0x1c 0x22                                          NOPA;                                                                                                                                                           NOPV
.return_address
.no_stack_arguments
	  4032    0x00 0x00 0x00 0x00 0x01 0x04                                                                                                                                              JL #matmul_vectorized_different_datatypes
.delay_slot
	  4038    0x00 0x00 0x00 0xc0 0x00 0x44                                                                                                                                              MOVXM p0, #A_L2L1_1_1_cons_buff_1
.delay_slot
	  4044    0x00 0x00 0x02 0xc0 0x00 0x44                                                                                                                                              MOVXM p1, #B_L2L1_1_1_cons_buff_1
.delay_slot
	  4050    0x1a 0x6e 0xc0 0xf8                                                                                                                                                                                      MOV p2, p7
.delay_slot
.swstall delay_slot
	  4054    0x00 0x00                                                                        NOPX
.delay_slot
.swstall delay_slot
	  4056    0x00 0x2c 0xf0 0x04 0x00 0x00 0x1c 0x22                                          NOPA;                                                                                                                                                           NOPV
.return_address
.no_stack_arguments
	  4064    0x06 0x00 0x00 0x00 0x00 0x00 0x00 0x00 0x40 0xba                                MOVA r0, #48;                                                                             JL #llvm___aie2p___release
.delay_slot
	  4074    0x10 0x02 0x05 0x18                                                                                                                                                        MOVX r1, #1
.delay_slot
.swstall delay_slot
	  4078    0x00 0x00                                                                        NOPX
.delay_slot
.swstall delay_slot
	  4080    0x00 0x00                                                                        NOPX
.delay_slot
.swstall delay_slot
	  4082    0x00 0x00                                                                        NOPX
.delay_slot
.swstall delay_slot
	  4084    0x00 0x2c 0xf0 0x00 0x20 0x00 0x00 0x00 0x00 0xad 0x81 0x36                      NOPA;                         NOPB;                         NOPS;                         NOPX
.return_address
.no_stack_arguments
	  4096    0x06 0x40 0x00 0x00 0x00 0x00 0x00 0x00 0x40 0xba                                MOVA r0, #50;                                                                             JL #llvm___aie2p___release
.delay_slot
	  4106    0x10 0x02 0x05 0x18                                                                                                                                                        MOVX r1, #1
.delay_slot
.swstall delay_slot
	  4110    0x00 0x00                                                                        NOPX
.delay_slot
.swstall delay_slot
	  4112    0x00 0x00                                                                        NOPX
.delay_slot
.swstall delay_slot
	  4114    0x00 0x00                                                                        NOPX
.delay_slot
.swstall delay_slot
	  4116    0x00 0x2c 0xf0 0x00 0x20 0x00 0x00 0x00 0x00 0xad 0x81 0x36                      NOPA;                         NOPB;                         NOPS;                         NOPX
.return_address
	  4128    0x13 0x19 0xa0 0x18                                                                                                                                                        JNZD r12, r12, p6
.delay_slot
.swstall delay_slot
	  4132    0x00 0x00                                                                        NOPX
.delay_slot
.swstall delay_slot
	  4134    0x00 0x00                                                                        NOPX
.delay_slot
.swstall delay_slot
	  4136    0x00 0x00                                                                        NOPX
.delay_slot
.swstall delay_slot
	  4138    0x00 0x00                                                                        NOPX
.delay_slot
.swstall delay_slot
	  4140    0x00 0x00                                                                        NOPX
.loop_nesting 1
.no_stack_arguments
	  4142    0x06 0xa0 0x00 0x00 0x00 0x00 0x00 0x00 0x40 0xba                                MOVA r0, #53;                                                                             JL #llvm___aie2p___release
.delay_slot
	  4152    0x10 0x02 0x05 0x18                                                                                                                                                        MOVX r1, #1
.delay_slot
.swstall delay_slot
	  4156    0x00 0x00                                                                        NOPX
.delay_slot
.swstall delay_slot
	  4158    0x00 0x00                                                                        NOPX
.delay_slot
.swstall delay_slot
	  4160    0x00 0x00                                                                        NOPX
.delay_slot
.swstall delay_slot
	  4162    0x00 0x2c 0xf0 0x02 0xb6 0x00 0x00 0x40 0x1a 0x57 0x00 0x00 0x1c 0x2e            NOPA;                                                       NOPS;                                                       NOPM;                                   NOPV
.return_address
.no_stack_arguments
	  4176    0x06 0x80 0x00 0x00 0x00 0x00 0x00 0x00 0x40 0xba                                MOVA r0, #52;                                                                             JL #llvm___aie2p___acquire
.delay_slot
	  4186    0x17 0xc2 0xfd 0x18                                                                                                                                                        MOVX r1, #-1
.delay_slot
.swstall delay_slot
	  4190    0x00 0x00                                                                        NOPX
.delay_slot
.swstall delay_slot
	  4192    0x00 0x00                                                                        NOPX
.delay_slot
.swstall delay_slot
	  4194    0x00 0x00                                                                        NOPX
.delay_slot
.swstall delay_slot
	  4196    0x00 0x2c 0xf0 0x00 0x20 0x00 0x00 0x00 0x00 0xad 0x81 0x36                      NOPA;                         NOPB;                         NOPS;                         NOPX
.return_address
.no_stack_arguments
	  4208    0x00 0x00 0x00 0x00 0x01 0x04                                                                                                                                              JL #zero_kernel_bf16
.delay_slot
	  4214    0x00 0x00 0x0c 0xc0 0x00 0x44                                                                                                                                              MOVXM p6, #C_L1L2_1_1_buff_0
.delay_slot
	  4220    0x18 0x6e 0xc0 0xf8                                                                                                                                                                                      MOV p0, p7
.delay_slot
.swstall delay_slot
	  4224    0x00 0x00                                                                        NOPX
.delay_slot
.swstall delay_slot
	  4226    0x00 0x00                                                                        NOPX
.delay_slot
.swstall delay_slot
	  4228    0x00 0x2c 0xf0 0x00 0x20 0x00 0x00 0x00 0x00 0xad 0x81 0x36                      NOPA;                         NOPB;                         NOPS;                         NOPX
.return_address
	  4240    0x00 0x2c 0xf0 0x00 0x20 0x01 0x5b 0x00 0xc1 0xe8 0x01 0xa5 0x78 0x00 0x00 0xe1  NOPA;                         NOPB;                         NOPS;                         MOVX r12, #15;                NOPM;                                   NOPV
.label TGT_Fcore_1_3_4256
.loop_nesting 2
.no_stack_arguments
	  4256    0xff 0xe1 0x00 0x00 0x00 0x00 0x00 0x00 0x40 0xba                                MOVA r1, #-1;                                                                             JL #llvm___aie2p___acquire
.delay_slot
	  4266    0x10 0x00 0xcd 0x18                                                                                                                                                        MOVX r0, #51
.delay_slot
.swstall delay_slot
	  4270    0x00 0x00                                                                        NOPX
.delay_slot
.swstall delay_slot
	  4272    0x00 0x00                                                                        NOPX
.delay_slot
.swstall delay_slot
	  4274    0x00 0x00                                                                        NOPX
.delay_slot
.swstall delay_slot
	  4276    0x00 0x2c 0xf0 0x00 0x20 0x00 0x00 0x00 0x00 0xad 0x81 0x36                      NOPA;                         NOPB;                         NOPS;                         NOPX
.return_address
.no_stack_arguments
	  4288    0xff 0xe1 0x00 0x00 0x00 0x00 0x00 0x00 0x40 0xba                                MOVA r1, #-1;                                                                             JL #llvm___aie2p___acquire
.delay_slot
	  4298    0x10 0x00 0xc5 0x18                                                                                                                                                        MOVX r0, #49
.delay_slot
.swstall delay_slot
	  4302    0x00 0x00                                                                        NOPX
.delay_slot
.swstall delay_slot
	  4304    0x00 0x00                                                                        NOPX
.delay_slot
.swstall delay_slot
	  4306    0x00 0x00                                                                        NOPX
.delay_slot
.swstall delay_slot
	  4308    0x00 0x2c 0xf0 0x00 0x20 0x00 0x00 0x00 0x00 0xad 0x81 0x36                      NOPA;                         NOPB;                         NOPS;                         NOPX
.return_address
.no_stack_arguments
	  4320    0x53 0x11 0x60 0x00 0x00 0x00 0x00 0x00 0x41 0x3a                                                                                            MOVS p2, p6;                  JL #matmul_vectorized_different_datatypes
.delay_slot
	  4330    0x00 0x00 0x02 0xc0 0x00 0x44                                                                                                                                              MOVXM p1, #B_L2L1_1_1_cons_buff_0
.delay_slot
	  4336    0x00 0x00 0x00 0xc0 0x00 0x44                                                                                                                                              MOVXM p0, #A_L2L1_1_1_cons_buff_0
.delay_slot
	  4342    0x1f 0x64 0xc0 0xf8                                                                                                                                                                                      MOV p7, p2
.delay_slot
.swstall delay_slot
	  4346    0x00 0x00                                                                        NOPX
.delay_slot
.swstall delay_slot
	  4348    0x00 0x01 0x67 0x98                                                              NOPA
.return_address
.no_stack_arguments
	  4352    0x06 0x00 0x00 0x00 0x00 0x00 0x00 0x00 0x40 0xba                                MOVA r0, #48;                                                                             JL #llvm___aie2p___release
.delay_slot
	  4362    0x10 0x02 0x05 0x18                                                                                                                                                        MOVX r1, #1
.delay_slot
.swstall delay_slot
	  4366    0x00 0x00                                                                        NOPX
.delay_slot
.swstall delay_slot
	  4368    0x00 0x00                                                                        NOPX
.delay_slot
.swstall delay_slot
	  4370    0x00 0x00                                                                        NOPX
.delay_slot
.swstall delay_slot
	  4372    0x00 0x2c 0xf0 0x00 0x20 0x00 0x00 0x00 0x00 0xad 0x81 0x36                      NOPA;                         NOPB;                         NOPS;                         NOPX
.return_address
.no_stack_arguments
	  4384    0xff 0xe1 0x00 0x00 0x00 0x00 0x00 0x00 0x40 0xba                                MOVA r1, #-1;                                                                             JL #llvm___aie2p___acquire
.delay_slot
	  4394    0x10 0x00 0xc5 0x18                                                                                                                                                        MOVX r0, #49
.delay_slot
.swstall delay_slot
	  4398    0x00 0x00                                                                        NOPX
.delay_slot
.swstall delay_slot
	  4400    0x00 0x00                                                                        NOPX
.delay_slot
.swstall delay_slot
	  4402    0x00 0x00                                                                        NOPX
.delay_slot
.swstall delay_slot
	  4404    0x00 0x2c 0xf0 0x00 0x20 0x00 0x00 0x00 0x00 0xad 0x81 0x36                      NOPA;                         NOPB;                         NOPS;                         NOPX
.return_address
.no_stack_arguments
	  4416    0x53 0x91 0x60 0x00 0x00 0x00 0x00 0x00 0x41 0x3a                                                                                            MOVS p2, p7;                  JL #matmul_vectorized_different_datatypes
.delay_slot
	  4426    0x00 0x00 0x00 0xc0 0x00 0x44                                                                                                                                              MOVXM p0, #A_L2L1_1_1_cons_buff_1
.delay_slot
	  4432    0x00 0x00 0x02 0xc0 0x00 0x44                                                                                                                                              MOVXM p1, #B_L2L1_1_1_cons_buff_0
.delay_slot
	  4438    0x1e 0x64 0xc0 0xf8                                                                                                                                                                                      MOV p6, p2
.delay_slot
.swstall delay_slot
	  4442    0x00 0x00                                                                        NOPX
.delay_slot
.swstall delay_slot
	  4444    0x00 0x01 0x67 0x98                                                              NOPA
.return_address
.no_stack_arguments
	  4448    0x06 0x00 0x00 0x00 0x00 0x00 0x00 0x00 0x40 0xba                                MOVA r0, #48;                                                                             JL #llvm___aie2p___release
.delay_slot
	  4458    0x10 0x02 0x05 0x18                                                                                                                                                        MOVX r1, #1
.delay_slot
.swstall delay_slot
	  4462    0x00 0x00                                                                        NOPX
.delay_slot
.swstall delay_slot
	  4464    0x00 0x00                                                                        NOPX
.delay_slot
.swstall delay_slot
	  4466    0x00 0x00                                                                        NOPX
.delay_slot
.swstall delay_slot
	  4468    0x00 0x2c 0xf0 0x00 0x20 0x00 0x00 0x00 0x00 0xad 0x81 0x36                      NOPA;                         NOPB;                         NOPS;                         NOPX
.return_address
.no_stack_arguments
	  4480    0xff 0xe1 0x00 0x00 0x00 0x00 0x00 0x00 0x40 0xba                                MOVA r1, #-1;                                                                             JL #llvm___aie2p___acquire
.delay_slot
	  4490    0x10 0x00 0xc5 0x18                                                                                                                                                        MOVX r0, #49
.delay_slot
.swstall delay_slot
	  4494    0x00 0x00                                                                        NOPX
.delay_slot
.swstall delay_slot
	  4496    0x00 0x00                                                                        NOPX
.delay_slot
.swstall delay_slot
	  4498    0x00 0x00                                                                        NOPX
.delay_slot
.swstall delay_slot
	  4500    0x00 0x2c 0xf0 0x00 0x20 0x00 0x00 0x00 0x00 0xad 0x81 0x36                      NOPA;                         NOPB;                         NOPS;                         NOPX
.return_address
.no_stack_arguments
	  4512    0x00 0x00 0x00 0x00 0x01 0x04                                                                                                                                              JL #matmul_vectorized_different_datatypes
.delay_slot
	  4518    0x00 0x00 0x00 0xc0 0x00 0x44                                                                                                                                              MOVXM p0, #A_L2L1_1_1_cons_buff_0
.delay_slot
	  4524    0x00 0x00 0x02 0xc0 0x00 0x44                                                                                                                                              MOVXM p1, #B_L2L1_1_1_cons_buff_0
.delay_slot
	  4530    0x1a 0x6c 0xc0 0xf8                                                                                                                                                                                      MOV p2, p6
.delay_slot
.swstall delay_slot
	  4534    0x00 0x00                                                                        NOPX
.delay_slot
.swstall delay_slot
	  4536    0x00 0x2c 0xf0 0x04 0x00 0x00 0x1c 0x22                                          NOPA;                                                                                                                                                           NOPV
.return_address
.no_stack_arguments
	  4544    0x06 0x00 0x00 0x00 0x00 0x00 0x00 0x00 0x40 0xba                                MOVA r0, #48;                                                                             JL #llvm___aie2p___release
.delay_slot
	  4554    0x10 0x02 0x05 0x18                                                                                                                                                        MOVX r1, #1
.delay_slot
.swstall delay_slot
	  4558    0x00 0x00                                                                        NOPX
.delay_slot
.swstall delay_slot
	  4560    0x00 0x00                                                                        NOPX
.delay_slot
.swstall delay_slot
	  4562    0x00 0x00                                                                        NOPX
.delay_slot
.swstall delay_slot
	  4564    0x00 0x2c 0xf0 0x00 0x20 0x00 0x00 0x00 0x00 0xad 0x81 0x36                      NOPA;                         NOPB;                         NOPS;                         NOPX
.return_address
.no_stack_arguments
	  4576    0xff 0xe1 0x00 0x00 0x00 0x00 0x00 0x00 0x40 0xba                                MOVA r1, #-1;                                                                             JL #llvm___aie2p___acquire
.delay_slot
	  4586    0x10 0x00 0xc5 0x18                                                                                                                                                        MOVX r0, #49
.delay_slot
.swstall delay_slot
	  4590    0x00 0x00                                                                        NOPX
.delay_slot
.swstall delay_slot
	  4592    0x00 0x00                                                                        NOPX
.delay_slot
.swstall delay_slot
	  4594    0x00 0x00                                                                        NOPX
.delay_slot
.swstall delay_slot
	  4596    0x00 0x2c 0xf0 0x00 0x20 0x00 0x00 0x00 0x00 0xad 0x81 0x36                      NOPA;                         NOPB;                         NOPS;                         NOPX
.return_address
.no_stack_arguments
	  4608    0x00 0x00 0x00 0x00 0x01 0x04                                                                                                                                              JL #matmul_vectorized_different_datatypes
.delay_slot
	  4614    0x00 0x00 0x00 0xc0 0x00 0x44                                                                                                                                              MOVXM p0, #A_L2L1_1_1_cons_buff_1
.delay_slot
	  4620    0x00 0x00 0x02 0xc0 0x00 0x44                                                                                                                                              MOVXM p1, #B_L2L1_1_1_cons_buff_0
.delay_slot
	  4626    0x1a 0x6c 0xc0 0xf8                                                                                                                                                                                      MOV p2, p6
.delay_slot
.swstall delay_slot
	  4630    0x00 0x00                                                                        NOPX
.delay_slot
.swstall delay_slot
	  4632    0x00 0x2c 0xf0 0x04 0x00 0x00 0x1c 0x22                                          NOPA;                                                                                                                                                           NOPV
.return_address
.no_stack_arguments
	  4640    0x06 0x00 0x00 0x00 0x00 0x00 0x00 0x00 0x40 0xba                                MOVA r0, #48;                                                                             JL #llvm___aie2p___release
.delay_slot
	  4650    0x10 0x02 0x05 0x18                                                                                                                                                        MOVX r1, #1
.delay_slot
.swstall delay_slot
	  4654    0x00 0x00                                                                        NOPX
.delay_slot
.swstall delay_slot
	  4656    0x00 0x00                                                                        NOPX
.delay_slot
.swstall delay_slot
	  4658    0x00 0x00                                                                        NOPX
.delay_slot
.swstall delay_slot
	  4660    0x00 0x2c 0xf0 0x00 0x20 0x00 0x00 0x00 0x00 0xad 0x81 0x36                      NOPA;                         NOPB;                         NOPS;                         NOPX
.return_address
.no_stack_arguments
	  4672    0x06 0x40 0x00 0x00 0x00 0x00 0x00 0x00 0x40 0xba                                MOVA r0, #50;                                                                             JL #llvm___aie2p___release
.delay_slot
	  4682    0x10 0x02 0x05 0x18                                                                                                                                                        MOVX r1, #1
.delay_slot
.swstall delay_slot
	  4686    0x00 0x00                                                                        NOPX
.delay_slot
.swstall delay_slot
	  4688    0x00 0x00                                                                        NOPX
.delay_slot
.swstall delay_slot
	  4690    0x00 0x00                                                                        NOPX
.delay_slot
.swstall delay_slot
	  4692    0x00 0x2c 0xf0 0x00 0x20 0x00 0x00 0x00 0x00 0xad 0x81 0x36                      NOPA;                         NOPB;                         NOPS;                         NOPX
.return_address
.no_stack_arguments
	  4704    0xff 0xe1 0x00 0x00 0x00 0x00 0x00 0x00 0x40 0xba                                MOVA r1, #-1;                                                                             JL #llvm___aie2p___acquire
.delay_slot
	  4714    0x10 0x00 0xcd 0x18                                                                                                                                                        MOVX r0, #51
.delay_slot
.swstall delay_slot
	  4718    0x00 0x00                                                                        NOPX
.delay_slot
.swstall delay_slot
	  4720    0x00 0x00                                                                        NOPX
.delay_slot
.swstall delay_slot
	  4722    0x00 0x00                                                                        NOPX
.delay_slot
.swstall delay_slot
	  4724    0x00 0x2c 0xf0 0x00 0x20 0x00 0x00 0x00 0x00 0xad 0x81 0x36                      NOPA;                         NOPB;                         NOPS;                         NOPX
.return_address
.no_stack_arguments
	  4736    0xff 0xe1 0x00 0x00 0x00 0x00 0x00 0x00 0x40 0xba                                MOVA r1, #-1;                                                                             JL #llvm___aie2p___acquire
.delay_slot
	  4746    0x10 0x00 0xc5 0x18                                                                                                                                                        MOVX r0, #49
.delay_slot
.swstall delay_slot
	  4750    0x00 0x00                                                                        NOPX
.delay_slot
.swstall delay_slot
	  4752    0x00 0x00                                                                        NOPX
.delay_slot
.swstall delay_slot
	  4754    0x00 0x00                                                                        NOPX
.delay_slot
.swstall delay_slot
	  4756    0x00 0x2c 0xf0 0x00 0x20 0x00 0x00 0x00 0x00 0xad 0x81 0x36                      NOPA;                         NOPB;                         NOPS;                         NOPX
.return_address
.no_stack_arguments
	  4768    0x00 0x00 0x00 0x00 0x01 0x04                                                                                                                                              JL #matmul_vectorized_different_datatypes
.delay_slot
	  4774    0x00 0x00 0x00 0xc0 0x00 0x44                                                                                                                                              MOVXM p0, #A_L2L1_1_1_cons_buff_0
.delay_slot
	  4780    0x00 0x00 0x02 0xc0 0x00 0x44                                                                                                                                              MOVXM p1, #B_L2L1_1_1_cons_buff_1
.delay_slot
	  4786    0x1a 0x6c 0xc0 0xf8                                                                                                                                                                                      MOV p2, p6
.delay_slot
.swstall delay_slot
	  4790    0x00 0x00                                                                        NOPX
.delay_slot
.swstall delay_slot
	  4792    0x00 0x2c 0xf0 0x04 0x00 0x00 0x1c 0x22                                          NOPA;                                                                                                                                                           NOPV
.return_address
.no_stack_arguments
	  4800    0x06 0x00 0x00 0x00 0x00 0x00 0x00 0x00 0x40 0xba                                MOVA r0, #48;                                                                             JL #llvm___aie2p___release
.delay_slot
	  4810    0x10 0x02 0x05 0x18                                                                                                                                                        MOVX r1, #1
.delay_slot
.swstall delay_slot
	  4814    0x00 0x00                                                                        NOPX
.delay_slot
.swstall delay_slot
	  4816    0x00 0x00                                                                        NOPX
.delay_slot
.swstall delay_slot
	  4818    0x00 0x00                                                                        NOPX
.delay_slot
.swstall delay_slot
	  4820    0x00 0x2c 0xf0 0x00 0x20 0x00 0x00 0x00 0x00 0xad 0x81 0x36                      NOPA;                         NOPB;                         NOPS;                         NOPX
.return_address
.no_stack_arguments
	  4832    0xff 0xe1 0x00 0x00 0x00 0x00 0x00 0x00 0x40 0xba                                MOVA r1, #-1;                                                                             JL #llvm___aie2p___acquire
.delay_slot
	  4842    0x10 0x00 0xc5 0x18                                                                                                                                                        MOVX r0, #49
.delay_slot
.swstall delay_slot
	  4846    0x00 0x00                                                                        NOPX
.delay_slot
.swstall delay_slot
	  4848    0x00 0x00                                                                        NOPX
.delay_slot
.swstall delay_slot
	  4850    0x00 0x00                                                                        NOPX
.delay_slot
.swstall delay_slot
	  4852    0x00 0x2c 0xf0 0x00 0x20 0x00 0x00 0x00 0x00 0xad 0x81 0x36                      NOPA;                         NOPB;                         NOPS;                         NOPX
.return_address
.no_stack_arguments
	  4864    0x00 0x00 0x00 0x00 0x01 0x04                                                                                                                                              JL #matmul_vectorized_different_datatypes
.delay_slot
	  4870    0x00 0x00 0x00 0xc0 0x00 0x44                                                                                                                                              MOVXM p0, #A_L2L1_1_1_cons_buff_1
.delay_slot
	  4876    0x00 0x00 0x02 0xc0 0x00 0x44                                                                                                                                              MOVXM p1, #B_L2L1_1_1_cons_buff_1
.delay_slot
	  4882    0x1a 0x6c 0xc0 0xf8                                                                                                                                                                                      MOV p2, p6
.delay_slot
.swstall delay_slot
	  4886    0x00 0x00                                                                        NOPX
.delay_slot
.swstall delay_slot
	  4888    0x00 0x2c 0xf0 0x04 0x00 0x00 0x1c 0x22                                          NOPA;                                                                                                                                                           NOPV
.return_address
.no_stack_arguments
	  4896    0x06 0x00 0x00 0x00 0x00 0x00 0x00 0x00 0x40 0xba                                MOVA r0, #48;                                                                             JL #llvm___aie2p___release
.delay_slot
	  4906    0x10 0x02 0x05 0x18                                                                                                                                                        MOVX r1, #1
.delay_slot
.swstall delay_slot
	  4910    0x00 0x00                                                                        NOPX
.delay_slot
.swstall delay_slot
	  4912    0x00 0x00                                                                        NOPX
.delay_slot
.swstall delay_slot
	  4914    0x00 0x00                                                                        NOPX
.delay_slot
.swstall delay_slot
	  4916    0x00 0x2c 0xf0 0x00 0x20 0x00 0x00 0x00 0x00 0xad 0x81 0x36                      NOPA;                         NOPB;                         NOPS;                         NOPX
.return_address
.no_stack_arguments
	  4928    0xff 0xe1 0x00 0x00 0x00 0x00 0x00 0x00 0x40 0xba                                MOVA r1, #-1;                                                                             JL #llvm___aie2p___acquire
.delay_slot
	  4938    0x10 0x00 0xc5 0x18                                                                                                                                                        MOVX r0, #49
.delay_slot
.swstall delay_slot
	  4942    0x00 0x00                                                                        NOPX
.delay_slot
.swstall delay_slot
	  4944    0x00 0x00                                                                        NOPX
.delay_slot
.swstall delay_slot
	  4946    0x00 0x00                                                                        NOPX
.delay_slot
.swstall delay_slot
	  4948    0x00 0x2c 0xf0 0x00 0x20 0x00 0x00 0x00 0x00 0xad 0x81 0x36                      NOPA;                         NOPB;                         NOPS;                         NOPX
.return_address
.no_stack_arguments
	  4960    0x00 0x00 0x00 0x00 0x01 0x04                                                                                                                                              JL #matmul_vectorized_different_datatypes
.delay_slot
	  4966    0x00 0x00 0x00 0xc0 0x00 0x44                                                                                                                                              MOVXM p0, #A_L2L1_1_1_cons_buff_0
.delay_slot
	  4972    0x00 0x00 0x02 0xc0 0x00 0x44                                                                                                                                              MOVXM p1, #B_L2L1_1_1_cons_buff_1
.delay_slot
	  4978    0x1a 0x6c 0xc0 0xf8                                                                                                                                                                                      MOV p2, p6
.delay_slot
.swstall delay_slot
	  4982    0x00 0x00                                                                        NOPX
.delay_slot
.swstall delay_slot
	  4984    0x00 0x2c 0xf0 0x04 0x00 0x00 0x1c 0x22                                          NOPA;                                                                                                                                                           NOPV
.return_address
.no_stack_arguments
	  4992    0x06 0x00 0x00 0x00 0x00 0x00 0x00 0x00 0x40 0xba                                MOVA r0, #48;                                                                             JL #llvm___aie2p___release
.delay_slot
	  5002    0x10 0x02 0x05 0x18                                                                                                                                                        MOVX r1, #1
.delay_slot
.swstall delay_slot
	  5006    0x00 0x00                                                                        NOPX
.delay_slot
.swstall delay_slot
	  5008    0x00 0x00                                                                        NOPX
.delay_slot
.swstall delay_slot
	  5010    0x00 0x00                                                                        NOPX
.delay_slot
.swstall delay_slot
	  5012    0x00 0x2c 0xf0 0x00 0x20 0x00 0x00 0x00 0x00 0xad 0x81 0x36                      NOPA;                         NOPB;                         NOPS;                         NOPX
.return_address
.no_stack_arguments
	  5024    0x00 0x00 0x00 0x00 0x01 0x04                                                                                                                                              JL #llvm___aie2p___acquire
.delay_slot
	  5030    0xff 0xe1 0x00 0x00 0x00 0x07 0xb0 0x50 0x10 0xba                                MOVA r1, #-1;                                                                             MOVXM p7, #(TGT_Fcore_1_3_4256 + 0)
.delay_slot
	  5040    0x10 0x00 0xc5 0x18                                                                                                                                                        MOVX r0, #49
.delay_slot
.swstall delay_slot
	  5044    0x00 0x00                                                                        NOPX
.delay_slot
.swstall delay_slot
	  5046    0x00 0x00                                                                        NOPX
.delay_slot
.swstall delay_slot
	  5048    0x00 0x2c 0xf0 0x04 0x00 0x00 0x1c 0x22                                          NOPA;                                                                                                                                                           NOPV
.return_address
.no_stack_arguments
	  5056    0x00 0x00 0x00 0x00 0x01 0x04                                                                                                                                              JL #matmul_vectorized_different_datatypes
.delay_slot
	  5062    0x00 0x00 0x00 0xc0 0x00 0x44                                                                                                                                              MOVXM p0, #A_L2L1_1_1_cons_buff_1
.delay_slot
	  5068    0x00 0x00 0x02 0xc0 0x00 0x44                                                                                                                                              MOVXM p1, #B_L2L1_1_1_cons_buff_1
.delay_slot
	  5074    0x1a 0x6c 0xc0 0xf8                                                                                                                                                                                      MOV p2, p6
.delay_slot
.swstall delay_slot
	  5078    0x00 0x00                                                                        NOPX
.delay_slot
.swstall delay_slot
	  5080    0x00 0x2c 0xf0 0x04 0x00 0x00 0x1c 0x22                                          NOPA;                                                                                                                                                           NOPV
.return_address
.no_stack_arguments
	  5088    0x06 0x00 0x00 0x00 0x00 0x00 0x00 0x00 0x40 0xba                                MOVA r0, #48;                                                                             JL #llvm___aie2p___release
.delay_slot
	  5098    0x10 0x02 0x05 0x18                                                                                                                                                        MOVX r1, #1
.delay_slot
.swstall delay_slot
	  5102    0x00 0x00                                                                        NOPX
.delay_slot
.swstall delay_slot
	  5104    0x00 0x00                                                                        NOPX
.delay_slot
.swstall delay_slot
	  5106    0x00 0x00                                                                        NOPX
.delay_slot
.swstall delay_slot
	  5108    0x00 0x2c 0xf0 0x00 0x20 0x00 0x00 0x00 0x00 0xad 0x81 0x36                      NOPA;                         NOPB;                         NOPS;                         NOPX
.return_address
.no_stack_arguments
	  5120    0x06 0x40 0x00 0x00 0x00 0x00 0x00 0x00 0x40 0xba                                MOVA r0, #50;                                                                             JL #llvm___aie2p___release
.delay_slot
	  5130    0x10 0x02 0x05 0x18                                                                                                                                                        MOVX r1, #1
.delay_slot
.swstall delay_slot
	  5134    0x00 0x00                                                                        NOPX
.delay_slot
.swstall delay_slot
	  5136    0x00 0x00                                                                        NOPX
.delay_slot
.swstall delay_slot
	  5138    0x00 0x00                                                                        NOPX
.delay_slot
.swstall delay_slot
	  5140    0x00 0x2c 0xf0 0x00 0x20 0x00 0x00 0x00 0x00 0xad 0x81 0x36                      NOPA;                         NOPB;                         NOPS;                         NOPX
.return_address
	  5152    0x13 0x19 0xe0 0x18                                                                                                                                                        JNZD r12, r12, p7
.delay_slot
.swstall delay_slot
	  5156    0x00 0x00                                                                        NOPX
.delay_slot
.swstall delay_slot
	  5158    0x00 0x00                                                                        NOPX
.delay_slot
.swstall delay_slot
	  5160    0x00 0x00                                                                        NOPX
.delay_slot
.swstall delay_slot
	  5162    0x00 0x00                                                                        NOPX
.delay_slot
.swstall delay_slot
	  5164    0x00 0x00                                                                        NOPX
.loop_nesting 1
.no_stack_arguments
	  5166    0x06 0xa0 0x00 0x00 0x00 0x00 0x00 0x00 0x40 0xba                                MOVA r0, #53;                                                                             JL #llvm___aie2p___release
.delay_slot
	  5176    0x10 0x02 0x05 0x18                                                                                                                                                        MOVX r1, #1
.delay_slot
.swstall delay_slot
	  5180    0x00 0x00                                                                        NOPX
.delay_slot
.swstall delay_slot
	  5182    0x00 0x00                                                                        NOPX
.delay_slot
.swstall delay_slot
	  5184    0x00 0x00                                                                        NOPX
.delay_slot
.swstall delay_slot
	  5186    0x00 0x2c 0xf0 0x02 0xb6 0x00 0x00 0x40 0x1a 0x57 0x00 0x00 0x1c 0x2e            NOPA;                                                       NOPS;                                                       NOPM;                                   NOPV
.return_address
.no_stack_arguments
	  5200    0x06 0x80 0x00 0x00 0x00 0x00 0x00 0x00 0x40 0xba                                MOVA r0, #52;                                                                             JL #llvm___aie2p___acquire
.delay_slot
	  5210    0x17 0xc2 0xfd 0x18                                                                                                                                                        MOVX r1, #-1
.delay_slot
.swstall delay_slot
	  5214    0x00 0x00                                                                        NOPX
.delay_slot
.swstall delay_slot
	  5216    0x00 0x00                                                                        NOPX
.delay_slot
.swstall delay_slot
	  5218    0x00 0x00                                                                        NOPX
.delay_slot
.swstall delay_slot
	  5220    0x00 0x2c 0xf0 0x00 0x20 0x00 0x00 0x00 0x00 0xad 0x81 0x36                      NOPA;                         NOPB;                         NOPS;                         NOPX
.return_address
.no_stack_arguments
	  5232    0x00 0x00 0x00 0x00 0x01 0x04                                                                                                                                              JL #zero_kernel_bf16
.delay_slot
	  5238    0x18 0x6c 0xc0 0xf8                                                                                                                                                                                      MOV p0, p6
.delay_slot
.swstall delay_slot
	  5242    0x00 0x00                                                                        NOPX
.delay_slot
.swstall delay_slot
	  5244    0x00 0x00                                                                        NOPX
.delay_slot
.swstall delay_slot
	  5246    0x00 0x00                                                                        NOPX
.delay_slot
.swstall delay_slot
	  5248    0x00 0x2c 0xf0 0x00 0x20 0x01 0x5b 0x00 0x00 0x00 0x01 0xa5 0x78 0x00 0x00 0xe1  NOPA;                         NOPB;                         NOPS;                         NOPX;                         NOPM;                                   NOPV
.return_address
	  5264    0x00 0x2c 0xf0 0x00 0x20 0x01 0x5b 0x00 0xc1 0xe8 0x01 0xa5 0x78 0x00 0x00 0xe1  NOPA;                         NOPB;                         NOPS;                         MOVX r12, #15;                NOPM;                                   NOPV
.label TGT_Fcore_1_3_5280
.loop_nesting 2
.no_stack_arguments
	  5280    0xff 0xe1 0x00 0x00 0x00 0x00 0x00 0x00 0x40 0xba                                MOVA r1, #-1;                                                                             JL #llvm___aie2p___acquire
.delay_slot
	  5290    0x10 0x00 0xcd 0x18                                                                                                                                                        MOVX r0, #51
.delay_slot
.swstall delay_slot
	  5294    0x00 0x00                                                                        NOPX
.delay_slot
.swstall delay_slot
	  5296    0x00 0x00                                                                        NOPX
.delay_slot
.swstall delay_slot
	  5298    0x00 0x00                                                                        NOPX
.delay_slot
.swstall delay_slot
	  5300    0x00 0x2c 0xf0 0x00 0x20 0x00 0x00 0x00 0x00 0xad 0x81 0x36                      NOPA;                         NOPB;                         NOPS;                         NOPX
.return_address
.no_stack_arguments
	  5312    0xff 0xe1 0x00 0x00 0x00 0x00 0x00 0x00 0x40 0xba                                MOVA r1, #-1;                                                                             JL #llvm___aie2p___acquire
.delay_slot
	  5322    0x10 0x00 0xc5 0x18                                                                                                                                                        MOVX r0, #49
.delay_slot
.swstall delay_slot
	  5326    0x00 0x00                                                                        NOPX
.delay_slot
.swstall delay_slot
	  5328    0x00 0x00                                                                        NOPX
.delay_slot
.swstall delay_slot
	  5330    0x00 0x00                                                                        NOPX
.delay_slot
.swstall delay_slot
	  5332    0x00 0x2c 0xf0 0x00 0x20 0x00 0x00 0x00 0x00 0xad 0x81 0x36                      NOPA;                         NOPB;                         NOPS;                         NOPX
.return_address
.no_stack_arguments
	  5344    0x53 0x11 0x60 0x00 0x00 0x00 0x00 0x00 0x41 0x3a                                                                                            MOVS p2, p6;                  JL #matmul_vectorized_different_datatypes
.delay_slot
	  5354    0x00 0x00 0x02 0xc0 0x00 0x44                                                                                                                                              MOVXM p1, #B_L2L1_1_1_cons_buff_0
.delay_slot
	  5360    0x00 0x00 0x00 0xc0 0x00 0x44                                                                                                                                              MOVXM p0, #A_L2L1_1_1_cons_buff_0
.delay_slot
	  5366    0x1f 0x64 0xc0 0xf8                                                                                                                                                                                      MOV p7, p2
.delay_slot
.swstall delay_slot
	  5370    0x00 0x00                                                                        NOPX
.delay_slot
.swstall delay_slot
	  5372    0x00 0x01 0x67 0x98                                                              NOPA
.return_address
.no_stack_arguments
	  5376    0x06 0x00 0x00 0x00 0x00 0x00 0x00 0x00 0x40 0xba                                MOVA r0, #48;                                                                             JL #llvm___aie2p___release
.delay_slot
	  5386    0x10 0x02 0x05 0x18                                                                                                                                                        MOVX r1, #1
.delay_slot
.swstall delay_slot
	  5390    0x00 0x00                                                                        NOPX
.delay_slot
.swstall delay_slot
	  5392    0x00 0x00                                                                        NOPX
.delay_slot
.swstall delay_slot
	  5394    0x00 0x00                                                                        NOPX
.delay_slot
.swstall delay_slot
	  5396    0x00 0x2c 0xf0 0x00 0x20 0x00 0x00 0x00 0x00 0xad 0x81 0x36                      NOPA;                         NOPB;                         NOPS;                         NOPX
.return_address
.no_stack_arguments
	  5408    0xff 0xe1 0x00 0x00 0x00 0x00 0x00 0x00 0x40 0xba                                MOVA r1, #-1;                                                                             JL #llvm___aie2p___acquire
.delay_slot
	  5418    0x10 0x00 0xc5 0x18                                                                                                                                                        MOVX r0, #49
.delay_slot
.swstall delay_slot
	  5422    0x00 0x00                                                                        NOPX
.delay_slot
.swstall delay_slot
	  5424    0x00 0x00                                                                        NOPX
.delay_slot
.swstall delay_slot
	  5426    0x00 0x00                                                                        NOPX
.delay_slot
.swstall delay_slot
	  5428    0x00 0x2c 0xf0 0x00 0x20 0x00 0x00 0x00 0x00 0xad 0x81 0x36                      NOPA;                         NOPB;                         NOPS;                         NOPX
.return_address
.no_stack_arguments
	  5440    0x53 0x91 0x60 0x00 0x00 0x00 0x00 0x00 0x41 0x3a                                                                                            MOVS p2, p7;                  JL #matmul_vectorized_different_datatypes
.delay_slot
	  5450    0x00 0x00 0x00 0xc0 0x00 0x44                                                                                                                                              MOVXM p0, #A_L2L1_1_1_cons_buff_1
.delay_slot
	  5456    0x00 0x00 0x02 0xc0 0x00 0x44                                                                                                                                              MOVXM p1, #B_L2L1_1_1_cons_buff_0
.delay_slot
	  5462    0x1e 0x64 0xc0 0xf8                                                                                                                                                                                      MOV p6, p2
.delay_slot
.swstall delay_slot
	  5466    0x00 0x00                                                                        NOPX
.delay_slot
.swstall delay_slot
	  5468    0x00 0x01 0x67 0x98                                                              NOPA
.return_address
.no_stack_arguments
	  5472    0x06 0x00 0x00 0x00 0x00 0x00 0x00 0x00 0x40 0xba                                MOVA r0, #48;                                                                             JL #llvm___aie2p___release
.delay_slot
	  5482    0x10 0x02 0x05 0x18                                                                                                                                                        MOVX r1, #1
.delay_slot
.swstall delay_slot
	  5486    0x00 0x00                                                                        NOPX
.delay_slot
.swstall delay_slot
	  5488    0x00 0x00                                                                        NOPX
.delay_slot
.swstall delay_slot
	  5490    0x00 0x00                                                                        NOPX
.delay_slot
.swstall delay_slot
	  5492    0x00 0x2c 0xf0 0x00 0x20 0x00 0x00 0x00 0x00 0xad 0x81 0x36                      NOPA;                         NOPB;                         NOPS;                         NOPX
.return_address
.no_stack_arguments
	  5504    0xff 0xe1 0x00 0x00 0x00 0x00 0x00 0x00 0x40 0xba                                MOVA r1, #-1;                                                                             JL #llvm___aie2p___acquire
.delay_slot
	  5514    0x10 0x00 0xc5 0x18                                                                                                                                                        MOVX r0, #49
.delay_slot
.swstall delay_slot
	  5518    0x00 0x00                                                                        NOPX
.delay_slot
.swstall delay_slot
	  5520    0x00 0x00                                                                        NOPX
.delay_slot
.swstall delay_slot
	  5522    0x00 0x00                                                                        NOPX
.delay_slot
.swstall delay_slot
	  5524    0x00 0x2c 0xf0 0x00 0x20 0x00 0x00 0x00 0x00 0xad 0x81 0x36                      NOPA;                         NOPB;                         NOPS;                         NOPX
.return_address
.no_stack_arguments
	  5536    0x00 0x00 0x00 0x00 0x01 0x04                                                                                                                                              JL #matmul_vectorized_different_datatypes
.delay_slot
	  5542    0x00 0x00 0x00 0xc0 0x00 0x44                                                                                                                                              MOVXM p0, #A_L2L1_1_1_cons_buff_0
.delay_slot
	  5548    0x00 0x00 0x02 0xc0 0x00 0x44                                                                                                                                              MOVXM p1, #B_L2L1_1_1_cons_buff_0
.delay_slot
	  5554    0x1a 0x6c 0xc0 0xf8                                                                                                                                                                                      MOV p2, p6
.delay_slot
.swstall delay_slot
	  5558    0x00 0x00                                                                        NOPX
.delay_slot
.swstall delay_slot
	  5560    0x00 0x2c 0xf0 0x04 0x00 0x00 0x1c 0x22                                          NOPA;                                                                                                                                                           NOPV
.return_address
.no_stack_arguments
	  5568    0x06 0x00 0x00 0x00 0x00 0x00 0x00 0x00 0x40 0xba                                MOVA r0, #48;                                                                             JL #llvm___aie2p___release
.delay_slot
	  5578    0x10 0x02 0x05 0x18                                                                                                                                                        MOVX r1, #1
.delay_slot
.swstall delay_slot
	  5582    0x00 0x00                                                                        NOPX
.delay_slot
.swstall delay_slot
	  5584    0x00 0x00                                                                        NOPX
.delay_slot
.swstall delay_slot
	  5586    0x00 0x00                                                                        NOPX
.delay_slot
.swstall delay_slot
	  5588    0x00 0x2c 0xf0 0x00 0x20 0x00 0x00 0x00 0x00 0xad 0x81 0x36                      NOPA;                         NOPB;                         NOPS;                         NOPX
.return_address
.no_stack_arguments
	  5600    0xff 0xe1 0x00 0x00 0x00 0x00 0x00 0x00 0x40 0xba                                MOVA r1, #-1;                                                                             JL #llvm___aie2p___acquire
.delay_slot
	  5610    0x10 0x00 0xc5 0x18                                                                                                                                                        MOVX r0, #49
.delay_slot
.swstall delay_slot
	  5614    0x00 0x00                                                                        NOPX
.delay_slot
.swstall delay_slot
	  5616    0x00 0x00                                                                        NOPX
.delay_slot
.swstall delay_slot
	  5618    0x00 0x00                                                                        NOPX
.delay_slot
.swstall delay_slot
	  5620    0x00 0x2c 0xf0 0x00 0x20 0x00 0x00 0x00 0x00 0xad 0x81 0x36                      NOPA;                         NOPB;                         NOPS;                         NOPX
.return_address
.no_stack_arguments
	  5632    0x00 0x00 0x00 0x00 0x01 0x04                                                                                                                                              JL #matmul_vectorized_different_datatypes
.delay_slot
	  5638    0x00 0x00 0x00 0xc0 0x00 0x44                                                                                                                                              MOVXM p0, #A_L2L1_1_1_cons_buff_1
.delay_slot
	  5644    0x00 0x00 0x02 0xc0 0x00 0x44                                                                                                                                              MOVXM p1, #B_L2L1_1_1_cons_buff_0
.delay_slot
	  5650    0x1a 0x6c 0xc0 0xf8                                                                                                                                                                                      MOV p2, p6
.delay_slot
.swstall delay_slot
	  5654    0x00 0x00                                                                        NOPX
.delay_slot
.swstall delay_slot
	  5656    0x00 0x2c 0xf0 0x04 0x00 0x00 0x1c 0x22                                          NOPA;                                                                                                                                                           NOPV
.return_address
.no_stack_arguments
	  5664    0x06 0x00 0x00 0x00 0x00 0x00 0x00 0x00 0x40 0xba                                MOVA r0, #48;                                                                             JL #llvm___aie2p___release
.delay_slot
	  5674    0x10 0x02 0x05 0x18                                                                                                                                                        MOVX r1, #1
.delay_slot
.swstall delay_slot
	  5678    0x00 0x00                                                                        NOPX
.delay_slot
.swstall delay_slot
	  5680    0x00 0x00                                                                        NOPX
.delay_slot
.swstall delay_slot
	  5682    0x00 0x00                                                                        NOPX
.delay_slot
.swstall delay_slot
	  5684    0x00 0x2c 0xf0 0x00 0x20 0x00 0x00 0x00 0x00 0xad 0x81 0x36                      NOPA;                         NOPB;                         NOPS;                         NOPX
.return_address
.no_stack_arguments
	  5696    0x06 0x40 0x00 0x00 0x00 0x00 0x00 0x00 0x40 0xba                                MOVA r0, #50;                                                                             JL #llvm___aie2p___release
.delay_slot
	  5706    0x10 0x02 0x05 0x18                                                                                                                                                        MOVX r1, #1
.delay_slot
.swstall delay_slot
	  5710    0x00 0x00                                                                        NOPX
.delay_slot
.swstall delay_slot
	  5712    0x00 0x00                                                                        NOPX
.delay_slot
.swstall delay_slot
	  5714    0x00 0x00                                                                        NOPX
.delay_slot
.swstall delay_slot
	  5716    0x00 0x2c 0xf0 0x00 0x20 0x00 0x00 0x00 0x00 0xad 0x81 0x36                      NOPA;                         NOPB;                         NOPS;                         NOPX
.return_address
.no_stack_arguments
	  5728    0xff 0xe1 0x00 0x00 0x00 0x00 0x00 0x00 0x40 0xba                                MOVA r1, #-1;                                                                             JL #llvm___aie2p___acquire
.delay_slot
	  5738    0x10 0x00 0xcd 0x18                                                                                                                                                        MOVX r0, #51
.delay_slot
.swstall delay_slot
	  5742    0x00 0x00                                                                        NOPX
.delay_slot
.swstall delay_slot
	  5744    0x00 0x00                                                                        NOPX
.delay_slot
.swstall delay_slot
	  5746    0x00 0x00                                                                        NOPX
.delay_slot
.swstall delay_slot
	  5748    0x00 0x2c 0xf0 0x00 0x20 0x00 0x00 0x00 0x00 0xad 0x81 0x36                      NOPA;                         NOPB;                         NOPS;                         NOPX
.return_address
.no_stack_arguments
	  5760    0xff 0xe1 0x00 0x00 0x00 0x00 0x00 0x00 0x40 0xba                                MOVA r1, #-1;                                                                             JL #llvm___aie2p___acquire
.delay_slot
	  5770    0x10 0x00 0xc5 0x18                                                                                                                                                        MOVX r0, #49
.delay_slot
.swstall delay_slot
	  5774    0x00 0x00                                                                        NOPX
.delay_slot
.swstall delay_slot
	  5776    0x00 0x00                                                                        NOPX
.delay_slot
.swstall delay_slot
	  5778    0x00 0x00                                                                        NOPX
.delay_slot
.swstall delay_slot
	  5780    0x00 0x2c 0xf0 0x00 0x20 0x00 0x00 0x00 0x00 0xad 0x81 0x36                      NOPA;                         NOPB;                         NOPS;                         NOPX
.return_address
.no_stack_arguments
	  5792    0x00 0x00 0x00 0x00 0x01 0x04                                                                                                                                              JL #matmul_vectorized_different_datatypes
.delay_slot
	  5798    0x00 0x00 0x00 0xc0 0x00 0x44                                                                                                                                              MOVXM p0, #A_L2L1_1_1_cons_buff_0
.delay_slot
	  5804    0x00 0x00 0x02 0xc0 0x00 0x44                                                                                                                                              MOVXM p1, #B_L2L1_1_1_cons_buff_1
.delay_slot
	  5810    0x1a 0x6c 0xc0 0xf8                                                                                                                                                                                      MOV p2, p6
.delay_slot
.swstall delay_slot
	  5814    0x00 0x00                                                                        NOPX
.delay_slot
.swstall delay_slot
	  5816    0x00 0x2c 0xf0 0x04 0x00 0x00 0x1c 0x22                                          NOPA;                                                                                                                                                           NOPV
.return_address
.no_stack_arguments
	  5824    0x06 0x00 0x00 0x00 0x00 0x00 0x00 0x00 0x40 0xba                                MOVA r0, #48;                                                                             JL #llvm___aie2p___release
.delay_slot
	  5834    0x10 0x02 0x05 0x18                                                                                                                                                        MOVX r1, #1
.delay_slot
.swstall delay_slot
	  5838    0x00 0x00                                                                        NOPX
.delay_slot
.swstall delay_slot
	  5840    0x00 0x00                                                                        NOPX
.delay_slot
.swstall delay_slot
	  5842    0x00 0x00                                                                        NOPX
.delay_slot
.swstall delay_slot
	  5844    0x00 0x2c 0xf0 0x00 0x20 0x00 0x00 0x00 0x00 0xad 0x81 0x36                      NOPA;                         NOPB;                         NOPS;                         NOPX
.return_address
.no_stack_arguments
	  5856    0xff 0xe1 0x00 0x00 0x00 0x00 0x00 0x00 0x40 0xba                                MOVA r1, #-1;                                                                             JL #llvm___aie2p___acquire
.delay_slot
	  5866    0x10 0x00 0xc5 0x18                                                                                                                                                        MOVX r0, #49
.delay_slot
.swstall delay_slot
	  5870    0x00 0x00                                                                        NOPX
.delay_slot
.swstall delay_slot
	  5872    0x00 0x00                                                                        NOPX
.delay_slot
.swstall delay_slot
	  5874    0x00 0x00                                                                        NOPX
.delay_slot
.swstall delay_slot
	  5876    0x00 0x2c 0xf0 0x00 0x20 0x00 0x00 0x00 0x00 0xad 0x81 0x36                      NOPA;                         NOPB;                         NOPS;                         NOPX
.return_address
.no_stack_arguments
	  5888    0x00 0x00 0x00 0x00 0x01 0x04                                                                                                                                              JL #matmul_vectorized_different_datatypes
.delay_slot
	  5894    0x00 0x00 0x00 0xc0 0x00 0x44                                                                                                                                              MOVXM p0, #A_L2L1_1_1_cons_buff_1
.delay_slot
	  5900    0x00 0x00 0x02 0xc0 0x00 0x44                                                                                                                                              MOVXM p1, #B_L2L1_1_1_cons_buff_1
.delay_slot
	  5906    0x1a 0x6c 0xc0 0xf8                                                                                                                                                                                      MOV p2, p6
.delay_slot
.swstall delay_slot
	  5910    0x00 0x00                                                                        NOPX
.delay_slot
.swstall delay_slot
	  5912    0x00 0x2c 0xf0 0x04 0x00 0x00 0x1c 0x22                                          NOPA;                                                                                                                                                           NOPV
.return_address
.no_stack_arguments
	  5920    0x06 0x00 0x00 0x00 0x00 0x00 0x00 0x00 0x40 0xba                                MOVA r0, #48;                                                                             JL #llvm___aie2p___release
.delay_slot
	  5930    0x10 0x02 0x05 0x18                                                                                                                                                        MOVX r1, #1
.delay_slot
.swstall delay_slot
	  5934    0x00 0x00                                                                        NOPX
.delay_slot
.swstall delay_slot
	  5936    0x00 0x00                                                                        NOPX
.delay_slot
.swstall delay_slot
	  5938    0x00 0x00                                                                        NOPX
.delay_slot
.swstall delay_slot
	  5940    0x00 0x2c 0xf0 0x00 0x20 0x00 0x00 0x00 0x00 0xad 0x81 0x36                      NOPA;                         NOPB;                         NOPS;                         NOPX
.return_address
.no_stack_arguments
	  5952    0xff 0xe1 0x00 0x00 0x00 0x00 0x00 0x00 0x40 0xba                                MOVA r1, #-1;                                                                             JL #llvm___aie2p___acquire
.delay_slot
	  5962    0x10 0x00 0xc5 0x18                                                                                                                                                        MOVX r0, #49
.delay_slot
.swstall delay_slot
	  5966    0x00 0x00                                                                        NOPX
.delay_slot
.swstall delay_slot
	  5968    0x00 0x00                                                                        NOPX
.delay_slot
.swstall delay_slot
	  5970    0x00 0x00                                                                        NOPX
.delay_slot
.swstall delay_slot
	  5972    0x00 0x2c 0xf0 0x00 0x20 0x00 0x00 0x00 0x00 0xad 0x81 0x36                      NOPA;                         NOPB;                         NOPS;                         NOPX
.return_address
.no_stack_arguments
	  5984    0x00 0x00 0x00 0x00 0x01 0x04                                                                                                                                              JL #matmul_vectorized_different_datatypes
.delay_slot
	  5990    0x00 0x00 0x00 0xc0 0x00 0x44                                                                                                                                              MOVXM p0, #A_L2L1_1_1_cons_buff_0
.delay_slot
	  5996    0x00 0x00 0x02 0xc0 0x00 0x44                                                                                                                                              MOVXM p1, #B_L2L1_1_1_cons_buff_1
.delay_slot
	  6002    0x1a 0x6c 0xc0 0xf8                                                                                                                                                                                      MOV p2, p6
.delay_slot
.swstall delay_slot
	  6006    0x00 0x00                                                                        NOPX
.delay_slot
.swstall delay_slot
	  6008    0x00 0x2c 0xf0 0x04 0x00 0x00 0x1c 0x22                                          NOPA;                                                                                                                                                           NOPV
.return_address
.no_stack_arguments
	  6016    0x06 0x00 0x00 0x00 0x00 0x00 0x00 0x00 0x40 0xba                                MOVA r0, #48;                                                                             JL #llvm___aie2p___release
.delay_slot
	  6026    0x10 0x02 0x05 0x18                                                                                                                                                        MOVX r1, #1
.delay_slot
.swstall delay_slot
	  6030    0x00 0x00                                                                        NOPX
.delay_slot
.swstall delay_slot
	  6032    0x00 0x00                                                                        NOPX
.delay_slot
.swstall delay_slot
	  6034    0x00 0x00                                                                        NOPX
.delay_slot
.swstall delay_slot
	  6036    0x00 0x2c 0xf0 0x00 0x20 0x00 0x00 0x00 0x00 0xad 0x81 0x36                      NOPA;                         NOPB;                         NOPS;                         NOPX
.return_address
.no_stack_arguments
	  6048    0x00 0x00 0x00 0x00 0x01 0x04                                                                                                                                              JL #llvm___aie2p___acquire
.delay_slot
	  6054    0xff 0xe1 0x00 0x00 0x00 0x07 0xb2 0x50 0x10 0xba                                MOVA r1, #-1;                                                                             MOVXM p7, #(TGT_Fcore_1_3_5280 + 0)
.delay_slot
	  6064    0x10 0x00 0xc5 0x18                                                                                                                                                        MOVX r0, #49
.delay_slot
.swstall delay_slot
	  6068    0x00 0x00                                                                        NOPX
.delay_slot
.swstall delay_slot
	  6070    0x00 0x00                                                                        NOPX
.delay_slot
.swstall delay_slot
	  6072    0x00 0x2c 0xf0 0x04 0x00 0x00 0x1c 0x22                                          NOPA;                                                                                                                                                           NOPV
.return_address
.no_stack_arguments
	  6080    0x00 0x00 0x00 0x00 0x01 0x04                                                                                                                                              JL #matmul_vectorized_different_datatypes
.delay_slot
	  6086    0x00 0x00 0x00 0xc0 0x00 0x44                                                                                                                                              MOVXM p0, #A_L2L1_1_1_cons_buff_1
.delay_slot
	  6092    0x00 0x00 0x02 0xc0 0x00 0x44                                                                                                                                              MOVXM p1, #B_L2L1_1_1_cons_buff_1
.delay_slot
	  6098    0x1a 0x6c 0xc0 0xf8                                                                                                                                                                                      MOV p2, p6
.delay_slot
.swstall delay_slot
	  6102    0x00 0x00                                                                        NOPX
.delay_slot
.swstall delay_slot
	  6104    0x00 0x2c 0xf0 0x04 0x00 0x00 0x1c 0x22                                          NOPA;                                                                                                                                                           NOPV
.return_address
.no_stack_arguments
	  6112    0x06 0x00 0x00 0x00 0x00 0x00 0x00 0x00 0x40 0xba                                MOVA r0, #48;                                                                             JL #llvm___aie2p___release
.delay_slot
	  6122    0x10 0x02 0x05 0x18                                                                                                                                                        MOVX r1, #1
.delay_slot
.swstall delay_slot
	  6126    0x00 0x00                                                                        NOPX
.delay_slot
.swstall delay_slot
	  6128    0x00 0x00                                                                        NOPX
.delay_slot
.swstall delay_slot
	  6130    0x00 0x00                                                                        NOPX
.delay_slot
.swstall delay_slot
	  6132    0x00 0x2c 0xf0 0x00 0x20 0x00 0x00 0x00 0x00 0xad 0x81 0x36                      NOPA;                         NOPB;                         NOPS;                         NOPX
.return_address
.no_stack_arguments
	  6144    0x06 0x40 0x00 0x00 0x00 0x00 0x00 0x00 0x40 0xba                                MOVA r0, #50;                                                                             JL #llvm___aie2p___release
.delay_slot
	  6154    0x10 0x02 0x05 0x18                                                                                                                                                        MOVX r1, #1
.delay_slot
.swstall delay_slot
	  6158    0x00 0x00                                                                        NOPX
.delay_slot
.swstall delay_slot
	  6160    0x00 0x00                                                                        NOPX
.delay_slot
.swstall delay_slot
	  6162    0x00 0x00                                                                        NOPX
.delay_slot
.swstall delay_slot
	  6164    0x00 0x2c 0xf0 0x00 0x20 0x00 0x00 0x00 0x00 0xad 0x81 0x36                      NOPA;                         NOPB;                         NOPS;                         NOPX
.return_address
	  6176    0x13 0x19 0xe0 0x18                                                                                                                                                        JNZD r12, r12, p7
.delay_slot
.swstall delay_slot
	  6180    0x00 0x00                                                                        NOPX
.delay_slot
.swstall delay_slot
	  6182    0x00 0x00                                                                        NOPX
.delay_slot
.swstall delay_slot
	  6184    0x00 0x00                                                                        NOPX
.delay_slot
.swstall delay_slot
	  6186    0x00 0x00                                                                        NOPX
.delay_slot
.swstall delay_slot
	  6188    0x00 0x00                                                                        NOPX
.loop_nesting 1
.no_stack_arguments
	  6190    0x06 0xa0 0x00 0x00 0x00 0x00 0x00 0x00 0x40 0xba                                MOVA r0, #53;                                                                             JL #llvm___aie2p___release
.delay_slot
	  6200    0x10 0x02 0x05 0x18                                                                                                                                                        MOVX r1, #1
.delay_slot
.swstall delay_slot
	  6204    0x00 0x00                                                                        NOPX
.delay_slot
.swstall delay_slot
	  6206    0x00 0x00                                                                        NOPX
.delay_slot
.swstall delay_slot
	  6208    0x00 0x00                                                                        NOPX
.delay_slot
.swstall delay_slot
	  6210    0x00 0x2c 0xf0 0x02 0xb6 0x00 0x00 0x40 0x1a 0x57 0x00 0x00 0x1c 0x2e            NOPA;                                                       NOPS;                                                       NOPM;                                   NOPV
.return_address
.no_stack_arguments
	  6224    0x06 0x80 0x00 0x00 0x00 0x00 0x00 0x00 0x40 0xba                                MOVA r0, #52;                                                                             JL #llvm___aie2p___acquire
.delay_slot
	  6234    0x17 0xc2 0xfd 0x18                                                                                                                                                        MOVX r1, #-1
.delay_slot
.swstall delay_slot
	  6238    0x00 0x00                                                                        NOPX
.delay_slot
.swstall delay_slot
	  6240    0x00 0x00                                                                        NOPX
.delay_slot
.swstall delay_slot
	  6242    0x00 0x00                                                                        NOPX
.delay_slot
.swstall delay_slot
	  6244    0x00 0x2c 0xf0 0x00 0x20 0x00 0x00 0x00 0x00 0xad 0x81 0x36                      NOPA;                         NOPB;                         NOPS;                         NOPX
.return_address
.no_stack_arguments
	  6256    0x00 0x00 0x00 0x00 0x01 0x04                                                                                                                                              JL #zero_kernel_bf16
.delay_slot
	  6262    0x18 0x6c 0xc0 0xf8                                                                                                                                                                                      MOV p0, p6
.delay_slot
.swstall delay_slot
	  6266    0x00 0x00                                                                        NOPX
.delay_slot
.swstall delay_slot
	  6268    0x00 0x00                                                                        NOPX
.delay_slot
.swstall delay_slot
	  6270    0x00 0x00                                                                        NOPX
.delay_slot
.swstall delay_slot
	  6272    0x00 0x2c 0xf0 0x00 0x20 0x01 0x5b 0x00 0x00 0x00 0x01 0xa5 0x78 0x00 0x00 0xe1  NOPA;                         NOPB;                         NOPS;                         NOPX;                         NOPM;                                   NOPV
.return_address
	  6288    0x00 0x2c 0xf0 0x00 0x20 0x01 0x5b 0x00 0xf1 0xe8 0x01 0xa5 0x78 0x00 0x00 0xe1  NOPA;                         NOPB;                         NOPS;                         MOVX r15, #15;                NOPM;                                   NOPV
.label TGT_Fcore_1_3_6304
.loop_nesting 2
.no_stack_arguments
	  6304    0xff 0xe1 0x00 0x00 0x00 0x00 0x00 0x00 0x40 0xba                                MOVA r1, #-1;                                                                             JL #llvm___aie2p___acquire
.delay_slot
	  6314    0x10 0x00 0xcd 0x18                                                                                                                                                        MOVX r0, #51
.delay_slot
.swstall delay_slot
	  6318    0x00 0x00                                                                        NOPX
.delay_slot
.swstall delay_slot
	  6320    0x00 0x00                                                                        NOPX
.delay_slot
.swstall delay_slot
	  6322    0x00 0x00                                                                        NOPX
.delay_slot
.swstall delay_slot
	  6324    0x00 0x2c 0xf0 0x00 0x20 0x00 0x00 0x00 0x00 0xad 0x81 0x36                      NOPA;                         NOPB;                         NOPS;                         NOPX
.return_address
.no_stack_arguments
	  6336    0xff 0xe1 0x00 0x00 0x00 0x00 0x00 0x00 0x40 0xba                                MOVA r1, #-1;                                                                             JL #llvm___aie2p___acquire
.delay_slot
	  6346    0x10 0x00 0xc5 0x18                                                                                                                                                        MOVX r0, #49
.delay_slot
.swstall delay_slot
	  6350    0x00 0x00                                                                        NOPX
.delay_slot
.swstall delay_slot
	  6352    0x00 0x00                                                                        NOPX
.delay_slot
.swstall delay_slot
	  6354    0x00 0x00                                                                        NOPX
.delay_slot
.swstall delay_slot
	  6356    0x00 0x2c 0xf0 0x00 0x20 0x00 0x00 0x00 0x00 0xad 0x81 0x36                      NOPA;                         NOPB;                         NOPS;                         NOPX
.return_address
.no_stack_arguments
	  6368    0x53 0x11 0x60 0x00 0x00 0x00 0x00 0x00 0x41 0x3a                                                                                            MOVS p2, p6;                  JL #matmul_vectorized_different_datatypes
.delay_slot
	  6378    0x00 0x00 0x02 0xc0 0x00 0x44                                                                                                                                              MOVXM p1, #B_L2L1_1_1_cons_buff_0
.delay_slot
	  6384    0x00 0x00 0x00 0xc0 0x00 0x44                                                                                                                                              MOVXM p0, #A_L2L1_1_1_cons_buff_0
.delay_slot
	  6390    0x1f 0x64 0xc0 0xf8                                                                                                                                                                                      MOV p7, p2
.delay_slot
.swstall delay_slot
	  6394    0x00 0x00                                                                        NOPX
.delay_slot
.swstall delay_slot
	  6396    0x00 0x01 0x67 0x98                                                              NOPA
.return_address
.no_stack_arguments
	  6400    0x06 0x00 0x00 0x00 0x00 0x00 0x00 0x00 0x40 0xba                                MOVA r0, #48;                                                                             JL #llvm___aie2p___release
.delay_slot
	  6410    0x10 0x02 0x05 0x18                                                                                                                                                        MOVX r1, #1
.delay_slot
.swstall delay_slot
	  6414    0x00 0x00                                                                        NOPX
.delay_slot
.swstall delay_slot
	  6416    0x00 0x00                                                                        NOPX
.delay_slot
.swstall delay_slot
	  6418    0x00 0x00                                                                        NOPX
.delay_slot
.swstall delay_slot
	  6420    0x00 0x2c 0xf0 0x00 0x20 0x00 0x00 0x00 0x00 0xad 0x81 0x36                      NOPA;                         NOPB;                         NOPS;                         NOPX
.return_address
.no_stack_arguments
	  6432    0xff 0xe1 0x00 0x00 0x00 0x00 0x00 0x00 0x40 0xba                                MOVA r1, #-1;                                                                             JL #llvm___aie2p___acquire
.delay_slot
	  6442    0x10 0x00 0xc5 0x18                                                                                                                                                        MOVX r0, #49
.delay_slot
.swstall delay_slot
	  6446    0x00 0x00                                                                        NOPX
.delay_slot
.swstall delay_slot
	  6448    0x00 0x00                                                                        NOPX
.delay_slot
.swstall delay_slot
	  6450    0x00 0x00                                                                        NOPX
.delay_slot
.swstall delay_slot
	  6452    0x00 0x2c 0xf0 0x00 0x20 0x00 0x00 0x00 0x00 0xad 0x81 0x36                      NOPA;                         NOPB;                         NOPS;                         NOPX
.return_address
.no_stack_arguments
	  6464    0x53 0x91 0x60 0x00 0x00 0x00 0x00 0x00 0x41 0x3a                                                                                            MOVS p2, p7;                  JL #matmul_vectorized_different_datatypes
.delay_slot
	  6474    0x00 0x00 0x00 0xc0 0x00 0x44                                                                                                                                              MOVXM p0, #A_L2L1_1_1_cons_buff_1
.delay_slot
	  6480    0x00 0x00 0x02 0xc0 0x00 0x44                                                                                                                                              MOVXM p1, #B_L2L1_1_1_cons_buff_0
.delay_slot
	  6486    0x1e 0x64 0xc0 0xf8                                                                                                                                                                                      MOV p6, p2
.delay_slot
.swstall delay_slot
	  6490    0x00 0x00                                                                        NOPX
.delay_slot
.swstall delay_slot
	  6492    0x00 0x01 0x67 0x98                                                              NOPA
.return_address
.no_stack_arguments
	  6496    0x06 0x00 0x00 0x00 0x00 0x00 0x00 0x00 0x40 0xba                                MOVA r0, #48;                                                                             JL #llvm___aie2p___release
.delay_slot
	  6506    0x10 0x02 0x05 0x18                                                                                                                                                        MOVX r1, #1
.delay_slot
.swstall delay_slot
	  6510    0x00 0x00                                                                        NOPX
.delay_slot
.swstall delay_slot
	  6512    0x00 0x00                                                                        NOPX
.delay_slot
.swstall delay_slot
	  6514    0x00 0x00                                                                        NOPX
.delay_slot
.swstall delay_slot
	  6516    0x00 0x2c 0xf0 0x00 0x20 0x00 0x00 0x00 0x00 0xad 0x81 0x36                      NOPA;                         NOPB;                         NOPS;                         NOPX
.return_address
.no_stack_arguments
	  6528    0xff 0xe1 0x00 0x00 0x00 0x00 0x00 0x00 0x40 0xba                                MOVA r1, #-1;                                                                             JL #llvm___aie2p___acquire
.delay_slot
	  6538    0x10 0x00 0xc5 0x18                                                                                                                                                        MOVX r0, #49
.delay_slot
.swstall delay_slot
	  6542    0x00 0x00                                                                        NOPX
.delay_slot
.swstall delay_slot
	  6544    0x00 0x00                                                                        NOPX
.delay_slot
.swstall delay_slot
	  6546    0x00 0x00                                                                        NOPX
.delay_slot
.swstall delay_slot
	  6548    0x00 0x2c 0xf0 0x00 0x20 0x00 0x00 0x00 0x00 0xad 0x81 0x36                      NOPA;                         NOPB;                         NOPS;                         NOPX
.return_address
.no_stack_arguments
	  6560    0x00 0x00 0x00 0x00 0x01 0x04                                                                                                                                              JL #matmul_vectorized_different_datatypes
.delay_slot
	  6566    0x00 0x00 0x00 0xc0 0x00 0x44                                                                                                                                              MOVXM p0, #A_L2L1_1_1_cons_buff_0
.delay_slot
	  6572    0x00 0x00 0x02 0xc0 0x00 0x44                                                                                                                                              MOVXM p1, #B_L2L1_1_1_cons_buff_0
.delay_slot
	  6578    0x1a 0x6c 0xc0 0xf8                                                                                                                                                                                      MOV p2, p6
.delay_slot
.swstall delay_slot
	  6582    0x00 0x00                                                                        NOPX
.delay_slot
.swstall delay_slot
	  6584    0x00 0x2c 0xf0 0x04 0x00 0x00 0x1c 0x22                                          NOPA;                                                                                                                                                           NOPV
.return_address
.no_stack_arguments
	  6592    0x06 0x00 0x00 0x00 0x00 0x00 0x00 0x00 0x40 0xba                                MOVA r0, #48;                                                                             JL #llvm___aie2p___release
.delay_slot
	  6602    0x10 0x02 0x05 0x18                                                                                                                                                        MOVX r1, #1
.delay_slot
.swstall delay_slot
	  6606    0x00 0x00                                                                        NOPX
.delay_slot
.swstall delay_slot
	  6608    0x00 0x00                                                                        NOPX
.delay_slot
.swstall delay_slot
	  6610    0x00 0x00                                                                        NOPX
.delay_slot
.swstall delay_slot
	  6612    0x00 0x2c 0xf0 0x00 0x20 0x00 0x00 0x00 0x00 0xad 0x81 0x36                      NOPA;                         NOPB;                         NOPS;                         NOPX
.return_address
.no_stack_arguments
	  6624    0xff 0xe1 0x00 0x00 0x00 0x00 0x00 0x00 0x40 0xba                                MOVA r1, #-1;                                                                             JL #llvm___aie2p___acquire
.delay_slot
	  6634    0x10 0x00 0xc5 0x18                                                                                                                                                        MOVX r0, #49
.delay_slot
.swstall delay_slot
	  6638    0x00 0x00                                                                        NOPX
.delay_slot
.swstall delay_slot
	  6640    0x00 0x00                                                                        NOPX
.delay_slot
.swstall delay_slot
	  6642    0x00 0x00                                                                        NOPX
.delay_slot
.swstall delay_slot
	  6644    0x00 0x2c 0xf0 0x00 0x20 0x00 0x00 0x00 0x00 0xad 0x81 0x36                      NOPA;                         NOPB;                         NOPS;                         NOPX
.return_address
.no_stack_arguments
	  6656    0x00 0x00 0x00 0x00 0x01 0x04                                                                                                                                              JL #matmul_vectorized_different_datatypes
.delay_slot
	  6662    0x00 0x00 0x00 0xc0 0x00 0x44                                                                                                                                              MOVXM p0, #A_L2L1_1_1_cons_buff_1
.delay_slot
	  6668    0x00 0x00 0x02 0xc0 0x00 0x44                                                                                                                                              MOVXM p1, #B_L2L1_1_1_cons_buff_0
.delay_slot
	  6674    0x1a 0x6c 0xc0 0xf8                                                                                                                                                                                      MOV p2, p6
.delay_slot
.swstall delay_slot
	  6678    0x00 0x00                                                                        NOPX
.delay_slot
.swstall delay_slot
	  6680    0x00 0x2c 0xf0 0x04 0x00 0x00 0x1c 0x22                                          NOPA;                                                                                                                                                           NOPV
.return_address
.no_stack_arguments
	  6688    0x06 0x00 0x00 0x00 0x00 0x00 0x00 0x00 0x40 0xba                                MOVA r0, #48;                                                                             JL #llvm___aie2p___release
.delay_slot
	  6698    0x10 0x02 0x05 0x18                                                                                                                                                        MOVX r1, #1
.delay_slot
.swstall delay_slot
	  6702    0x00 0x00                                                                        NOPX
.delay_slot
.swstall delay_slot
	  6704    0x00 0x00                                                                        NOPX
.delay_slot
.swstall delay_slot
	  6706    0x00 0x00                                                                        NOPX
.delay_slot
.swstall delay_slot
	  6708    0x00 0x2c 0xf0 0x00 0x20 0x00 0x00 0x00 0x00 0xad 0x81 0x36                      NOPA;                         NOPB;                         NOPS;                         NOPX
.return_address
.no_stack_arguments
	  6720    0x06 0x40 0x00 0x00 0x00 0x00 0x00 0x00 0x40 0xba                                MOVA r0, #50;                                                                             JL #llvm___aie2p___release
.delay_slot
	  6730    0x10 0x02 0x05 0x18                                                                                                                                                        MOVX r1, #1
.delay_slot
.swstall delay_slot
	  6734    0x00 0x00                                                                        NOPX
.delay_slot
.swstall delay_slot
	  6736    0x00 0x00                                                                        NOPX
.delay_slot
.swstall delay_slot
	  6738    0x00 0x00                                                                        NOPX
.delay_slot
.swstall delay_slot
	  6740    0x00 0x2c 0xf0 0x00 0x20 0x00 0x00 0x00 0x00 0xad 0x81 0x36                      NOPA;                         NOPB;                         NOPS;                         NOPX
.return_address
.no_stack_arguments
	  6752    0xff 0xe1 0x00 0x00 0x00 0x00 0x00 0x00 0x40 0xba                                MOVA r1, #-1;                                                                             JL #llvm___aie2p___acquire
.delay_slot
	  6762    0x10 0x00 0xcd 0x18                                                                                                                                                        MOVX r0, #51
.delay_slot
.swstall delay_slot
	  6766    0x00 0x00                                                                        NOPX
.delay_slot
.swstall delay_slot
	  6768    0x00 0x00                                                                        NOPX
.delay_slot
.swstall delay_slot
	  6770    0x00 0x00                                                                        NOPX
.delay_slot
.swstall delay_slot
	  6772    0x00 0x2c 0xf0 0x00 0x20 0x00 0x00 0x00 0x00 0xad 0x81 0x36                      NOPA;                         NOPB;                         NOPS;                         NOPX
.return_address
.no_stack_arguments
	  6784    0xff 0xe1 0x00 0x00 0x00 0x00 0x00 0x00 0x40 0xba                                MOVA r1, #-1;                                                                             JL #llvm___aie2p___acquire
.delay_slot
	  6794    0x10 0x00 0xc5 0x18                                                                                                                                                        MOVX r0, #49
.delay_slot
.swstall delay_slot
	  6798    0x00 0x00                                                                        NOPX
.delay_slot
.swstall delay_slot
	  6800    0x00 0x00                                                                        NOPX
.delay_slot
.swstall delay_slot
	  6802    0x00 0x00                                                                        NOPX
.delay_slot
.swstall delay_slot
	  6804    0x00 0x2c 0xf0 0x00 0x20 0x00 0x00 0x00 0x00 0xad 0x81 0x36                      NOPA;                         NOPB;                         NOPS;                         NOPX
.return_address
.no_stack_arguments
	  6816    0x00 0x00 0x00 0x00 0x01 0x04                                                                                                                                              JL #matmul_vectorized_different_datatypes
.delay_slot
	  6822    0x00 0x00 0x00 0xc0 0x00 0x44                                                                                                                                              MOVXM p0, #A_L2L1_1_1_cons_buff_0
.delay_slot
	  6828    0x00 0x00 0x02 0xc0 0x00 0x44                                                                                                                                              MOVXM p1, #B_L2L1_1_1_cons_buff_1
.delay_slot
	  6834    0x1a 0x6c 0xc0 0xf8                                                                                                                                                                                      MOV p2, p6
.delay_slot
.swstall delay_slot
	  6838    0x00 0x00                                                                        NOPX
.delay_slot
.swstall delay_slot
	  6840    0x00 0x2c 0xf0 0x04 0x00 0x00 0x1c 0x22                                          NOPA;                                                                                                                                                           NOPV
.return_address
.no_stack_arguments
	  6848    0x06 0x00 0x00 0x00 0x00 0x00 0x00 0x00 0x40 0xba                                MOVA r0, #48;                                                                             JL #llvm___aie2p___release
.delay_slot
	  6858    0x10 0x02 0x05 0x18                                                                                                                                                        MOVX r1, #1
.delay_slot
.swstall delay_slot
	  6862    0x00 0x00                                                                        NOPX
.delay_slot
.swstall delay_slot
	  6864    0x00 0x00                                                                        NOPX
.delay_slot
.swstall delay_slot
	  6866    0x00 0x00                                                                        NOPX
.delay_slot
.swstall delay_slot
	  6868    0x00 0x2c 0xf0 0x00 0x20 0x00 0x00 0x00 0x00 0xad 0x81 0x36                      NOPA;                         NOPB;                         NOPS;                         NOPX
.return_address
.no_stack_arguments
	  6880    0xff 0xe1 0x00 0x00 0x00 0x00 0x00 0x00 0x40 0xba                                MOVA r1, #-1;                                                                             JL #llvm___aie2p___acquire
.delay_slot
	  6890    0x10 0x00 0xc5 0x18                                                                                                                                                        MOVX r0, #49
.delay_slot
.swstall delay_slot
	  6894    0x00 0x00                                                                        NOPX
.delay_slot
.swstall delay_slot
	  6896    0x00 0x00                                                                        NOPX
.delay_slot
.swstall delay_slot
	  6898    0x00 0x00                                                                        NOPX
.delay_slot
.swstall delay_slot
	  6900    0x00 0x2c 0xf0 0x00 0x20 0x00 0x00 0x00 0x00 0xad 0x81 0x36                      NOPA;                         NOPB;                         NOPS;                         NOPX
.return_address
.no_stack_arguments
	  6912    0x00 0x00 0x00 0x00 0x01 0x04                                                                                                                                              JL #matmul_vectorized_different_datatypes
.delay_slot
	  6918    0x00 0x00 0x00 0xc0 0x00 0x44                                                                                                                                              MOVXM p0, #A_L2L1_1_1_cons_buff_1
.delay_slot
	  6924    0x00 0x00 0x02 0xc0 0x00 0x44                                                                                                                                              MOVXM p1, #B_L2L1_1_1_cons_buff_1
.delay_slot
	  6930    0x1a 0x6c 0xc0 0xf8                                                                                                                                                                                      MOV p2, p6
.delay_slot
.swstall delay_slot
	  6934    0x00 0x00                                                                        NOPX
.delay_slot
.swstall delay_slot
	  6936    0x00 0x2c 0xf0 0x04 0x00 0x00 0x1c 0x22                                          NOPA;                                                                                                                                                           NOPV
.return_address
.no_stack_arguments
	  6944    0x06 0x00 0x00 0x00 0x00 0x00 0x00 0x00 0x40 0xba                                MOVA r0, #48;                                                                             JL #llvm___aie2p___release
.delay_slot
	  6954    0x10 0x02 0x05 0x18                                                                                                                                                        MOVX r1, #1
.delay_slot
.swstall delay_slot
	  6958    0x00 0x00                                                                        NOPX
.delay_slot
.swstall delay_slot
	  6960    0x00 0x00                                                                        NOPX
.delay_slot
.swstall delay_slot
	  6962    0x00 0x00                                                                        NOPX
.delay_slot
.swstall delay_slot
	  6964    0x00 0x2c 0xf0 0x00 0x20 0x00 0x00 0x00 0x00 0xad 0x81 0x36                      NOPA;                         NOPB;                         NOPS;                         NOPX
.return_address
.no_stack_arguments
	  6976    0xff 0xe1 0x00 0x00 0x00 0x00 0x00 0x00 0x40 0xba                                MOVA r1, #-1;                                                                             JL #llvm___aie2p___acquire
.delay_slot
	  6986    0x10 0x00 0xc5 0x18                                                                                                                                                        MOVX r0, #49
.delay_slot
.swstall delay_slot
	  6990    0x00 0x00                                                                        NOPX
.delay_slot
.swstall delay_slot
	  6992    0x00 0x00                                                                        NOPX
.delay_slot
.swstall delay_slot
	  6994    0x00 0x00                                                                        NOPX
.delay_slot
.swstall delay_slot
	  6996    0x00 0x2c 0xf0 0x00 0x20 0x00 0x00 0x00 0x00 0xad 0x81 0x36                      NOPA;                         NOPB;                         NOPS;                         NOPX
.return_address
.no_stack_arguments
	  7008    0x00 0x00 0x00 0x00 0x01 0x04                                                                                                                                              JL #matmul_vectorized_different_datatypes
.delay_slot
	  7014    0x00 0x00 0x00 0xc0 0x00 0x44                                                                                                                                              MOVXM p0, #A_L2L1_1_1_cons_buff_0
.delay_slot
	  7020    0x00 0x00 0x02 0xc0 0x00 0x44                                                                                                                                              MOVXM p1, #B_L2L1_1_1_cons_buff_1
.delay_slot
	  7026    0x1a 0x6c 0xc0 0xf8                                                                                                                                                                                      MOV p2, p6
.delay_slot
.swstall delay_slot
	  7030    0x00 0x00                                                                        NOPX
.delay_slot
.swstall delay_slot
	  7032    0x00 0x2c 0xf0 0x04 0x00 0x00 0x1c 0x22                                          NOPA;                                                                                                                                                           NOPV
.return_address
.no_stack_arguments
	  7040    0x06 0x00 0x00 0x00 0x00 0x00 0x00 0x00 0x40 0xba                                MOVA r0, #48;                                                                             JL #llvm___aie2p___release
.delay_slot
	  7050    0x10 0x02 0x05 0x18                                                                                                                                                        MOVX r1, #1
.delay_slot
.swstall delay_slot
	  7054    0x00 0x00                                                                        NOPX
.delay_slot
.swstall delay_slot
	  7056    0x00 0x00                                                                        NOPX
.delay_slot
.swstall delay_slot
	  7058    0x00 0x00                                                                        NOPX
.delay_slot
.swstall delay_slot
	  7060    0x00 0x2c 0xf0 0x00 0x20 0x00 0x00 0x00 0x00 0xad 0x81 0x36                      NOPA;                         NOPB;                         NOPS;                         NOPX
.return_address
.no_stack_arguments
	  7072    0x00 0x00 0x00 0x00 0x01 0x04                                                                                                                                              JL #llvm___aie2p___acquire
.delay_slot
	  7078    0xff 0xe1 0x00 0x00 0x00 0x07 0xb4 0x50 0x10 0xba                                MOVA r1, #-1;                                                                             MOVXM p7, #(TGT_Fcore_1_3_6304 + 0)
.delay_slot
	  7088    0x10 0x00 0xc5 0x18                                                                                                                                                        MOVX r0, #49
.delay_slot
.swstall delay_slot
	  7092    0x00 0x00                                                                        NOPX
.delay_slot
.swstall delay_slot
	  7094    0x00 0x00                                                                        NOPX
.delay_slot
.swstall delay_slot
	  7096    0x00 0x2c 0xf0 0x04 0x00 0x00 0x1c 0x22                                          NOPA;                                                                                                                                                           NOPV
.return_address
.no_stack_arguments
	  7104    0x00 0x00 0x00 0x00 0x01 0x04                                                                                                                                              JL #matmul_vectorized_different_datatypes
.delay_slot
	  7110    0x00 0x00 0x00 0xc0 0x00 0x44                                                                                                                                              MOVXM p0, #A_L2L1_1_1_cons_buff_1
.delay_slot
	  7116    0x00 0x00 0x02 0xc0 0x00 0x44                                                                                                                                              MOVXM p1, #B_L2L1_1_1_cons_buff_1
.delay_slot
	  7122    0x1a 0x6c 0xc0 0xf8                                                                                                                                                                                      MOV p2, p6
.delay_slot
.swstall delay_slot
	  7126    0x00 0x00                                                                        NOPX
.delay_slot
.swstall delay_slot
	  7128    0x00 0x2c 0xf0 0x04 0x00 0x00 0x1c 0x22                                          NOPA;                                                                                                                                                           NOPV
.return_address
.no_stack_arguments
	  7136    0x06 0x00 0x00 0x00 0x00 0x00 0x00 0x00 0x40 0xba                                MOVA r0, #48;                                                                             JL #llvm___aie2p___release
.delay_slot
	  7146    0x10 0x02 0x05 0x18                                                                                                                                                        MOVX r1, #1
.delay_slot
.swstall delay_slot
	  7150    0x00 0x00                                                                        NOPX
.delay_slot
.swstall delay_slot
	  7152    0x00 0x00                                                                        NOPX
.delay_slot
.swstall delay_slot
	  7154    0x00 0x00                                                                        NOPX
.delay_slot
.swstall delay_slot
	  7156    0x00 0x2c 0xf0 0x00 0x20 0x00 0x00 0x00 0x00 0xad 0x81 0x36                      NOPA;                         NOPB;                         NOPS;                         NOPX
.return_address
.no_stack_arguments
	  7168    0x06 0x40 0x00 0x00 0x00 0x00 0x00 0x00 0x40 0xba                                MOVA r0, #50;                                                                             JL #llvm___aie2p___release
.delay_slot
	  7178    0x10 0x02 0x05 0x18                                                                                                                                                        MOVX r1, #1
.delay_slot
.swstall delay_slot
	  7182    0x00 0x00                                                                        NOPX
.delay_slot
.swstall delay_slot
	  7184    0x00 0x00                                                                        NOPX
.delay_slot
.swstall delay_slot
	  7186    0x00 0x00                                                                        NOPX
.delay_slot
.swstall delay_slot
	  7188    0x00 0x2c 0xf0 0x00 0x20 0x00 0x00 0x00 0x00 0xad 0x81 0x36                      NOPA;                         NOPB;                         NOPS;                         NOPX
.return_address
	  7200    0x13 0xdf 0xe0 0x18                                                                                                                                                        JNZD r15, r15, p7
.delay_slot
.swstall delay_slot
	  7204    0x00 0x00                                                                        NOPX
.delay_slot
.swstall delay_slot
	  7206    0x00 0x00                                                                        NOPX
.delay_slot
.swstall delay_slot
	  7208    0x00 0x00                                                                        NOPX
.delay_slot
.swstall delay_slot
	  7210    0x00 0x00                                                                        NOPX
.delay_slot
.swstall delay_slot
	  7212    0x00 0x00                                                                        NOPX
.loop_nesting 1
.no_stack_arguments
	  7214    0x06 0xa0 0x00 0x00 0x00 0x00 0x00 0x00 0x40 0xba                                MOVA r0, #53;                                                                             JL #llvm___aie2p___release
.delay_slot
	  7224    0x10 0x02 0x05 0x18                                                                                                                                                        MOVX r1, #1
.delay_slot
.swstall delay_slot
	  7228    0x00 0x00                                                                        NOPX
.delay_slot
.swstall delay_slot
	  7230    0x00 0x00                                                                        NOPX
.delay_slot
.swstall delay_slot
	  7232    0x00 0x00                                                                        NOPX
.delay_slot
.swstall delay_slot
	  7234    0x00 0x2c 0xf0 0x02 0xb6 0x00 0x00 0x40 0x1a 0x57 0x00 0x00 0x1c 0x2e            NOPA;                                                       NOPS;                                                       NOPM;                                   NOPV
.return_address
.no_stack_arguments
	  7248    0x06 0x80 0x00 0x00 0x00 0x00 0x00 0x00 0x40 0xba                                MOVA r0, #52;                                                                             JL #llvm___aie2p___acquire
.delay_slot
	  7258    0x17 0xc2 0xfd 0x18                                                                                                                                                        MOVX r1, #-1
.delay_slot
.swstall delay_slot
	  7262    0x00 0x00                                                                        NOPX
.delay_slot
.swstall delay_slot
	  7264    0x00 0x00                                                                        NOPX
.delay_slot
.swstall delay_slot
	  7266    0x00 0x00                                                                        NOPX
.delay_slot
.swstall delay_slot
	  7268    0x00 0x2c 0xf0 0x00 0x20 0x00 0x00 0x00 0x00 0xad 0x81 0x36                      NOPA;                         NOPB;                         NOPS;                         NOPX
.return_address
.no_stack_arguments
	  7280    0x00 0x00 0x00 0x00 0x01 0x04                                                                                                                                              JL #zero_kernel_bf16
.delay_slot
	  7286    0x00 0x00 0x0e 0xc0 0x00 0x44                                                                                                                                              MOVXM p7, #C_L1L2_1_1_buff_0
.delay_slot
	  7292    0x18 0x6c 0xc0 0xf8                                                                                                                                                                                      MOV p0, p6
.delay_slot
.swstall delay_slot
	  7296    0x00 0x00                                                                        NOPX
.delay_slot
.swstall delay_slot
	  7298    0x00 0x00                                                                        NOPX
.delay_slot
.swstall delay_slot
	  7300    0x00 0x2c 0xf0 0x00 0x20 0x00 0x00 0x00 0x00 0xad 0x81 0x36                      NOPA;                         NOPB;                         NOPS;                         NOPX
.return_address
	  7312    0x00 0x2c 0xf0 0x00 0x20 0x01 0x5b 0x00 0xc1 0xe8 0x01 0xa5 0x78 0x00 0x00 0xe1  NOPA;                         NOPB;                         NOPS;                         MOVX r12, #15;                NOPM;                                   NOPV
.label TGT_Fcore_1_3_7328
.loop_nesting 2
.no_stack_arguments
	  7328    0xff 0xe1 0x00 0x00 0x00 0x00 0x00 0x00 0x40 0xba                                MOVA r1, #-1;                                                                             JL #llvm___aie2p___acquire
.delay_slot
	  7338    0x10 0x00 0xcd 0x18                                                                                                                                                        MOVX r0, #51
.delay_slot
.swstall delay_slot
	  7342    0x00 0x00                                                                        NOPX
.delay_slot
.swstall delay_slot
	  7344    0x00 0x00                                                                        NOPX
.delay_slot
.swstall delay_slot
	  7346    0x00 0x00                                                                        NOPX
.delay_slot
.swstall delay_slot
	  7348    0x00 0x2c 0xf0 0x00 0x20 0x00 0x00 0x00 0x00 0xad 0x81 0x36                      NOPA;                         NOPB;                         NOPS;                         NOPX
.return_address
.no_stack_arguments
	  7360    0xff 0xe1 0x00 0x00 0x00 0x00 0x00 0x00 0x40 0xba                                MOVA r1, #-1;                                                                             JL #llvm___aie2p___acquire
.delay_slot
	  7370    0x10 0x00 0xc5 0x18                                                                                                                                                        MOVX r0, #49
.delay_slot
.swstall delay_slot
	  7374    0x00 0x00                                                                        NOPX
.delay_slot
.swstall delay_slot
	  7376    0x00 0x00                                                                        NOPX
.delay_slot
.swstall delay_slot
	  7378    0x00 0x00                                                                        NOPX
.delay_slot
.swstall delay_slot
	  7380    0x00 0x2c 0xf0 0x00 0x20 0x00 0x00 0x00 0x00 0xad 0x81 0x36                      NOPA;                         NOPB;                         NOPS;                         NOPX
.return_address
.no_stack_arguments
	  7392    0x00 0x00 0x00 0x00 0x01 0x04                                                                                                                                              JL #matmul_vectorized_different_datatypes
.delay_slot
	  7398    0x00 0x00 0x02 0xc0 0x00 0x44                                                                                                                                              MOVXM p1, #B_L2L1_1_1_cons_buff_0
.delay_slot
	  7404    0x00 0x00 0x00 0xc0 0x00 0x44                                                                                                                                              MOVXM p0, #A_L2L1_1_1_cons_buff_0
.delay_slot
	  7410    0x1a 0x6e 0xc0 0xf8                                                                                                                                                                                      MOV p2, p7
.delay_slot
.swstall delay_slot
	  7414    0x00 0x00                                                                        NOPX
.delay_slot
.swstall delay_slot
	  7416    0x00 0x2c 0xf0 0x04 0x00 0x00 0x1c 0x22                                          NOPA;                                                                                                                                                           NOPV
.return_address
.no_stack_arguments
	  7424    0x06 0x00 0x00 0x00 0x00 0x00 0x00 0x00 0x40 0xba                                MOVA r0, #48;                                                                             JL #llvm___aie2p___release
.delay_slot
	  7434    0x10 0x02 0x05 0x18                                                                                                                                                        MOVX r1, #1
.delay_slot
.swstall delay_slot
	  7438    0x00 0x00                                                                        NOPX
.delay_slot
.swstall delay_slot
	  7440    0x00 0x00                                                                        NOPX
.delay_slot
.swstall delay_slot
	  7442    0x00 0x00                                                                        NOPX
.delay_slot
.swstall delay_slot
	  7444    0x00 0x2c 0xf0 0x00 0x20 0x00 0x00 0x00 0x00 0xad 0x81 0x36                      NOPA;                         NOPB;                         NOPS;                         NOPX
.return_address
.no_stack_arguments
	  7456    0xff 0xe1 0x00 0x00 0x00 0x00 0x00 0x00 0x40 0xba                                MOVA r1, #-1;                                                                             JL #llvm___aie2p___acquire
.delay_slot
	  7466    0x10 0x00 0xc5 0x18                                                                                                                                                        MOVX r0, #49
.delay_slot
.swstall delay_slot
	  7470    0x00 0x00                                                                        NOPX
.delay_slot
.swstall delay_slot
	  7472    0x00 0x00                                                                        NOPX
.delay_slot
.swstall delay_slot
	  7474    0x00 0x00                                                                        NOPX
.delay_slot
.swstall delay_slot
	  7476    0x00 0x2c 0xf0 0x00 0x20 0x00 0x00 0x00 0x00 0xad 0x81 0x36                      NOPA;                         NOPB;                         NOPS;                         NOPX
.return_address
.no_stack_arguments
	  7488    0x53 0x91 0x60 0x00 0x00 0x00 0x00 0x00 0x41 0x3a                                                                                            MOVS p2, p7;                  JL #matmul_vectorized_different_datatypes
.delay_slot
	  7498    0x00 0x00 0x00 0xc0 0x00 0x44                                                                                                                                              MOVXM p0, #A_L2L1_1_1_cons_buff_1
.delay_slot
	  7504    0x00 0x00 0x02 0xc0 0x00 0x44                                                                                                                                              MOVXM p1, #B_L2L1_1_1_cons_buff_0
.delay_slot
	  7510    0x1e 0x64 0xc0 0xf8                                                                                                                                                                                      MOV p6, p2
.delay_slot
.swstall delay_slot
	  7514    0x00 0x00                                                                        NOPX
.delay_slot
.swstall delay_slot
	  7516    0x00 0x01 0x67 0x98                                                              NOPA
.return_address
.no_stack_arguments
	  7520    0x06 0x00 0x00 0x00 0x00 0x00 0x00 0x00 0x40 0xba                                MOVA r0, #48;                                                                             JL #llvm___aie2p___release
.delay_slot
	  7530    0x10 0x02 0x05 0x18                                                                                                                                                        MOVX r1, #1
.delay_slot
.swstall delay_slot
	  7534    0x00 0x00                                                                        NOPX
.delay_slot
.swstall delay_slot
	  7536    0x00 0x00                                                                        NOPX
.delay_slot
.swstall delay_slot
	  7538    0x00 0x00                                                                        NOPX
.delay_slot
.swstall delay_slot
	  7540    0x00 0x2c 0xf0 0x00 0x20 0x00 0x00 0x00 0x00 0xad 0x81 0x36                      NOPA;                         NOPB;                         NOPS;                         NOPX
.return_address
.no_stack_arguments
	  7552    0xff 0xe1 0x00 0x00 0x00 0x00 0x00 0x00 0x40 0xba                                MOVA r1, #-1;                                                                             JL #llvm___aie2p___acquire
.delay_slot
	  7562    0x10 0x00 0xc5 0x18                                                                                                                                                        MOVX r0, #49
.delay_slot
.swstall delay_slot
	  7566    0x00 0x00                                                                        NOPX
.delay_slot
.swstall delay_slot
	  7568    0x00 0x00                                                                        NOPX
.delay_slot
.swstall delay_slot
	  7570    0x00 0x00                                                                        NOPX
.delay_slot
.swstall delay_slot
	  7572    0x00 0x2c 0xf0 0x00 0x20 0x00 0x00 0x00 0x00 0xad 0x81 0x36                      NOPA;                         NOPB;                         NOPS;                         NOPX
.return_address
.no_stack_arguments
	  7584    0x00 0x00 0x00 0x00 0x01 0x04                                                                                                                                              JL #matmul_vectorized_different_datatypes
.delay_slot
	  7590    0x00 0x00 0x00 0xc0 0x00 0x44                                                                                                                                              MOVXM p0, #A_L2L1_1_1_cons_buff_0
.delay_slot
	  7596    0x00 0x00 0x02 0xc0 0x00 0x44                                                                                                                                              MOVXM p1, #B_L2L1_1_1_cons_buff_0
.delay_slot
	  7602    0x1a 0x6c 0xc0 0xf8                                                                                                                                                                                      MOV p2, p6
.delay_slot
.swstall delay_slot
	  7606    0x00 0x00                                                                        NOPX
.delay_slot
.swstall delay_slot
	  7608    0x00 0x2c 0xf0 0x04 0x00 0x00 0x1c 0x22                                          NOPA;                                                                                                                                                           NOPV
.return_address
.no_stack_arguments
	  7616    0x06 0x00 0x00 0x00 0x00 0x00 0x00 0x00 0x40 0xba                                MOVA r0, #48;                                                                             JL #llvm___aie2p___release
.delay_slot
	  7626    0x10 0x02 0x05 0x18                                                                                                                                                        MOVX r1, #1
.delay_slot
.swstall delay_slot
	  7630    0x00 0x00                                                                        NOPX
.delay_slot
.swstall delay_slot
	  7632    0x00 0x00                                                                        NOPX
.delay_slot
.swstall delay_slot
	  7634    0x00 0x00                                                                        NOPX
.delay_slot
.swstall delay_slot
	  7636    0x00 0x2c 0xf0 0x00 0x20 0x00 0x00 0x00 0x00 0xad 0x81 0x36                      NOPA;                         NOPB;                         NOPS;                         NOPX
.return_address
.no_stack_arguments
	  7648    0xff 0xe1 0x00 0x00 0x00 0x00 0x00 0x00 0x40 0xba                                MOVA r1, #-1;                                                                             JL #llvm___aie2p___acquire
.delay_slot
	  7658    0x10 0x00 0xc5 0x18                                                                                                                                                        MOVX r0, #49
.delay_slot
.swstall delay_slot
	  7662    0x00 0x00                                                                        NOPX
.delay_slot
.swstall delay_slot
	  7664    0x00 0x00                                                                        NOPX
.delay_slot
.swstall delay_slot
	  7666    0x00 0x00                                                                        NOPX
.delay_slot
.swstall delay_slot
	  7668    0x00 0x2c 0xf0 0x00 0x20 0x00 0x00 0x00 0x00 0xad 0x81 0x36                      NOPA;                         NOPB;                         NOPS;                         NOPX
.return_address
.no_stack_arguments
	  7680    0x00 0x00 0x00 0x00 0x01 0x04                                                                                                                                              JL #matmul_vectorized_different_datatypes
.delay_slot
	  7686    0x00 0x00 0x00 0xc0 0x00 0x44                                                                                                                                              MOVXM p0, #A_L2L1_1_1_cons_buff_1
.delay_slot
	  7692    0x00 0x00 0x02 0xc0 0x00 0x44                                                                                                                                              MOVXM p1, #B_L2L1_1_1_cons_buff_0
.delay_slot
	  7698    0x1a 0x6c 0xc0 0xf8                                                                                                                                                                                      MOV p2, p6
.delay_slot
.swstall delay_slot
	  7702    0x00 0x00                                                                        NOPX
.delay_slot
.swstall delay_slot
	  7704    0x00 0x2c 0xf0 0x04 0x00 0x00 0x1c 0x22                                          NOPA;                                                                                                                                                           NOPV
.return_address
.no_stack_arguments
	  7712    0x06 0x00 0x00 0x00 0x00 0x00 0x00 0x00 0x40 0xba                                MOVA r0, #48;                                                                             JL #llvm___aie2p___release
.delay_slot
	  7722    0x10 0x02 0x05 0x18                                                                                                                                                        MOVX r1, #1
.delay_slot
.swstall delay_slot
	  7726    0x00 0x00                                                                        NOPX
.delay_slot
.swstall delay_slot
	  7728    0x00 0x00                                                                        NOPX
.delay_slot
.swstall delay_slot
	  7730    0x00 0x00                                                                        NOPX
.delay_slot
.swstall delay_slot
	  7732    0x00 0x2c 0xf0 0x00 0x20 0x00 0x00 0x00 0x00 0xad 0x81 0x36                      NOPA;                         NOPB;                         NOPS;                         NOPX
.return_address
.no_stack_arguments
	  7744    0x06 0x40 0x00 0x00 0x00 0x00 0x00 0x00 0x40 0xba                                MOVA r0, #50;                                                                             JL #llvm___aie2p___release
.delay_slot
	  7754    0x10 0x02 0x05 0x18                                                                                                                                                        MOVX r1, #1
.delay_slot
.swstall delay_slot
	  7758    0x00 0x00                                                                        NOPX
.delay_slot
.swstall delay_slot
	  7760    0x00 0x00                                                                        NOPX
.delay_slot
.swstall delay_slot
	  7762    0x00 0x00                                                                        NOPX
.delay_slot
.swstall delay_slot
	  7764    0x00 0x2c 0xf0 0x00 0x20 0x00 0x00 0x00 0x00 0xad 0x81 0x36                      NOPA;                         NOPB;                         NOPS;                         NOPX
.return_address
.no_stack_arguments
	  7776    0xff 0xe1 0x00 0x00 0x00 0x00 0x00 0x00 0x40 0xba                                MOVA r1, #-1;                                                                             JL #llvm___aie2p___acquire
.delay_slot
	  7786    0x10 0x00 0xcd 0x18                                                                                                                                                        MOVX r0, #51
.delay_slot
.swstall delay_slot
	  7790    0x00 0x00                                                                        NOPX
.delay_slot
.swstall delay_slot
	  7792    0x00 0x00                                                                        NOPX
.delay_slot
.swstall delay_slot
	  7794    0x00 0x00                                                                        NOPX
.delay_slot
.swstall delay_slot
	  7796    0x00 0x2c 0xf0 0x00 0x20 0x00 0x00 0x00 0x00 0xad 0x81 0x36                      NOPA;                         NOPB;                         NOPS;                         NOPX
.return_address
.no_stack_arguments
	  7808    0xff 0xe1 0x00 0x00 0x00 0x00 0x00 0x00 0x40 0xba                                MOVA r1, #-1;                                                                             JL #llvm___aie2p___acquire
.delay_slot
	  7818    0x10 0x00 0xc5 0x18                                                                                                                                                        MOVX r0, #49
.delay_slot
.swstall delay_slot
	  7822    0x00 0x00                                                                        NOPX
.delay_slot
.swstall delay_slot
	  7824    0x00 0x00                                                                        NOPX
.delay_slot
.swstall delay_slot
	  7826    0x00 0x00                                                                        NOPX
.delay_slot
.swstall delay_slot
	  7828    0x00 0x2c 0xf0 0x00 0x20 0x00 0x00 0x00 0x00 0xad 0x81 0x36                      NOPA;                         NOPB;                         NOPS;                         NOPX
.return_address
.no_stack_arguments
	  7840    0x00 0x00 0x00 0x00 0x01 0x04                                                                                                                                              JL #matmul_vectorized_different_datatypes
.delay_slot
	  7846    0x00 0x00 0x00 0xc0 0x00 0x44                                                                                                                                              MOVXM p0, #A_L2L1_1_1_cons_buff_0
.delay_slot
	  7852    0x00 0x00 0x02 0xc0 0x00 0x44                                                                                                                                              MOVXM p1, #B_L2L1_1_1_cons_buff_1
.delay_slot
	  7858    0x1a 0x6c 0xc0 0xf8                                                                                                                                                                                      MOV p2, p6
.delay_slot
.swstall delay_slot
	  7862    0x00 0x00                                                                        NOPX
.delay_slot
.swstall delay_slot
	  7864    0x00 0x2c 0xf0 0x04 0x00 0x00 0x1c 0x22                                          NOPA;                                                                                                                                                           NOPV
.return_address
.no_stack_arguments
	  7872    0x06 0x00 0x00 0x00 0x00 0x00 0x00 0x00 0x40 0xba                                MOVA r0, #48;                                                                             JL #llvm___aie2p___release
.delay_slot
	  7882    0x10 0x02 0x05 0x18                                                                                                                                                        MOVX r1, #1
.delay_slot
.swstall delay_slot
	  7886    0x00 0x00                                                                        NOPX
.delay_slot
.swstall delay_slot
	  7888    0x00 0x00                                                                        NOPX
.delay_slot
.swstall delay_slot
	  7890    0x00 0x00                                                                        NOPX
.delay_slot
.swstall delay_slot
	  7892    0x00 0x2c 0xf0 0x00 0x20 0x00 0x00 0x00 0x00 0xad 0x81 0x36                      NOPA;                         NOPB;                         NOPS;                         NOPX
.return_address
.no_stack_arguments
	  7904    0xff 0xe1 0x00 0x00 0x00 0x00 0x00 0x00 0x40 0xba                                MOVA r1, #-1;                                                                             JL #llvm___aie2p___acquire
.delay_slot
	  7914    0x10 0x00 0xc5 0x18                                                                                                                                                        MOVX r0, #49
.delay_slot
.swstall delay_slot
	  7918    0x00 0x00                                                                        NOPX
.delay_slot
.swstall delay_slot
	  7920    0x00 0x00                                                                        NOPX
.delay_slot
.swstall delay_slot
	  7922    0x00 0x00                                                                        NOPX
.delay_slot
.swstall delay_slot
	  7924    0x00 0x2c 0xf0 0x00 0x20 0x00 0x00 0x00 0x00 0xad 0x81 0x36                      NOPA;                         NOPB;                         NOPS;                         NOPX
.return_address
.no_stack_arguments
	  7936    0x00 0x00 0x00 0x00 0x01 0x04                                                                                                                                              JL #matmul_vectorized_different_datatypes
.delay_slot
	  7942    0x00 0x00 0x00 0xc0 0x00 0x44                                                                                                                                              MOVXM p0, #A_L2L1_1_1_cons_buff_1
.delay_slot
	  7948    0x00 0x00 0x02 0xc0 0x00 0x44                                                                                                                                              MOVXM p1, #B_L2L1_1_1_cons_buff_1
.delay_slot
	  7954    0x1a 0x6c 0xc0 0xf8                                                                                                                                                                                      MOV p2, p6
.delay_slot
.swstall delay_slot
	  7958    0x00 0x00                                                                        NOPX
.delay_slot
.swstall delay_slot
	  7960    0x00 0x2c 0xf0 0x04 0x00 0x00 0x1c 0x22                                          NOPA;                                                                                                                                                           NOPV
.return_address
.no_stack_arguments
	  7968    0x06 0x00 0x00 0x00 0x00 0x00 0x00 0x00 0x40 0xba                                MOVA r0, #48;                                                                             JL #llvm___aie2p___release
.delay_slot
	  7978    0x10 0x02 0x05 0x18                                                                                                                                                        MOVX r1, #1
.delay_slot
.swstall delay_slot
	  7982    0x00 0x00                                                                        NOPX
.delay_slot
.swstall delay_slot
	  7984    0x00 0x00                                                                        NOPX
.delay_slot
.swstall delay_slot
	  7986    0x00 0x00                                                                        NOPX
.delay_slot
.swstall delay_slot
	  7988    0x00 0x2c 0xf0 0x00 0x20 0x00 0x00 0x00 0x00 0xad 0x81 0x36                      NOPA;                         NOPB;                         NOPS;                         NOPX
.return_address
.no_stack_arguments
	  8000    0xff 0xe1 0x00 0x00 0x00 0x00 0x00 0x00 0x40 0xba                                MOVA r1, #-1;                                                                             JL #llvm___aie2p___acquire
.delay_slot
	  8010    0x10 0x00 0xc5 0x18                                                                                                                                                        MOVX r0, #49
.delay_slot
.swstall delay_slot
	  8014    0x00 0x00                                                                        NOPX
.delay_slot
.swstall delay_slot
	  8016    0x00 0x00                                                                        NOPX
.delay_slot
.swstall delay_slot
	  8018    0x00 0x00                                                                        NOPX
.delay_slot
.swstall delay_slot
	  8020    0x00 0x2c 0xf0 0x00 0x20 0x00 0x00 0x00 0x00 0xad 0x81 0x36                      NOPA;                         NOPB;                         NOPS;                         NOPX
.return_address
.no_stack_arguments
	  8032    0x00 0x00 0x00 0x00 0x01 0x04                                                                                                                                              JL #matmul_vectorized_different_datatypes
.delay_slot
	  8038    0x00 0x00 0x00 0xc0 0x00 0x44                                                                                                                                              MOVXM p0, #A_L2L1_1_1_cons_buff_0
.delay_slot
	  8044    0x00 0x00 0x02 0xc0 0x00 0x44                                                                                                                                              MOVXM p1, #B_L2L1_1_1_cons_buff_1
.delay_slot
	  8050    0x1a 0x6c 0xc0 0xf8                                                                                                                                                                                      MOV p2, p6
.delay_slot
.swstall delay_slot
	  8054    0x00 0x00                                                                        NOPX
.delay_slot
.swstall delay_slot
	  8056    0x00 0x2c 0xf0 0x04 0x00 0x00 0x1c 0x22                                          NOPA;                                                                                                                                                           NOPV
.return_address
.no_stack_arguments
	  8064    0x06 0x00 0x00 0x00 0x00 0x00 0x00 0x00 0x40 0xba                                MOVA r0, #48;                                                                             JL #llvm___aie2p___release
.delay_slot
	  8074    0x10 0x02 0x05 0x18                                                                                                                                                        MOVX r1, #1
.delay_slot
.swstall delay_slot
	  8078    0x00 0x00                                                                        NOPX
.delay_slot
.swstall delay_slot
	  8080    0x00 0x00                                                                        NOPX
.delay_slot
.swstall delay_slot
	  8082    0x00 0x00                                                                        NOPX
.delay_slot
.swstall delay_slot
	  8084    0x00 0x2c 0xf0 0x00 0x20 0x00 0x00 0x00 0x00 0xad 0x81 0x36                      NOPA;                         NOPB;                         NOPS;                         NOPX
.return_address
.no_stack_arguments
	  8096    0x00 0x00 0x00 0x00 0x01 0x04                                                                                                                                              JL #llvm___aie2p___acquire
.delay_slot
	  8102    0xff 0xe1 0x00 0x00 0x00 0x07 0x36 0x50 0x10 0xba                                MOVA r1, #-1;                                                                             MOVXM p6, #(TGT_Fcore_1_3_7328 + 0)
.delay_slot
	  8112    0x10 0x00 0xc5 0x18                                                                                                                                                        MOVX r0, #49
.delay_slot
.swstall delay_slot
	  8116    0x00 0x00                                                                        NOPX
.delay_slot
.swstall delay_slot
	  8118    0x00 0x00                                                                        NOPX
.delay_slot
.swstall delay_slot
	  8120    0x00 0x2c 0xf0 0x04 0x00 0x00 0x1c 0x22                                          NOPA;                                                                                                                                                           NOPV
.return_address
.no_stack_arguments
	  8128    0x00 0x00 0x00 0x00 0x01 0x04                                                                                                                                              JL #matmul_vectorized_different_datatypes
.delay_slot
	  8134    0x00 0x00 0x00 0xc0 0x00 0x44                                                                                                                                              MOVXM p0, #A_L2L1_1_1_cons_buff_1
.delay_slot
	  8140    0x00 0x00 0x02 0xc0 0x00 0x44                                                                                                                                              MOVXM p1, #B_L2L1_1_1_cons_buff_1
.delay_slot
	  8146    0x1a 0x6e 0xc0 0xf8                                                                                                                                                                                      MOV p2, p7
.delay_slot
.swstall delay_slot
	  8150    0x00 0x00                                                                        NOPX
.delay_slot
.swstall delay_slot
	  8152    0x00 0x2c 0xf0 0x04 0x00 0x00 0x1c 0x22                                          NOPA;                                                                                                                                                           NOPV
.return_address
.no_stack_arguments
	  8160    0x06 0x00 0x00 0x00 0x00 0x00 0x00 0x00 0x40 0xba                                MOVA r0, #48;                                                                             JL #llvm___aie2p___release
.delay_slot
	  8170    0x10 0x02 0x05 0x18                                                                                                                                                        MOVX r1, #1
.delay_slot
.swstall delay_slot
	  8174    0x00 0x00                                                                        NOPX
.delay_slot
.swstall delay_slot
	  8176    0x00 0x00                                                                        NOPX
.delay_slot
.swstall delay_slot
	  8178    0x00 0x00                                                                        NOPX
.delay_slot
.swstall delay_slot
	  8180    0x00 0x2c 0xf0 0x00 0x20 0x00 0x00 0x00 0x00 0xad 0x81 0x36                      NOPA;                         NOPB;                         NOPS;                         NOPX
.return_address
.no_stack_arguments
	  8192    0x06 0x40 0x00 0x00 0x00 0x00 0x00 0x00 0x40 0xba                                MOVA r0, #50;                                                                             JL #llvm___aie2p___release
.delay_slot
	  8202    0x10 0x02 0x05 0x18                                                                                                                                                        MOVX r1, #1
.delay_slot
.swstall delay_slot
	  8206    0x00 0x00                                                                        NOPX
.delay_slot
.swstall delay_slot
	  8208    0x00 0x00                                                                        NOPX
.delay_slot
.swstall delay_slot
	  8210    0x00 0x00                                                                        NOPX
.delay_slot
.swstall delay_slot
	  8212    0x00 0x2c 0xf0 0x00 0x20 0x00 0x00 0x00 0x00 0xad 0x81 0x36                      NOPA;                         NOPB;                         NOPS;                         NOPX
.return_address
	  8224    0x13 0x19 0xa0 0x18                                                                                                                                                        JNZD r12, r12, p6
.delay_slot
.swstall delay_slot
	  8228    0x00 0x00                                                                        NOPX
.delay_slot
.swstall delay_slot
	  8230    0x00 0x00                                                                        NOPX
.delay_slot
.swstall delay_slot
	  8232    0x00 0x00                                                                        NOPX
.delay_slot
.swstall delay_slot
	  8234    0x00 0x00                                                                        NOPX
.delay_slot
.swstall delay_slot
	  8236    0x00 0x00                                                                        NOPX
.loop_nesting 1
.no_stack_arguments
	  8238    0x06 0xa0 0x00 0x00 0x00 0x00 0x00 0x00 0x40 0xba                                MOVA r0, #53;                                                                             JL #llvm___aie2p___release
.delay_slot
	  8248    0x10 0x02 0x05 0x18                                                                                                                                                        MOVX r1, #1
.delay_slot
.swstall delay_slot
	  8252    0x00 0x00                                                                        NOPX
.delay_slot
.swstall delay_slot
	  8254    0x00 0x00                                                                        NOPX
.delay_slot
.swstall delay_slot
	  8256    0x00 0x00                                                                        NOPX
.delay_slot
.swstall delay_slot
	  8258    0x00 0x2c 0xf0 0x02 0xb6 0x00 0x00 0x40 0x1a 0x57 0x00 0x00 0x1c 0x2e            NOPA;                                                       NOPS;                                                       NOPM;                                   NOPV
.return_address
	  8272    0xfa 0x42 0x20 0x3f 0x27 0xca 0x28 0x00 0x58 0xba                                LDA r16, [sp, #-48];                                                                      MOVX r18, #-2;                MOV r17, #0
	  8282    0x44 0xa5 0x9d 0x20 0x01 0x64                                                                                                                                              LTU r18, r8, r18;             MOV r26, #0
	  8288    0x00 0x00                                                                        NOPX
	  8290    0x00 0x00                                                                        NOPX
	  8292    0x00 0x00                                                                        NOPX
	  8294    0x00 0x00                                                                        NOPX
	  8296    0x00 0x00                                                                        NOPX
	  8298    0x14 0x26 0xd0 0x18                                                                                                                                                        EQZ r19, r16
	  8302    0x14 0xe5 0x24 0x98                                                                                                                                                        AND r18, r19, r18
	  8306    0x14 0x63 0x25 0x98                                                                                                                                                        OR r17, r17, r18
	  8310    0x88 0x00 0x28 0x40 0x01 0x84                                                                                                                                              JNZ r17, #TGT_Fcore_1_3_80
.delay_slot
	  8316    0x12 0x10 0x07 0x18                                                                                                                                                        ADD r8, r8, #1
.delay_slot
	  8320    0x16 0xa1 0x02 0x98                                                                                                                                                        ADC r16, r26, r16
.delay_slot
.swstall delay_slot
	  8324    0x00 0x00                                                                        NOPX
.delay_slot
.swstall delay_slot
	  8326    0x00 0x00                                                                        NOPX
.delay_slot
.swstall delay_slot
	  8328    0x00 0x00                                                                        NOPX
.loop_nesting 0
	  8330    0x07 0xd4 0x39 0x18                                                              LDA lr, [sp, #-44]
	  8334    0x07 0xd9 0x11 0x18                                                              LDA r8, [sp, #-40]
	  8338    0x07 0xdd 0x91 0x18                                                              LDA r12, [sp, #-36]
	  8342    0x07 0xe1 0xb1 0x18                                                              LDA r13, [sp, #-32]
	  8346    0x07 0xe9 0xd1 0x18                                                              LDA r14, [sp, #-24]
	  8350    0x07 0xf1 0xf1 0x18                                                              LDA r15, [sp, #-16]
	  8354    0x07 0xf5 0x31 0x18                                                              LDA r9, [sp, #-12]
	  8358    0x07 0xf9 0x51 0x18                                                              LDA r10, [sp, #-8]
	  8362    0x07 0xfd 0x71 0x18                                                              LDA r11, [sp, #-4]
	  8366    0x07 0xe7 0x19 0x18                                                              LDA p6, [sp, #-28]
	  8370    0x07 0xef 0x99 0x18                                                              LDA p7, [sp, #-20]
	  8374    0x10 0x28 0x00 0x18                                                                                                                                                        RET lr
.delay_slot
	  8378    0xff 0xf8 0x00 0x00 0x01 0xc4                                                                                                                                              PADDXM [sp], #-64
.delay_slot
.swstall delay_slot
	  8384    0x00 0x00                                                                        NOPX
.delay_slot
.swstall delay_slot
	  8386    0x00 0x00                                                                        NOPX
.delay_slot
.swstall delay_slot
	  8388    0x00 0x00                                                                        NOPX
.label core_1_3__end last
.delay_slot
.swstall delay_slot
	  8390    0x00 0x00                                                                        NOPX

.undef global data C_L1L2_1_1_buff_0

.undef global data A_L2L1_1_1_cons_buff_0

.undef global data B_L2L1_1_1_cons_buff_0

.undef global data A_L2L1_1_1_cons_buff_1

.undef global data B_L2L1_1_1_cons_buff_1

.undef global text llvm___aie2p___acquire

.undef global text zero_kernel_bf16

.undef global text matmul_vectorized_different_datatypes

.undef global text llvm___aie2p___release

.text_segment_name
.text global 10 llvm___aie2p___acquire
.function_start
	     0    0x10 0x12 0x18 0x18                                                                                                                                                        ACQ r0, r1
	     4    0x10 0x28 0x00 0x18                                                                                                                                                        RET lr
.delay_slot
.swstall delay_slot
	     8    0x00 0x00                                                                        NOPX
.delay_slot
.swstall delay_slot
	    10    0x00 0x00                                                                        NOPX
.delay_slot
.swstall delay_slot
	    12    0x00 0x00                                                                        NOPX
.delay_slot
.swstall delay_slot
	    14    0x00 0x00                                                                        NOPX
.label llvm___aie2p___acquire__end last
.delay_slot
.swstall delay_slot
	    16    0x00 0x00                                                                        NOPX

.text_segment_name
.text global 10 llvm___aie2p___release
.function_start
	     0    0x10 0x10 0x18 0x18                                                                                                                                                        REL r0, r1
	     4    0x10 0x28 0x00 0x18                                                                                                                                                        RET lr
.delay_slot
.swstall delay_slot
	     8    0x00 0x00                                                                        NOPX
.delay_slot
.swstall delay_slot
	    10    0x00 0x00                                                                        NOPX
.delay_slot
.swstall delay_slot
	    12    0x00 0x00                                                                        NOPX
.delay_slot
.swstall delay_slot
	    14    0x00 0x00                                                                        NOPX
.label llvm___aie2p___release__end last
.delay_slot
.swstall delay_slot
	    16    0x00 0x00                                                                        NOPX

.text_segment_name
.text global 10 llvm___aie___event0
.function_start
	     0    0x10 0x28 0x00 0x18                                                                                                                                                        RET lr
.delay_slot
	     4    0x10 0x10 0x00 0x18                                                                                                                                                        EVENT #0
.delay_slot
.swstall delay_slot
	     8    0x00 0x00                                                                        NOPX
.delay_slot
.swstall delay_slot
	    10    0x00 0x00                                                                        NOPX
.delay_slot
.swstall delay_slot
	    12    0x00 0x00                                                                        NOPX
.label llvm___aie___event0__end last
.delay_slot
.swstall delay_slot
	    14    0x00 0x00                                                                        NOPX

.text_segment_name
.text global 10 llvm___aie___event1
.function_start
	     0    0x10 0x28 0x00 0x18                                                                                                                                                        RET lr
.delay_slot
	     4    0x12 0x10 0x00 0x18                                                                                                                                                        EVENT #1
.delay_slot
.swstall delay_slot
	     8    0x00 0x00                                                                        NOPX
.delay_slot
.swstall delay_slot
	    10    0x00 0x00                                                                        NOPX
.delay_slot
.swstall delay_slot
	    12    0x00 0x00                                                                        NOPX
.label llvm___aie___event1__end last
.delay_slot
.swstall delay_slot
	    14    0x00 0x00                                                                        NOPX



.direct_eval +,-,(,)
