
// File generated by darts version V-2024.06#8be6237c82#250729, Mon Jun 29 23:07:30 2026
// Copyright 2014-2024 Synopsys, Inc. All rights reserved.
// darts -I/home/bcloud/torch2aie/toolchain/aietools/data/aie2p/lib -d -h -I/home/bcloud/torch2aie/toolchain/aietools/include -I/home/bcloud/torch2aie/toolchain/aietools/data/aie2p/lib/runtime_cxx/libcxx-lite/include -I/home/bcloud/torch2aie/toolchain/aietools/data/aie2p/lib/runtime_cxx/libs/libcxx-16/include -I/home/bcloud/torch2aie/toolchain/aietools/data/aie2p/lib/runtime_cxx/libs/libcxxabi-16/include -I/home/bcloud/torch2aie/toolchain/aietools/data/aie2p/lib/runtime/include -D__AIENGINE__ -D__AIE_ARCH__=21 -D__AIEARCH__=21 -D__tct_tgt__=250729 -L +Ihex +nanno aie_768x2560x6912_192x128x96.mlir.prj/main_core_5_3.o me

// Release: ipp V-2024.06-TGT-250729
.undef global data _ZN12me_primitive11control_satE

.undef global data _ZN12me_primitive11control_rndE

.undef global data A_L2L1_1_5_cons_buff_1

.undef global data A_L2L1_1_5_cons_buff_0

.undef global data B_L2L1_5_1_cons_buff_1

.undef global data B_L2L1_5_1_cons_buff_0

.undef global data C_L1L2_5_1_buff_0

.text_segment_name
.text global 16 core_5_3
.function_start
	     0    0x00 0x11 0x00 0x9c 0x8b 0x00 0x02 0x00 0x00 0x00 0x70 0x76                      MOVA r17, #0;                                               MOVS p0, p7;                  PADDXM [sp], #64
	    12    0xfb 0x22 0xb0 0x00 0x80 0x08 0x2b 0xd0 0x79 0x3a                                                                                            ST r8, [sp, #-40];            MOVX r8, #0;                  MOV r1, r15
	    22    0xff 0xae 0xb0 0x00 0x0b 0x90 0x70 0x02                                                                                                      ST r11, [sp, #-4];                                          MOV r0, r14
	    30    0xff 0x2a 0xb0 0x00 0x4b 0x50 0x70 0x02                                                                                                      ST r10, [sp, #-8];                                          MOV r2, r13
	    38    0xfe 0xa6 0xb0 0x00 0x00 0x03 0xb0 0x00 0x11 0x3a                                                                                            ST r9, [sp, #-12];            MOVXM p7, #C_L1L2_5_1_buff_0
	    48    0x0f 0xf0 0x35 0x98                                                                                                                          ST r1, [sp, #-16]
	    52    0x0f 0xe8 0x15 0x98                                                                                                                          ST r0, [sp, #-24]
	    56    0x0f 0xe0 0x55 0x98                                                                                                                          ST r2, [sp, #-32]
	    60    0x0f 0xdd 0x95 0x98                                                                                                                          ST r12, [sp, #-36]
	    64    0x0f 0xec 0x1d 0x98                                                                                                                          ST p0, [sp, #-20]
	    68    0x0f 0xe7 0x1d 0x98                                                                                                                          ST p6, [sp, #-28]
	    72    0xfa 0x87 0xb0 0x00 0x01 0xa5 0x70 0x02                                                                                                      ST lr, [sp, #-44];                                          NOPM
.label TGT_Fcore_5_3_80
.loop_nesting 1
.no_stack_arguments
	    80    0xff 0xe1 0x00 0x00 0x00 0x00 0x00 0x00 0x40 0xba                                MOVA r1, #-1;                                                                             JL #llvm___aie2p___acquire
.delay_slot
	    90    0x10 0x00 0xd1 0x18                                                                                                                                                        MOVX r0, #52
.delay_slot
	    94    0x0f 0xd2 0x35 0x98                                                                                                                          ST r17, [sp, #-48]
.delay_slot
.swstall delay_slot
	    98    0x00 0x00                                                                        NOPX
.delay_slot
.swstall delay_slot
	   100    0x00 0x00                                                                        NOPX
.delay_slot
.swstall delay_slot
	   102    0x00 0x2c 0xf0 0x00 0x10 0x00 0x01 0xa5 0x7e 0xba                                NOPA;                         NOPB;                                                                                     NOPM
.return_address
.no_stack_arguments
	   112    0x00 0x00 0x00 0x00 0x01 0x04                                                                                                                                              JL #zero_kernel
.delay_slot
	   118    0x18 0x6e 0xc0 0xf8                                                                                                                                                                                      MOV p0, p7
.delay_slot
.swstall delay_slot
	   122    0x00 0x00                                                                        NOPX
.delay_slot
.swstall delay_slot
	   124    0x00 0x00                                                                        NOPX
.delay_slot
.swstall delay_slot
	   126    0x00 0x00                                                                        NOPX
.delay_slot
.swstall delay_slot
	   128    0x00 0x2c 0xf0 0x00 0x20 0x01 0x5b 0x00 0x00 0x00 0x01 0xa5 0x78 0x00 0x00 0xe1  NOPA;                         NOPB;                         NOPS;                         NOPX;                         NOPM;                                   NOPV
.return_address
	   144    0x00 0x2c 0xf0 0x00 0x20 0x01 0x5b 0x00 0xc1 0x28 0x01 0xa5 0x78 0x00 0x00 0xe1  NOPA;                         NOPB;                         NOPS;                         MOVX r12, #9;                 NOPM;                                   NOPV
.label TGT_Fcore_5_3_160
.loop_nesting 2
.no_stack_arguments
	   160    0x06 0x60 0x00 0x00 0x00 0x00 0x00 0x00 0x40 0xba                                MOVA r0, #51;                                                                             JL #llvm___aie2p___acquire
.delay_slot
	   170    0x17 0xc2 0xfd 0x18                                                                                                                                                        MOVX r1, #-1
.delay_slot
.swstall delay_slot
	   174    0x00 0x00                                                                        NOPX
.delay_slot
.swstall delay_slot
	   176    0x00 0x00                                                                        NOPX
.delay_slot
.swstall delay_slot
	   178    0x00 0x00                                                                        NOPX
.delay_slot
.swstall delay_slot
	   180    0x00 0x2c 0xf0 0x00 0x20 0x00 0x00 0x00 0x00 0xad 0x81 0x36                      NOPA;                         NOPB;                         NOPS;                         NOPX
.return_address
.no_stack_arguments
	   192    0x06 0x20 0x00 0x00 0x00 0x00 0x00 0x00 0x40 0xba                                MOVA r0, #49;                                                                             JL #llvm___aie2p___acquire
.delay_slot
	   202    0x17 0xc2 0xfd 0x18                                                                                                                                                        MOVX r1, #-1
.delay_slot
.swstall delay_slot
	   206    0x00 0x00                                                                        NOPX
.delay_slot
.swstall delay_slot
	   208    0x00 0x00                                                                        NOPX
.delay_slot
.swstall delay_slot
	   210    0x00 0x00                                                                        NOPX
.delay_slot
.swstall delay_slot
	   212    0x00 0x2c 0xf0 0x00 0x20 0x00 0x00 0x00 0x00 0xad 0x81 0x36                      NOPA;                         NOPB;                         NOPS;                         NOPX
.return_address
.no_stack_arguments
	   224    0x53 0x91 0x60 0x00 0x00 0x00 0x00 0x00 0x41 0x3a                                                                                            MOVS p2, p7;                  JL #matmul_vectorized_bfp16
.delay_slot
	   234    0x00 0x00 0x02 0xc0 0x00 0x44                                                                                                                                              MOVXM p1, #B_L2L1_5_1_cons_buff_0
.delay_slot
	   240    0x00 0x00 0x00 0xc0 0x00 0x44                                                                                                                                              MOVXM p0, #A_L2L1_1_5_cons_buff_0
.delay_slot
	   246    0x1e 0x62 0xc0 0xf8                                                                                                                                                                                      MOV p6, p1
.delay_slot
.swstall delay_slot
	   250    0x00 0x00                                                                        NOPX
.delay_slot
.swstall delay_slot
	   252    0x00 0x01 0x67 0x98                                                              NOPA
.return_address
.no_stack_arguments
	   256    0x06 0x00 0x00 0x00 0x00 0x00 0x00 0x00 0x40 0xba                                MOVA r0, #48;                                                                             JL #llvm___aie2p___release
.delay_slot
	   266    0x10 0x02 0x05 0x18                                                                                                                                                        MOVX r1, #1
.delay_slot
.swstall delay_slot
	   270    0x00 0x00                                                                        NOPX
.delay_slot
.swstall delay_slot
	   272    0x00 0x00                                                                        NOPX
.delay_slot
.swstall delay_slot
	   274    0x00 0x00                                                                        NOPX
.delay_slot
.swstall delay_slot
	   276    0x00 0x2c 0xf0 0x00 0x20 0x00 0x00 0x00 0x00 0xad 0x81 0x36                      NOPA;                         NOPB;                         NOPS;                         NOPX
.return_address
.no_stack_arguments
	   288    0x06 0x20 0x00 0x00 0x00 0x00 0x00 0x00 0x40 0xba                                MOVA r0, #49;                                                                             JL #llvm___aie2p___acquire
.delay_slot
	   298    0x17 0xc2 0xfd 0x18                                                                                                                                                        MOVX r1, #-1
.delay_slot
.swstall delay_slot
	   302    0x00 0x00                                                                        NOPX
.delay_slot
.swstall delay_slot
	   304    0x00 0x00                                                                        NOPX
.delay_slot
.swstall delay_slot
	   306    0x00 0x00                                                                        NOPX
.delay_slot
.swstall delay_slot
	   308    0x00 0x2c 0xf0 0x00 0x20 0x00 0x00 0x00 0x00 0xad 0x81 0x36                      NOPA;                         NOPB;                         NOPS;                         NOPX
.return_address
.no_stack_arguments
	   320    0x33 0x11 0x60 0x00 0x00 0x00 0x00 0x00 0x41 0x3a                                                                                            MOVS p1, p6;                  JL #matmul_vectorized_bfp16
.delay_slot
	   330    0x1a 0x6e 0xc0 0xf8                                                                                                                                                                                      MOV p2, p7
.delay_slot
	   334    0x00 0x00 0x00 0xc0 0x00 0x44                                                                                                                                              MOVXM p0, #A_L2L1_1_5_cons_buff_1
.delay_slot
.swstall delay_slot
	   340    0x00 0x00                                                                        NOPX
.delay_slot
.swstall delay_slot
	   342    0x00 0x00                                                                        NOPX
.delay_slot
.swstall delay_slot
	   344    0x00 0x2c 0xf0 0x04 0x00 0x00 0x1c 0x22                                          NOPA;                                                                                                                                                           NOPV
.return_address
.no_stack_arguments
	   352    0x06 0x00 0x00 0x00 0x00 0x00 0x00 0x00 0x40 0xba                                MOVA r0, #48;                                                                             JL #llvm___aie2p___release
.delay_slot
	   362    0x10 0x02 0x05 0x18                                                                                                                                                        MOVX r1, #1
.delay_slot
.swstall delay_slot
	   366    0x00 0x00                                                                        NOPX
.delay_slot
.swstall delay_slot
	   368    0x00 0x00                                                                        NOPX
.delay_slot
.swstall delay_slot
	   370    0x00 0x00                                                                        NOPX
.delay_slot
.swstall delay_slot
	   372    0x00 0x2c 0xf0 0x00 0x20 0x00 0x00 0x00 0x00 0xad 0x81 0x36                      NOPA;                         NOPB;                         NOPS;                         NOPX
.return_address
.no_stack_arguments
	   384    0x06 0x20 0x00 0x00 0x00 0x00 0x00 0x00 0x40 0xba                                MOVA r0, #49;                                                                             JL #llvm___aie2p___acquire
.delay_slot
	   394    0x17 0xc2 0xfd 0x18                                                                                                                                                        MOVX r1, #-1
.delay_slot
.swstall delay_slot
	   398    0x00 0x00                                                                        NOPX
.delay_slot
.swstall delay_slot
	   400    0x00 0x00                                                                        NOPX
.delay_slot
.swstall delay_slot
	   402    0x00 0x00                                                                        NOPX
.delay_slot
.swstall delay_slot
	   404    0x00 0x2c 0xf0 0x00 0x20 0x00 0x00 0x00 0x00 0xad 0x81 0x36                      NOPA;                         NOPB;                         NOPS;                         NOPX
.return_address
.no_stack_arguments
	   416    0x33 0x11 0x60 0x00 0x00 0x00 0x00 0x00 0x41 0x3a                                                                                            MOVS p1, p6;                  JL #matmul_vectorized_bfp16
.delay_slot
	   426    0x1a 0x6e 0xc0 0xf8                                                                                                                                                                                      MOV p2, p7
.delay_slot
	   430    0x00 0x00 0x00 0xc0 0x00 0x44                                                                                                                                              MOVXM p0, #A_L2L1_1_5_cons_buff_0
.delay_slot
.swstall delay_slot
	   436    0x00 0x00                                                                        NOPX
.delay_slot
.swstall delay_slot
	   438    0x00 0x00                                                                        NOPX
.delay_slot
.swstall delay_slot
	   440    0x00 0x2c 0xf0 0x04 0x00 0x00 0x1c 0x22                                          NOPA;                                                                                                                                                           NOPV
.return_address
.no_stack_arguments
	   448    0x06 0x00 0x00 0x00 0x00 0x00 0x00 0x00 0x40 0xba                                MOVA r0, #48;                                                                             JL #llvm___aie2p___release
.delay_slot
	   458    0x10 0x02 0x05 0x18                                                                                                                                                        MOVX r1, #1
.delay_slot
.swstall delay_slot
	   462    0x00 0x00                                                                        NOPX
.delay_slot
.swstall delay_slot
	   464    0x00 0x00                                                                        NOPX
.delay_slot
.swstall delay_slot
	   466    0x00 0x00                                                                        NOPX
.delay_slot
.swstall delay_slot
	   468    0x00 0x2c 0xf0 0x00 0x20 0x00 0x00 0x00 0x00 0xad 0x81 0x36                      NOPA;                         NOPB;                         NOPS;                         NOPX
.return_address
.no_stack_arguments
	   480    0x06 0x20 0x00 0x00 0x00 0x00 0x00 0x00 0x40 0xba                                MOVA r0, #49;                                                                             JL #llvm___aie2p___acquire
.delay_slot
	   490    0x17 0xc2 0xfd 0x18                                                                                                                                                        MOVX r1, #-1
.delay_slot
.swstall delay_slot
	   494    0x00 0x00                                                                        NOPX
.delay_slot
.swstall delay_slot
	   496    0x00 0x00                                                                        NOPX
.delay_slot
.swstall delay_slot
	   498    0x00 0x00                                                                        NOPX
.delay_slot
.swstall delay_slot
	   500    0x00 0x2c 0xf0 0x00 0x20 0x00 0x00 0x00 0x00 0xad 0x81 0x36                      NOPA;                         NOPB;                         NOPS;                         NOPX
.return_address
.no_stack_arguments
	   512    0x33 0x11 0x60 0x00 0x00 0x00 0x00 0x00 0x41 0x3a                                                                                            MOVS p1, p6;                  JL #matmul_vectorized_bfp16
.delay_slot
	   522    0x1a 0x6e 0xc0 0xf8                                                                                                                                                                                      MOV p2, p7
.delay_slot
	   526    0x00 0x00 0x00 0xc0 0x00 0x44                                                                                                                                              MOVXM p0, #A_L2L1_1_5_cons_buff_1
.delay_slot
.swstall delay_slot
	   532    0x00 0x00                                                                        NOPX
.delay_slot
.swstall delay_slot
	   534    0x00 0x00                                                                        NOPX
.delay_slot
.swstall delay_slot
	   536    0x00 0x2c 0xf0 0x04 0x00 0x00 0x1c 0x22                                          NOPA;                                                                                                                                                           NOPV
.return_address
.no_stack_arguments
	   544    0x06 0x00 0x00 0x00 0x00 0x00 0x00 0x00 0x40 0xba                                MOVA r0, #48;                                                                             JL #llvm___aie2p___release
.delay_slot
	   554    0x10 0x02 0x05 0x18                                                                                                                                                        MOVX r1, #1
.delay_slot
.swstall delay_slot
	   558    0x00 0x00                                                                        NOPX
.delay_slot
.swstall delay_slot
	   560    0x00 0x00                                                                        NOPX
.delay_slot
.swstall delay_slot
	   562    0x00 0x00                                                                        NOPX
.delay_slot
.swstall delay_slot
	   564    0x00 0x2c 0xf0 0x00 0x20 0x00 0x00 0x00 0x00 0xad 0x81 0x36                      NOPA;                         NOPB;                         NOPS;                         NOPX
.return_address
.no_stack_arguments
	   576    0x06 0x20 0x00 0x00 0x00 0x00 0x00 0x00 0x40 0xba                                MOVA r0, #49;                                                                             JL #llvm___aie2p___acquire
.delay_slot
	   586    0x17 0xc2 0xfd 0x18                                                                                                                                                        MOVX r1, #-1
.delay_slot
.swstall delay_slot
	   590    0x00 0x00                                                                        NOPX
.delay_slot
.swstall delay_slot
	   592    0x00 0x00                                                                        NOPX
.delay_slot
.swstall delay_slot
	   594    0x00 0x00                                                                        NOPX
.delay_slot
.swstall delay_slot
	   596    0x00 0x2c 0xf0 0x00 0x20 0x00 0x00 0x00 0x00 0xad 0x81 0x36                      NOPA;                         NOPB;                         NOPS;                         NOPX
.return_address
.no_stack_arguments
	   608    0x33 0x11 0x60 0x00 0x00 0x00 0x00 0x00 0x41 0x3a                                                                                            MOVS p1, p6;                  JL #matmul_vectorized_bfp16
.delay_slot
	   618    0x1a 0x6e 0xc0 0xf8                                                                                                                                                                                      MOV p2, p7
.delay_slot
	   622    0x00 0x00 0x00 0xc0 0x00 0x44                                                                                                                                              MOVXM p0, #A_L2L1_1_5_cons_buff_0
.delay_slot
.swstall delay_slot
	   628    0x00 0x00                                                                        NOPX
.delay_slot
.swstall delay_slot
	   630    0x00 0x00                                                                        NOPX
.delay_slot
.swstall delay_slot
	   632    0x00 0x2c 0xf0 0x04 0x00 0x00 0x1c 0x22                                          NOPA;                                                                                                                                                           NOPV
.return_address
.no_stack_arguments
	   640    0x06 0x00 0x00 0x00 0x00 0x00 0x00 0x00 0x40 0xba                                MOVA r0, #48;                                                                             JL #llvm___aie2p___release
.delay_slot
	   650    0x10 0x02 0x05 0x18                                                                                                                                                        MOVX r1, #1
.delay_slot
.swstall delay_slot
	   654    0x00 0x00                                                                        NOPX
.delay_slot
.swstall delay_slot
	   656    0x00 0x00                                                                        NOPX
.delay_slot
.swstall delay_slot
	   658    0x00 0x00                                                                        NOPX
.delay_slot
.swstall delay_slot
	   660    0x00 0x2c 0xf0 0x00 0x20 0x00 0x00 0x00 0x00 0xad 0x81 0x36                      NOPA;                         NOPB;                         NOPS;                         NOPX
.return_address
.no_stack_arguments
	   672    0x06 0x20 0x00 0x00 0x00 0x00 0x00 0x00 0x40 0xba                                MOVA r0, #49;                                                                             JL #llvm___aie2p___acquire
.delay_slot
	   682    0x17 0xc2 0xfd 0x18                                                                                                                                                        MOVX r1, #-1
.delay_slot
.swstall delay_slot
	   686    0x00 0x00                                                                        NOPX
.delay_slot
.swstall delay_slot
	   688    0x00 0x00                                                                        NOPX
.delay_slot
.swstall delay_slot
	   690    0x00 0x00                                                                        NOPX
.delay_slot
.swstall delay_slot
	   692    0x00 0x2c 0xf0 0x00 0x20 0x00 0x00 0x00 0x00 0xad 0x81 0x36                      NOPA;                         NOPB;                         NOPS;                         NOPX
.return_address
.no_stack_arguments
	   704    0x53 0x91 0x60 0x00 0x00 0x00 0x00 0x00 0x41 0x3a                                                                                            MOVS p2, p7;                  JL #matmul_vectorized_bfp16
.delay_slot
	   714    0x33 0x11 0x60 0x00 0x00 0x00 0x30 0x00 0x11 0x3a                                                                                            MOVS p1, p6;                  MOVXM p0, #A_L2L1_1_5_cons_buff_1
.delay_slot
	   724    0x1e 0x64 0xc0 0xf8                                                                                                                                                                                      MOV p6, p2
.delay_slot
.swstall delay_slot
	   728    0x00 0x00                                                                        NOPX
.delay_slot
.swstall delay_slot
	   730    0x00 0x00                                                                        NOPX
.delay_slot
.swstall delay_slot
	   732    0x00 0x01 0x67 0x98                                                              NOPA
.return_address
.no_stack_arguments
	   736    0x06 0x00 0x00 0x00 0x00 0x00 0x00 0x00 0x40 0xba                                MOVA r0, #48;                                                                             JL #llvm___aie2p___release
.delay_slot
	   746    0x10 0x02 0x05 0x18                                                                                                                                                        MOVX r1, #1
.delay_slot
.swstall delay_slot
	   750    0x00 0x00                                                                        NOPX
.delay_slot
.swstall delay_slot
	   752    0x00 0x00                                                                        NOPX
.delay_slot
.swstall delay_slot
	   754    0x00 0x00                                                                        NOPX
.delay_slot
.swstall delay_slot
	   756    0x00 0x2c 0xf0 0x00 0x20 0x00 0x00 0x00 0x00 0xad 0x81 0x36                      NOPA;                         NOPB;                         NOPS;                         NOPX
.return_address
.no_stack_arguments
	   768    0x06 0x40 0x00 0x00 0x00 0x00 0x00 0x00 0x40 0xba                                MOVA r0, #50;                                                                             JL #llvm___aie2p___release
.delay_slot
	   778    0x10 0x02 0x05 0x18                                                                                                                                                        MOVX r1, #1
.delay_slot
.swstall delay_slot
	   782    0x00 0x00                                                                        NOPX
.delay_slot
.swstall delay_slot
	   784    0x00 0x00                                                                        NOPX
.delay_slot
.swstall delay_slot
	   786    0x00 0x00                                                                        NOPX
.delay_slot
.swstall delay_slot
	   788    0x00 0x2c 0xf0 0x00 0x20 0x00 0x00 0x00 0x00 0xad 0x81 0x36                      NOPA;                         NOPB;                         NOPS;                         NOPX
.return_address
.no_stack_arguments
	   800    0x06 0x60 0x00 0x00 0x00 0x00 0x00 0x00 0x40 0xba                                MOVA r0, #51;                                                                             JL #llvm___aie2p___acquire
.delay_slot
	   810    0x17 0xc2 0xfd 0x18                                                                                                                                                        MOVX r1, #-1
.delay_slot
.swstall delay_slot
	   814    0x00 0x00                                                                        NOPX
.delay_slot
.swstall delay_slot
	   816    0x00 0x00                                                                        NOPX
.delay_slot
.swstall delay_slot
	   818    0x00 0x00                                                                        NOPX
.delay_slot
.swstall delay_slot
	   820    0x00 0x2c 0xf0 0x00 0x20 0x00 0x00 0x00 0x00 0xad 0x81 0x36                      NOPA;                         NOPB;                         NOPS;                         NOPX
.return_address
.no_stack_arguments
	   832    0x06 0x20 0x00 0x00 0x00 0x00 0x00 0x00 0x40 0xba                                MOVA r0, #49;                                                                             JL #llvm___aie2p___acquire
.delay_slot
	   842    0x17 0xc2 0xfd 0x18                                                                                                                                                        MOVX r1, #-1
.delay_slot
.swstall delay_slot
	   846    0x00 0x00                                                                        NOPX
.delay_slot
.swstall delay_slot
	   848    0x00 0x00                                                                        NOPX
.delay_slot
.swstall delay_slot
	   850    0x00 0x00                                                                        NOPX
.delay_slot
.swstall delay_slot
	   852    0x00 0x2c 0xf0 0x00 0x20 0x00 0x00 0x00 0x00 0xad 0x81 0x36                      NOPA;                         NOPB;                         NOPS;                         NOPX
.return_address
.no_stack_arguments
	   864    0x00 0x00 0x00 0x00 0x01 0x04                                                                                                                                              JL #matmul_vectorized_bfp16
.delay_slot
	   870    0x00 0x00 0x00 0xc0 0x00 0x44                                                                                                                                              MOVXM p0, #A_L2L1_1_5_cons_buff_0
.delay_slot
	   876    0x00 0x00 0x02 0xc0 0x00 0x44                                                                                                                                              MOVXM p1, #B_L2L1_5_1_cons_buff_1
.delay_slot
	   882    0x1a 0x6c 0xc0 0xf8                                                                                                                                                                                      MOV p2, p6
.delay_slot
.swstall delay_slot
	   886    0x00 0x00                                                                        NOPX
.delay_slot
.swstall delay_slot
	   888    0x00 0x2c 0xf0 0x04 0x00 0x00 0x1c 0x22                                          NOPA;                                                                                                                                                           NOPV
.return_address
.no_stack_arguments
	   896    0x06 0x00 0x00 0x00 0x00 0x00 0x00 0x00 0x40 0xba                                MOVA r0, #48;                                                                             JL #llvm___aie2p___release
.delay_slot
	   906    0x10 0x02 0x05 0x18                                                                                                                                                        MOVX r1, #1
.delay_slot
.swstall delay_slot
	   910    0x00 0x00                                                                        NOPX
.delay_slot
.swstall delay_slot
	   912    0x00 0x00                                                                        NOPX
.delay_slot
.swstall delay_slot
	   914    0x00 0x00                                                                        NOPX
.delay_slot
.swstall delay_slot
	   916    0x00 0x2c 0xf0 0x00 0x20 0x00 0x00 0x00 0x00 0xad 0x81 0x36                      NOPA;                         NOPB;                         NOPS;                         NOPX
.return_address
.no_stack_arguments
	   928    0x06 0x20 0x00 0x00 0x00 0x00 0x00 0x00 0x40 0xba                                MOVA r0, #49;                                                                             JL #llvm___aie2p___acquire
.delay_slot
	   938    0x17 0xc2 0xfd 0x18                                                                                                                                                        MOVX r1, #-1
.delay_slot
.swstall delay_slot
	   942    0x00 0x00                                                                        NOPX
.delay_slot
.swstall delay_slot
	   944    0x00 0x00                                                                        NOPX
.delay_slot
.swstall delay_slot
	   946    0x00 0x00                                                                        NOPX
.delay_slot
.swstall delay_slot
	   948    0x00 0x2c 0xf0 0x00 0x20 0x00 0x00 0x00 0x00 0xad 0x81 0x36                      NOPA;                         NOPB;                         NOPS;                         NOPX
.return_address
.no_stack_arguments
	   960    0x00 0x00 0x00 0x00 0x01 0x04                                                                                                                                              JL #matmul_vectorized_bfp16
.delay_slot
	   966    0x00 0x00 0x00 0xc0 0x00 0x44                                                                                                                                              MOVXM p0, #A_L2L1_1_5_cons_buff_1
.delay_slot
	   972    0x00 0x00 0x02 0xc0 0x00 0x44                                                                                                                                              MOVXM p1, #B_L2L1_5_1_cons_buff_1
.delay_slot
	   978    0x1a 0x6c 0xc0 0xf8                                                                                                                                                                                      MOV p2, p6
.delay_slot
.swstall delay_slot
	   982    0x00 0x00                                                                        NOPX
.delay_slot
.swstall delay_slot
	   984    0x00 0x2c 0xf0 0x04 0x00 0x00 0x1c 0x22                                          NOPA;                                                                                                                                                           NOPV
.return_address
.no_stack_arguments
	   992    0x06 0x00 0x00 0x00 0x00 0x00 0x00 0x00 0x40 0xba                                MOVA r0, #48;                                                                             JL #llvm___aie2p___release
.delay_slot
	  1002    0x10 0x02 0x05 0x18                                                                                                                                                        MOVX r1, #1
.delay_slot
.swstall delay_slot
	  1006    0x00 0x00                                                                        NOPX
.delay_slot
.swstall delay_slot
	  1008    0x00 0x00                                                                        NOPX
.delay_slot
.swstall delay_slot
	  1010    0x00 0x00                                                                        NOPX
.delay_slot
.swstall delay_slot
	  1012    0x00 0x2c 0xf0 0x00 0x20 0x00 0x00 0x00 0x00 0xad 0x81 0x36                      NOPA;                         NOPB;                         NOPS;                         NOPX
.return_address
.no_stack_arguments
	  1024    0x06 0x20 0x00 0x00 0x00 0x00 0x00 0x00 0x40 0xba                                MOVA r0, #49;                                                                             JL #llvm___aie2p___acquire
.delay_slot
	  1034    0x17 0xc2 0xfd 0x18                                                                                                                                                        MOVX r1, #-1
.delay_slot
.swstall delay_slot
	  1038    0x00 0x00                                                                        NOPX
.delay_slot
.swstall delay_slot
	  1040    0x00 0x00                                                                        NOPX
.delay_slot
.swstall delay_slot
	  1042    0x00 0x00                                                                        NOPX
.delay_slot
.swstall delay_slot
	  1044    0x00 0x2c 0xf0 0x00 0x20 0x00 0x00 0x00 0x00 0xad 0x81 0x36                      NOPA;                         NOPB;                         NOPS;                         NOPX
.return_address
.no_stack_arguments
	  1056    0x00 0x00 0x00 0x00 0x01 0x04                                                                                                                                              JL #matmul_vectorized_bfp16
.delay_slot
	  1062    0x00 0x00 0x00 0xc0 0x00 0x44                                                                                                                                              MOVXM p0, #A_L2L1_1_5_cons_buff_0
.delay_slot
	  1068    0x00 0x00 0x02 0xc0 0x00 0x44                                                                                                                                              MOVXM p1, #B_L2L1_5_1_cons_buff_1
.delay_slot
	  1074    0x1a 0x6c 0xc0 0xf8                                                                                                                                                                                      MOV p2, p6
.delay_slot
.swstall delay_slot
	  1078    0x00 0x00                                                                        NOPX
.delay_slot
.swstall delay_slot
	  1080    0x00 0x2c 0xf0 0x04 0x00 0x00 0x1c 0x22                                          NOPA;                                                                                                                                                           NOPV
.return_address
.no_stack_arguments
	  1088    0x06 0x00 0x00 0x00 0x00 0x00 0x00 0x00 0x40 0xba                                MOVA r0, #48;                                                                             JL #llvm___aie2p___release
.delay_slot
	  1098    0x10 0x02 0x05 0x18                                                                                                                                                        MOVX r1, #1
.delay_slot
.swstall delay_slot
	  1102    0x00 0x00                                                                        NOPX
.delay_slot
.swstall delay_slot
	  1104    0x00 0x00                                                                        NOPX
.delay_slot
.swstall delay_slot
	  1106    0x00 0x00                                                                        NOPX
.delay_slot
.swstall delay_slot
	  1108    0x00 0x2c 0xf0 0x00 0x20 0x00 0x00 0x00 0x00 0xad 0x81 0x36                      NOPA;                         NOPB;                         NOPS;                         NOPX
.return_address
.no_stack_arguments
	  1120    0x06 0x20 0x00 0x00 0x00 0x00 0x00 0x00 0x40 0xba                                MOVA r0, #49;                                                                             JL #llvm___aie2p___acquire
.delay_slot
	  1130    0x17 0xc2 0xfd 0x18                                                                                                                                                        MOVX r1, #-1
.delay_slot
.swstall delay_slot
	  1134    0x00 0x00                                                                        NOPX
.delay_slot
.swstall delay_slot
	  1136    0x00 0x00                                                                        NOPX
.delay_slot
.swstall delay_slot
	  1138    0x00 0x00                                                                        NOPX
.delay_slot
.swstall delay_slot
	  1140    0x00 0x2c 0xf0 0x00 0x20 0x00 0x00 0x00 0x00 0xad 0x81 0x36                      NOPA;                         NOPB;                         NOPS;                         NOPX
.return_address
.no_stack_arguments
	  1152    0x00 0x00 0x00 0x00 0x01 0x04                                                                                                                                              JL #matmul_vectorized_bfp16
.delay_slot
	  1158    0x00 0x00 0x00 0xc0 0x00 0x44                                                                                                                                              MOVXM p0, #A_L2L1_1_5_cons_buff_1
.delay_slot
	  1164    0x00 0x00 0x02 0xc0 0x00 0x44                                                                                                                                              MOVXM p1, #B_L2L1_5_1_cons_buff_1
.delay_slot
	  1170    0x1a 0x6c 0xc0 0xf8                                                                                                                                                                                      MOV p2, p6
.delay_slot
.swstall delay_slot
	  1174    0x00 0x00                                                                        NOPX
.delay_slot
.swstall delay_slot
	  1176    0x00 0x2c 0xf0 0x04 0x00 0x00 0x1c 0x22                                          NOPA;                                                                                                                                                           NOPV
.return_address
.no_stack_arguments
	  1184    0x06 0x00 0x00 0x00 0x00 0x00 0x00 0x00 0x40 0xba                                MOVA r0, #48;                                                                             JL #llvm___aie2p___release
.delay_slot
	  1194    0x10 0x02 0x05 0x18                                                                                                                                                        MOVX r1, #1
.delay_slot
.swstall delay_slot
	  1198    0x00 0x00                                                                        NOPX
.delay_slot
.swstall delay_slot
	  1200    0x00 0x00                                                                        NOPX
.delay_slot
.swstall delay_slot
	  1202    0x00 0x00                                                                        NOPX
.delay_slot
.swstall delay_slot
	  1204    0x00 0x2c 0xf0 0x00 0x20 0x00 0x00 0x00 0x00 0xad 0x81 0x36                      NOPA;                         NOPB;                         NOPS;                         NOPX
.return_address
.no_stack_arguments
	  1216    0x06 0x20 0x00 0x00 0x00 0x00 0x00 0x00 0x40 0xba                                MOVA r0, #49;                                                                             JL #llvm___aie2p___acquire
.delay_slot
	  1226    0x17 0xc2 0xfd 0x18                                                                                                                                                        MOVX r1, #-1
.delay_slot
.swstall delay_slot
	  1230    0x00 0x00                                                                        NOPX
.delay_slot
.swstall delay_slot
	  1232    0x00 0x00                                                                        NOPX
.delay_slot
.swstall delay_slot
	  1234    0x00 0x00                                                                        NOPX
.delay_slot
.swstall delay_slot
	  1236    0x00 0x2c 0xf0 0x00 0x20 0x00 0x00 0x00 0x00 0xad 0x81 0x36                      NOPA;                         NOPB;                         NOPS;                         NOPX
.return_address
.no_stack_arguments
	  1248    0x00 0x00 0x00 0x00 0x01 0x04                                                                                                                                              JL #matmul_vectorized_bfp16
.delay_slot
	  1254    0x00 0x00 0x00 0xc0 0x00 0x44                                                                                                                                              MOVXM p0, #A_L2L1_1_5_cons_buff_0
.delay_slot
	  1260    0x00 0x00 0x02 0xc0 0x00 0x44                                                                                                                                              MOVXM p1, #B_L2L1_5_1_cons_buff_1
.delay_slot
	  1266    0x1a 0x6c 0xc0 0xf8                                                                                                                                                                                      MOV p2, p6
.delay_slot
.swstall delay_slot
	  1270    0x00 0x00                                                                        NOPX
.delay_slot
.swstall delay_slot
	  1272    0x00 0x2c 0xf0 0x04 0x00 0x00 0x1c 0x22                                          NOPA;                                                                                                                                                           NOPV
.return_address
.no_stack_arguments
	  1280    0x06 0x00 0x00 0x00 0x00 0x00 0x00 0x00 0x40 0xba                                MOVA r0, #48;                                                                             JL #llvm___aie2p___release
.delay_slot
	  1290    0x10 0x02 0x05 0x18                                                                                                                                                        MOVX r1, #1
.delay_slot
.swstall delay_slot
	  1294    0x00 0x00                                                                        NOPX
.delay_slot
.swstall delay_slot
	  1296    0x00 0x00                                                                        NOPX
.delay_slot
.swstall delay_slot
	  1298    0x00 0x00                                                                        NOPX
.delay_slot
.swstall delay_slot
	  1300    0x00 0x2c 0xf0 0x00 0x20 0x00 0x00 0x00 0x00 0xad 0x81 0x36                      NOPA;                         NOPB;                         NOPS;                         NOPX
.return_address
.no_stack_arguments
	  1312    0x00 0x00 0x00 0x00 0x01 0x04                                                                                                                                              JL #llvm___aie2p___acquire
.delay_slot
	  1318    0x06 0x20 0x00 0x00 0x00 0x03 0x30 0x50 0x10 0xba                                MOVA r0, #49;                                                                             MOVXM p6, #(TGT_Fcore_5_3_160 + 0)
.delay_slot
	  1328    0x17 0xc2 0xfd 0x18                                                                                                                                                        MOVX r1, #-1
.delay_slot
.swstall delay_slot
	  1332    0x00 0x00                                                                        NOPX
.delay_slot
.swstall delay_slot
	  1334    0x00 0x00                                                                        NOPX
.delay_slot
.swstall delay_slot
	  1336    0x00 0x2c 0xf0 0x04 0x00 0x00 0x1c 0x22                                          NOPA;                                                                                                                                                           NOPV
.return_address
.no_stack_arguments
	  1344    0x00 0x00 0x00 0x00 0x01 0x04                                                                                                                                              JL #matmul_vectorized_bfp16
.delay_slot
	  1350    0x00 0x00 0x00 0xc0 0x00 0x44                                                                                                                                              MOVXM p0, #A_L2L1_1_5_cons_buff_1
.delay_slot
	  1356    0x00 0x00 0x02 0xc0 0x00 0x44                                                                                                                                              MOVXM p1, #B_L2L1_5_1_cons_buff_1
.delay_slot
	  1362    0x1a 0x6e 0xc0 0xf8                                                                                                                                                                                      MOV p2, p7
.delay_slot
.swstall delay_slot
	  1366    0x00 0x00                                                                        NOPX
.delay_slot
.swstall delay_slot
	  1368    0x00 0x2c 0xf0 0x04 0x00 0x00 0x1c 0x22                                          NOPA;                                                                                                                                                           NOPV
.return_address
.no_stack_arguments
	  1376    0x06 0x00 0x00 0x00 0x00 0x00 0x00 0x00 0x40 0xba                                MOVA r0, #48;                                                                             JL #llvm___aie2p___release
.delay_slot
	  1386    0x10 0x02 0x05 0x18                                                                                                                                                        MOVX r1, #1
.delay_slot
.swstall delay_slot
	  1390    0x00 0x00                                                                        NOPX
.delay_slot
.swstall delay_slot
	  1392    0x00 0x00                                                                        NOPX
.delay_slot
.swstall delay_slot
	  1394    0x00 0x00                                                                        NOPX
.delay_slot
.swstall delay_slot
	  1396    0x00 0x2c 0xf0 0x00 0x20 0x00 0x00 0x00 0x00 0xad 0x81 0x36                      NOPA;                         NOPB;                         NOPS;                         NOPX
.return_address
.no_stack_arguments
	  1408    0x06 0x40 0x00 0x00 0x00 0x00 0x00 0x00 0x40 0xba                                MOVA r0, #50;                                                                             JL #llvm___aie2p___release
.delay_slot
	  1418    0x10 0x02 0x05 0x18                                                                                                                                                        MOVX r1, #1
.delay_slot
.swstall delay_slot
	  1422    0x00 0x00                                                                        NOPX
.delay_slot
.swstall delay_slot
	  1424    0x00 0x00                                                                        NOPX
.delay_slot
.swstall delay_slot
	  1426    0x00 0x00                                                                        NOPX
.delay_slot
.swstall delay_slot
	  1428    0x00 0x2c 0xf0 0x00 0x20 0x00 0x00 0x00 0x00 0xad 0x81 0x36                      NOPA;                         NOPB;                         NOPS;                         NOPX
.return_address
	  1440    0x13 0x19 0xa0 0x18                                                                                                                                                        JNZD r12, r12, p6
.delay_slot
.swstall delay_slot
	  1444    0x00 0x00                                                                        NOPX
.delay_slot
.swstall delay_slot
	  1446    0x00 0x00                                                                        NOPX
.delay_slot
.swstall delay_slot
	  1448    0x00 0x00                                                                        NOPX
.delay_slot
.swstall delay_slot
	  1450    0x00 0x00                                                                        NOPX
.delay_slot
.swstall delay_slot
	  1452    0x00 0x00                                                                        NOPX
.loop_nesting 1
.no_stack_arguments
	  1454    0x06 0xa0 0x00 0x00 0x00 0x00 0x00 0x00 0x40 0xba                                MOVA r0, #53;                                                                             JL #llvm___aie2p___release
.delay_slot
	  1464    0x10 0x02 0x05 0x18                                                                                                                                                        MOVX r1, #1
.delay_slot
.swstall delay_slot
	  1468    0x00 0x00                                                                        NOPX
.delay_slot
.swstall delay_slot
	  1470    0x00 0x00                                                                        NOPX
.delay_slot
.swstall delay_slot
	  1472    0x00 0x00                                                                        NOPX
.delay_slot
.swstall delay_slot
	  1474    0x00 0x2c 0xf0 0x02 0xb6 0x00 0x00 0x40 0x1a 0x57 0x00 0x00 0x1c 0x2e            NOPA;                                                       NOPS;                                                       NOPM;                                   NOPV
.return_address
.no_stack_arguments
	  1488    0x06 0x80 0x00 0x00 0x00 0x00 0x00 0x00 0x40 0xba                                MOVA r0, #52;                                                                             JL #llvm___aie2p___acquire
.delay_slot
	  1498    0x17 0xc2 0xfd 0x18                                                                                                                                                        MOVX r1, #-1
.delay_slot
.swstall delay_slot
	  1502    0x00 0x00                                                                        NOPX
.delay_slot
.swstall delay_slot
	  1504    0x00 0x00                                                                        NOPX
.delay_slot
.swstall delay_slot
	  1506    0x00 0x00                                                                        NOPX
.delay_slot
.swstall delay_slot
	  1508    0x00 0x2c 0xf0 0x00 0x20 0x00 0x00 0x00 0x00 0xad 0x81 0x36                      NOPA;                         NOPB;                         NOPS;                         NOPX
.return_address
.no_stack_arguments
	  1520    0x00 0x00 0x00 0x00 0x01 0x04                                                                                                                                              JL #zero_kernel
.delay_slot
	  1526    0x18 0x6e 0xc0 0xf8                                                                                                                                                                                      MOV p0, p7
.delay_slot
.swstall delay_slot
	  1530    0x00 0x00                                                                        NOPX
.delay_slot
.swstall delay_slot
	  1532    0x00 0x00                                                                        NOPX
.delay_slot
.swstall delay_slot
	  1534    0x00 0x00                                                                        NOPX
.delay_slot
.swstall delay_slot
	  1536    0x00 0x2c 0xf0 0x00 0x20 0x01 0x5b 0x00 0x00 0x00 0x01 0xa5 0x78 0x00 0x00 0xe1  NOPA;                         NOPB;                         NOPS;                         NOPX;                         NOPM;                                   NOPV
.return_address
	  1552    0x00 0x2c 0xf0 0x00 0x20 0x01 0x5b 0x00 0xc1 0x28 0x01 0xa5 0x78 0x00 0x00 0xe1  NOPA;                         NOPB;                         NOPS;                         MOVX r12, #9;                 NOPM;                                   NOPV
.label TGT_Fcore_5_3_1568
.loop_nesting 2
.no_stack_arguments
	  1568    0x06 0x60 0x00 0x00 0x00 0x00 0x00 0x00 0x40 0xba                                MOVA r0, #51;                                                                             JL #llvm___aie2p___acquire
.delay_slot
	  1578    0x17 0xc2 0xfd 0x18                                                                                                                                                        MOVX r1, #-1
.delay_slot
.swstall delay_slot
	  1582    0x00 0x00                                                                        NOPX
.delay_slot
.swstall delay_slot
	  1584    0x00 0x00                                                                        NOPX
.delay_slot
.swstall delay_slot
	  1586    0x00 0x00                                                                        NOPX
.delay_slot
.swstall delay_slot
	  1588    0x00 0x2c 0xf0 0x00 0x20 0x00 0x00 0x00 0x00 0xad 0x81 0x36                      NOPA;                         NOPB;                         NOPS;                         NOPX
.return_address
.no_stack_arguments
	  1600    0x06 0x20 0x00 0x00 0x00 0x00 0x00 0x00 0x40 0xba                                MOVA r0, #49;                                                                             JL #llvm___aie2p___acquire
.delay_slot
	  1610    0x17 0xc2 0xfd 0x18                                                                                                                                                        MOVX r1, #-1
.delay_slot
.swstall delay_slot
	  1614    0x00 0x00                                                                        NOPX
.delay_slot
.swstall delay_slot
	  1616    0x00 0x00                                                                        NOPX
.delay_slot
.swstall delay_slot
	  1618    0x00 0x00                                                                        NOPX
.delay_slot
.swstall delay_slot
	  1620    0x00 0x2c 0xf0 0x00 0x20 0x00 0x00 0x00 0x00 0xad 0x81 0x36                      NOPA;                         NOPB;                         NOPS;                         NOPX
.return_address
.no_stack_arguments
	  1632    0x53 0x91 0x60 0x00 0x00 0x00 0x00 0x00 0x41 0x3a                                                                                            MOVS p2, p7;                  JL #matmul_vectorized_bfp16
.delay_slot
	  1642    0x00 0x00 0x02 0xc0 0x00 0x44                                                                                                                                              MOVXM p1, #B_L2L1_5_1_cons_buff_0
.delay_slot
	  1648    0x00 0x00 0x00 0xc0 0x00 0x44                                                                                                                                              MOVXM p0, #A_L2L1_1_5_cons_buff_0
.delay_slot
	  1654    0x1e 0x62 0xc0 0xf8                                                                                                                                                                                      MOV p6, p1
.delay_slot
.swstall delay_slot
	  1658    0x00 0x00                                                                        NOPX
.delay_slot
.swstall delay_slot
	  1660    0x00 0x01 0x67 0x98                                                              NOPA
.return_address
.no_stack_arguments
	  1664    0x06 0x00 0x00 0x00 0x00 0x00 0x00 0x00 0x40 0xba                                MOVA r0, #48;                                                                             JL #llvm___aie2p___release
.delay_slot
	  1674    0x10 0x02 0x05 0x18                                                                                                                                                        MOVX r1, #1
.delay_slot
.swstall delay_slot
	  1678    0x00 0x00                                                                        NOPX
.delay_slot
.swstall delay_slot
	  1680    0x00 0x00                                                                        NOPX
.delay_slot
.swstall delay_slot
	  1682    0x00 0x00                                                                        NOPX
.delay_slot
.swstall delay_slot
	  1684    0x00 0x2c 0xf0 0x00 0x20 0x00 0x00 0x00 0x00 0xad 0x81 0x36                      NOPA;                         NOPB;                         NOPS;                         NOPX
.return_address
.no_stack_arguments
	  1696    0x06 0x20 0x00 0x00 0x00 0x00 0x00 0x00 0x40 0xba                                MOVA r0, #49;                                                                             JL #llvm___aie2p___acquire
.delay_slot
	  1706    0x17 0xc2 0xfd 0x18                                                                                                                                                        MOVX r1, #-1
.delay_slot
.swstall delay_slot
	  1710    0x00 0x00                                                                        NOPX
.delay_slot
.swstall delay_slot
	  1712    0x00 0x00                                                                        NOPX
.delay_slot
.swstall delay_slot
	  1714    0x00 0x00                                                                        NOPX
.delay_slot
.swstall delay_slot
	  1716    0x00 0x2c 0xf0 0x00 0x20 0x00 0x00 0x00 0x00 0xad 0x81 0x36                      NOPA;                         NOPB;                         NOPS;                         NOPX
.return_address
.no_stack_arguments
	  1728    0x33 0x11 0x60 0x00 0x00 0x00 0x00 0x00 0x41 0x3a                                                                                            MOVS p1, p6;                  JL #matmul_vectorized_bfp16
.delay_slot
	  1738    0x1a 0x6e 0xc0 0xf8                                                                                                                                                                                      MOV p2, p7
.delay_slot
	  1742    0x00 0x00 0x00 0xc0 0x00 0x44                                                                                                                                              MOVXM p0, #A_L2L1_1_5_cons_buff_1
.delay_slot
.swstall delay_slot
	  1748    0x00 0x00                                                                        NOPX
.delay_slot
.swstall delay_slot
	  1750    0x00 0x00                                                                        NOPX
.delay_slot
.swstall delay_slot
	  1752    0x00 0x2c 0xf0 0x04 0x00 0x00 0x1c 0x22                                          NOPA;                                                                                                                                                           NOPV
.return_address
.no_stack_arguments
	  1760    0x06 0x00 0x00 0x00 0x00 0x00 0x00 0x00 0x40 0xba                                MOVA r0, #48;                                                                             JL #llvm___aie2p___release
.delay_slot
	  1770    0x10 0x02 0x05 0x18                                                                                                                                                        MOVX r1, #1
.delay_slot
.swstall delay_slot
	  1774    0x00 0x00                                                                        NOPX
.delay_slot
.swstall delay_slot
	  1776    0x00 0x00                                                                        NOPX
.delay_slot
.swstall delay_slot
	  1778    0x00 0x00                                                                        NOPX
.delay_slot
.swstall delay_slot
	  1780    0x00 0x2c 0xf0 0x00 0x20 0x00 0x00 0x00 0x00 0xad 0x81 0x36                      NOPA;                         NOPB;                         NOPS;                         NOPX
.return_address
.no_stack_arguments
	  1792    0x06 0x20 0x00 0x00 0x00 0x00 0x00 0x00 0x40 0xba                                MOVA r0, #49;                                                                             JL #llvm___aie2p___acquire
.delay_slot
	  1802    0x17 0xc2 0xfd 0x18                                                                                                                                                        MOVX r1, #-1
.delay_slot
.swstall delay_slot
	  1806    0x00 0x00                                                                        NOPX
.delay_slot
.swstall delay_slot
	  1808    0x00 0x00                                                                        NOPX
.delay_slot
.swstall delay_slot
	  1810    0x00 0x00                                                                        NOPX
.delay_slot
.swstall delay_slot
	  1812    0x00 0x2c 0xf0 0x00 0x20 0x00 0x00 0x00 0x00 0xad 0x81 0x36                      NOPA;                         NOPB;                         NOPS;                         NOPX
.return_address
.no_stack_arguments
	  1824    0x33 0x11 0x60 0x00 0x00 0x00 0x00 0x00 0x41 0x3a                                                                                            MOVS p1, p6;                  JL #matmul_vectorized_bfp16
.delay_slot
	  1834    0x1a 0x6e 0xc0 0xf8                                                                                                                                                                                      MOV p2, p7
.delay_slot
	  1838    0x00 0x00 0x00 0xc0 0x00 0x44                                                                                                                                              MOVXM p0, #A_L2L1_1_5_cons_buff_0
.delay_slot
.swstall delay_slot
	  1844    0x00 0x00                                                                        NOPX
.delay_slot
.swstall delay_slot
	  1846    0x00 0x00                                                                        NOPX
.delay_slot
.swstall delay_slot
	  1848    0x00 0x2c 0xf0 0x04 0x00 0x00 0x1c 0x22                                          NOPA;                                                                                                                                                           NOPV
.return_address
.no_stack_arguments
	  1856    0x06 0x00 0x00 0x00 0x00 0x00 0x00 0x00 0x40 0xba                                MOVA r0, #48;                                                                             JL #llvm___aie2p___release
.delay_slot
	  1866    0x10 0x02 0x05 0x18                                                                                                                                                        MOVX r1, #1
.delay_slot
.swstall delay_slot
	  1870    0x00 0x00                                                                        NOPX
.delay_slot
.swstall delay_slot
	  1872    0x00 0x00                                                                        NOPX
.delay_slot
.swstall delay_slot
	  1874    0x00 0x00                                                                        NOPX
.delay_slot
.swstall delay_slot
	  1876    0x00 0x2c 0xf0 0x00 0x20 0x00 0x00 0x00 0x00 0xad 0x81 0x36                      NOPA;                         NOPB;                         NOPS;                         NOPX
.return_address
.no_stack_arguments
	  1888    0x06 0x20 0x00 0x00 0x00 0x00 0x00 0x00 0x40 0xba                                MOVA r0, #49;                                                                             JL #llvm___aie2p___acquire
.delay_slot
	  1898    0x17 0xc2 0xfd 0x18                                                                                                                                                        MOVX r1, #-1
.delay_slot
.swstall delay_slot
	  1902    0x00 0x00                                                                        NOPX
.delay_slot
.swstall delay_slot
	  1904    0x00 0x00                                                                        NOPX
.delay_slot
.swstall delay_slot
	  1906    0x00 0x00                                                                        NOPX
.delay_slot
.swstall delay_slot
	  1908    0x00 0x2c 0xf0 0x00 0x20 0x00 0x00 0x00 0x00 0xad 0x81 0x36                      NOPA;                         NOPB;                         NOPS;                         NOPX
.return_address
.no_stack_arguments
	  1920    0x33 0x11 0x60 0x00 0x00 0x00 0x00 0x00 0x41 0x3a                                                                                            MOVS p1, p6;                  JL #matmul_vectorized_bfp16
.delay_slot
	  1930    0x1a 0x6e 0xc0 0xf8                                                                                                                                                                                      MOV p2, p7
.delay_slot
	  1934    0x00 0x00 0x00 0xc0 0x00 0x44                                                                                                                                              MOVXM p0, #A_L2L1_1_5_cons_buff_1
.delay_slot
.swstall delay_slot
	  1940    0x00 0x00                                                                        NOPX
.delay_slot
.swstall delay_slot
	  1942    0x00 0x00                                                                        NOPX
.delay_slot
.swstall delay_slot
	  1944    0x00 0x2c 0xf0 0x04 0x00 0x00 0x1c 0x22                                          NOPA;                                                                                                                                                           NOPV
.return_address
.no_stack_arguments
	  1952    0x06 0x00 0x00 0x00 0x00 0x00 0x00 0x00 0x40 0xba                                MOVA r0, #48;                                                                             JL #llvm___aie2p___release
.delay_slot
	  1962    0x10 0x02 0x05 0x18                                                                                                                                                        MOVX r1, #1
.delay_slot
.swstall delay_slot
	  1966    0x00 0x00                                                                        NOPX
.delay_slot
.swstall delay_slot
	  1968    0x00 0x00                                                                        NOPX
.delay_slot
.swstall delay_slot
	  1970    0x00 0x00                                                                        NOPX
.delay_slot
.swstall delay_slot
	  1972    0x00 0x2c 0xf0 0x00 0x20 0x00 0x00 0x00 0x00 0xad 0x81 0x36                      NOPA;                         NOPB;                         NOPS;                         NOPX
.return_address
.no_stack_arguments
	  1984    0x06 0x20 0x00 0x00 0x00 0x00 0x00 0x00 0x40 0xba                                MOVA r0, #49;                                                                             JL #llvm___aie2p___acquire
.delay_slot
	  1994    0x17 0xc2 0xfd 0x18                                                                                                                                                        MOVX r1, #-1
.delay_slot
.swstall delay_slot
	  1998    0x00 0x00                                                                        NOPX
.delay_slot
.swstall delay_slot
	  2000    0x00 0x00                                                                        NOPX
.delay_slot
.swstall delay_slot
	  2002    0x00 0x00                                                                        NOPX
.delay_slot
.swstall delay_slot
	  2004    0x00 0x2c 0xf0 0x00 0x20 0x00 0x00 0x00 0x00 0xad 0x81 0x36                      NOPA;                         NOPB;                         NOPS;                         NOPX
.return_address
.no_stack_arguments
	  2016    0x33 0x11 0x60 0x00 0x00 0x00 0x00 0x00 0x41 0x3a                                                                                            MOVS p1, p6;                  JL #matmul_vectorized_bfp16
.delay_slot
	  2026    0x1a 0x6e 0xc0 0xf8                                                                                                                                                                                      MOV p2, p7
.delay_slot
	  2030    0x00 0x00 0x00 0xc0 0x00 0x44                                                                                                                                              MOVXM p0, #A_L2L1_1_5_cons_buff_0
.delay_slot
.swstall delay_slot
	  2036    0x00 0x00                                                                        NOPX
.delay_slot
.swstall delay_slot
	  2038    0x00 0x00                                                                        NOPX
.delay_slot
.swstall delay_slot
	  2040    0x00 0x2c 0xf0 0x04 0x00 0x00 0x1c 0x22                                          NOPA;                                                                                                                                                           NOPV
.return_address
.no_stack_arguments
	  2048    0x06 0x00 0x00 0x00 0x00 0x00 0x00 0x00 0x40 0xba                                MOVA r0, #48;                                                                             JL #llvm___aie2p___release
.delay_slot
	  2058    0x10 0x02 0x05 0x18                                                                                                                                                        MOVX r1, #1
.delay_slot
.swstall delay_slot
	  2062    0x00 0x00                                                                        NOPX
.delay_slot
.swstall delay_slot
	  2064    0x00 0x00                                                                        NOPX
.delay_slot
.swstall delay_slot
	  2066    0x00 0x00                                                                        NOPX
.delay_slot
.swstall delay_slot
	  2068    0x00 0x2c 0xf0 0x00 0x20 0x00 0x00 0x00 0x00 0xad 0x81 0x36                      NOPA;                         NOPB;                         NOPS;                         NOPX
.return_address
.no_stack_arguments
	  2080    0x06 0x20 0x00 0x00 0x00 0x00 0x00 0x00 0x40 0xba                                MOVA r0, #49;                                                                             JL #llvm___aie2p___acquire
.delay_slot
	  2090    0x17 0xc2 0xfd 0x18                                                                                                                                                        MOVX r1, #-1
.delay_slot
.swstall delay_slot
	  2094    0x00 0x00                                                                        NOPX
.delay_slot
.swstall delay_slot
	  2096    0x00 0x00                                                                        NOPX
.delay_slot
.swstall delay_slot
	  2098    0x00 0x00                                                                        NOPX
.delay_slot
.swstall delay_slot
	  2100    0x00 0x2c 0xf0 0x00 0x20 0x00 0x00 0x00 0x00 0xad 0x81 0x36                      NOPA;                         NOPB;                         NOPS;                         NOPX
.return_address
.no_stack_arguments
	  2112    0x53 0x91 0x60 0x00 0x00 0x00 0x00 0x00 0x41 0x3a                                                                                            MOVS p2, p7;                  JL #matmul_vectorized_bfp16
.delay_slot
	  2122    0x33 0x11 0x60 0x00 0x00 0x00 0x30 0x00 0x11 0x3a                                                                                            MOVS p1, p6;                  MOVXM p0, #A_L2L1_1_5_cons_buff_1
.delay_slot
	  2132    0x1e 0x64 0xc0 0xf8                                                                                                                                                                                      MOV p6, p2
.delay_slot
.swstall delay_slot
	  2136    0x00 0x00                                                                        NOPX
.delay_slot
.swstall delay_slot
	  2138    0x00 0x00                                                                        NOPX
.delay_slot
.swstall delay_slot
	  2140    0x00 0x01 0x67 0x98                                                              NOPA
.return_address
.no_stack_arguments
	  2144    0x06 0x00 0x00 0x00 0x00 0x00 0x00 0x00 0x40 0xba                                MOVA r0, #48;                                                                             JL #llvm___aie2p___release
.delay_slot
	  2154    0x10 0x02 0x05 0x18                                                                                                                                                        MOVX r1, #1
.delay_slot
.swstall delay_slot
	  2158    0x00 0x00                                                                        NOPX
.delay_slot
.swstall delay_slot
	  2160    0x00 0x00                                                                        NOPX
.delay_slot
.swstall delay_slot
	  2162    0x00 0x00                                                                        NOPX
.delay_slot
.swstall delay_slot
	  2164    0x00 0x2c 0xf0 0x00 0x20 0x00 0x00 0x00 0x00 0xad 0x81 0x36                      NOPA;                         NOPB;                         NOPS;                         NOPX
.return_address
.no_stack_arguments
	  2176    0x06 0x40 0x00 0x00 0x00 0x00 0x00 0x00 0x40 0xba                                MOVA r0, #50;                                                                             JL #llvm___aie2p___release
.delay_slot
	  2186    0x10 0x02 0x05 0x18                                                                                                                                                        MOVX r1, #1
.delay_slot
.swstall delay_slot
	  2190    0x00 0x00                                                                        NOPX
.delay_slot
.swstall delay_slot
	  2192    0x00 0x00                                                                        NOPX
.delay_slot
.swstall delay_slot
	  2194    0x00 0x00                                                                        NOPX
.delay_slot
.swstall delay_slot
	  2196    0x00 0x2c 0xf0 0x00 0x20 0x00 0x00 0x00 0x00 0xad 0x81 0x36                      NOPA;                         NOPB;                         NOPS;                         NOPX
.return_address
.no_stack_arguments
	  2208    0x06 0x60 0x00 0x00 0x00 0x00 0x00 0x00 0x40 0xba                                MOVA r0, #51;                                                                             JL #llvm___aie2p___acquire
.delay_slot
	  2218    0x17 0xc2 0xfd 0x18                                                                                                                                                        MOVX r1, #-1
.delay_slot
.swstall delay_slot
	  2222    0x00 0x00                                                                        NOPX
.delay_slot
.swstall delay_slot
	  2224    0x00 0x00                                                                        NOPX
.delay_slot
.swstall delay_slot
	  2226    0x00 0x00                                                                        NOPX
.delay_slot
.swstall delay_slot
	  2228    0x00 0x2c 0xf0 0x00 0x20 0x00 0x00 0x00 0x00 0xad 0x81 0x36                      NOPA;                         NOPB;                         NOPS;                         NOPX
.return_address
.no_stack_arguments
	  2240    0x06 0x20 0x00 0x00 0x00 0x00 0x00 0x00 0x40 0xba                                MOVA r0, #49;                                                                             JL #llvm___aie2p___acquire
.delay_slot
	  2250    0x17 0xc2 0xfd 0x18                                                                                                                                                        MOVX r1, #-1
.delay_slot
.swstall delay_slot
	  2254    0x00 0x00                                                                        NOPX
.delay_slot
.swstall delay_slot
	  2256    0x00 0x00                                                                        NOPX
.delay_slot
.swstall delay_slot
	  2258    0x00 0x00                                                                        NOPX
.delay_slot
.swstall delay_slot
	  2260    0x00 0x2c 0xf0 0x00 0x20 0x00 0x00 0x00 0x00 0xad 0x81 0x36                      NOPA;                         NOPB;                         NOPS;                         NOPX
.return_address
.no_stack_arguments
	  2272    0x00 0x00 0x00 0x00 0x01 0x04                                                                                                                                              JL #matmul_vectorized_bfp16
.delay_slot
	  2278    0x00 0x00 0x00 0xc0 0x00 0x44                                                                                                                                              MOVXM p0, #A_L2L1_1_5_cons_buff_0
.delay_slot
	  2284    0x00 0x00 0x02 0xc0 0x00 0x44                                                                                                                                              MOVXM p1, #B_L2L1_5_1_cons_buff_1
.delay_slot
	  2290    0x1a 0x6c 0xc0 0xf8                                                                                                                                                                                      MOV p2, p6
.delay_slot
.swstall delay_slot
	  2294    0x00 0x00                                                                        NOPX
.delay_slot
.swstall delay_slot
	  2296    0x00 0x2c 0xf0 0x04 0x00 0x00 0x1c 0x22                                          NOPA;                                                                                                                                                           NOPV
.return_address
.no_stack_arguments
	  2304    0x06 0x00 0x00 0x00 0x00 0x00 0x00 0x00 0x40 0xba                                MOVA r0, #48;                                                                             JL #llvm___aie2p___release
.delay_slot
	  2314    0x10 0x02 0x05 0x18                                                                                                                                                        MOVX r1, #1
.delay_slot
.swstall delay_slot
	  2318    0x00 0x00                                                                        NOPX
.delay_slot
.swstall delay_slot
	  2320    0x00 0x00                                                                        NOPX
.delay_slot
.swstall delay_slot
	  2322    0x00 0x00                                                                        NOPX
.delay_slot
.swstall delay_slot
	  2324    0x00 0x2c 0xf0 0x00 0x20 0x00 0x00 0x00 0x00 0xad 0x81 0x36                      NOPA;                         NOPB;                         NOPS;                         NOPX
.return_address
.no_stack_arguments
	  2336    0x06 0x20 0x00 0x00 0x00 0x00 0x00 0x00 0x40 0xba                                MOVA r0, #49;                                                                             JL #llvm___aie2p___acquire
.delay_slot
	  2346    0x17 0xc2 0xfd 0x18                                                                                                                                                        MOVX r1, #-1
.delay_slot
.swstall delay_slot
	  2350    0x00 0x00                                                                        NOPX
.delay_slot
.swstall delay_slot
	  2352    0x00 0x00                                                                        NOPX
.delay_slot
.swstall delay_slot
	  2354    0x00 0x00                                                                        NOPX
.delay_slot
.swstall delay_slot
	  2356    0x00 0x2c 0xf0 0x00 0x20 0x00 0x00 0x00 0x00 0xad 0x81 0x36                      NOPA;                         NOPB;                         NOPS;                         NOPX
.return_address
.no_stack_arguments
	  2368    0x00 0x00 0x00 0x00 0x01 0x04                                                                                                                                              JL #matmul_vectorized_bfp16
.delay_slot
	  2374    0x00 0x00 0x00 0xc0 0x00 0x44                                                                                                                                              MOVXM p0, #A_L2L1_1_5_cons_buff_1
.delay_slot
	  2380    0x00 0x00 0x02 0xc0 0x00 0x44                                                                                                                                              MOVXM p1, #B_L2L1_5_1_cons_buff_1
.delay_slot
	  2386    0x1a 0x6c 0xc0 0xf8                                                                                                                                                                                      MOV p2, p6
.delay_slot
.swstall delay_slot
	  2390    0x00 0x00                                                                        NOPX
.delay_slot
.swstall delay_slot
	  2392    0x00 0x2c 0xf0 0x04 0x00 0x00 0x1c 0x22                                          NOPA;                                                                                                                                                           NOPV
.return_address
.no_stack_arguments
	  2400    0x06 0x00 0x00 0x00 0x00 0x00 0x00 0x00 0x40 0xba                                MOVA r0, #48;                                                                             JL #llvm___aie2p___release
.delay_slot
	  2410    0x10 0x02 0x05 0x18                                                                                                                                                        MOVX r1, #1
.delay_slot
.swstall delay_slot
	  2414    0x00 0x00                                                                        NOPX
.delay_slot
.swstall delay_slot
	  2416    0x00 0x00                                                                        NOPX
.delay_slot
.swstall delay_slot
	  2418    0x00 0x00                                                                        NOPX
.delay_slot
.swstall delay_slot
	  2420    0x00 0x2c 0xf0 0x00 0x20 0x00 0x00 0x00 0x00 0xad 0x81 0x36                      NOPA;                         NOPB;                         NOPS;                         NOPX
.return_address
.no_stack_arguments
	  2432    0x06 0x20 0x00 0x00 0x00 0x00 0x00 0x00 0x40 0xba                                MOVA r0, #49;                                                                             JL #llvm___aie2p___acquire
.delay_slot
	  2442    0x17 0xc2 0xfd 0x18                                                                                                                                                        MOVX r1, #-1
.delay_slot
.swstall delay_slot
	  2446    0x00 0x00                                                                        NOPX
.delay_slot
.swstall delay_slot
	  2448    0x00 0x00                                                                        NOPX
.delay_slot
.swstall delay_slot
	  2450    0x00 0x00                                                                        NOPX
.delay_slot
.swstall delay_slot
	  2452    0x00 0x2c 0xf0 0x00 0x20 0x00 0x00 0x00 0x00 0xad 0x81 0x36                      NOPA;                         NOPB;                         NOPS;                         NOPX
.return_address
.no_stack_arguments
	  2464    0x00 0x00 0x00 0x00 0x01 0x04                                                                                                                                              JL #matmul_vectorized_bfp16
.delay_slot
	  2470    0x00 0x00 0x00 0xc0 0x00 0x44                                                                                                                                              MOVXM p0, #A_L2L1_1_5_cons_buff_0
.delay_slot
	  2476    0x00 0x00 0x02 0xc0 0x00 0x44                                                                                                                                              MOVXM p1, #B_L2L1_5_1_cons_buff_1
.delay_slot
	  2482    0x1a 0x6c 0xc0 0xf8                                                                                                                                                                                      MOV p2, p6
.delay_slot
.swstall delay_slot
	  2486    0x00 0x00                                                                        NOPX
.delay_slot
.swstall delay_slot
	  2488    0x00 0x2c 0xf0 0x04 0x00 0x00 0x1c 0x22                                          NOPA;                                                                                                                                                           NOPV
.return_address
.no_stack_arguments
	  2496    0x06 0x00 0x00 0x00 0x00 0x00 0x00 0x00 0x40 0xba                                MOVA r0, #48;                                                                             JL #llvm___aie2p___release
.delay_slot
	  2506    0x10 0x02 0x05 0x18                                                                                                                                                        MOVX r1, #1
.delay_slot
.swstall delay_slot
	  2510    0x00 0x00                                                                        NOPX
.delay_slot
.swstall delay_slot
	  2512    0x00 0x00                                                                        NOPX
.delay_slot
.swstall delay_slot
	  2514    0x00 0x00                                                                        NOPX
.delay_slot
.swstall delay_slot
	  2516    0x00 0x2c 0xf0 0x00 0x20 0x00 0x00 0x00 0x00 0xad 0x81 0x36                      NOPA;                         NOPB;                         NOPS;                         NOPX
.return_address
.no_stack_arguments
	  2528    0x06 0x20 0x00 0x00 0x00 0x00 0x00 0x00 0x40 0xba                                MOVA r0, #49;                                                                             JL #llvm___aie2p___acquire
.delay_slot
	  2538    0x17 0xc2 0xfd 0x18                                                                                                                                                        MOVX r1, #-1
.delay_slot
.swstall delay_slot
	  2542    0x00 0x00                                                                        NOPX
.delay_slot
.swstall delay_slot
	  2544    0x00 0x00                                                                        NOPX
.delay_slot
.swstall delay_slot
	  2546    0x00 0x00                                                                        NOPX
.delay_slot
.swstall delay_slot
	  2548    0x00 0x2c 0xf0 0x00 0x20 0x00 0x00 0x00 0x00 0xad 0x81 0x36                      NOPA;                         NOPB;                         NOPS;                         NOPX
.return_address
.no_stack_arguments
	  2560    0x00 0x00 0x00 0x00 0x01 0x04                                                                                                                                              JL #matmul_vectorized_bfp16
.delay_slot
	  2566    0x00 0x00 0x00 0xc0 0x00 0x44                                                                                                                                              MOVXM p0, #A_L2L1_1_5_cons_buff_1
.delay_slot
	  2572    0x00 0x00 0x02 0xc0 0x00 0x44                                                                                                                                              MOVXM p1, #B_L2L1_5_1_cons_buff_1
.delay_slot
	  2578    0x1a 0x6c 0xc0 0xf8                                                                                                                                                                                      MOV p2, p6
.delay_slot
.swstall delay_slot
	  2582    0x00 0x00                                                                        NOPX
.delay_slot
.swstall delay_slot
	  2584    0x00 0x2c 0xf0 0x04 0x00 0x00 0x1c 0x22                                          NOPA;                                                                                                                                                           NOPV
.return_address
.no_stack_arguments
	  2592    0x06 0x00 0x00 0x00 0x00 0x00 0x00 0x00 0x40 0xba                                MOVA r0, #48;                                                                             JL #llvm___aie2p___release
.delay_slot
	  2602    0x10 0x02 0x05 0x18                                                                                                                                                        MOVX r1, #1
.delay_slot
.swstall delay_slot
	  2606    0x00 0x00                                                                        NOPX
.delay_slot
.swstall delay_slot
	  2608    0x00 0x00                                                                        NOPX
.delay_slot
.swstall delay_slot
	  2610    0x00 0x00                                                                        NOPX
.delay_slot
.swstall delay_slot
	  2612    0x00 0x2c 0xf0 0x00 0x20 0x00 0x00 0x00 0x00 0xad 0x81 0x36                      NOPA;                         NOPB;                         NOPS;                         NOPX
.return_address
.no_stack_arguments
	  2624    0x06 0x20 0x00 0x00 0x00 0x00 0x00 0x00 0x40 0xba                                MOVA r0, #49;                                                                             JL #llvm___aie2p___acquire
.delay_slot
	  2634    0x17 0xc2 0xfd 0x18                                                                                                                                                        MOVX r1, #-1
.delay_slot
.swstall delay_slot
	  2638    0x00 0x00                                                                        NOPX
.delay_slot
.swstall delay_slot
	  2640    0x00 0x00                                                                        NOPX
.delay_slot
.swstall delay_slot
	  2642    0x00 0x00                                                                        NOPX
.delay_slot
.swstall delay_slot
	  2644    0x00 0x2c 0xf0 0x00 0x20 0x00 0x00 0x00 0x00 0xad 0x81 0x36                      NOPA;                         NOPB;                         NOPS;                         NOPX
.return_address
.no_stack_arguments
	  2656    0x00 0x00 0x00 0x00 0x01 0x04                                                                                                                                              JL #matmul_vectorized_bfp16
.delay_slot
	  2662    0x00 0x00 0x00 0xc0 0x00 0x44                                                                                                                                              MOVXM p0, #A_L2L1_1_5_cons_buff_0
.delay_slot
	  2668    0x00 0x00 0x02 0xc0 0x00 0x44                                                                                                                                              MOVXM p1, #B_L2L1_5_1_cons_buff_1
.delay_slot
	  2674    0x1a 0x6c 0xc0 0xf8                                                                                                                                                                                      MOV p2, p6
.delay_slot
.swstall delay_slot
	  2678    0x00 0x00                                                                        NOPX
.delay_slot
.swstall delay_slot
	  2680    0x00 0x2c 0xf0 0x04 0x00 0x00 0x1c 0x22                                          NOPA;                                                                                                                                                           NOPV
.return_address
.no_stack_arguments
	  2688    0x06 0x00 0x00 0x00 0x00 0x00 0x00 0x00 0x40 0xba                                MOVA r0, #48;                                                                             JL #llvm___aie2p___release
.delay_slot
	  2698    0x10 0x02 0x05 0x18                                                                                                                                                        MOVX r1, #1
.delay_slot
.swstall delay_slot
	  2702    0x00 0x00                                                                        NOPX
.delay_slot
.swstall delay_slot
	  2704    0x00 0x00                                                                        NOPX
.delay_slot
.swstall delay_slot
	  2706    0x00 0x00                                                                        NOPX
.delay_slot
.swstall delay_slot
	  2708    0x00 0x2c 0xf0 0x00 0x20 0x00 0x00 0x00 0x00 0xad 0x81 0x36                      NOPA;                         NOPB;                         NOPS;                         NOPX
.return_address
.no_stack_arguments
	  2720    0x00 0x00 0x00 0x00 0x01 0x04                                                                                                                                              JL #llvm___aie2p___acquire
.delay_slot
	  2726    0x06 0x20 0x00 0x00 0x00 0x03 0x33 0x10 0x10 0xba                                MOVA r0, #49;                                                                             MOVXM p6, #(TGT_Fcore_5_3_1568 + 0)
.delay_slot
	  2736    0x17 0xc2 0xfd 0x18                                                                                                                                                        MOVX r1, #-1
.delay_slot
.swstall delay_slot
	  2740    0x00 0x00                                                                        NOPX
.delay_slot
.swstall delay_slot
	  2742    0x00 0x00                                                                        NOPX
.delay_slot
.swstall delay_slot
	  2744    0x00 0x2c 0xf0 0x04 0x00 0x00 0x1c 0x22                                          NOPA;                                                                                                                                                           NOPV
.return_address
.no_stack_arguments
	  2752    0x00 0x00 0x00 0x00 0x01 0x04                                                                                                                                              JL #matmul_vectorized_bfp16
.delay_slot
	  2758    0x00 0x00 0x00 0xc0 0x00 0x44                                                                                                                                              MOVXM p0, #A_L2L1_1_5_cons_buff_1
.delay_slot
	  2764    0x00 0x00 0x02 0xc0 0x00 0x44                                                                                                                                              MOVXM p1, #B_L2L1_5_1_cons_buff_1
.delay_slot
	  2770    0x1a 0x6e 0xc0 0xf8                                                                                                                                                                                      MOV p2, p7
.delay_slot
.swstall delay_slot
	  2774    0x00 0x00                                                                        NOPX
.delay_slot
.swstall delay_slot
	  2776    0x00 0x2c 0xf0 0x04 0x00 0x00 0x1c 0x22                                          NOPA;                                                                                                                                                           NOPV
.return_address
.no_stack_arguments
	  2784    0x06 0x00 0x00 0x00 0x00 0x00 0x00 0x00 0x40 0xba                                MOVA r0, #48;                                                                             JL #llvm___aie2p___release
.delay_slot
	  2794    0x10 0x02 0x05 0x18                                                                                                                                                        MOVX r1, #1
.delay_slot
.swstall delay_slot
	  2798    0x00 0x00                                                                        NOPX
.delay_slot
.swstall delay_slot
	  2800    0x00 0x00                                                                        NOPX
.delay_slot
.swstall delay_slot
	  2802    0x00 0x00                                                                        NOPX
.delay_slot
.swstall delay_slot
	  2804    0x00 0x2c 0xf0 0x00 0x20 0x00 0x00 0x00 0x00 0xad 0x81 0x36                      NOPA;                         NOPB;                         NOPS;                         NOPX
.return_address
.no_stack_arguments
	  2816    0x06 0x40 0x00 0x00 0x00 0x00 0x00 0x00 0x40 0xba                                MOVA r0, #50;                                                                             JL #llvm___aie2p___release
.delay_slot
	  2826    0x10 0x02 0x05 0x18                                                                                                                                                        MOVX r1, #1
.delay_slot
.swstall delay_slot
	  2830    0x00 0x00                                                                        NOPX
.delay_slot
.swstall delay_slot
	  2832    0x00 0x00                                                                        NOPX
.delay_slot
.swstall delay_slot
	  2834    0x00 0x00                                                                        NOPX
.delay_slot
.swstall delay_slot
	  2836    0x00 0x2c 0xf0 0x00 0x20 0x00 0x00 0x00 0x00 0xad 0x81 0x36                      NOPA;                         NOPB;                         NOPS;                         NOPX
.return_address
	  2848    0x13 0x19 0xa0 0x18                                                                                                                                                        JNZD r12, r12, p6
.delay_slot
.swstall delay_slot
	  2852    0x00 0x00                                                                        NOPX
.delay_slot
.swstall delay_slot
	  2854    0x00 0x00                                                                        NOPX
.delay_slot
.swstall delay_slot
	  2856    0x00 0x00                                                                        NOPX
.delay_slot
.swstall delay_slot
	  2858    0x00 0x00                                                                        NOPX
.delay_slot
.swstall delay_slot
	  2860    0x00 0x00                                                                        NOPX
.loop_nesting 1
.no_stack_arguments
	  2862    0x06 0xa0 0x00 0x00 0x00 0x00 0x00 0x00 0x40 0xba                                MOVA r0, #53;                                                                             JL #llvm___aie2p___release
.delay_slot
	  2872    0x10 0x02 0x05 0x18                                                                                                                                                        MOVX r1, #1
.delay_slot
.swstall delay_slot
	  2876    0x00 0x00                                                                        NOPX
.delay_slot
.swstall delay_slot
	  2878    0x00 0x00                                                                        NOPX
.delay_slot
.swstall delay_slot
	  2880    0x00 0x00                                                                        NOPX
.delay_slot
.swstall delay_slot
	  2882    0x00 0x2c 0xf0 0x02 0xb6 0x00 0x00 0x40 0x1a 0x57 0x00 0x00 0x1c 0x2e            NOPA;                                                       NOPS;                                                       NOPM;                                   NOPV
.return_address
.no_stack_arguments
	  2896    0x06 0x80 0x00 0x00 0x00 0x00 0x00 0x00 0x40 0xba                                MOVA r0, #52;                                                                             JL #llvm___aie2p___acquire
.delay_slot
	  2906    0x17 0xc2 0xfd 0x18                                                                                                                                                        MOVX r1, #-1
.delay_slot
.swstall delay_slot
	  2910    0x00 0x00                                                                        NOPX
.delay_slot
.swstall delay_slot
	  2912    0x00 0x00                                                                        NOPX
.delay_slot
.swstall delay_slot
	  2914    0x00 0x00                                                                        NOPX
.delay_slot
.swstall delay_slot
	  2916    0x00 0x2c 0xf0 0x00 0x20 0x00 0x00 0x00 0x00 0xad 0x81 0x36                      NOPA;                         NOPB;                         NOPS;                         NOPX
.return_address
.no_stack_arguments
	  2928    0x00 0x00 0x00 0x00 0x01 0x04                                                                                                                                              JL #zero_kernel
.delay_slot
	  2934    0x18 0x6e 0xc0 0xf8                                                                                                                                                                                      MOV p0, p7
.delay_slot
.swstall delay_slot
	  2938    0x00 0x00                                                                        NOPX
.delay_slot
.swstall delay_slot
	  2940    0x00 0x00                                                                        NOPX
.delay_slot
.swstall delay_slot
	  2942    0x00 0x00                                                                        NOPX
.delay_slot
.swstall delay_slot
	  2944    0x00 0x2c 0xf0 0x00 0x20 0x01 0x5b 0x00 0x00 0x00 0x01 0xa5 0x78 0x00 0x00 0xe1  NOPA;                         NOPB;                         NOPS;                         NOPX;                         NOPM;                                   NOPV
.return_address
	  2960    0x00 0x2c 0xf0 0x00 0x20 0x01 0x5b 0x00 0xc1 0x28 0x01 0xa5 0x78 0x00 0x00 0xe1  NOPA;                         NOPB;                         NOPS;                         MOVX r12, #9;                 NOPM;                                   NOPV
.label TGT_Fcore_5_3_2976
.loop_nesting 2
.no_stack_arguments
	  2976    0x06 0x60 0x00 0x00 0x00 0x00 0x00 0x00 0x40 0xba                                MOVA r0, #51;                                                                             JL #llvm___aie2p___acquire
.delay_slot
	  2986    0x17 0xc2 0xfd 0x18                                                                                                                                                        MOVX r1, #-1
.delay_slot
.swstall delay_slot
	  2990    0x00 0x00                                                                        NOPX
.delay_slot
.swstall delay_slot
	  2992    0x00 0x00                                                                        NOPX
.delay_slot
.swstall delay_slot
	  2994    0x00 0x00                                                                        NOPX
.delay_slot
.swstall delay_slot
	  2996    0x00 0x2c 0xf0 0x00 0x20 0x00 0x00 0x00 0x00 0xad 0x81 0x36                      NOPA;                         NOPB;                         NOPS;                         NOPX
.return_address
.no_stack_arguments
	  3008    0x06 0x20 0x00 0x00 0x00 0x00 0x00 0x00 0x40 0xba                                MOVA r0, #49;                                                                             JL #llvm___aie2p___acquire
.delay_slot
	  3018    0x17 0xc2 0xfd 0x18                                                                                                                                                        MOVX r1, #-1
.delay_slot
.swstall delay_slot
	  3022    0x00 0x00                                                                        NOPX
.delay_slot
.swstall delay_slot
	  3024    0x00 0x00                                                                        NOPX
.delay_slot
.swstall delay_slot
	  3026    0x00 0x00                                                                        NOPX
.delay_slot
.swstall delay_slot
	  3028    0x00 0x2c 0xf0 0x00 0x20 0x00 0x00 0x00 0x00 0xad 0x81 0x36                      NOPA;                         NOPB;                         NOPS;                         NOPX
.return_address
.no_stack_arguments
	  3040    0x53 0x91 0x60 0x00 0x00 0x00 0x00 0x00 0x41 0x3a                                                                                            MOVS p2, p7;                  JL #matmul_vectorized_bfp16
.delay_slot
	  3050    0x00 0x00 0x02 0xc0 0x00 0x44                                                                                                                                              MOVXM p1, #B_L2L1_5_1_cons_buff_0
.delay_slot
	  3056    0x00 0x00 0x00 0xc0 0x00 0x44                                                                                                                                              MOVXM p0, #A_L2L1_1_5_cons_buff_0
.delay_slot
	  3062    0x1e 0x62 0xc0 0xf8                                                                                                                                                                                      MOV p6, p1
.delay_slot
.swstall delay_slot
	  3066    0x00 0x00                                                                        NOPX
.delay_slot
.swstall delay_slot
	  3068    0x00 0x01 0x67 0x98                                                              NOPA
.return_address
.no_stack_arguments
	  3072    0x06 0x00 0x00 0x00 0x00 0x00 0x00 0x00 0x40 0xba                                MOVA r0, #48;                                                                             JL #llvm___aie2p___release
.delay_slot
	  3082    0x10 0x02 0x05 0x18                                                                                                                                                        MOVX r1, #1
.delay_slot
.swstall delay_slot
	  3086    0x00 0x00                                                                        NOPX
.delay_slot
.swstall delay_slot
	  3088    0x00 0x00                                                                        NOPX
.delay_slot
.swstall delay_slot
	  3090    0x00 0x00                                                                        NOPX
.delay_slot
.swstall delay_slot
	  3092    0x00 0x2c 0xf0 0x00 0x20 0x00 0x00 0x00 0x00 0xad 0x81 0x36                      NOPA;                         NOPB;                         NOPS;                         NOPX
.return_address
.no_stack_arguments
	  3104    0x06 0x20 0x00 0x00 0x00 0x00 0x00 0x00 0x40 0xba                                MOVA r0, #49;                                                                             JL #llvm___aie2p___acquire
.delay_slot
	  3114    0x17 0xc2 0xfd 0x18                                                                                                                                                        MOVX r1, #-1
.delay_slot
.swstall delay_slot
	  3118    0x00 0x00                                                                        NOPX
.delay_slot
.swstall delay_slot
	  3120    0x00 0x00                                                                        NOPX
.delay_slot
.swstall delay_slot
	  3122    0x00 0x00                                                                        NOPX
.delay_slot
.swstall delay_slot
	  3124    0x00 0x2c 0xf0 0x00 0x20 0x00 0x00 0x00 0x00 0xad 0x81 0x36                      NOPA;                         NOPB;                         NOPS;                         NOPX
.return_address
.no_stack_arguments
	  3136    0x33 0x11 0x60 0x00 0x00 0x00 0x00 0x00 0x41 0x3a                                                                                            MOVS p1, p6;                  JL #matmul_vectorized_bfp16
.delay_slot
	  3146    0x1a 0x6e 0xc0 0xf8                                                                                                                                                                                      MOV p2, p7
.delay_slot
	  3150    0x00 0x00 0x00 0xc0 0x00 0x44                                                                                                                                              MOVXM p0, #A_L2L1_1_5_cons_buff_1
.delay_slot
.swstall delay_slot
	  3156    0x00 0x00                                                                        NOPX
.delay_slot
.swstall delay_slot
	  3158    0x00 0x00                                                                        NOPX
.delay_slot
.swstall delay_slot
	  3160    0x00 0x2c 0xf0 0x04 0x00 0x00 0x1c 0x22                                          NOPA;                                                                                                                                                           NOPV
.return_address
.no_stack_arguments
	  3168    0x06 0x00 0x00 0x00 0x00 0x00 0x00 0x00 0x40 0xba                                MOVA r0, #48;                                                                             JL #llvm___aie2p___release
.delay_slot
	  3178    0x10 0x02 0x05 0x18                                                                                                                                                        MOVX r1, #1
.delay_slot
.swstall delay_slot
	  3182    0x00 0x00                                                                        NOPX
.delay_slot
.swstall delay_slot
	  3184    0x00 0x00                                                                        NOPX
.delay_slot
.swstall delay_slot
	  3186    0x00 0x00                                                                        NOPX
.delay_slot
.swstall delay_slot
	  3188    0x00 0x2c 0xf0 0x00 0x20 0x00 0x00 0x00 0x00 0xad 0x81 0x36                      NOPA;                         NOPB;                         NOPS;                         NOPX
.return_address
.no_stack_arguments
	  3200    0x06 0x20 0x00 0x00 0x00 0x00 0x00 0x00 0x40 0xba                                MOVA r0, #49;                                                                             JL #llvm___aie2p___acquire
.delay_slot
	  3210    0x17 0xc2 0xfd 0x18                                                                                                                                                        MOVX r1, #-1
.delay_slot
.swstall delay_slot
	  3214    0x00 0x00                                                                        NOPX
.delay_slot
.swstall delay_slot
	  3216    0x00 0x00                                                                        NOPX
.delay_slot
.swstall delay_slot
	  3218    0x00 0x00                                                                        NOPX
.delay_slot
.swstall delay_slot
	  3220    0x00 0x2c 0xf0 0x00 0x20 0x00 0x00 0x00 0x00 0xad 0x81 0x36                      NOPA;                         NOPB;                         NOPS;                         NOPX
.return_address
.no_stack_arguments
	  3232    0x33 0x11 0x60 0x00 0x00 0x00 0x00 0x00 0x41 0x3a                                                                                            MOVS p1, p6;                  JL #matmul_vectorized_bfp16
.delay_slot
	  3242    0x1a 0x6e 0xc0 0xf8                                                                                                                                                                                      MOV p2, p7
.delay_slot
	  3246    0x00 0x00 0x00 0xc0 0x00 0x44                                                                                                                                              MOVXM p0, #A_L2L1_1_5_cons_buff_0
.delay_slot
.swstall delay_slot
	  3252    0x00 0x00                                                                        NOPX
.delay_slot
.swstall delay_slot
	  3254    0x00 0x00                                                                        NOPX
.delay_slot
.swstall delay_slot
	  3256    0x00 0x2c 0xf0 0x04 0x00 0x00 0x1c 0x22                                          NOPA;                                                                                                                                                           NOPV
.return_address
.no_stack_arguments
	  3264    0x06 0x00 0x00 0x00 0x00 0x00 0x00 0x00 0x40 0xba                                MOVA r0, #48;                                                                             JL #llvm___aie2p___release
.delay_slot
	  3274    0x10 0x02 0x05 0x18                                                                                                                                                        MOVX r1, #1
.delay_slot
.swstall delay_slot
	  3278    0x00 0x00                                                                        NOPX
.delay_slot
.swstall delay_slot
	  3280    0x00 0x00                                                                        NOPX
.delay_slot
.swstall delay_slot
	  3282    0x00 0x00                                                                        NOPX
.delay_slot
.swstall delay_slot
	  3284    0x00 0x2c 0xf0 0x00 0x20 0x00 0x00 0x00 0x00 0xad 0x81 0x36                      NOPA;                         NOPB;                         NOPS;                         NOPX
.return_address
.no_stack_arguments
	  3296    0x06 0x20 0x00 0x00 0x00 0x00 0x00 0x00 0x40 0xba                                MOVA r0, #49;                                                                             JL #llvm___aie2p___acquire
.delay_slot
	  3306    0x17 0xc2 0xfd 0x18                                                                                                                                                        MOVX r1, #-1
.delay_slot
.swstall delay_slot
	  3310    0x00 0x00                                                                        NOPX
.delay_slot
.swstall delay_slot
	  3312    0x00 0x00                                                                        NOPX
.delay_slot
.swstall delay_slot
	  3314    0x00 0x00                                                                        NOPX
.delay_slot
.swstall delay_slot
	  3316    0x00 0x2c 0xf0 0x00 0x20 0x00 0x00 0x00 0x00 0xad 0x81 0x36                      NOPA;                         NOPB;                         NOPS;                         NOPX
.return_address
.no_stack_arguments
	  3328    0x33 0x11 0x60 0x00 0x00 0x00 0x00 0x00 0x41 0x3a                                                                                            MOVS p1, p6;                  JL #matmul_vectorized_bfp16
.delay_slot
	  3338    0x1a 0x6e 0xc0 0xf8                                                                                                                                                                                      MOV p2, p7
.delay_slot
	  3342    0x00 0x00 0x00 0xc0 0x00 0x44                                                                                                                                              MOVXM p0, #A_L2L1_1_5_cons_buff_1
.delay_slot
.swstall delay_slot
	  3348    0x00 0x00                                                                        NOPX
.delay_slot
.swstall delay_slot
	  3350    0x00 0x00                                                                        NOPX
.delay_slot
.swstall delay_slot
	  3352    0x00 0x2c 0xf0 0x04 0x00 0x00 0x1c 0x22                                          NOPA;                                                                                                                                                           NOPV
.return_address
.no_stack_arguments
	  3360    0x06 0x00 0x00 0x00 0x00 0x00 0x00 0x00 0x40 0xba                                MOVA r0, #48;                                                                             JL #llvm___aie2p___release
.delay_slot
	  3370    0x10 0x02 0x05 0x18                                                                                                                                                        MOVX r1, #1
.delay_slot
.swstall delay_slot
	  3374    0x00 0x00                                                                        NOPX
.delay_slot
.swstall delay_slot
	  3376    0x00 0x00                                                                        NOPX
.delay_slot
.swstall delay_slot
	  3378    0x00 0x00                                                                        NOPX
.delay_slot
.swstall delay_slot
	  3380    0x00 0x2c 0xf0 0x00 0x20 0x00 0x00 0x00 0x00 0xad 0x81 0x36                      NOPA;                         NOPB;                         NOPS;                         NOPX
.return_address
.no_stack_arguments
	  3392    0x06 0x20 0x00 0x00 0x00 0x00 0x00 0x00 0x40 0xba                                MOVA r0, #49;                                                                             JL #llvm___aie2p___acquire
.delay_slot
	  3402    0x17 0xc2 0xfd 0x18                                                                                                                                                        MOVX r1, #-1
.delay_slot
.swstall delay_slot
	  3406    0x00 0x00                                                                        NOPX
.delay_slot
.swstall delay_slot
	  3408    0x00 0x00                                                                        NOPX
.delay_slot
.swstall delay_slot
	  3410    0x00 0x00                                                                        NOPX
.delay_slot
.swstall delay_slot
	  3412    0x00 0x2c 0xf0 0x00 0x20 0x00 0x00 0x00 0x00 0xad 0x81 0x36                      NOPA;                         NOPB;                         NOPS;                         NOPX
.return_address
.no_stack_arguments
	  3424    0x33 0x11 0x60 0x00 0x00 0x00 0x00 0x00 0x41 0x3a                                                                                            MOVS p1, p6;                  JL #matmul_vectorized_bfp16
.delay_slot
	  3434    0x1a 0x6e 0xc0 0xf8                                                                                                                                                                                      MOV p2, p7
.delay_slot
	  3438    0x00 0x00 0x00 0xc0 0x00 0x44                                                                                                                                              MOVXM p0, #A_L2L1_1_5_cons_buff_0
.delay_slot
.swstall delay_slot
	  3444    0x00 0x00                                                                        NOPX
.delay_slot
.swstall delay_slot
	  3446    0x00 0x00                                                                        NOPX
.delay_slot
.swstall delay_slot
	  3448    0x00 0x2c 0xf0 0x04 0x00 0x00 0x1c 0x22                                          NOPA;                                                                                                                                                           NOPV
.return_address
.no_stack_arguments
	  3456    0x06 0x00 0x00 0x00 0x00 0x00 0x00 0x00 0x40 0xba                                MOVA r0, #48;                                                                             JL #llvm___aie2p___release
.delay_slot
	  3466    0x10 0x02 0x05 0x18                                                                                                                                                        MOVX r1, #1
.delay_slot
.swstall delay_slot
	  3470    0x00 0x00                                                                        NOPX
.delay_slot
.swstall delay_slot
	  3472    0x00 0x00                                                                        NOPX
.delay_slot
.swstall delay_slot
	  3474    0x00 0x00                                                                        NOPX
.delay_slot
.swstall delay_slot
	  3476    0x00 0x2c 0xf0 0x00 0x20 0x00 0x00 0x00 0x00 0xad 0x81 0x36                      NOPA;                         NOPB;                         NOPS;                         NOPX
.return_address
.no_stack_arguments
	  3488    0x06 0x20 0x00 0x00 0x00 0x00 0x00 0x00 0x40 0xba                                MOVA r0, #49;                                                                             JL #llvm___aie2p___acquire
.delay_slot
	  3498    0x17 0xc2 0xfd 0x18                                                                                                                                                        MOVX r1, #-1
.delay_slot
.swstall delay_slot
	  3502    0x00 0x00                                                                        NOPX
.delay_slot
.swstall delay_slot
	  3504    0x00 0x00                                                                        NOPX
.delay_slot
.swstall delay_slot
	  3506    0x00 0x00                                                                        NOPX
.delay_slot
.swstall delay_slot
	  3508    0x00 0x2c 0xf0 0x00 0x20 0x00 0x00 0x00 0x00 0xad 0x81 0x36                      NOPA;                         NOPB;                         NOPS;                         NOPX
.return_address
.no_stack_arguments
	  3520    0x53 0x91 0x60 0x00 0x00 0x00 0x00 0x00 0x41 0x3a                                                                                            MOVS p2, p7;                  JL #matmul_vectorized_bfp16
.delay_slot
	  3530    0x33 0x11 0x60 0x00 0x00 0x00 0x30 0x00 0x11 0x3a                                                                                            MOVS p1, p6;                  MOVXM p0, #A_L2L1_1_5_cons_buff_1
.delay_slot
	  3540    0x1e 0x64 0xc0 0xf8                                                                                                                                                                                      MOV p6, p2
.delay_slot
.swstall delay_slot
	  3544    0x00 0x00                                                                        NOPX
.delay_slot
.swstall delay_slot
	  3546    0x00 0x00                                                                        NOPX
.delay_slot
.swstall delay_slot
	  3548    0x00 0x01 0x67 0x98                                                              NOPA
.return_address
.no_stack_arguments
	  3552    0x06 0x00 0x00 0x00 0x00 0x00 0x00 0x00 0x40 0xba                                MOVA r0, #48;                                                                             JL #llvm___aie2p___release
.delay_slot
	  3562    0x10 0x02 0x05 0x18                                                                                                                                                        MOVX r1, #1
.delay_slot
.swstall delay_slot
	  3566    0x00 0x00                                                                        NOPX
.delay_slot
.swstall delay_slot
	  3568    0x00 0x00                                                                        NOPX
.delay_slot
.swstall delay_slot
	  3570    0x00 0x00                                                                        NOPX
.delay_slot
.swstall delay_slot
	  3572    0x00 0x2c 0xf0 0x00 0x20 0x00 0x00 0x00 0x00 0xad 0x81 0x36                      NOPA;                         NOPB;                         NOPS;                         NOPX
.return_address
.no_stack_arguments
	  3584    0x06 0x40 0x00 0x00 0x00 0x00 0x00 0x00 0x40 0xba                                MOVA r0, #50;                                                                             JL #llvm___aie2p___release
.delay_slot
	  3594    0x10 0x02 0x05 0x18                                                                                                                                                        MOVX r1, #1
.delay_slot
.swstall delay_slot
	  3598    0x00 0x00                                                                        NOPX
.delay_slot
.swstall delay_slot
	  3600    0x00 0x00                                                                        NOPX
.delay_slot
.swstall delay_slot
	  3602    0x00 0x00                                                                        NOPX
.delay_slot
.swstall delay_slot
	  3604    0x00 0x2c 0xf0 0x00 0x20 0x00 0x00 0x00 0x00 0xad 0x81 0x36                      NOPA;                         NOPB;                         NOPS;                         NOPX
.return_address
.no_stack_arguments
	  3616    0x06 0x60 0x00 0x00 0x00 0x00 0x00 0x00 0x40 0xba                                MOVA r0, #51;                                                                             JL #llvm___aie2p___acquire
.delay_slot
	  3626    0x17 0xc2 0xfd 0x18                                                                                                                                                        MOVX r1, #-1
.delay_slot
.swstall delay_slot
	  3630    0x00 0x00                                                                        NOPX
.delay_slot
.swstall delay_slot
	  3632    0x00 0x00                                                                        NOPX
.delay_slot
.swstall delay_slot
	  3634    0x00 0x00                                                                        NOPX
.delay_slot
.swstall delay_slot
	  3636    0x00 0x2c 0xf0 0x00 0x20 0x00 0x00 0x00 0x00 0xad 0x81 0x36                      NOPA;                         NOPB;                         NOPS;                         NOPX
.return_address
.no_stack_arguments
	  3648    0x06 0x20 0x00 0x00 0x00 0x00 0x00 0x00 0x40 0xba                                MOVA r0, #49;                                                                             JL #llvm___aie2p___acquire
.delay_slot
	  3658    0x17 0xc2 0xfd 0x18                                                                                                                                                        MOVX r1, #-1
.delay_slot
.swstall delay_slot
	  3662    0x00 0x00                                                                        NOPX
.delay_slot
.swstall delay_slot
	  3664    0x00 0x00                                                                        NOPX
.delay_slot
.swstall delay_slot
	  3666    0x00 0x00                                                                        NOPX
.delay_slot
.swstall delay_slot
	  3668    0x00 0x2c 0xf0 0x00 0x20 0x00 0x00 0x00 0x00 0xad 0x81 0x36                      NOPA;                         NOPB;                         NOPS;                         NOPX
.return_address
.no_stack_arguments
	  3680    0x00 0x00 0x00 0x00 0x01 0x04                                                                                                                                              JL #matmul_vectorized_bfp16
.delay_slot
	  3686    0x00 0x00 0x00 0xc0 0x00 0x44                                                                                                                                              MOVXM p0, #A_L2L1_1_5_cons_buff_0
.delay_slot
	  3692    0x00 0x00 0x02 0xc0 0x00 0x44                                                                                                                                              MOVXM p1, #B_L2L1_5_1_cons_buff_1
.delay_slot
	  3698    0x1a 0x6c 0xc0 0xf8                                                                                                                                                                                      MOV p2, p6
.delay_slot
.swstall delay_slot
	  3702    0x00 0x00                                                                        NOPX
.delay_slot
.swstall delay_slot
	  3704    0x00 0x2c 0xf0 0x04 0x00 0x00 0x1c 0x22                                          NOPA;                                                                                                                                                           NOPV
.return_address
.no_stack_arguments
	  3712    0x06 0x00 0x00 0x00 0x00 0x00 0x00 0x00 0x40 0xba                                MOVA r0, #48;                                                                             JL #llvm___aie2p___release
.delay_slot
	  3722    0x10 0x02 0x05 0x18                                                                                                                                                        MOVX r1, #1
.delay_slot
.swstall delay_slot
	  3726    0x00 0x00                                                                        NOPX
.delay_slot
.swstall delay_slot
	  3728    0x00 0x00                                                                        NOPX
.delay_slot
.swstall delay_slot
	  3730    0x00 0x00                                                                        NOPX
.delay_slot
.swstall delay_slot
	  3732    0x00 0x2c 0xf0 0x00 0x20 0x00 0x00 0x00 0x00 0xad 0x81 0x36                      NOPA;                         NOPB;                         NOPS;                         NOPX
.return_address
.no_stack_arguments
	  3744    0x06 0x20 0x00 0x00 0x00 0x00 0x00 0x00 0x40 0xba                                MOVA r0, #49;                                                                             JL #llvm___aie2p___acquire
.delay_slot
	  3754    0x17 0xc2 0xfd 0x18                                                                                                                                                        MOVX r1, #-1
.delay_slot
.swstall delay_slot
	  3758    0x00 0x00                                                                        NOPX
.delay_slot
.swstall delay_slot
	  3760    0x00 0x00                                                                        NOPX
.delay_slot
.swstall delay_slot
	  3762    0x00 0x00                                                                        NOPX
.delay_slot
.swstall delay_slot
	  3764    0x00 0x2c 0xf0 0x00 0x20 0x00 0x00 0x00 0x00 0xad 0x81 0x36                      NOPA;                         NOPB;                         NOPS;                         NOPX
.return_address
.no_stack_arguments
	  3776    0x00 0x00 0x00 0x00 0x01 0x04                                                                                                                                              JL #matmul_vectorized_bfp16
.delay_slot
	  3782    0x00 0x00 0x00 0xc0 0x00 0x44                                                                                                                                              MOVXM p0, #A_L2L1_1_5_cons_buff_1
.delay_slot
	  3788    0x00 0x00 0x02 0xc0 0x00 0x44                                                                                                                                              MOVXM p1, #B_L2L1_5_1_cons_buff_1
.delay_slot
	  3794    0x1a 0x6c 0xc0 0xf8                                                                                                                                                                                      MOV p2, p6
.delay_slot
.swstall delay_slot
	  3798    0x00 0x00                                                                        NOPX
.delay_slot
.swstall delay_slot
	  3800    0x00 0x2c 0xf0 0x04 0x00 0x00 0x1c 0x22                                          NOPA;                                                                                                                                                           NOPV
.return_address
.no_stack_arguments
	  3808    0x06 0x00 0x00 0x00 0x00 0x00 0x00 0x00 0x40 0xba                                MOVA r0, #48;                                                                             JL #llvm___aie2p___release
.delay_slot
	  3818    0x10 0x02 0x05 0x18                                                                                                                                                        MOVX r1, #1
.delay_slot
.swstall delay_slot
	  3822    0x00 0x00                                                                        NOPX
.delay_slot
.swstall delay_slot
	  3824    0x00 0x00                                                                        NOPX
.delay_slot
.swstall delay_slot
	  3826    0x00 0x00                                                                        NOPX
.delay_slot
.swstall delay_slot
	  3828    0x00 0x2c 0xf0 0x00 0x20 0x00 0x00 0x00 0x00 0xad 0x81 0x36                      NOPA;                         NOPB;                         NOPS;                         NOPX
.return_address
.no_stack_arguments
	  3840    0x06 0x20 0x00 0x00 0x00 0x00 0x00 0x00 0x40 0xba                                MOVA r0, #49;                                                                             JL #llvm___aie2p___acquire
.delay_slot
	  3850    0x17 0xc2 0xfd 0x18                                                                                                                                                        MOVX r1, #-1
.delay_slot
.swstall delay_slot
	  3854    0x00 0x00                                                                        NOPX
.delay_slot
.swstall delay_slot
	  3856    0x00 0x00                                                                        NOPX
.delay_slot
.swstall delay_slot
	  3858    0x00 0x00                                                                        NOPX
.delay_slot
.swstall delay_slot
	  3860    0x00 0x2c 0xf0 0x00 0x20 0x00 0x00 0x00 0x00 0xad 0x81 0x36                      NOPA;                         NOPB;                         NOPS;                         NOPX
.return_address
.no_stack_arguments
	  3872    0x00 0x00 0x00 0x00 0x01 0x04                                                                                                                                              JL #matmul_vectorized_bfp16
.delay_slot
	  3878    0x00 0x00 0x00 0xc0 0x00 0x44                                                                                                                                              MOVXM p0, #A_L2L1_1_5_cons_buff_0
.delay_slot
	  3884    0x00 0x00 0x02 0xc0 0x00 0x44                                                                                                                                              MOVXM p1, #B_L2L1_5_1_cons_buff_1
.delay_slot
	  3890    0x1a 0x6c 0xc0 0xf8                                                                                                                                                                                      MOV p2, p6
.delay_slot
.swstall delay_slot
	  3894    0x00 0x00                                                                        NOPX
.delay_slot
.swstall delay_slot
	  3896    0x00 0x2c 0xf0 0x04 0x00 0x00 0x1c 0x22                                          NOPA;                                                                                                                                                           NOPV
.return_address
.no_stack_arguments
	  3904    0x06 0x00 0x00 0x00 0x00 0x00 0x00 0x00 0x40 0xba                                MOVA r0, #48;                                                                             JL #llvm___aie2p___release
.delay_slot
	  3914    0x10 0x02 0x05 0x18                                                                                                                                                        MOVX r1, #1
.delay_slot
.swstall delay_slot
	  3918    0x00 0x00                                                                        NOPX
.delay_slot
.swstall delay_slot
	  3920    0x00 0x00                                                                        NOPX
.delay_slot
.swstall delay_slot
	  3922    0x00 0x00                                                                        NOPX
.delay_slot
.swstall delay_slot
	  3924    0x00 0x2c 0xf0 0x00 0x20 0x00 0x00 0x00 0x00 0xad 0x81 0x36                      NOPA;                         NOPB;                         NOPS;                         NOPX
.return_address
.no_stack_arguments
	  3936    0x06 0x20 0x00 0x00 0x00 0x00 0x00 0x00 0x40 0xba                                MOVA r0, #49;                                                                             JL #llvm___aie2p___acquire
.delay_slot
	  3946    0x17 0xc2 0xfd 0x18                                                                                                                                                        MOVX r1, #-1
.delay_slot
.swstall delay_slot
	  3950    0x00 0x00                                                                        NOPX
.delay_slot
.swstall delay_slot
	  3952    0x00 0x00                                                                        NOPX
.delay_slot
.swstall delay_slot
	  3954    0x00 0x00                                                                        NOPX
.delay_slot
.swstall delay_slot
	  3956    0x00 0x2c 0xf0 0x00 0x20 0x00 0x00 0x00 0x00 0xad 0x81 0x36                      NOPA;                         NOPB;                         NOPS;                         NOPX
.return_address
.no_stack_arguments
	  3968    0x00 0x00 0x00 0x00 0x01 0x04                                                                                                                                              JL #matmul_vectorized_bfp16
.delay_slot
	  3974    0x00 0x00 0x00 0xc0 0x00 0x44                                                                                                                                              MOVXM p0, #A_L2L1_1_5_cons_buff_1
.delay_slot
	  3980    0x00 0x00 0x02 0xc0 0x00 0x44                                                                                                                                              MOVXM p1, #B_L2L1_5_1_cons_buff_1
.delay_slot
	  3986    0x1a 0x6c 0xc0 0xf8                                                                                                                                                                                      MOV p2, p6
.delay_slot
.swstall delay_slot
	  3990    0x00 0x00                                                                        NOPX
.delay_slot
.swstall delay_slot
	  3992    0x00 0x2c 0xf0 0x04 0x00 0x00 0x1c 0x22                                          NOPA;                                                                                                                                                           NOPV
.return_address
.no_stack_arguments
	  4000    0x06 0x00 0x00 0x00 0x00 0x00 0x00 0x00 0x40 0xba                                MOVA r0, #48;                                                                             JL #llvm___aie2p___release
.delay_slot
	  4010    0x10 0x02 0x05 0x18                                                                                                                                                        MOVX r1, #1
.delay_slot
.swstall delay_slot
	  4014    0x00 0x00                                                                        NOPX
.delay_slot
.swstall delay_slot
	  4016    0x00 0x00                                                                        NOPX
.delay_slot
.swstall delay_slot
	  4018    0x00 0x00                                                                        NOPX
.delay_slot
.swstall delay_slot
	  4020    0x00 0x2c 0xf0 0x00 0x20 0x00 0x00 0x00 0x00 0xad 0x81 0x36                      NOPA;                         NOPB;                         NOPS;                         NOPX
.return_address
.no_stack_arguments
	  4032    0x06 0x20 0x00 0x00 0x00 0x00 0x00 0x00 0x40 0xba                                MOVA r0, #49;                                                                             JL #llvm___aie2p___acquire
.delay_slot
	  4042    0x17 0xc2 0xfd 0x18                                                                                                                                                        MOVX r1, #-1
.delay_slot
.swstall delay_slot
	  4046    0x00 0x00                                                                        NOPX
.delay_slot
.swstall delay_slot
	  4048    0x00 0x00                                                                        NOPX
.delay_slot
.swstall delay_slot
	  4050    0x00 0x00                                                                        NOPX
.delay_slot
.swstall delay_slot
	  4052    0x00 0x2c 0xf0 0x00 0x20 0x00 0x00 0x00 0x00 0xad 0x81 0x36                      NOPA;                         NOPB;                         NOPS;                         NOPX
.return_address
.no_stack_arguments
	  4064    0x00 0x00 0x00 0x00 0x01 0x04                                                                                                                                              JL #matmul_vectorized_bfp16
.delay_slot
	  4070    0x00 0x00 0x00 0xc0 0x00 0x44                                                                                                                                              MOVXM p0, #A_L2L1_1_5_cons_buff_0
.delay_slot
	  4076    0x00 0x00 0x02 0xc0 0x00 0x44                                                                                                                                              MOVXM p1, #B_L2L1_5_1_cons_buff_1
.delay_slot
	  4082    0x1a 0x6c 0xc0 0xf8                                                                                                                                                                                      MOV p2, p6
.delay_slot
.swstall delay_slot
	  4086    0x00 0x00                                                                        NOPX
.delay_slot
.swstall delay_slot
	  4088    0x00 0x2c 0xf0 0x04 0x00 0x00 0x1c 0x22                                          NOPA;                                                                                                                                                           NOPV
.return_address
.no_stack_arguments
	  4096    0x06 0x00 0x00 0x00 0x00 0x00 0x00 0x00 0x40 0xba                                MOVA r0, #48;                                                                             JL #llvm___aie2p___release
.delay_slot
	  4106    0x10 0x02 0x05 0x18                                                                                                                                                        MOVX r1, #1
.delay_slot
.swstall delay_slot
	  4110    0x00 0x00                                                                        NOPX
.delay_slot
.swstall delay_slot
	  4112    0x00 0x00                                                                        NOPX
.delay_slot
.swstall delay_slot
	  4114    0x00 0x00                                                                        NOPX
.delay_slot
.swstall delay_slot
	  4116    0x00 0x2c 0xf0 0x00 0x20 0x00 0x00 0x00 0x00 0xad 0x81 0x36                      NOPA;                         NOPB;                         NOPS;                         NOPX
.return_address
.no_stack_arguments
	  4128    0x00 0x00 0x00 0x00 0x01 0x04                                                                                                                                              JL #llvm___aie2p___acquire
.delay_slot
	  4134    0x06 0x20 0x00 0x00 0x00 0x03 0x35 0xd0 0x10 0xba                                MOVA r0, #49;                                                                             MOVXM p6, #(TGT_Fcore_5_3_2976 + 0)
.delay_slot
	  4144    0x17 0xc2 0xfd 0x18                                                                                                                                                        MOVX r1, #-1
.delay_slot
.swstall delay_slot
	  4148    0x00 0x00                                                                        NOPX
.delay_slot
.swstall delay_slot
	  4150    0x00 0x00                                                                        NOPX
.delay_slot
.swstall delay_slot
	  4152    0x00 0x2c 0xf0 0x04 0x00 0x00 0x1c 0x22                                          NOPA;                                                                                                                                                           NOPV
.return_address
.no_stack_arguments
	  4160    0x00 0x00 0x00 0x00 0x01 0x04                                                                                                                                              JL #matmul_vectorized_bfp16
.delay_slot
	  4166    0x00 0x00 0x00 0xc0 0x00 0x44                                                                                                                                              MOVXM p0, #A_L2L1_1_5_cons_buff_1
.delay_slot
	  4172    0x00 0x00 0x02 0xc0 0x00 0x44                                                                                                                                              MOVXM p1, #B_L2L1_5_1_cons_buff_1
.delay_slot
	  4178    0x1a 0x6e 0xc0 0xf8                                                                                                                                                                                      MOV p2, p7
.delay_slot
.swstall delay_slot
	  4182    0x00 0x00                                                                        NOPX
.delay_slot
.swstall delay_slot
	  4184    0x00 0x2c 0xf0 0x04 0x00 0x00 0x1c 0x22                                          NOPA;                                                                                                                                                           NOPV
.return_address
.no_stack_arguments
	  4192    0x06 0x00 0x00 0x00 0x00 0x00 0x00 0x00 0x40 0xba                                MOVA r0, #48;                                                                             JL #llvm___aie2p___release
.delay_slot
	  4202    0x10 0x02 0x05 0x18                                                                                                                                                        MOVX r1, #1
.delay_slot
.swstall delay_slot
	  4206    0x00 0x00                                                                        NOPX
.delay_slot
.swstall delay_slot
	  4208    0x00 0x00                                                                        NOPX
.delay_slot
.swstall delay_slot
	  4210    0x00 0x00                                                                        NOPX
.delay_slot
.swstall delay_slot
	  4212    0x00 0x2c 0xf0 0x00 0x20 0x00 0x00 0x00 0x00 0xad 0x81 0x36                      NOPA;                         NOPB;                         NOPS;                         NOPX
.return_address
.no_stack_arguments
	  4224    0x06 0x40 0x00 0x00 0x00 0x00 0x00 0x00 0x40 0xba                                MOVA r0, #50;                                                                             JL #llvm___aie2p___release
.delay_slot
	  4234    0x10 0x02 0x05 0x18                                                                                                                                                        MOVX r1, #1
.delay_slot
.swstall delay_slot
	  4238    0x00 0x00                                                                        NOPX
.delay_slot
.swstall delay_slot
	  4240    0x00 0x00                                                                        NOPX
.delay_slot
.swstall delay_slot
	  4242    0x00 0x00                                                                        NOPX
.delay_slot
.swstall delay_slot
	  4244    0x00 0x2c 0xf0 0x00 0x20 0x00 0x00 0x00 0x00 0xad 0x81 0x36                      NOPA;                         NOPB;                         NOPS;                         NOPX
.return_address
	  4256    0x13 0x19 0xa0 0x18                                                                                                                                                        JNZD r12, r12, p6
.delay_slot
.swstall delay_slot
	  4260    0x00 0x00                                                                        NOPX
.delay_slot
.swstall delay_slot
	  4262    0x00 0x00                                                                        NOPX
.delay_slot
.swstall delay_slot
	  4264    0x00 0x00                                                                        NOPX
.delay_slot
.swstall delay_slot
	  4266    0x00 0x00                                                                        NOPX
.delay_slot
.swstall delay_slot
	  4268    0x00 0x00                                                                        NOPX
.loop_nesting 1
.no_stack_arguments
	  4270    0x06 0xa0 0x00 0x00 0x00 0x00 0x00 0x00 0x40 0xba                                MOVA r0, #53;                                                                             JL #llvm___aie2p___release
.delay_slot
	  4280    0x10 0x02 0x05 0x18                                                                                                                                                        MOVX r1, #1
.delay_slot
.swstall delay_slot
	  4284    0x00 0x00                                                                        NOPX
.delay_slot
.swstall delay_slot
	  4286    0x00 0x00                                                                        NOPX
.delay_slot
.swstall delay_slot
	  4288    0x00 0x00                                                                        NOPX
.delay_slot
.swstall delay_slot
	  4290    0x00 0x2c 0xf0 0x02 0xb6 0x00 0x00 0x40 0x1a 0x57 0x00 0x00 0x1c 0x2e            NOPA;                                                       NOPS;                                                       NOPM;                                   NOPV
.return_address
.no_stack_arguments
	  4304    0x06 0x80 0x00 0x00 0x00 0x00 0x00 0x00 0x40 0xba                                MOVA r0, #52;                                                                             JL #llvm___aie2p___acquire
.delay_slot
	  4314    0x17 0xc2 0xfd 0x18                                                                                                                                                        MOVX r1, #-1
.delay_slot
.swstall delay_slot
	  4318    0x00 0x00                                                                        NOPX
.delay_slot
.swstall delay_slot
	  4320    0x00 0x00                                                                        NOPX
.delay_slot
.swstall delay_slot
	  4322    0x00 0x00                                                                        NOPX
.delay_slot
.swstall delay_slot
	  4324    0x00 0x2c 0xf0 0x00 0x20 0x00 0x00 0x00 0x00 0xad 0x81 0x36                      NOPA;                         NOPB;                         NOPS;                         NOPX
.return_address
.no_stack_arguments
	  4336    0x00 0x00 0x00 0x00 0x01 0x04                                                                                                                                              JL #zero_kernel
.delay_slot
	  4342    0x18 0x6e 0xc0 0xf8                                                                                                                                                                                      MOV p0, p7
.delay_slot
.swstall delay_slot
	  4346    0x00 0x00                                                                        NOPX
.delay_slot
.swstall delay_slot
	  4348    0x00 0x00                                                                        NOPX
.delay_slot
.swstall delay_slot
	  4350    0x00 0x00                                                                        NOPX
.delay_slot
.swstall delay_slot
	  4352    0x00 0x2c 0xf0 0x00 0x20 0x01 0x5b 0x00 0x00 0x00 0x01 0xa5 0x78 0x00 0x00 0xe1  NOPA;                         NOPB;                         NOPS;                         NOPX;                         NOPM;                                   NOPV
.return_address
	  4368    0x00 0x2c 0xf0 0x00 0x20 0x01 0x5b 0x00 0xc1 0x28 0x01 0xa5 0x78 0x00 0x00 0xe1  NOPA;                         NOPB;                         NOPS;                         MOVX r12, #9;                 NOPM;                                   NOPV
.label TGT_Fcore_5_3_4384
.loop_nesting 2
.no_stack_arguments
	  4384    0x06 0x60 0x00 0x00 0x00 0x00 0x00 0x00 0x40 0xba                                MOVA r0, #51;                                                                             JL #llvm___aie2p___acquire
.delay_slot
	  4394    0x17 0xc2 0xfd 0x18                                                                                                                                                        MOVX r1, #-1
.delay_slot
.swstall delay_slot
	  4398    0x00 0x00                                                                        NOPX
.delay_slot
.swstall delay_slot
	  4400    0x00 0x00                                                                        NOPX
.delay_slot
.swstall delay_slot
	  4402    0x00 0x00                                                                        NOPX
.delay_slot
.swstall delay_slot
	  4404    0x00 0x2c 0xf0 0x00 0x20 0x00 0x00 0x00 0x00 0xad 0x81 0x36                      NOPA;                         NOPB;                         NOPS;                         NOPX
.return_address
.no_stack_arguments
	  4416    0x06 0x20 0x00 0x00 0x00 0x00 0x00 0x00 0x40 0xba                                MOVA r0, #49;                                                                             JL #llvm___aie2p___acquire
.delay_slot
	  4426    0x17 0xc2 0xfd 0x18                                                                                                                                                        MOVX r1, #-1
.delay_slot
.swstall delay_slot
	  4430    0x00 0x00                                                                        NOPX
.delay_slot
.swstall delay_slot
	  4432    0x00 0x00                                                                        NOPX
.delay_slot
.swstall delay_slot
	  4434    0x00 0x00                                                                        NOPX
.delay_slot
.swstall delay_slot
	  4436    0x00 0x2c 0xf0 0x00 0x20 0x00 0x00 0x00 0x00 0xad 0x81 0x36                      NOPA;                         NOPB;                         NOPS;                         NOPX
.return_address
.no_stack_arguments
	  4448    0x53 0x91 0x60 0x00 0x00 0x00 0x00 0x00 0x41 0x3a                                                                                            MOVS p2, p7;                  JL #matmul_vectorized_bfp16
.delay_slot
	  4458    0x00 0x00 0x02 0xc0 0x00 0x44                                                                                                                                              MOVXM p1, #B_L2L1_5_1_cons_buff_0
.delay_slot
	  4464    0x00 0x00 0x00 0xc0 0x00 0x44                                                                                                                                              MOVXM p0, #A_L2L1_1_5_cons_buff_0
.delay_slot
	  4470    0x1e 0x62 0xc0 0xf8                                                                                                                                                                                      MOV p6, p1
.delay_slot
.swstall delay_slot
	  4474    0x00 0x00                                                                        NOPX
.delay_slot
.swstall delay_slot
	  4476    0x00 0x01 0x67 0x98                                                              NOPA
.return_address
.no_stack_arguments
	  4480    0x06 0x00 0x00 0x00 0x00 0x00 0x00 0x00 0x40 0xba                                MOVA r0, #48;                                                                             JL #llvm___aie2p___release
.delay_slot
	  4490    0x10 0x02 0x05 0x18                                                                                                                                                        MOVX r1, #1
.delay_slot
.swstall delay_slot
	  4494    0x00 0x00                                                                        NOPX
.delay_slot
.swstall delay_slot
	  4496    0x00 0x00                                                                        NOPX
.delay_slot
.swstall delay_slot
	  4498    0x00 0x00                                                                        NOPX
.delay_slot
.swstall delay_slot
	  4500    0x00 0x2c 0xf0 0x00 0x20 0x00 0x00 0x00 0x00 0xad 0x81 0x36                      NOPA;                         NOPB;                         NOPS;                         NOPX
.return_address
.no_stack_arguments
	  4512    0x06 0x20 0x00 0x00 0x00 0x00 0x00 0x00 0x40 0xba                                MOVA r0, #49;                                                                             JL #llvm___aie2p___acquire
.delay_slot
	  4522    0x17 0xc2 0xfd 0x18                                                                                                                                                        MOVX r1, #-1
.delay_slot
.swstall delay_slot
	  4526    0x00 0x00                                                                        NOPX
.delay_slot
.swstall delay_slot
	  4528    0x00 0x00                                                                        NOPX
.delay_slot
.swstall delay_slot
	  4530    0x00 0x00                                                                        NOPX
.delay_slot
.swstall delay_slot
	  4532    0x00 0x2c 0xf0 0x00 0x20 0x00 0x00 0x00 0x00 0xad 0x81 0x36                      NOPA;                         NOPB;                         NOPS;                         NOPX
.return_address
.no_stack_arguments
	  4544    0x33 0x11 0x60 0x00 0x00 0x00 0x00 0x00 0x41 0x3a                                                                                            MOVS p1, p6;                  JL #matmul_vectorized_bfp16
.delay_slot
	  4554    0x1a 0x6e 0xc0 0xf8                                                                                                                                                                                      MOV p2, p7
.delay_slot
	  4558    0x00 0x00 0x00 0xc0 0x00 0x44                                                                                                                                              MOVXM p0, #A_L2L1_1_5_cons_buff_1
.delay_slot
.swstall delay_slot
	  4564    0x00 0x00                                                                        NOPX
.delay_slot
.swstall delay_slot
	  4566    0x00 0x00                                                                        NOPX
.delay_slot
.swstall delay_slot
	  4568    0x00 0x2c 0xf0 0x04 0x00 0x00 0x1c 0x22                                          NOPA;                                                                                                                                                           NOPV
.return_address
.no_stack_arguments
	  4576    0x06 0x00 0x00 0x00 0x00 0x00 0x00 0x00 0x40 0xba                                MOVA r0, #48;                                                                             JL #llvm___aie2p___release
.delay_slot
	  4586    0x10 0x02 0x05 0x18                                                                                                                                                        MOVX r1, #1
.delay_slot
.swstall delay_slot
	  4590    0x00 0x00                                                                        NOPX
.delay_slot
.swstall delay_slot
	  4592    0x00 0x00                                                                        NOPX
.delay_slot
.swstall delay_slot
	  4594    0x00 0x00                                                                        NOPX
.delay_slot
.swstall delay_slot
	  4596    0x00 0x2c 0xf0 0x00 0x20 0x00 0x00 0x00 0x00 0xad 0x81 0x36                      NOPA;                         NOPB;                         NOPS;                         NOPX
.return_address
.no_stack_arguments
	  4608    0x06 0x20 0x00 0x00 0x00 0x00 0x00 0x00 0x40 0xba                                MOVA r0, #49;                                                                             JL #llvm___aie2p___acquire
.delay_slot
	  4618    0x17 0xc2 0xfd 0x18                                                                                                                                                        MOVX r1, #-1
.delay_slot
.swstall delay_slot
	  4622    0x00 0x00                                                                        NOPX
.delay_slot
.swstall delay_slot
	  4624    0x00 0x00                                                                        NOPX
.delay_slot
.swstall delay_slot
	  4626    0x00 0x00                                                                        NOPX
.delay_slot
.swstall delay_slot
	  4628    0x00 0x2c 0xf0 0x00 0x20 0x00 0x00 0x00 0x00 0xad 0x81 0x36                      NOPA;                         NOPB;                         NOPS;                         NOPX
.return_address
.no_stack_arguments
	  4640    0x33 0x11 0x60 0x00 0x00 0x00 0x00 0x00 0x41 0x3a                                                                                            MOVS p1, p6;                  JL #matmul_vectorized_bfp16
.delay_slot
	  4650    0x1a 0x6e 0xc0 0xf8                                                                                                                                                                                      MOV p2, p7
.delay_slot
	  4654    0x00 0x00 0x00 0xc0 0x00 0x44                                                                                                                                              MOVXM p0, #A_L2L1_1_5_cons_buff_0
.delay_slot
.swstall delay_slot
	  4660    0x00 0x00                                                                        NOPX
.delay_slot
.swstall delay_slot
	  4662    0x00 0x00                                                                        NOPX
.delay_slot
.swstall delay_slot
	  4664    0x00 0x2c 0xf0 0x04 0x00 0x00 0x1c 0x22                                          NOPA;                                                                                                                                                           NOPV
.return_address
.no_stack_arguments
	  4672    0x06 0x00 0x00 0x00 0x00 0x00 0x00 0x00 0x40 0xba                                MOVA r0, #48;                                                                             JL #llvm___aie2p___release
.delay_slot
	  4682    0x10 0x02 0x05 0x18                                                                                                                                                        MOVX r1, #1
.delay_slot
.swstall delay_slot
	  4686    0x00 0x00                                                                        NOPX
.delay_slot
.swstall delay_slot
	  4688    0x00 0x00                                                                        NOPX
.delay_slot
.swstall delay_slot
	  4690    0x00 0x00                                                                        NOPX
.delay_slot
.swstall delay_slot
	  4692    0x00 0x2c 0xf0 0x00 0x20 0x00 0x00 0x00 0x00 0xad 0x81 0x36                      NOPA;                         NOPB;                         NOPS;                         NOPX
.return_address
.no_stack_arguments
	  4704    0x06 0x20 0x00 0x00 0x00 0x00 0x00 0x00 0x40 0xba                                MOVA r0, #49;                                                                             JL #llvm___aie2p___acquire
.delay_slot
	  4714    0x17 0xc2 0xfd 0x18                                                                                                                                                        MOVX r1, #-1
.delay_slot
.swstall delay_slot
	  4718    0x00 0x00                                                                        NOPX
.delay_slot
.swstall delay_slot
	  4720    0x00 0x00                                                                        NOPX
.delay_slot
.swstall delay_slot
	  4722    0x00 0x00                                                                        NOPX
.delay_slot
.swstall delay_slot
	  4724    0x00 0x2c 0xf0 0x00 0x20 0x00 0x00 0x00 0x00 0xad 0x81 0x36                      NOPA;                         NOPB;                         NOPS;                         NOPX
.return_address
.no_stack_arguments
	  4736    0x33 0x11 0x60 0x00 0x00 0x00 0x00 0x00 0x41 0x3a                                                                                            MOVS p1, p6;                  JL #matmul_vectorized_bfp16
.delay_slot
	  4746    0x1a 0x6e 0xc0 0xf8                                                                                                                                                                                      MOV p2, p7
.delay_slot
	  4750    0x00 0x00 0x00 0xc0 0x00 0x44                                                                                                                                              MOVXM p0, #A_L2L1_1_5_cons_buff_1
.delay_slot
.swstall delay_slot
	  4756    0x00 0x00                                                                        NOPX
.delay_slot
.swstall delay_slot
	  4758    0x00 0x00                                                                        NOPX
.delay_slot
.swstall delay_slot
	  4760    0x00 0x2c 0xf0 0x04 0x00 0x00 0x1c 0x22                                          NOPA;                                                                                                                                                           NOPV
.return_address
.no_stack_arguments
	  4768    0x06 0x00 0x00 0x00 0x00 0x00 0x00 0x00 0x40 0xba                                MOVA r0, #48;                                                                             JL #llvm___aie2p___release
.delay_slot
	  4778    0x10 0x02 0x05 0x18                                                                                                                                                        MOVX r1, #1
.delay_slot
.swstall delay_slot
	  4782    0x00 0x00                                                                        NOPX
.delay_slot
.swstall delay_slot
	  4784    0x00 0x00                                                                        NOPX
.delay_slot
.swstall delay_slot
	  4786    0x00 0x00                                                                        NOPX
.delay_slot
.swstall delay_slot
	  4788    0x00 0x2c 0xf0 0x00 0x20 0x00 0x00 0x00 0x00 0xad 0x81 0x36                      NOPA;                         NOPB;                         NOPS;                         NOPX
.return_address
.no_stack_arguments
	  4800    0x06 0x20 0x00 0x00 0x00 0x00 0x00 0x00 0x40 0xba                                MOVA r0, #49;                                                                             JL #llvm___aie2p___acquire
.delay_slot
	  4810    0x17 0xc2 0xfd 0x18                                                                                                                                                        MOVX r1, #-1
.delay_slot
.swstall delay_slot
	  4814    0x00 0x00                                                                        NOPX
.delay_slot
.swstall delay_slot
	  4816    0x00 0x00                                                                        NOPX
.delay_slot
.swstall delay_slot
	  4818    0x00 0x00                                                                        NOPX
.delay_slot
.swstall delay_slot
	  4820    0x00 0x2c 0xf0 0x00 0x20 0x00 0x00 0x00 0x00 0xad 0x81 0x36                      NOPA;                         NOPB;                         NOPS;                         NOPX
.return_address
.no_stack_arguments
	  4832    0x33 0x11 0x60 0x00 0x00 0x00 0x00 0x00 0x41 0x3a                                                                                            MOVS p1, p6;                  JL #matmul_vectorized_bfp16
.delay_slot
	  4842    0x1a 0x6e 0xc0 0xf8                                                                                                                                                                                      MOV p2, p7
.delay_slot
	  4846    0x00 0x00 0x00 0xc0 0x00 0x44                                                                                                                                              MOVXM p0, #A_L2L1_1_5_cons_buff_0
.delay_slot
.swstall delay_slot
	  4852    0x00 0x00                                                                        NOPX
.delay_slot
.swstall delay_slot
	  4854    0x00 0x00                                                                        NOPX
.delay_slot
.swstall delay_slot
	  4856    0x00 0x2c 0xf0 0x04 0x00 0x00 0x1c 0x22                                          NOPA;                                                                                                                                                           NOPV
.return_address
.no_stack_arguments
	  4864    0x06 0x00 0x00 0x00 0x00 0x00 0x00 0x00 0x40 0xba                                MOVA r0, #48;                                                                             JL #llvm___aie2p___release
.delay_slot
	  4874    0x10 0x02 0x05 0x18                                                                                                                                                        MOVX r1, #1
.delay_slot
.swstall delay_slot
	  4878    0x00 0x00                                                                        NOPX
.delay_slot
.swstall delay_slot
	  4880    0x00 0x00                                                                        NOPX
.delay_slot
.swstall delay_slot
	  4882    0x00 0x00                                                                        NOPX
.delay_slot
.swstall delay_slot
	  4884    0x00 0x2c 0xf0 0x00 0x20 0x00 0x00 0x00 0x00 0xad 0x81 0x36                      NOPA;                         NOPB;                         NOPS;                         NOPX
.return_address
.no_stack_arguments
	  4896    0x06 0x20 0x00 0x00 0x00 0x00 0x00 0x00 0x40 0xba                                MOVA r0, #49;                                                                             JL #llvm___aie2p___acquire
.delay_slot
	  4906    0x17 0xc2 0xfd 0x18                                                                                                                                                        MOVX r1, #-1
.delay_slot
.swstall delay_slot
	  4910    0x00 0x00                                                                        NOPX
.delay_slot
.swstall delay_slot
	  4912    0x00 0x00                                                                        NOPX
.delay_slot
.swstall delay_slot
	  4914    0x00 0x00                                                                        NOPX
.delay_slot
.swstall delay_slot
	  4916    0x00 0x2c 0xf0 0x00 0x20 0x00 0x00 0x00 0x00 0xad 0x81 0x36                      NOPA;                         NOPB;                         NOPS;                         NOPX
.return_address
.no_stack_arguments
	  4928    0x53 0x91 0x60 0x00 0x00 0x00 0x00 0x00 0x41 0x3a                                                                                            MOVS p2, p7;                  JL #matmul_vectorized_bfp16
.delay_slot
	  4938    0x33 0x11 0x60 0x00 0x00 0x00 0x30 0x00 0x11 0x3a                                                                                            MOVS p1, p6;                  MOVXM p0, #A_L2L1_1_5_cons_buff_1
.delay_slot
	  4948    0x1e 0x64 0xc0 0xf8                                                                                                                                                                                      MOV p6, p2
.delay_slot
.swstall delay_slot
	  4952    0x00 0x00                                                                        NOPX
.delay_slot
.swstall delay_slot
	  4954    0x00 0x00                                                                        NOPX
.delay_slot
.swstall delay_slot
	  4956    0x00 0x01 0x67 0x98                                                              NOPA
.return_address
.no_stack_arguments
	  4960    0x06 0x00 0x00 0x00 0x00 0x00 0x00 0x00 0x40 0xba                                MOVA r0, #48;                                                                             JL #llvm___aie2p___release
.delay_slot
	  4970    0x10 0x02 0x05 0x18                                                                                                                                                        MOVX r1, #1
.delay_slot
.swstall delay_slot
	  4974    0x00 0x00                                                                        NOPX
.delay_slot
.swstall delay_slot
	  4976    0x00 0x00                                                                        NOPX
.delay_slot
.swstall delay_slot
	  4978    0x00 0x00                                                                        NOPX
.delay_slot
.swstall delay_slot
	  4980    0x00 0x2c 0xf0 0x00 0x20 0x00 0x00 0x00 0x00 0xad 0x81 0x36                      NOPA;                         NOPB;                         NOPS;                         NOPX
.return_address
.no_stack_arguments
	  4992    0x06 0x40 0x00 0x00 0x00 0x00 0x00 0x00 0x40 0xba                                MOVA r0, #50;                                                                             JL #llvm___aie2p___release
.delay_slot
	  5002    0x10 0x02 0x05 0x18                                                                                                                                                        MOVX r1, #1
.delay_slot
.swstall delay_slot
	  5006    0x00 0x00                                                                        NOPX
.delay_slot
.swstall delay_slot
	  5008    0x00 0x00                                                                        NOPX
.delay_slot
.swstall delay_slot
	  5010    0x00 0x00                                                                        NOPX
.delay_slot
.swstall delay_slot
	  5012    0x00 0x2c 0xf0 0x00 0x20 0x00 0x00 0x00 0x00 0xad 0x81 0x36                      NOPA;                         NOPB;                         NOPS;                         NOPX
.return_address
.no_stack_arguments
	  5024    0x06 0x60 0x00 0x00 0x00 0x00 0x00 0x00 0x40 0xba                                MOVA r0, #51;                                                                             JL #llvm___aie2p___acquire
.delay_slot
	  5034    0x17 0xc2 0xfd 0x18                                                                                                                                                        MOVX r1, #-1
.delay_slot
.swstall delay_slot
	  5038    0x00 0x00                                                                        NOPX
.delay_slot
.swstall delay_slot
	  5040    0x00 0x00                                                                        NOPX
.delay_slot
.swstall delay_slot
	  5042    0x00 0x00                                                                        NOPX
.delay_slot
.swstall delay_slot
	  5044    0x00 0x2c 0xf0 0x00 0x20 0x00 0x00 0x00 0x00 0xad 0x81 0x36                      NOPA;                         NOPB;                         NOPS;                         NOPX
.return_address
.no_stack_arguments
	  5056    0x06 0x20 0x00 0x00 0x00 0x00 0x00 0x00 0x40 0xba                                MOVA r0, #49;                                                                             JL #llvm___aie2p___acquire
.delay_slot
	  5066    0x17 0xc2 0xfd 0x18                                                                                                                                                        MOVX r1, #-1
.delay_slot
.swstall delay_slot
	  5070    0x00 0x00                                                                        NOPX
.delay_slot
.swstall delay_slot
	  5072    0x00 0x00                                                                        NOPX
.delay_slot
.swstall delay_slot
	  5074    0x00 0x00                                                                        NOPX
.delay_slot
.swstall delay_slot
	  5076    0x00 0x2c 0xf0 0x00 0x20 0x00 0x00 0x00 0x00 0xad 0x81 0x36                      NOPA;                         NOPB;                         NOPS;                         NOPX
.return_address
.no_stack_arguments
	  5088    0x00 0x00 0x00 0x00 0x01 0x04                                                                                                                                              JL #matmul_vectorized_bfp16
.delay_slot
	  5094    0x00 0x00 0x00 0xc0 0x00 0x44                                                                                                                                              MOVXM p0, #A_L2L1_1_5_cons_buff_0
.delay_slot
	  5100    0x00 0x00 0x02 0xc0 0x00 0x44                                                                                                                                              MOVXM p1, #B_L2L1_5_1_cons_buff_1
.delay_slot
	  5106    0x1a 0x6c 0xc0 0xf8                                                                                                                                                                                      MOV p2, p6
.delay_slot
.swstall delay_slot
	  5110    0x00 0x00                                                                        NOPX
.delay_slot
.swstall delay_slot
	  5112    0x00 0x2c 0xf0 0x04 0x00 0x00 0x1c 0x22                                          NOPA;                                                                                                                                                           NOPV
.return_address
.no_stack_arguments
	  5120    0x06 0x00 0x00 0x00 0x00 0x00 0x00 0x00 0x40 0xba                                MOVA r0, #48;                                                                             JL #llvm___aie2p___release
.delay_slot
	  5130    0x10 0x02 0x05 0x18                                                                                                                                                        MOVX r1, #1
.delay_slot
.swstall delay_slot
	  5134    0x00 0x00                                                                        NOPX
.delay_slot
.swstall delay_slot
	  5136    0x00 0x00                                                                        NOPX
.delay_slot
.swstall delay_slot
	  5138    0x00 0x00                                                                        NOPX
.delay_slot
.swstall delay_slot
	  5140    0x00 0x2c 0xf0 0x00 0x20 0x00 0x00 0x00 0x00 0xad 0x81 0x36                      NOPA;                         NOPB;                         NOPS;                         NOPX
.return_address
.no_stack_arguments
	  5152    0x06 0x20 0x00 0x00 0x00 0x00 0x00 0x00 0x40 0xba                                MOVA r0, #49;                                                                             JL #llvm___aie2p___acquire
.delay_slot
	  5162    0x17 0xc2 0xfd 0x18                                                                                                                                                        MOVX r1, #-1
.delay_slot
.swstall delay_slot
	  5166    0x00 0x00                                                                        NOPX
.delay_slot
.swstall delay_slot
	  5168    0x00 0x00                                                                        NOPX
.delay_slot
.swstall delay_slot
	  5170    0x00 0x00                                                                        NOPX
.delay_slot
.swstall delay_slot
	  5172    0x00 0x2c 0xf0 0x00 0x20 0x00 0x00 0x00 0x00 0xad 0x81 0x36                      NOPA;                         NOPB;                         NOPS;                         NOPX
.return_address
.no_stack_arguments
	  5184    0x00 0x00 0x00 0x00 0x01 0x04                                                                                                                                              JL #matmul_vectorized_bfp16
.delay_slot
	  5190    0x00 0x00 0x00 0xc0 0x00 0x44                                                                                                                                              MOVXM p0, #A_L2L1_1_5_cons_buff_1
.delay_slot
	  5196    0x00 0x00 0x02 0xc0 0x00 0x44                                                                                                                                              MOVXM p1, #B_L2L1_5_1_cons_buff_1
.delay_slot
	  5202    0x1a 0x6c 0xc0 0xf8                                                                                                                                                                                      MOV p2, p6
.delay_slot
.swstall delay_slot
	  5206    0x00 0x00                                                                        NOPX
.delay_slot
.swstall delay_slot
	  5208    0x00 0x2c 0xf0 0x04 0x00 0x00 0x1c 0x22                                          NOPA;                                                                                                                                                           NOPV
.return_address
.no_stack_arguments
	  5216    0x06 0x00 0x00 0x00 0x00 0x00 0x00 0x00 0x40 0xba                                MOVA r0, #48;                                                                             JL #llvm___aie2p___release
.delay_slot
	  5226    0x10 0x02 0x05 0x18                                                                                                                                                        MOVX r1, #1
.delay_slot
.swstall delay_slot
	  5230    0x00 0x00                                                                        NOPX
.delay_slot
.swstall delay_slot
	  5232    0x00 0x00                                                                        NOPX
.delay_slot
.swstall delay_slot
	  5234    0x00 0x00                                                                        NOPX
.delay_slot
.swstall delay_slot
	  5236    0x00 0x2c 0xf0 0x00 0x20 0x00 0x00 0x00 0x00 0xad 0x81 0x36                      NOPA;                         NOPB;                         NOPS;                         NOPX
.return_address
.no_stack_arguments
	  5248    0x06 0x20 0x00 0x00 0x00 0x00 0x00 0x00 0x40 0xba                                MOVA r0, #49;                                                                             JL #llvm___aie2p___acquire
.delay_slot
	  5258    0x17 0xc2 0xfd 0x18                                                                                                                                                        MOVX r1, #-1
.delay_slot
.swstall delay_slot
	  5262    0x00 0x00                                                                        NOPX
.delay_slot
.swstall delay_slot
	  5264    0x00 0x00                                                                        NOPX
.delay_slot
.swstall delay_slot
	  5266    0x00 0x00                                                                        NOPX
.delay_slot
.swstall delay_slot
	  5268    0x00 0x2c 0xf0 0x00 0x20 0x00 0x00 0x00 0x00 0xad 0x81 0x36                      NOPA;                         NOPB;                         NOPS;                         NOPX
.return_address
.no_stack_arguments
	  5280    0x00 0x00 0x00 0x00 0x01 0x04                                                                                                                                              JL #matmul_vectorized_bfp16
.delay_slot
	  5286    0x00 0x00 0x00 0xc0 0x00 0x44                                                                                                                                              MOVXM p0, #A_L2L1_1_5_cons_buff_0
.delay_slot
	  5292    0x00 0x00 0x02 0xc0 0x00 0x44                                                                                                                                              MOVXM p1, #B_L2L1_5_1_cons_buff_1
.delay_slot
	  5298    0x1a 0x6c 0xc0 0xf8                                                                                                                                                                                      MOV p2, p6
.delay_slot
.swstall delay_slot
	  5302    0x00 0x00                                                                        NOPX
.delay_slot
.swstall delay_slot
	  5304    0x00 0x2c 0xf0 0x04 0x00 0x00 0x1c 0x22                                          NOPA;                                                                                                                                                           NOPV
.return_address
.no_stack_arguments
	  5312    0x06 0x00 0x00 0x00 0x00 0x00 0x00 0x00 0x40 0xba                                MOVA r0, #48;                                                                             JL #llvm___aie2p___release
.delay_slot
	  5322    0x10 0x02 0x05 0x18                                                                                                                                                        MOVX r1, #1
.delay_slot
.swstall delay_slot
	  5326    0x00 0x00                                                                        NOPX
.delay_slot
.swstall delay_slot
	  5328    0x00 0x00                                                                        NOPX
.delay_slot
.swstall delay_slot
	  5330    0x00 0x00                                                                        NOPX
.delay_slot
.swstall delay_slot
	  5332    0x00 0x2c 0xf0 0x00 0x20 0x00 0x00 0x00 0x00 0xad 0x81 0x36                      NOPA;                         NOPB;                         NOPS;                         NOPX
.return_address
.no_stack_arguments
	  5344    0x06 0x20 0x00 0x00 0x00 0x00 0x00 0x00 0x40 0xba                                MOVA r0, #49;                                                                             JL #llvm___aie2p___acquire
.delay_slot
	  5354    0x17 0xc2 0xfd 0x18                                                                                                                                                        MOVX r1, #-1
.delay_slot
.swstall delay_slot
	  5358    0x00 0x00                                                                        NOPX
.delay_slot
.swstall delay_slot
	  5360    0x00 0x00                                                                        NOPX
.delay_slot
.swstall delay_slot
	  5362    0x00 0x00                                                                        NOPX
.delay_slot
.swstall delay_slot
	  5364    0x00 0x2c 0xf0 0x00 0x20 0x00 0x00 0x00 0x00 0xad 0x81 0x36                      NOPA;                         NOPB;                         NOPS;                         NOPX
.return_address
.no_stack_arguments
	  5376    0x00 0x00 0x00 0x00 0x01 0x04                                                                                                                                              JL #matmul_vectorized_bfp16
.delay_slot
	  5382    0x00 0x00 0x00 0xc0 0x00 0x44                                                                                                                                              MOVXM p0, #A_L2L1_1_5_cons_buff_1
.delay_slot
	  5388    0x00 0x00 0x02 0xc0 0x00 0x44                                                                                                                                              MOVXM p1, #B_L2L1_5_1_cons_buff_1
.delay_slot
	  5394    0x1a 0x6c 0xc0 0xf8                                                                                                                                                                                      MOV p2, p6
.delay_slot
.swstall delay_slot
	  5398    0x00 0x00                                                                        NOPX
.delay_slot
.swstall delay_slot
	  5400    0x00 0x2c 0xf0 0x04 0x00 0x00 0x1c 0x22                                          NOPA;                                                                                                                                                           NOPV
.return_address
.no_stack_arguments
	  5408    0x06 0x00 0x00 0x00 0x00 0x00 0x00 0x00 0x40 0xba                                MOVA r0, #48;                                                                             JL #llvm___aie2p___release
.delay_slot
	  5418    0x10 0x02 0x05 0x18                                                                                                                                                        MOVX r1, #1
.delay_slot
.swstall delay_slot
	  5422    0x00 0x00                                                                        NOPX
.delay_slot
.swstall delay_slot
	  5424    0x00 0x00                                                                        NOPX
.delay_slot
.swstall delay_slot
	  5426    0x00 0x00                                                                        NOPX
.delay_slot
.swstall delay_slot
	  5428    0x00 0x2c 0xf0 0x00 0x20 0x00 0x00 0x00 0x00 0xad 0x81 0x36                      NOPA;                         NOPB;                         NOPS;                         NOPX
.return_address
.no_stack_arguments
	  5440    0x06 0x20 0x00 0x00 0x00 0x00 0x00 0x00 0x40 0xba                                MOVA r0, #49;                                                                             JL #llvm___aie2p___acquire
.delay_slot
	  5450    0x17 0xc2 0xfd 0x18                                                                                                                                                        MOVX r1, #-1
.delay_slot
.swstall delay_slot
	  5454    0x00 0x00                                                                        NOPX
.delay_slot
.swstall delay_slot
	  5456    0x00 0x00                                                                        NOPX
.delay_slot
.swstall delay_slot
	  5458    0x00 0x00                                                                        NOPX
.delay_slot
.swstall delay_slot
	  5460    0x00 0x2c 0xf0 0x00 0x20 0x00 0x00 0x00 0x00 0xad 0x81 0x36                      NOPA;                         NOPB;                         NOPS;                         NOPX
.return_address
.no_stack_arguments
	  5472    0x00 0x00 0x00 0x00 0x01 0x04                                                                                                                                              JL #matmul_vectorized_bfp16
.delay_slot
	  5478    0x00 0x00 0x00 0xc0 0x00 0x44                                                                                                                                              MOVXM p0, #A_L2L1_1_5_cons_buff_0
.delay_slot
	  5484    0x00 0x00 0x02 0xc0 0x00 0x44                                                                                                                                              MOVXM p1, #B_L2L1_5_1_cons_buff_1
.delay_slot
	  5490    0x1a 0x6c 0xc0 0xf8                                                                                                                                                                                      MOV p2, p6
.delay_slot
.swstall delay_slot
	  5494    0x00 0x00                                                                        NOPX
.delay_slot
.swstall delay_slot
	  5496    0x00 0x2c 0xf0 0x04 0x00 0x00 0x1c 0x22                                          NOPA;                                                                                                                                                           NOPV
.return_address
.no_stack_arguments
	  5504    0x06 0x00 0x00 0x00 0x00 0x00 0x00 0x00 0x40 0xba                                MOVA r0, #48;                                                                             JL #llvm___aie2p___release
.delay_slot
	  5514    0x10 0x02 0x05 0x18                                                                                                                                                        MOVX r1, #1
.delay_slot
.swstall delay_slot
	  5518    0x00 0x00                                                                        NOPX
.delay_slot
.swstall delay_slot
	  5520    0x00 0x00                                                                        NOPX
.delay_slot
.swstall delay_slot
	  5522    0x00 0x00                                                                        NOPX
.delay_slot
.swstall delay_slot
	  5524    0x00 0x2c 0xf0 0x00 0x20 0x00 0x00 0x00 0x00 0xad 0x81 0x36                      NOPA;                         NOPB;                         NOPS;                         NOPX
.return_address
.no_stack_arguments
	  5536    0x00 0x00 0x00 0x00 0x01 0x04                                                                                                                                              JL #llvm___aie2p___acquire
.delay_slot
	  5542    0x06 0x20 0x00 0x00 0x00 0x07 0x30 0x90 0x10 0xba                                MOVA r0, #49;                                                                             MOVXM p6, #(TGT_Fcore_5_3_4384 + 0)
.delay_slot
	  5552    0x17 0xc2 0xfd 0x18                                                                                                                                                        MOVX r1, #-1
.delay_slot
.swstall delay_slot
	  5556    0x00 0x00                                                                        NOPX
.delay_slot
.swstall delay_slot
	  5558    0x00 0x00                                                                        NOPX
.delay_slot
.swstall delay_slot
	  5560    0x00 0x2c 0xf0 0x04 0x00 0x00 0x1c 0x22                                          NOPA;                                                                                                                                                           NOPV
.return_address
.no_stack_arguments
	  5568    0x00 0x00 0x00 0x00 0x01 0x04                                                                                                                                              JL #matmul_vectorized_bfp16
.delay_slot
	  5574    0x00 0x00 0x00 0xc0 0x00 0x44                                                                                                                                              MOVXM p0, #A_L2L1_1_5_cons_buff_1
.delay_slot
	  5580    0x00 0x00 0x02 0xc0 0x00 0x44                                                                                                                                              MOVXM p1, #B_L2L1_5_1_cons_buff_1
.delay_slot
	  5586    0x1a 0x6e 0xc0 0xf8                                                                                                                                                                                      MOV p2, p7
.delay_slot
.swstall delay_slot
	  5590    0x00 0x00                                                                        NOPX
.delay_slot
.swstall delay_slot
	  5592    0x00 0x2c 0xf0 0x04 0x00 0x00 0x1c 0x22                                          NOPA;                                                                                                                                                           NOPV
.return_address
.no_stack_arguments
	  5600    0x06 0x00 0x00 0x00 0x00 0x00 0x00 0x00 0x40 0xba                                MOVA r0, #48;                                                                             JL #llvm___aie2p___release
.delay_slot
	  5610    0x10 0x02 0x05 0x18                                                                                                                                                        MOVX r1, #1
.delay_slot
.swstall delay_slot
	  5614    0x00 0x00                                                                        NOPX
.delay_slot
.swstall delay_slot
	  5616    0x00 0x00                                                                        NOPX
.delay_slot
.swstall delay_slot
	  5618    0x00 0x00                                                                        NOPX
.delay_slot
.swstall delay_slot
	  5620    0x00 0x2c 0xf0 0x00 0x20 0x00 0x00 0x00 0x00 0xad 0x81 0x36                      NOPA;                         NOPB;                         NOPS;                         NOPX
.return_address
.no_stack_arguments
	  5632    0x06 0x40 0x00 0x00 0x00 0x00 0x00 0x00 0x40 0xba                                MOVA r0, #50;                                                                             JL #llvm___aie2p___release
.delay_slot
	  5642    0x10 0x02 0x05 0x18                                                                                                                                                        MOVX r1, #1
.delay_slot
.swstall delay_slot
	  5646    0x00 0x00                                                                        NOPX
.delay_slot
.swstall delay_slot
	  5648    0x00 0x00                                                                        NOPX
.delay_slot
.swstall delay_slot
	  5650    0x00 0x00                                                                        NOPX
.delay_slot
.swstall delay_slot
	  5652    0x00 0x2c 0xf0 0x00 0x20 0x00 0x00 0x00 0x00 0xad 0x81 0x36                      NOPA;                         NOPB;                         NOPS;                         NOPX
.return_address
	  5664    0x13 0x19 0xa0 0x18                                                                                                                                                        JNZD r12, r12, p6
.delay_slot
.swstall delay_slot
	  5668    0x00 0x00                                                                        NOPX
.delay_slot
.swstall delay_slot
	  5670    0x00 0x00                                                                        NOPX
.delay_slot
.swstall delay_slot
	  5672    0x00 0x00                                                                        NOPX
.delay_slot
.swstall delay_slot
	  5674    0x00 0x00                                                                        NOPX
.delay_slot
.swstall delay_slot
	  5676    0x00 0x00                                                                        NOPX
.loop_nesting 1
.no_stack_arguments
	  5678    0x06 0xa0 0x00 0x00 0x00 0x00 0x00 0x00 0x40 0xba                                MOVA r0, #53;                                                                             JL #llvm___aie2p___release
.delay_slot
	  5688    0x10 0x02 0x05 0x18                                                                                                                                                        MOVX r1, #1
.delay_slot
.swstall delay_slot
	  5692    0x00 0x00                                                                        NOPX
.delay_slot
.swstall delay_slot
	  5694    0x00 0x00                                                                        NOPX
.delay_slot
.swstall delay_slot
	  5696    0x00 0x00                                                                        NOPX
.delay_slot
.swstall delay_slot
	  5698    0x00 0x2c 0xf0 0x02 0xb6 0x00 0x00 0x40 0x1a 0x57 0x00 0x00 0x1c 0x2e            NOPA;                                                       NOPS;                                                       NOPM;                                   NOPV
.return_address
.no_stack_arguments
	  5712    0xff 0xe1 0x00 0x00 0x00 0x00 0x00 0x00 0x40 0xba                                MOVA r1, #-1;                                                                             JL #llvm___aie2p___acquire
.delay_slot
	  5722    0x10 0x00 0xd1 0x18                                                                                                                                                        MOVX r0, #52
.delay_slot
.swstall delay_slot
	  5726    0x00 0x00                                                                        NOPX
.delay_slot
.swstall delay_slot
	  5728    0x00 0x00                                                                        NOPX
.delay_slot
.swstall delay_slot
	  5730    0x00 0x00                                                                        NOPX
.delay_slot
.swstall delay_slot
	  5732    0x00 0x2c 0xf0 0x00 0x20 0x00 0x00 0x00 0x00 0xad 0x81 0x36                      NOPA;                         NOPB;                         NOPS;                         NOPX
.return_address
.no_stack_arguments
	  5744    0x00 0x00 0x00 0x00 0x01 0x04                                                                                                                                              JL #zero_kernel
.delay_slot
	  5750    0x18 0x6e 0xc0 0xf8                                                                                                                                                                                      MOV p0, p7
.delay_slot
.swstall delay_slot
	  5754    0x00 0x00                                                                        NOPX
.delay_slot
.swstall delay_slot
	  5756    0x00 0x00                                                                        NOPX
.delay_slot
.swstall delay_slot
	  5758    0x00 0x00                                                                        NOPX
.delay_slot
.swstall delay_slot
	  5760    0x00 0x2c 0xf0 0x00 0x20 0x01 0x5b 0x00 0x00 0x00 0x01 0xa5 0x78 0x00 0x00 0xe1  NOPA;                         NOPB;                         NOPS;                         NOPX;                         NOPM;                                   NOPV
.return_address
	  5776    0x00 0x2c 0xf0 0x00 0x20 0x01 0x5b 0x00 0xc1 0x28 0x01 0xa5 0x78 0x00 0x00 0xe1  NOPA;                         NOPB;                         NOPS;                         MOVX r12, #9;                 NOPM;                                   NOPV
.label TGT_Fcore_5_3_5792
.loop_nesting 2
.no_stack_arguments
	  5792    0x06 0x60 0x00 0x00 0x00 0x00 0x00 0x00 0x40 0xba                                MOVA r0, #51;                                                                             JL #llvm___aie2p___acquire
.delay_slot
	  5802    0x17 0xc2 0xfd 0x18                                                                                                                                                        MOVX r1, #-1
.delay_slot
.swstall delay_slot
	  5806    0x00 0x00                                                                        NOPX
.delay_slot
.swstall delay_slot
	  5808    0x00 0x00                                                                        NOPX
.delay_slot
.swstall delay_slot
	  5810    0x00 0x00                                                                        NOPX
.delay_slot
.swstall delay_slot
	  5812    0x00 0x2c 0xf0 0x00 0x20 0x00 0x00 0x00 0x00 0xad 0x81 0x36                      NOPA;                         NOPB;                         NOPS;                         NOPX
.return_address
.no_stack_arguments
	  5824    0x06 0x20 0x00 0x00 0x00 0x00 0x00 0x00 0x40 0xba                                MOVA r0, #49;                                                                             JL #llvm___aie2p___acquire
.delay_slot
	  5834    0x17 0xc2 0xfd 0x18                                                                                                                                                        MOVX r1, #-1
.delay_slot
.swstall delay_slot
	  5838    0x00 0x00                                                                        NOPX
.delay_slot
.swstall delay_slot
	  5840    0x00 0x00                                                                        NOPX
.delay_slot
.swstall delay_slot
	  5842    0x00 0x00                                                                        NOPX
.delay_slot
.swstall delay_slot
	  5844    0x00 0x2c 0xf0 0x00 0x20 0x00 0x00 0x00 0x00 0xad 0x81 0x36                      NOPA;                         NOPB;                         NOPS;                         NOPX
.return_address
.no_stack_arguments
	  5856    0x53 0x91 0x60 0x00 0x00 0x00 0x00 0x00 0x41 0x3a                                                                                            MOVS p2, p7;                  JL #matmul_vectorized_bfp16
.delay_slot
	  5866    0x00 0x00 0x02 0xc0 0x00 0x44                                                                                                                                              MOVXM p1, #B_L2L1_5_1_cons_buff_0
.delay_slot
	  5872    0x00 0x00 0x00 0xc0 0x00 0x44                                                                                                                                              MOVXM p0, #A_L2L1_1_5_cons_buff_0
.delay_slot
	  5878    0x1e 0x62 0xc0 0xf8                                                                                                                                                                                      MOV p6, p1
.delay_slot
.swstall delay_slot
	  5882    0x00 0x00                                                                        NOPX
.delay_slot
.swstall delay_slot
	  5884    0x00 0x01 0x67 0x98                                                              NOPA
.return_address
.no_stack_arguments
	  5888    0x06 0x00 0x00 0x00 0x00 0x00 0x00 0x00 0x40 0xba                                MOVA r0, #48;                                                                             JL #llvm___aie2p___release
.delay_slot
	  5898    0x10 0x02 0x05 0x18                                                                                                                                                        MOVX r1, #1
.delay_slot
.swstall delay_slot
	  5902    0x00 0x00                                                                        NOPX
.delay_slot
.swstall delay_slot
	  5904    0x00 0x00                                                                        NOPX
.delay_slot
.swstall delay_slot
	  5906    0x00 0x00                                                                        NOPX
.delay_slot
.swstall delay_slot
	  5908    0x00 0x2c 0xf0 0x00 0x20 0x00 0x00 0x00 0x00 0xad 0x81 0x36                      NOPA;                         NOPB;                         NOPS;                         NOPX
.return_address
.no_stack_arguments
	  5920    0x06 0x20 0x00 0x00 0x00 0x00 0x00 0x00 0x40 0xba                                MOVA r0, #49;                                                                             JL #llvm___aie2p___acquire
.delay_slot
	  5930    0x17 0xc2 0xfd 0x18                                                                                                                                                        MOVX r1, #-1
.delay_slot
.swstall delay_slot
	  5934    0x00 0x00                                                                        NOPX
.delay_slot
.swstall delay_slot
	  5936    0x00 0x00                                                                        NOPX
.delay_slot
.swstall delay_slot
	  5938    0x00 0x00                                                                        NOPX
.delay_slot
.swstall delay_slot
	  5940    0x00 0x2c 0xf0 0x00 0x20 0x00 0x00 0x00 0x00 0xad 0x81 0x36                      NOPA;                         NOPB;                         NOPS;                         NOPX
.return_address
.no_stack_arguments
	  5952    0x33 0x11 0x60 0x00 0x00 0x00 0x00 0x00 0x41 0x3a                                                                                            MOVS p1, p6;                  JL #matmul_vectorized_bfp16
.delay_slot
	  5962    0x1a 0x6e 0xc0 0xf8                                                                                                                                                                                      MOV p2, p7
.delay_slot
	  5966    0x00 0x00 0x00 0xc0 0x00 0x44                                                                                                                                              MOVXM p0, #A_L2L1_1_5_cons_buff_1
.delay_slot
.swstall delay_slot
	  5972    0x00 0x00                                                                        NOPX
.delay_slot
.swstall delay_slot
	  5974    0x00 0x00                                                                        NOPX
.delay_slot
.swstall delay_slot
	  5976    0x00 0x2c 0xf0 0x04 0x00 0x00 0x1c 0x22                                          NOPA;                                                                                                                                                           NOPV
.return_address
.no_stack_arguments
	  5984    0x06 0x00 0x00 0x00 0x00 0x00 0x00 0x00 0x40 0xba                                MOVA r0, #48;                                                                             JL #llvm___aie2p___release
.delay_slot
	  5994    0x10 0x02 0x05 0x18                                                                                                                                                        MOVX r1, #1
.delay_slot
.swstall delay_slot
	  5998    0x00 0x00                                                                        NOPX
.delay_slot
.swstall delay_slot
	  6000    0x00 0x00                                                                        NOPX
.delay_slot
.swstall delay_slot
	  6002    0x00 0x00                                                                        NOPX
.delay_slot
.swstall delay_slot
	  6004    0x00 0x2c 0xf0 0x00 0x20 0x00 0x00 0x00 0x00 0xad 0x81 0x36                      NOPA;                         NOPB;                         NOPS;                         NOPX
.return_address
.no_stack_arguments
	  6016    0x06 0x20 0x00 0x00 0x00 0x00 0x00 0x00 0x40 0xba                                MOVA r0, #49;                                                                             JL #llvm___aie2p___acquire
.delay_slot
	  6026    0x17 0xc2 0xfd 0x18                                                                                                                                                        MOVX r1, #-1
.delay_slot
.swstall delay_slot
	  6030    0x00 0x00                                                                        NOPX
.delay_slot
.swstall delay_slot
	  6032    0x00 0x00                                                                        NOPX
.delay_slot
.swstall delay_slot
	  6034    0x00 0x00                                                                        NOPX
.delay_slot
.swstall delay_slot
	  6036    0x00 0x2c 0xf0 0x00 0x20 0x00 0x00 0x00 0x00 0xad 0x81 0x36                      NOPA;                         NOPB;                         NOPS;                         NOPX
.return_address
.no_stack_arguments
	  6048    0x33 0x11 0x60 0x00 0x00 0x00 0x00 0x00 0x41 0x3a                                                                                            MOVS p1, p6;                  JL #matmul_vectorized_bfp16
.delay_slot
	  6058    0x1a 0x6e 0xc0 0xf8                                                                                                                                                                                      MOV p2, p7
.delay_slot
	  6062    0x00 0x00 0x00 0xc0 0x00 0x44                                                                                                                                              MOVXM p0, #A_L2L1_1_5_cons_buff_0
.delay_slot
.swstall delay_slot
	  6068    0x00 0x00                                                                        NOPX
.delay_slot
.swstall delay_slot
	  6070    0x00 0x00                                                                        NOPX
.delay_slot
.swstall delay_slot
	  6072    0x00 0x2c 0xf0 0x04 0x00 0x00 0x1c 0x22                                          NOPA;                                                                                                                                                           NOPV
.return_address
.no_stack_arguments
	  6080    0x06 0x00 0x00 0x00 0x00 0x00 0x00 0x00 0x40 0xba                                MOVA r0, #48;                                                                             JL #llvm___aie2p___release
.delay_slot
	  6090    0x10 0x02 0x05 0x18                                                                                                                                                        MOVX r1, #1
.delay_slot
.swstall delay_slot
	  6094    0x00 0x00                                                                        NOPX
.delay_slot
.swstall delay_slot
	  6096    0x00 0x00                                                                        NOPX
.delay_slot
.swstall delay_slot
	  6098    0x00 0x00                                                                        NOPX
.delay_slot
.swstall delay_slot
	  6100    0x00 0x2c 0xf0 0x00 0x20 0x00 0x00 0x00 0x00 0xad 0x81 0x36                      NOPA;                         NOPB;                         NOPS;                         NOPX
.return_address
.no_stack_arguments
	  6112    0x06 0x20 0x00 0x00 0x00 0x00 0x00 0x00 0x40 0xba                                MOVA r0, #49;                                                                             JL #llvm___aie2p___acquire
.delay_slot
	  6122    0x17 0xc2 0xfd 0x18                                                                                                                                                        MOVX r1, #-1
.delay_slot
.swstall delay_slot
	  6126    0x00 0x00                                                                        NOPX
.delay_slot
.swstall delay_slot
	  6128    0x00 0x00                                                                        NOPX
.delay_slot
.swstall delay_slot
	  6130    0x00 0x00                                                                        NOPX
.delay_slot
.swstall delay_slot
	  6132    0x00 0x2c 0xf0 0x00 0x20 0x00 0x00 0x00 0x00 0xad 0x81 0x36                      NOPA;                         NOPB;                         NOPS;                         NOPX
.return_address
.no_stack_arguments
	  6144    0x33 0x11 0x60 0x00 0x00 0x00 0x00 0x00 0x41 0x3a                                                                                            MOVS p1, p6;                  JL #matmul_vectorized_bfp16
.delay_slot
	  6154    0x1a 0x6e 0xc0 0xf8                                                                                                                                                                                      MOV p2, p7
.delay_slot
	  6158    0x00 0x00 0x00 0xc0 0x00 0x44                                                                                                                                              MOVXM p0, #A_L2L1_1_5_cons_buff_1
.delay_slot
.swstall delay_slot
	  6164    0x00 0x00                                                                        NOPX
.delay_slot
.swstall delay_slot
	  6166    0x00 0x00                                                                        NOPX
.delay_slot
.swstall delay_slot
	  6168    0x00 0x2c 0xf0 0x04 0x00 0x00 0x1c 0x22                                          NOPA;                                                                                                                                                           NOPV
.return_address
.no_stack_arguments
	  6176    0x06 0x00 0x00 0x00 0x00 0x00 0x00 0x00 0x40 0xba                                MOVA r0, #48;                                                                             JL #llvm___aie2p___release
.delay_slot
	  6186    0x10 0x02 0x05 0x18                                                                                                                                                        MOVX r1, #1
.delay_slot
.swstall delay_slot
	  6190    0x00 0x00                                                                        NOPX
.delay_slot
.swstall delay_slot
	  6192    0x00 0x00                                                                        NOPX
.delay_slot
.swstall delay_slot
	  6194    0x00 0x00                                                                        NOPX
.delay_slot
.swstall delay_slot
	  6196    0x00 0x2c 0xf0 0x00 0x20 0x00 0x00 0x00 0x00 0xad 0x81 0x36                      NOPA;                         NOPB;                         NOPS;                         NOPX
.return_address
.no_stack_arguments
	  6208    0x06 0x20 0x00 0x00 0x00 0x00 0x00 0x00 0x40 0xba                                MOVA r0, #49;                                                                             JL #llvm___aie2p___acquire
.delay_slot
	  6218    0x17 0xc2 0xfd 0x18                                                                                                                                                        MOVX r1, #-1
.delay_slot
.swstall delay_slot
	  6222    0x00 0x00                                                                        NOPX
.delay_slot
.swstall delay_slot
	  6224    0x00 0x00                                                                        NOPX
.delay_slot
.swstall delay_slot
	  6226    0x00 0x00                                                                        NOPX
.delay_slot
.swstall delay_slot
	  6228    0x00 0x2c 0xf0 0x00 0x20 0x00 0x00 0x00 0x00 0xad 0x81 0x36                      NOPA;                         NOPB;                         NOPS;                         NOPX
.return_address
.no_stack_arguments
	  6240    0x33 0x11 0x60 0x00 0x00 0x00 0x00 0x00 0x41 0x3a                                                                                            MOVS p1, p6;                  JL #matmul_vectorized_bfp16
.delay_slot
	  6250    0x1a 0x6e 0xc0 0xf8                                                                                                                                                                                      MOV p2, p7
.delay_slot
	  6254    0x00 0x00 0x00 0xc0 0x00 0x44                                                                                                                                              MOVXM p0, #A_L2L1_1_5_cons_buff_0
.delay_slot
.swstall delay_slot
	  6260    0x00 0x00                                                                        NOPX
.delay_slot
.swstall delay_slot
	  6262    0x00 0x00                                                                        NOPX
.delay_slot
.swstall delay_slot
	  6264    0x00 0x2c 0xf0 0x04 0x00 0x00 0x1c 0x22                                          NOPA;                                                                                                                                                           NOPV
.return_address
.no_stack_arguments
	  6272    0x06 0x00 0x00 0x00 0x00 0x00 0x00 0x00 0x40 0xba                                MOVA r0, #48;                                                                             JL #llvm___aie2p___release
.delay_slot
	  6282    0x10 0x02 0x05 0x18                                                                                                                                                        MOVX r1, #1
.delay_slot
.swstall delay_slot
	  6286    0x00 0x00                                                                        NOPX
.delay_slot
.swstall delay_slot
	  6288    0x00 0x00                                                                        NOPX
.delay_slot
.swstall delay_slot
	  6290    0x00 0x00                                                                        NOPX
.delay_slot
.swstall delay_slot
	  6292    0x00 0x2c 0xf0 0x00 0x20 0x00 0x00 0x00 0x00 0xad 0x81 0x36                      NOPA;                         NOPB;                         NOPS;                         NOPX
.return_address
.no_stack_arguments
	  6304    0x06 0x20 0x00 0x00 0x00 0x00 0x00 0x00 0x40 0xba                                MOVA r0, #49;                                                                             JL #llvm___aie2p___acquire
.delay_slot
	  6314    0x17 0xc2 0xfd 0x18                                                                                                                                                        MOVX r1, #-1
.delay_slot
.swstall delay_slot
	  6318    0x00 0x00                                                                        NOPX
.delay_slot
.swstall delay_slot
	  6320    0x00 0x00                                                                        NOPX
.delay_slot
.swstall delay_slot
	  6322    0x00 0x00                                                                        NOPX
.delay_slot
.swstall delay_slot
	  6324    0x00 0x2c 0xf0 0x00 0x20 0x00 0x00 0x00 0x00 0xad 0x81 0x36                      NOPA;                         NOPB;                         NOPS;                         NOPX
.return_address
.no_stack_arguments
	  6336    0x53 0x91 0x60 0x00 0x00 0x00 0x00 0x00 0x41 0x3a                                                                                            MOVS p2, p7;                  JL #matmul_vectorized_bfp16
.delay_slot
	  6346    0x33 0x11 0x60 0x00 0x00 0x00 0x30 0x00 0x11 0x3a                                                                                            MOVS p1, p6;                  MOVXM p0, #A_L2L1_1_5_cons_buff_1
.delay_slot
	  6356    0x1e 0x64 0xc0 0xf8                                                                                                                                                                                      MOV p6, p2
.delay_slot
.swstall delay_slot
	  6360    0x00 0x00                                                                        NOPX
.delay_slot
.swstall delay_slot
	  6362    0x00 0x00                                                                        NOPX
.delay_slot
.swstall delay_slot
	  6364    0x00 0x01 0x67 0x98                                                              NOPA
.return_address
.no_stack_arguments
	  6368    0x06 0x00 0x00 0x00 0x00 0x00 0x00 0x00 0x40 0xba                                MOVA r0, #48;                                                                             JL #llvm___aie2p___release
.delay_slot
	  6378    0x10 0x02 0x05 0x18                                                                                                                                                        MOVX r1, #1
.delay_slot
.swstall delay_slot
	  6382    0x00 0x00                                                                        NOPX
.delay_slot
.swstall delay_slot
	  6384    0x00 0x00                                                                        NOPX
.delay_slot
.swstall delay_slot
	  6386    0x00 0x00                                                                        NOPX
.delay_slot
.swstall delay_slot
	  6388    0x00 0x2c 0xf0 0x00 0x20 0x00 0x00 0x00 0x00 0xad 0x81 0x36                      NOPA;                         NOPB;                         NOPS;                         NOPX
.return_address
.no_stack_arguments
	  6400    0x06 0x40 0x00 0x00 0x00 0x00 0x00 0x00 0x40 0xba                                MOVA r0, #50;                                                                             JL #llvm___aie2p___release
.delay_slot
	  6410    0x10 0x02 0x05 0x18                                                                                                                                                        MOVX r1, #1
.delay_slot
.swstall delay_slot
	  6414    0x00 0x00                                                                        NOPX
.delay_slot
.swstall delay_slot
	  6416    0x00 0x00                                                                        NOPX
.delay_slot
.swstall delay_slot
	  6418    0x00 0x00                                                                        NOPX
.delay_slot
.swstall delay_slot
	  6420    0x00 0x2c 0xf0 0x00 0x20 0x00 0x00 0x00 0x00 0xad 0x81 0x36                      NOPA;                         NOPB;                         NOPS;                         NOPX
.return_address
.no_stack_arguments
	  6432    0x06 0x60 0x00 0x00 0x00 0x00 0x00 0x00 0x40 0xba                                MOVA r0, #51;                                                                             JL #llvm___aie2p___acquire
.delay_slot
	  6442    0x17 0xc2 0xfd 0x18                                                                                                                                                        MOVX r1, #-1
.delay_slot
.swstall delay_slot
	  6446    0x00 0x00                                                                        NOPX
.delay_slot
.swstall delay_slot
	  6448    0x00 0x00                                                                        NOPX
.delay_slot
.swstall delay_slot
	  6450    0x00 0x00                                                                        NOPX
.delay_slot
.swstall delay_slot
	  6452    0x00 0x2c 0xf0 0x00 0x20 0x00 0x00 0x00 0x00 0xad 0x81 0x36                      NOPA;                         NOPB;                         NOPS;                         NOPX
.return_address
.no_stack_arguments
	  6464    0x06 0x20 0x00 0x00 0x00 0x00 0x00 0x00 0x40 0xba                                MOVA r0, #49;                                                                             JL #llvm___aie2p___acquire
.delay_slot
	  6474    0x17 0xc2 0xfd 0x18                                                                                                                                                        MOVX r1, #-1
.delay_slot
.swstall delay_slot
	  6478    0x00 0x00                                                                        NOPX
.delay_slot
.swstall delay_slot
	  6480    0x00 0x00                                                                        NOPX
.delay_slot
.swstall delay_slot
	  6482    0x00 0x00                                                                        NOPX
.delay_slot
.swstall delay_slot
	  6484    0x00 0x2c 0xf0 0x00 0x20 0x00 0x00 0x00 0x00 0xad 0x81 0x36                      NOPA;                         NOPB;                         NOPS;                         NOPX
.return_address
.no_stack_arguments
	  6496    0x00 0x00 0x00 0x00 0x01 0x04                                                                                                                                              JL #matmul_vectorized_bfp16
.delay_slot
	  6502    0x00 0x00 0x00 0xc0 0x00 0x44                                                                                                                                              MOVXM p0, #A_L2L1_1_5_cons_buff_0
.delay_slot
	  6508    0x00 0x00 0x02 0xc0 0x00 0x44                                                                                                                                              MOVXM p1, #B_L2L1_5_1_cons_buff_1
.delay_slot
	  6514    0x1a 0x6c 0xc0 0xf8                                                                                                                                                                                      MOV p2, p6
.delay_slot
.swstall delay_slot
	  6518    0x00 0x00                                                                        NOPX
.delay_slot
.swstall delay_slot
	  6520    0x00 0x2c 0xf0 0x04 0x00 0x00 0x1c 0x22                                          NOPA;                                                                                                                                                           NOPV
.return_address
.no_stack_arguments
	  6528    0x06 0x00 0x00 0x00 0x00 0x00 0x00 0x00 0x40 0xba                                MOVA r0, #48;                                                                             JL #llvm___aie2p___release
.delay_slot
	  6538    0x10 0x02 0x05 0x18                                                                                                                                                        MOVX r1, #1
.delay_slot
.swstall delay_slot
	  6542    0x00 0x00                                                                        NOPX
.delay_slot
.swstall delay_slot
	  6544    0x00 0x00                                                                        NOPX
.delay_slot
.swstall delay_slot
	  6546    0x00 0x00                                                                        NOPX
.delay_slot
.swstall delay_slot
	  6548    0x00 0x2c 0xf0 0x00 0x20 0x00 0x00 0x00 0x00 0xad 0x81 0x36                      NOPA;                         NOPB;                         NOPS;                         NOPX
.return_address
.no_stack_arguments
	  6560    0x06 0x20 0x00 0x00 0x00 0x00 0x00 0x00 0x40 0xba                                MOVA r0, #49;                                                                             JL #llvm___aie2p___acquire
.delay_slot
	  6570    0x17 0xc2 0xfd 0x18                                                                                                                                                        MOVX r1, #-1
.delay_slot
.swstall delay_slot
	  6574    0x00 0x00                                                                        NOPX
.delay_slot
.swstall delay_slot
	  6576    0x00 0x00                                                                        NOPX
.delay_slot
.swstall delay_slot
	  6578    0x00 0x00                                                                        NOPX
.delay_slot
.swstall delay_slot
	  6580    0x00 0x2c 0xf0 0x00 0x20 0x00 0x00 0x00 0x00 0xad 0x81 0x36                      NOPA;                         NOPB;                         NOPS;                         NOPX
.return_address
.no_stack_arguments
	  6592    0x00 0x00 0x00 0x00 0x01 0x04                                                                                                                                              JL #matmul_vectorized_bfp16
.delay_slot
	  6598    0x00 0x00 0x00 0xc0 0x00 0x44                                                                                                                                              MOVXM p0, #A_L2L1_1_5_cons_buff_1
.delay_slot
	  6604    0x00 0x00 0x02 0xc0 0x00 0x44                                                                                                                                              MOVXM p1, #B_L2L1_5_1_cons_buff_1
.delay_slot
	  6610    0x1a 0x6c 0xc0 0xf8                                                                                                                                                                                      MOV p2, p6
.delay_slot
.swstall delay_slot
	  6614    0x00 0x00                                                                        NOPX
.delay_slot
.swstall delay_slot
	  6616    0x00 0x2c 0xf0 0x04 0x00 0x00 0x1c 0x22                                          NOPA;                                                                                                                                                           NOPV
.return_address
.no_stack_arguments
	  6624    0x06 0x00 0x00 0x00 0x00 0x00 0x00 0x00 0x40 0xba                                MOVA r0, #48;                                                                             JL #llvm___aie2p___release
.delay_slot
	  6634    0x10 0x02 0x05 0x18                                                                                                                                                        MOVX r1, #1
.delay_slot
.swstall delay_slot
	  6638    0x00 0x00                                                                        NOPX
.delay_slot
.swstall delay_slot
	  6640    0x00 0x00                                                                        NOPX
.delay_slot
.swstall delay_slot
	  6642    0x00 0x00                                                                        NOPX
.delay_slot
.swstall delay_slot
	  6644    0x00 0x2c 0xf0 0x00 0x20 0x00 0x00 0x00 0x00 0xad 0x81 0x36                      NOPA;                         NOPB;                         NOPS;                         NOPX
.return_address
.no_stack_arguments
	  6656    0x06 0x20 0x00 0x00 0x00 0x00 0x00 0x00 0x40 0xba                                MOVA r0, #49;                                                                             JL #llvm___aie2p___acquire
.delay_slot
	  6666    0x17 0xc2 0xfd 0x18                                                                                                                                                        MOVX r1, #-1
.delay_slot
.swstall delay_slot
	  6670    0x00 0x00                                                                        NOPX
.delay_slot
.swstall delay_slot
	  6672    0x00 0x00                                                                        NOPX
.delay_slot
.swstall delay_slot
	  6674    0x00 0x00                                                                        NOPX
.delay_slot
.swstall delay_slot
	  6676    0x00 0x2c 0xf0 0x00 0x20 0x00 0x00 0x00 0x00 0xad 0x81 0x36                      NOPA;                         NOPB;                         NOPS;                         NOPX
.return_address
.no_stack_arguments
	  6688    0x00 0x00 0x00 0x00 0x01 0x04                                                                                                                                              JL #matmul_vectorized_bfp16
.delay_slot
	  6694    0x00 0x00 0x00 0xc0 0x00 0x44                                                                                                                                              MOVXM p0, #A_L2L1_1_5_cons_buff_0
.delay_slot
	  6700    0x00 0x00 0x02 0xc0 0x00 0x44                                                                                                                                              MOVXM p1, #B_L2L1_5_1_cons_buff_1
.delay_slot
	  6706    0x1a 0x6c 0xc0 0xf8                                                                                                                                                                                      MOV p2, p6
.delay_slot
.swstall delay_slot
	  6710    0x00 0x00                                                                        NOPX
.delay_slot
.swstall delay_slot
	  6712    0x00 0x2c 0xf0 0x04 0x00 0x00 0x1c 0x22                                          NOPA;                                                                                                                                                           NOPV
.return_address
.no_stack_arguments
	  6720    0x06 0x00 0x00 0x00 0x00 0x00 0x00 0x00 0x40 0xba                                MOVA r0, #48;                                                                             JL #llvm___aie2p___release
.delay_slot
	  6730    0x10 0x02 0x05 0x18                                                                                                                                                        MOVX r1, #1
.delay_slot
.swstall delay_slot
	  6734    0x00 0x00                                                                        NOPX
.delay_slot
.swstall delay_slot
	  6736    0x00 0x00                                                                        NOPX
.delay_slot
.swstall delay_slot
	  6738    0x00 0x00                                                                        NOPX
.delay_slot
.swstall delay_slot
	  6740    0x00 0x2c 0xf0 0x00 0x20 0x00 0x00 0x00 0x00 0xad 0x81 0x36                      NOPA;                         NOPB;                         NOPS;                         NOPX
.return_address
.no_stack_arguments
	  6752    0x06 0x20 0x00 0x00 0x00 0x00 0x00 0x00 0x40 0xba                                MOVA r0, #49;                                                                             JL #llvm___aie2p___acquire
.delay_slot
	  6762    0x17 0xc2 0xfd 0x18                                                                                                                                                        MOVX r1, #-1
.delay_slot
.swstall delay_slot
	  6766    0x00 0x00                                                                        NOPX
.delay_slot
.swstall delay_slot
	  6768    0x00 0x00                                                                        NOPX
.delay_slot
.swstall delay_slot
	  6770    0x00 0x00                                                                        NOPX
.delay_slot
.swstall delay_slot
	  6772    0x00 0x2c 0xf0 0x00 0x20 0x00 0x00 0x00 0x00 0xad 0x81 0x36                      NOPA;                         NOPB;                         NOPS;                         NOPX
.return_address
.no_stack_arguments
	  6784    0x00 0x00 0x00 0x00 0x01 0x04                                                                                                                                              JL #matmul_vectorized_bfp16
.delay_slot
	  6790    0x00 0x00 0x00 0xc0 0x00 0x44                                                                                                                                              MOVXM p0, #A_L2L1_1_5_cons_buff_1
.delay_slot
	  6796    0x00 0x00 0x02 0xc0 0x00 0x44                                                                                                                                              MOVXM p1, #B_L2L1_5_1_cons_buff_1
.delay_slot
	  6802    0x1a 0x6c 0xc0 0xf8                                                                                                                                                                                      MOV p2, p6
.delay_slot
.swstall delay_slot
	  6806    0x00 0x00                                                                        NOPX
.delay_slot
.swstall delay_slot
	  6808    0x00 0x2c 0xf0 0x04 0x00 0x00 0x1c 0x22                                          NOPA;                                                                                                                                                           NOPV
.return_address
.no_stack_arguments
	  6816    0x06 0x00 0x00 0x00 0x00 0x00 0x00 0x00 0x40 0xba                                MOVA r0, #48;                                                                             JL #llvm___aie2p___release
.delay_slot
	  6826    0x10 0x02 0x05 0x18                                                                                                                                                        MOVX r1, #1
.delay_slot
.swstall delay_slot
	  6830    0x00 0x00                                                                        NOPX
.delay_slot
.swstall delay_slot
	  6832    0x00 0x00                                                                        NOPX
.delay_slot
.swstall delay_slot
	  6834    0x00 0x00                                                                        NOPX
.delay_slot
.swstall delay_slot
	  6836    0x00 0x2c 0xf0 0x00 0x20 0x00 0x00 0x00 0x00 0xad 0x81 0x36                      NOPA;                         NOPB;                         NOPS;                         NOPX
.return_address
.no_stack_arguments
	  6848    0x06 0x20 0x00 0x00 0x00 0x00 0x00 0x00 0x40 0xba                                MOVA r0, #49;                                                                             JL #llvm___aie2p___acquire
.delay_slot
	  6858    0x17 0xc2 0xfd 0x18                                                                                                                                                        MOVX r1, #-1
.delay_slot
.swstall delay_slot
	  6862    0x00 0x00                                                                        NOPX
.delay_slot
.swstall delay_slot
	  6864    0x00 0x00                                                                        NOPX
.delay_slot
.swstall delay_slot
	  6866    0x00 0x00                                                                        NOPX
.delay_slot
.swstall delay_slot
	  6868    0x00 0x2c 0xf0 0x00 0x20 0x00 0x00 0x00 0x00 0xad 0x81 0x36                      NOPA;                         NOPB;                         NOPS;                         NOPX
.return_address
.no_stack_arguments
	  6880    0x00 0x00 0x00 0x00 0x01 0x04                                                                                                                                              JL #matmul_vectorized_bfp16
.delay_slot
	  6886    0x00 0x00 0x00 0xc0 0x00 0x44                                                                                                                                              MOVXM p0, #A_L2L1_1_5_cons_buff_0
.delay_slot
	  6892    0x00 0x00 0x02 0xc0 0x00 0x44                                                                                                                                              MOVXM p1, #B_L2L1_5_1_cons_buff_1
.delay_slot
	  6898    0x1a 0x6c 0xc0 0xf8                                                                                                                                                                                      MOV p2, p6
.delay_slot
.swstall delay_slot
	  6902    0x00 0x00                                                                        NOPX
.delay_slot
.swstall delay_slot
	  6904    0x00 0x2c 0xf0 0x04 0x00 0x00 0x1c 0x22                                          NOPA;                                                                                                                                                           NOPV
.return_address
.no_stack_arguments
	  6912    0x06 0x00 0x00 0x00 0x00 0x00 0x00 0x00 0x40 0xba                                MOVA r0, #48;                                                                             JL #llvm___aie2p___release
.delay_slot
	  6922    0x10 0x02 0x05 0x18                                                                                                                                                        MOVX r1, #1
.delay_slot
.swstall delay_slot
	  6926    0x00 0x00                                                                        NOPX
.delay_slot
.swstall delay_slot
	  6928    0x00 0x00                                                                        NOPX
.delay_slot
.swstall delay_slot
	  6930    0x00 0x00                                                                        NOPX
.delay_slot
.swstall delay_slot
	  6932    0x00 0x2c 0xf0 0x00 0x20 0x00 0x00 0x00 0x00 0xad 0x81 0x36                      NOPA;                         NOPB;                         NOPS;                         NOPX
.return_address
.no_stack_arguments
	  6944    0x00 0x00 0x00 0x00 0x01 0x04                                                                                                                                              JL #llvm___aie2p___acquire
.delay_slot
	  6950    0x06 0x20 0x00 0x00 0x00 0x07 0x33 0x50 0x10 0xba                                MOVA r0, #49;                                                                             MOVXM p6, #(TGT_Fcore_5_3_5792 + 0)
.delay_slot
	  6960    0x17 0xc2 0xfd 0x18                                                                                                                                                        MOVX r1, #-1
.delay_slot
.swstall delay_slot
	  6964    0x00 0x00                                                                        NOPX
.delay_slot
.swstall delay_slot
	  6966    0x00 0x00                                                                        NOPX
.delay_slot
.swstall delay_slot
	  6968    0x00 0x2c 0xf0 0x04 0x00 0x00 0x1c 0x22                                          NOPA;                                                                                                                                                           NOPV
.return_address
.no_stack_arguments
	  6976    0x00 0x00 0x00 0x00 0x01 0x04                                                                                                                                              JL #matmul_vectorized_bfp16
.delay_slot
	  6982    0x00 0x00 0x00 0xc0 0x00 0x44                                                                                                                                              MOVXM p0, #A_L2L1_1_5_cons_buff_1
.delay_slot
	  6988    0x00 0x00 0x02 0xc0 0x00 0x44                                                                                                                                              MOVXM p1, #B_L2L1_5_1_cons_buff_1
.delay_slot
	  6994    0x1a 0x6e 0xc0 0xf8                                                                                                                                                                                      MOV p2, p7
.delay_slot
.swstall delay_slot
	  6998    0x00 0x00                                                                        NOPX
.delay_slot
.swstall delay_slot
	  7000    0x00 0x2c 0xf0 0x04 0x00 0x00 0x1c 0x22                                          NOPA;                                                                                                                                                           NOPV
.return_address
.no_stack_arguments
	  7008    0x06 0x00 0x00 0x00 0x00 0x00 0x00 0x00 0x40 0xba                                MOVA r0, #48;                                                                             JL #llvm___aie2p___release
.delay_slot
	  7018    0x10 0x02 0x05 0x18                                                                                                                                                        MOVX r1, #1
.delay_slot
.swstall delay_slot
	  7022    0x00 0x00                                                                        NOPX
.delay_slot
.swstall delay_slot
	  7024    0x00 0x00                                                                        NOPX
.delay_slot
.swstall delay_slot
	  7026    0x00 0x00                                                                        NOPX
.delay_slot
.swstall delay_slot
	  7028    0x00 0x2c 0xf0 0x00 0x20 0x00 0x00 0x00 0x00 0xad 0x81 0x36                      NOPA;                         NOPB;                         NOPS;                         NOPX
.return_address
.no_stack_arguments
	  7040    0x06 0x40 0x00 0x00 0x00 0x00 0x00 0x00 0x40 0xba                                MOVA r0, #50;                                                                             JL #llvm___aie2p___release
.delay_slot
	  7050    0x10 0x02 0x05 0x18                                                                                                                                                        MOVX r1, #1
.delay_slot
.swstall delay_slot
	  7054    0x00 0x00                                                                        NOPX
.delay_slot
.swstall delay_slot
	  7056    0x00 0x00                                                                        NOPX
.delay_slot
.swstall delay_slot
	  7058    0x00 0x00                                                                        NOPX
.delay_slot
.swstall delay_slot
	  7060    0x00 0x2c 0xf0 0x00 0x20 0x00 0x00 0x00 0x00 0xad 0x81 0x36                      NOPA;                         NOPB;                         NOPS;                         NOPX
.return_address
	  7072    0x13 0x19 0xa0 0x18                                                                                                                                                        JNZD r12, r12, p6
.delay_slot
.swstall delay_slot
	  7076    0x00 0x00                                                                        NOPX
.delay_slot
.swstall delay_slot
	  7078    0x00 0x00                                                                        NOPX
.delay_slot
.swstall delay_slot
	  7080    0x00 0x00                                                                        NOPX
.delay_slot
.swstall delay_slot
	  7082    0x00 0x00                                                                        NOPX
.delay_slot
.swstall delay_slot
	  7084    0x00 0x00                                                                        NOPX
.loop_nesting 1
.no_stack_arguments
	  7086    0x06 0xa0 0x00 0x00 0x00 0x00 0x00 0x00 0x40 0xba                                MOVA r0, #53;                                                                             JL #llvm___aie2p___release
.delay_slot
	  7096    0x10 0x02 0x05 0x18                                                                                                                                                        MOVX r1, #1
.delay_slot
.swstall delay_slot
	  7100    0x00 0x00                                                                        NOPX
.delay_slot
.swstall delay_slot
	  7102    0x00 0x00                                                                        NOPX
.delay_slot
.swstall delay_slot
	  7104    0x00 0x00                                                                        NOPX
.delay_slot
.swstall delay_slot
	  7106    0x00 0x2c 0xf0 0x02 0xb6 0x00 0x00 0x40 0x1a 0x57 0x00 0x00 0x1c 0x2e            NOPA;                                                       NOPS;                                                       NOPM;                                   NOPV
.return_address
.no_stack_arguments
	  7120    0x06 0x80 0x00 0x00 0x00 0x00 0x00 0x00 0x40 0xba                                MOVA r0, #52;                                                                             JL #llvm___aie2p___acquire
.delay_slot
	  7130    0x17 0xc2 0xfd 0x18                                                                                                                                                        MOVX r1, #-1
.delay_slot
.swstall delay_slot
	  7134    0x00 0x00                                                                        NOPX
.delay_slot
.swstall delay_slot
	  7136    0x00 0x00                                                                        NOPX
.delay_slot
.swstall delay_slot
	  7138    0x00 0x00                                                                        NOPX
.delay_slot
.swstall delay_slot
	  7140    0x00 0x2c 0xf0 0x00 0x20 0x00 0x00 0x00 0x00 0xad 0x81 0x36                      NOPA;                         NOPB;                         NOPS;                         NOPX
.return_address
.no_stack_arguments
	  7152    0x00 0x00 0x00 0x00 0x01 0x04                                                                                                                                              JL #zero_kernel
.delay_slot
	  7158    0x00 0x00 0x0c 0xc0 0x00 0x44                                                                                                                                              MOVXM p6, #C_L1L2_5_1_buff_0
.delay_slot
	  7164    0x18 0x6e 0xc0 0xf8                                                                                                                                                                                      MOV p0, p7
.delay_slot
.swstall delay_slot
	  7168    0x00 0x00                                                                        NOPX
.delay_slot
.swstall delay_slot
	  7170    0x00 0x00                                                                        NOPX
.delay_slot
.swstall delay_slot
	  7172    0x00 0x2c 0xf0 0x00 0x20 0x00 0x00 0x00 0x00 0xad 0x81 0x36                      NOPA;                         NOPB;                         NOPS;                         NOPX
.return_address
	  7184    0x00 0x2c 0xf0 0x00 0x20 0x01 0x5b 0x00 0xc1 0x28 0x01 0xa5 0x78 0x00 0x00 0xe1  NOPA;                         NOPB;                         NOPS;                         MOVX r12, #9;                 NOPM;                                   NOPV
.label TGT_Fcore_5_3_7200
.loop_nesting 2
.no_stack_arguments
	  7200    0x06 0x60 0x00 0x00 0x00 0x00 0x00 0x00 0x40 0xba                                MOVA r0, #51;                                                                             JL #llvm___aie2p___acquire
.delay_slot
	  7210    0x17 0xc2 0xfd 0x18                                                                                                                                                        MOVX r1, #-1
.delay_slot
.swstall delay_slot
	  7214    0x00 0x00                                                                        NOPX
.delay_slot
.swstall delay_slot
	  7216    0x00 0x00                                                                        NOPX
.delay_slot
.swstall delay_slot
	  7218    0x00 0x00                                                                        NOPX
.delay_slot
.swstall delay_slot
	  7220    0x00 0x2c 0xf0 0x00 0x20 0x00 0x00 0x00 0x00 0xad 0x81 0x36                      NOPA;                         NOPB;                         NOPS;                         NOPX
.return_address
.no_stack_arguments
	  7232    0x06 0x20 0x00 0x00 0x00 0x00 0x00 0x00 0x40 0xba                                MOVA r0, #49;                                                                             JL #llvm___aie2p___acquire
.delay_slot
	  7242    0x17 0xc2 0xfd 0x18                                                                                                                                                        MOVX r1, #-1
.delay_slot
.swstall delay_slot
	  7246    0x00 0x00                                                                        NOPX
.delay_slot
.swstall delay_slot
	  7248    0x00 0x00                                                                        NOPX
.delay_slot
.swstall delay_slot
	  7250    0x00 0x00                                                                        NOPX
.delay_slot
.swstall delay_slot
	  7252    0x00 0x2c 0xf0 0x00 0x20 0x00 0x00 0x00 0x00 0xad 0x81 0x36                      NOPA;                         NOPB;                         NOPS;                         NOPX
.return_address
.no_stack_arguments
	  7264    0x00 0x00 0x00 0x00 0x01 0x04                                                                                                                                              JL #matmul_vectorized_bfp16
.delay_slot
	  7270    0x00 0x00 0x00 0xc0 0x00 0x44                                                                                                                                              MOVXM p0, #A_L2L1_1_5_cons_buff_0
.delay_slot
	  7276    0x00 0x00 0x02 0xc0 0x00 0x44                                                                                                                                              MOVXM p1, #B_L2L1_5_1_cons_buff_0
.delay_slot
	  7282    0xd0 0x91 0x60 0x01 0x36 0x60 0x70 0x02                                                                                                      MOVS p6, p1;                                                MOV p2, p6
.delay_slot
	  7290    0x1f 0x64 0xc0 0xf8                                                                                                                                                                                      MOV p7, p2
.delay_slot
.swstall delay_slot
	  7294    0x00 0x00                                                                        NOPX
.return_address
.no_stack_arguments
	  7296    0x06 0x00 0x00 0x00 0x00 0x00 0x00 0x00 0x40 0xba                                MOVA r0, #48;                                                                             JL #llvm___aie2p___release
.delay_slot
	  7306    0x10 0x02 0x05 0x18                                                                                                                                                        MOVX r1, #1
.delay_slot
.swstall delay_slot
	  7310    0x00 0x00                                                                        NOPX
.delay_slot
.swstall delay_slot
	  7312    0x00 0x00                                                                        NOPX
.delay_slot
.swstall delay_slot
	  7314    0x00 0x00                                                                        NOPX
.delay_slot
.swstall delay_slot
	  7316    0x00 0x2c 0xf0 0x00 0x20 0x00 0x00 0x00 0x00 0xad 0x81 0x36                      NOPA;                         NOPB;                         NOPS;                         NOPX
.return_address
.no_stack_arguments
	  7328    0x06 0x20 0x00 0x00 0x00 0x00 0x00 0x00 0x40 0xba                                MOVA r0, #49;                                                                             JL #llvm___aie2p___acquire
.delay_slot
	  7338    0x17 0xc2 0xfd 0x18                                                                                                                                                        MOVX r1, #-1
.delay_slot
.swstall delay_slot
	  7342    0x00 0x00                                                                        NOPX
.delay_slot
.swstall delay_slot
	  7344    0x00 0x00                                                                        NOPX
.delay_slot
.swstall delay_slot
	  7346    0x00 0x00                                                                        NOPX
.delay_slot
.swstall delay_slot
	  7348    0x00 0x2c 0xf0 0x00 0x20 0x00 0x00 0x00 0x00 0xad 0x81 0x36                      NOPA;                         NOPB;                         NOPS;                         NOPX
.return_address
.no_stack_arguments
	  7360    0x33 0x11 0x60 0x00 0x00 0x00 0x00 0x00 0x41 0x3a                                                                                            MOVS p1, p6;                  JL #matmul_vectorized_bfp16
.delay_slot
	  7370    0x1a 0x6e 0xc0 0xf8                                                                                                                                                                                      MOV p2, p7
.delay_slot
	  7374    0x00 0x00 0x00 0xc0 0x00 0x44                                                                                                                                              MOVXM p0, #A_L2L1_1_5_cons_buff_1
.delay_slot
.swstall delay_slot
	  7380    0x00 0x00                                                                        NOPX
.delay_slot
.swstall delay_slot
	  7382    0x00 0x00                                                                        NOPX
.delay_slot
.swstall delay_slot
	  7384    0x00 0x2c 0xf0 0x04 0x00 0x00 0x1c 0x22                                          NOPA;                                                                                                                                                           NOPV
.return_address
.no_stack_arguments
	  7392    0x06 0x00 0x00 0x00 0x00 0x00 0x00 0x00 0x40 0xba                                MOVA r0, #48;                                                                             JL #llvm___aie2p___release
.delay_slot
	  7402    0x10 0x02 0x05 0x18                                                                                                                                                        MOVX r1, #1
.delay_slot
.swstall delay_slot
	  7406    0x00 0x00                                                                        NOPX
.delay_slot
.swstall delay_slot
	  7408    0x00 0x00                                                                        NOPX
.delay_slot
.swstall delay_slot
	  7410    0x00 0x00                                                                        NOPX
.delay_slot
.swstall delay_slot
	  7412    0x00 0x2c 0xf0 0x00 0x20 0x00 0x00 0x00 0x00 0xad 0x81 0x36                      NOPA;                         NOPB;                         NOPS;                         NOPX
.return_address
.no_stack_arguments
	  7424    0x06 0x20 0x00 0x00 0x00 0x00 0x00 0x00 0x40 0xba                                MOVA r0, #49;                                                                             JL #llvm___aie2p___acquire
.delay_slot
	  7434    0x17 0xc2 0xfd 0x18                                                                                                                                                        MOVX r1, #-1
.delay_slot
.swstall delay_slot
	  7438    0x00 0x00                                                                        NOPX
.delay_slot
.swstall delay_slot
	  7440    0x00 0x00                                                                        NOPX
.delay_slot
.swstall delay_slot
	  7442    0x00 0x00                                                                        NOPX
.delay_slot
.swstall delay_slot
	  7444    0x00 0x2c 0xf0 0x00 0x20 0x00 0x00 0x00 0x00 0xad 0x81 0x36                      NOPA;                         NOPB;                         NOPS;                         NOPX
.return_address
.no_stack_arguments
	  7456    0x33 0x11 0x60 0x00 0x00 0x00 0x00 0x00 0x41 0x3a                                                                                            MOVS p1, p6;                  JL #matmul_vectorized_bfp16
.delay_slot
	  7466    0x1a 0x6e 0xc0 0xf8                                                                                                                                                                                      MOV p2, p7
.delay_slot
	  7470    0x00 0x00 0x00 0xc0 0x00 0x44                                                                                                                                              MOVXM p0, #A_L2L1_1_5_cons_buff_0
.delay_slot
.swstall delay_slot
	  7476    0x00 0x00                                                                        NOPX
.delay_slot
.swstall delay_slot
	  7478    0x00 0x00                                                                        NOPX
.delay_slot
.swstall delay_slot
	  7480    0x00 0x2c 0xf0 0x04 0x00 0x00 0x1c 0x22                                          NOPA;                                                                                                                                                           NOPV
.return_address
.no_stack_arguments
	  7488    0x06 0x00 0x00 0x00 0x00 0x00 0x00 0x00 0x40 0xba                                MOVA r0, #48;                                                                             JL #llvm___aie2p___release
.delay_slot
	  7498    0x10 0x02 0x05 0x18                                                                                                                                                        MOVX r1, #1
.delay_slot
.swstall delay_slot
	  7502    0x00 0x00                                                                        NOPX
.delay_slot
.swstall delay_slot
	  7504    0x00 0x00                                                                        NOPX
.delay_slot
.swstall delay_slot
	  7506    0x00 0x00                                                                        NOPX
.delay_slot
.swstall delay_slot
	  7508    0x00 0x2c 0xf0 0x00 0x20 0x00 0x00 0x00 0x00 0xad 0x81 0x36                      NOPA;                         NOPB;                         NOPS;                         NOPX
.return_address
.no_stack_arguments
	  7520    0x06 0x20 0x00 0x00 0x00 0x00 0x00 0x00 0x40 0xba                                MOVA r0, #49;                                                                             JL #llvm___aie2p___acquire
.delay_slot
	  7530    0x17 0xc2 0xfd 0x18                                                                                                                                                        MOVX r1, #-1
.delay_slot
.swstall delay_slot
	  7534    0x00 0x00                                                                        NOPX
.delay_slot
.swstall delay_slot
	  7536    0x00 0x00                                                                        NOPX
.delay_slot
.swstall delay_slot
	  7538    0x00 0x00                                                                        NOPX
.delay_slot
.swstall delay_slot
	  7540    0x00 0x2c 0xf0 0x00 0x20 0x00 0x00 0x00 0x00 0xad 0x81 0x36                      NOPA;                         NOPB;                         NOPS;                         NOPX
.return_address
.no_stack_arguments
	  7552    0x33 0x11 0x60 0x00 0x00 0x00 0x00 0x00 0x41 0x3a                                                                                            MOVS p1, p6;                  JL #matmul_vectorized_bfp16
.delay_slot
	  7562    0x1a 0x6e 0xc0 0xf8                                                                                                                                                                                      MOV p2, p7
.delay_slot
	  7566    0x00 0x00 0x00 0xc0 0x00 0x44                                                                                                                                              MOVXM p0, #A_L2L1_1_5_cons_buff_1
.delay_slot
.swstall delay_slot
	  7572    0x00 0x00                                                                        NOPX
.delay_slot
.swstall delay_slot
	  7574    0x00 0x00                                                                        NOPX
.delay_slot
.swstall delay_slot
	  7576    0x00 0x2c 0xf0 0x04 0x00 0x00 0x1c 0x22                                          NOPA;                                                                                                                                                           NOPV
.return_address
.no_stack_arguments
	  7584    0x06 0x00 0x00 0x00 0x00 0x00 0x00 0x00 0x40 0xba                                MOVA r0, #48;                                                                             JL #llvm___aie2p___release
.delay_slot
	  7594    0x10 0x02 0x05 0x18                                                                                                                                                        MOVX r1, #1
.delay_slot
.swstall delay_slot
	  7598    0x00 0x00                                                                        NOPX
.delay_slot
.swstall delay_slot
	  7600    0x00 0x00                                                                        NOPX
.delay_slot
.swstall delay_slot
	  7602    0x00 0x00                                                                        NOPX
.delay_slot
.swstall delay_slot
	  7604    0x00 0x2c 0xf0 0x00 0x20 0x00 0x00 0x00 0x00 0xad 0x81 0x36                      NOPA;                         NOPB;                         NOPS;                         NOPX
.return_address
.no_stack_arguments
	  7616    0x06 0x20 0x00 0x00 0x00 0x00 0x00 0x00 0x40 0xba                                MOVA r0, #49;                                                                             JL #llvm___aie2p___acquire
.delay_slot
	  7626    0x17 0xc2 0xfd 0x18                                                                                                                                                        MOVX r1, #-1
.delay_slot
.swstall delay_slot
	  7630    0x00 0x00                                                                        NOPX
.delay_slot
.swstall delay_slot
	  7632    0x00 0x00                                                                        NOPX
.delay_slot
.swstall delay_slot
	  7634    0x00 0x00                                                                        NOPX
.delay_slot
.swstall delay_slot
	  7636    0x00 0x2c 0xf0 0x00 0x20 0x00 0x00 0x00 0x00 0xad 0x81 0x36                      NOPA;                         NOPB;                         NOPS;                         NOPX
.return_address
.no_stack_arguments
	  7648    0x33 0x11 0x60 0x00 0x00 0x00 0x00 0x00 0x41 0x3a                                                                                            MOVS p1, p6;                  JL #matmul_vectorized_bfp16
.delay_slot
	  7658    0x1a 0x6e 0xc0 0xf8                                                                                                                                                                                      MOV p2, p7
.delay_slot
	  7662    0x00 0x00 0x00 0xc0 0x00 0x44                                                                                                                                              MOVXM p0, #A_L2L1_1_5_cons_buff_0
.delay_slot
.swstall delay_slot
	  7668    0x00 0x00                                                                        NOPX
.delay_slot
.swstall delay_slot
	  7670    0x00 0x00                                                                        NOPX
.delay_slot
.swstall delay_slot
	  7672    0x00 0x2c 0xf0 0x04 0x00 0x00 0x1c 0x22                                          NOPA;                                                                                                                                                           NOPV
.return_address
.no_stack_arguments
	  7680    0x06 0x00 0x00 0x00 0x00 0x00 0x00 0x00 0x40 0xba                                MOVA r0, #48;                                                                             JL #llvm___aie2p___release
.delay_slot
	  7690    0x10 0x02 0x05 0x18                                                                                                                                                        MOVX r1, #1
.delay_slot
.swstall delay_slot
	  7694    0x00 0x00                                                                        NOPX
.delay_slot
.swstall delay_slot
	  7696    0x00 0x00                                                                        NOPX
.delay_slot
.swstall delay_slot
	  7698    0x00 0x00                                                                        NOPX
.delay_slot
.swstall delay_slot
	  7700    0x00 0x2c 0xf0 0x00 0x20 0x00 0x00 0x00 0x00 0xad 0x81 0x36                      NOPA;                         NOPB;                         NOPS;                         NOPX
.return_address
.no_stack_arguments
	  7712    0x06 0x20 0x00 0x00 0x00 0x00 0x00 0x00 0x40 0xba                                MOVA r0, #49;                                                                             JL #llvm___aie2p___acquire
.delay_slot
	  7722    0x17 0xc2 0xfd 0x18                                                                                                                                                        MOVX r1, #-1
.delay_slot
.swstall delay_slot
	  7726    0x00 0x00                                                                        NOPX
.delay_slot
.swstall delay_slot
	  7728    0x00 0x00                                                                        NOPX
.delay_slot
.swstall delay_slot
	  7730    0x00 0x00                                                                        NOPX
.delay_slot
.swstall delay_slot
	  7732    0x00 0x2c 0xf0 0x00 0x20 0x00 0x00 0x00 0x00 0xad 0x81 0x36                      NOPA;                         NOPB;                         NOPS;                         NOPX
.return_address
.no_stack_arguments
	  7744    0x53 0x91 0x60 0x00 0x00 0x00 0x00 0x00 0x41 0x3a                                                                                            MOVS p2, p7;                  JL #matmul_vectorized_bfp16
.delay_slot
	  7754    0x33 0x11 0x60 0x00 0x00 0x00 0x30 0x00 0x11 0x3a                                                                                            MOVS p1, p6;                  MOVXM p0, #A_L2L1_1_5_cons_buff_1
.delay_slot
	  7764    0x1e 0x64 0xc0 0xf8                                                                                                                                                                                      MOV p6, p2
.delay_slot
.swstall delay_slot
	  7768    0x00 0x00                                                                        NOPX
.delay_slot
.swstall delay_slot
	  7770    0x00 0x00                                                                        NOPX
.delay_slot
.swstall delay_slot
	  7772    0x00 0x01 0x67 0x98                                                              NOPA
.return_address
.no_stack_arguments
	  7776    0x06 0x00 0x00 0x00 0x00 0x00 0x00 0x00 0x40 0xba                                MOVA r0, #48;                                                                             JL #llvm___aie2p___release
.delay_slot
	  7786    0x10 0x02 0x05 0x18                                                                                                                                                        MOVX r1, #1
.delay_slot
.swstall delay_slot
	  7790    0x00 0x00                                                                        NOPX
.delay_slot
.swstall delay_slot
	  7792    0x00 0x00                                                                        NOPX
.delay_slot
.swstall delay_slot
	  7794    0x00 0x00                                                                        NOPX
.delay_slot
.swstall delay_slot
	  7796    0x00 0x2c 0xf0 0x00 0x20 0x00 0x00 0x00 0x00 0xad 0x81 0x36                      NOPA;                         NOPB;                         NOPS;                         NOPX
.return_address
.no_stack_arguments
	  7808    0x06 0x40 0x00 0x00 0x00 0x00 0x00 0x00 0x40 0xba                                MOVA r0, #50;                                                                             JL #llvm___aie2p___release
.delay_slot
	  7818    0x10 0x02 0x05 0x18                                                                                                                                                        MOVX r1, #1
.delay_slot
.swstall delay_slot
	  7822    0x00 0x00                                                                        NOPX
.delay_slot
.swstall delay_slot
	  7824    0x00 0x00                                                                        NOPX
.delay_slot
.swstall delay_slot
	  7826    0x00 0x00                                                                        NOPX
.delay_slot
.swstall delay_slot
	  7828    0x00 0x2c 0xf0 0x00 0x20 0x00 0x00 0x00 0x00 0xad 0x81 0x36                      NOPA;                         NOPB;                         NOPS;                         NOPX
.return_address
.no_stack_arguments
	  7840    0x06 0x60 0x00 0x00 0x00 0x00 0x00 0x00 0x40 0xba                                MOVA r0, #51;                                                                             JL #llvm___aie2p___acquire
.delay_slot
	  7850    0x17 0xc2 0xfd 0x18                                                                                                                                                        MOVX r1, #-1
.delay_slot
.swstall delay_slot
	  7854    0x00 0x00                                                                        NOPX
.delay_slot
.swstall delay_slot
	  7856    0x00 0x00                                                                        NOPX
.delay_slot
.swstall delay_slot
	  7858    0x00 0x00                                                                        NOPX
.delay_slot
.swstall delay_slot
	  7860    0x00 0x2c 0xf0 0x00 0x20 0x00 0x00 0x00 0x00 0xad 0x81 0x36                      NOPA;                         NOPB;                         NOPS;                         NOPX
.return_address
.no_stack_arguments
	  7872    0x06 0x20 0x00 0x00 0x00 0x00 0x00 0x00 0x40 0xba                                MOVA r0, #49;                                                                             JL #llvm___aie2p___acquire
.delay_slot
	  7882    0x17 0xc2 0xfd 0x18                                                                                                                                                        MOVX r1, #-1
.delay_slot
.swstall delay_slot
	  7886    0x00 0x00                                                                        NOPX
.delay_slot
.swstall delay_slot
	  7888    0x00 0x00                                                                        NOPX
.delay_slot
.swstall delay_slot
	  7890    0x00 0x00                                                                        NOPX
.delay_slot
.swstall delay_slot
	  7892    0x00 0x2c 0xf0 0x00 0x20 0x00 0x00 0x00 0x00 0xad 0x81 0x36                      NOPA;                         NOPB;                         NOPS;                         NOPX
.return_address
.no_stack_arguments
	  7904    0x00 0x00 0x00 0x00 0x01 0x04                                                                                                                                              JL #matmul_vectorized_bfp16
.delay_slot
	  7910    0x00 0x00 0x00 0xc0 0x00 0x44                                                                                                                                              MOVXM p0, #A_L2L1_1_5_cons_buff_0
.delay_slot
	  7916    0x00 0x00 0x02 0xc0 0x00 0x44                                                                                                                                              MOVXM p1, #B_L2L1_5_1_cons_buff_1
.delay_slot
	  7922    0x1a 0x6c 0xc0 0xf8                                                                                                                                                                                      MOV p2, p6
.delay_slot
.swstall delay_slot
	  7926    0x00 0x00                                                                        NOPX
.delay_slot
.swstall delay_slot
	  7928    0x00 0x2c 0xf0 0x04 0x00 0x00 0x1c 0x22                                          NOPA;                                                                                                                                                           NOPV
.return_address
.no_stack_arguments
	  7936    0x06 0x00 0x00 0x00 0x00 0x00 0x00 0x00 0x40 0xba                                MOVA r0, #48;                                                                             JL #llvm___aie2p___release
.delay_slot
	  7946    0x10 0x02 0x05 0x18                                                                                                                                                        MOVX r1, #1
.delay_slot
.swstall delay_slot
	  7950    0x00 0x00                                                                        NOPX
.delay_slot
.swstall delay_slot
	  7952    0x00 0x00                                                                        NOPX
.delay_slot
.swstall delay_slot
	  7954    0x00 0x00                                                                        NOPX
.delay_slot
.swstall delay_slot
	  7956    0x00 0x2c 0xf0 0x00 0x20 0x00 0x00 0x00 0x00 0xad 0x81 0x36                      NOPA;                         NOPB;                         NOPS;                         NOPX
.return_address
.no_stack_arguments
	  7968    0x06 0x20 0x00 0x00 0x00 0x00 0x00 0x00 0x40 0xba                                MOVA r0, #49;                                                                             JL #llvm___aie2p___acquire
.delay_slot
	  7978    0x17 0xc2 0xfd 0x18                                                                                                                                                        MOVX r1, #-1
.delay_slot
.swstall delay_slot
	  7982    0x00 0x00                                                                        NOPX
.delay_slot
.swstall delay_slot
	  7984    0x00 0x00                                                                        NOPX
.delay_slot
.swstall delay_slot
	  7986    0x00 0x00                                                                        NOPX
.delay_slot
.swstall delay_slot
	  7988    0x00 0x2c 0xf0 0x00 0x20 0x00 0x00 0x00 0x00 0xad 0x81 0x36                      NOPA;                         NOPB;                         NOPS;                         NOPX
.return_address
.no_stack_arguments
	  8000    0x00 0x00 0x00 0x00 0x01 0x04                                                                                                                                              JL #matmul_vectorized_bfp16
.delay_slot
	  8006    0x00 0x00 0x00 0xc0 0x00 0x44                                                                                                                                              MOVXM p0, #A_L2L1_1_5_cons_buff_1
.delay_slot
	  8012    0x00 0x00 0x02 0xc0 0x00 0x44                                                                                                                                              MOVXM p1, #B_L2L1_5_1_cons_buff_1
.delay_slot
	  8018    0x1a 0x6c 0xc0 0xf8                                                                                                                                                                                      MOV p2, p6
.delay_slot
.swstall delay_slot
	  8022    0x00 0x00                                                                        NOPX
.delay_slot
.swstall delay_slot
	  8024    0x00 0x2c 0xf0 0x04 0x00 0x00 0x1c 0x22                                          NOPA;                                                                                                                                                           NOPV
.return_address
.no_stack_arguments
	  8032    0x06 0x00 0x00 0x00 0x00 0x00 0x00 0x00 0x40 0xba                                MOVA r0, #48;                                                                             JL #llvm___aie2p___release
.delay_slot
	  8042    0x10 0x02 0x05 0x18                                                                                                                                                        MOVX r1, #1
.delay_slot
.swstall delay_slot
	  8046    0x00 0x00                                                                        NOPX
.delay_slot
.swstall delay_slot
	  8048    0x00 0x00                                                                        NOPX
.delay_slot
.swstall delay_slot
	  8050    0x00 0x00                                                                        NOPX
.delay_slot
.swstall delay_slot
	  8052    0x00 0x2c 0xf0 0x00 0x20 0x00 0x00 0x00 0x00 0xad 0x81 0x36                      NOPA;                         NOPB;                         NOPS;                         NOPX
.return_address
.no_stack_arguments
	  8064    0x06 0x20 0x00 0x00 0x00 0x00 0x00 0x00 0x40 0xba                                MOVA r0, #49;                                                                             JL #llvm___aie2p___acquire
.delay_slot
	  8074    0x17 0xc2 0xfd 0x18                                                                                                                                                        MOVX r1, #-1
.delay_slot
.swstall delay_slot
	  8078    0x00 0x00                                                                        NOPX
.delay_slot
.swstall delay_slot
	  8080    0x00 0x00                                                                        NOPX
.delay_slot
.swstall delay_slot
	  8082    0x00 0x00                                                                        NOPX
.delay_slot
.swstall delay_slot
	  8084    0x00 0x2c 0xf0 0x00 0x20 0x00 0x00 0x00 0x00 0xad 0x81 0x36                      NOPA;                         NOPB;                         NOPS;                         NOPX
.return_address
.no_stack_arguments
	  8096    0x00 0x00 0x00 0x00 0x01 0x04                                                                                                                                              JL #matmul_vectorized_bfp16
.delay_slot
	  8102    0x00 0x00 0x00 0xc0 0x00 0x44                                                                                                                                              MOVXM p0, #A_L2L1_1_5_cons_buff_0
.delay_slot
	  8108    0x00 0x00 0x02 0xc0 0x00 0x44                                                                                                                                              MOVXM p1, #B_L2L1_5_1_cons_buff_1
.delay_slot
	  8114    0x1a 0x6c 0xc0 0xf8                                                                                                                                                                                      MOV p2, p6
.delay_slot
.swstall delay_slot
	  8118    0x00 0x00                                                                        NOPX
.delay_slot
.swstall delay_slot
	  8120    0x00 0x2c 0xf0 0x04 0x00 0x00 0x1c 0x22                                          NOPA;                                                                                                                                                           NOPV
.return_address
.no_stack_arguments
	  8128    0x06 0x00 0x00 0x00 0x00 0x00 0x00 0x00 0x40 0xba                                MOVA r0, #48;                                                                             JL #llvm___aie2p___release
.delay_slot
	  8138    0x10 0x02 0x05 0x18                                                                                                                                                        MOVX r1, #1
.delay_slot
.swstall delay_slot
	  8142    0x00 0x00                                                                        NOPX
.delay_slot
.swstall delay_slot
	  8144    0x00 0x00                                                                        NOPX
.delay_slot
.swstall delay_slot
	  8146    0x00 0x00                                                                        NOPX
.delay_slot
.swstall delay_slot
	  8148    0x00 0x2c 0xf0 0x00 0x20 0x00 0x00 0x00 0x00 0xad 0x81 0x36                      NOPA;                         NOPB;                         NOPS;                         NOPX
.return_address
.no_stack_arguments
	  8160    0x06 0x20 0x00 0x00 0x00 0x00 0x00 0x00 0x40 0xba                                MOVA r0, #49;                                                                             JL #llvm___aie2p___acquire
.delay_slot
	  8170    0x17 0xc2 0xfd 0x18                                                                                                                                                        MOVX r1, #-1
.delay_slot
.swstall delay_slot
	  8174    0x00 0x00                                                                        NOPX
.delay_slot
.swstall delay_slot
	  8176    0x00 0x00                                                                        NOPX
.delay_slot
.swstall delay_slot
	  8178    0x00 0x00                                                                        NOPX
.delay_slot
.swstall delay_slot
	  8180    0x00 0x2c 0xf0 0x00 0x20 0x00 0x00 0x00 0x00 0xad 0x81 0x36                      NOPA;                         NOPB;                         NOPS;                         NOPX
.return_address
.no_stack_arguments
	  8192    0x00 0x00 0x00 0x00 0x01 0x04                                                                                                                                              JL #matmul_vectorized_bfp16
.delay_slot
	  8198    0x00 0x00 0x00 0xc0 0x00 0x44                                                                                                                                              MOVXM p0, #A_L2L1_1_5_cons_buff_1
.delay_slot
	  8204    0x00 0x00 0x02 0xc0 0x00 0x44                                                                                                                                              MOVXM p1, #B_L2L1_5_1_cons_buff_1
.delay_slot
	  8210    0x1a 0x6c 0xc0 0xf8                                                                                                                                                                                      MOV p2, p6
.delay_slot
.swstall delay_slot
	  8214    0x00 0x00                                                                        NOPX
.delay_slot
.swstall delay_slot
	  8216    0x00 0x2c 0xf0 0x04 0x00 0x00 0x1c 0x22                                          NOPA;                                                                                                                                                           NOPV
.return_address
.no_stack_arguments
	  8224    0x06 0x00 0x00 0x00 0x00 0x00 0x00 0x00 0x40 0xba                                MOVA r0, #48;                                                                             JL #llvm___aie2p___release
.delay_slot
	  8234    0x10 0x02 0x05 0x18                                                                                                                                                        MOVX r1, #1
.delay_slot
.swstall delay_slot
	  8238    0x00 0x00                                                                        NOPX
.delay_slot
.swstall delay_slot
	  8240    0x00 0x00                                                                        NOPX
.delay_slot
.swstall delay_slot
	  8242    0x00 0x00                                                                        NOPX
.delay_slot
.swstall delay_slot
	  8244    0x00 0x2c 0xf0 0x00 0x20 0x00 0x00 0x00 0x00 0xad 0x81 0x36                      NOPA;                         NOPB;                         NOPS;                         NOPX
.return_address
.no_stack_arguments
	  8256    0x06 0x20 0x00 0x00 0x00 0x00 0x00 0x00 0x40 0xba                                MOVA r0, #49;                                                                             JL #llvm___aie2p___acquire
.delay_slot
	  8266    0x17 0xc2 0xfd 0x18                                                                                                                                                        MOVX r1, #-1
.delay_slot
.swstall delay_slot
	  8270    0x00 0x00                                                                        NOPX
.delay_slot
.swstall delay_slot
	  8272    0x00 0x00                                                                        NOPX
.delay_slot
.swstall delay_slot
	  8274    0x00 0x00                                                                        NOPX
.delay_slot
.swstall delay_slot
	  8276    0x00 0x2c 0xf0 0x00 0x20 0x00 0x00 0x00 0x00 0xad 0x81 0x36                      NOPA;                         NOPB;                         NOPS;                         NOPX
.return_address
.no_stack_arguments
	  8288    0x00 0x00 0x00 0x00 0x01 0x04                                                                                                                                              JL #matmul_vectorized_bfp16
.delay_slot
	  8294    0x00 0x00 0x00 0xc0 0x00 0x44                                                                                                                                              MOVXM p0, #A_L2L1_1_5_cons_buff_0
.delay_slot
	  8300    0x00 0x00 0x02 0xc0 0x00 0x44                                                                                                                                              MOVXM p1, #B_L2L1_5_1_cons_buff_1
.delay_slot
	  8306    0x1a 0x6c 0xc0 0xf8                                                                                                                                                                                      MOV p2, p6
.delay_slot
.swstall delay_slot
	  8310    0x00 0x00                                                                        NOPX
.delay_slot
.swstall delay_slot
	  8312    0x00 0x2c 0xf0 0x04 0x00 0x00 0x1c 0x22                                          NOPA;                                                                                                                                                           NOPV
.return_address
.no_stack_arguments
	  8320    0x06 0x00 0x00 0x00 0x00 0x00 0x00 0x00 0x40 0xba                                MOVA r0, #48;                                                                             JL #llvm___aie2p___release
.delay_slot
	  8330    0x10 0x02 0x05 0x18                                                                                                                                                        MOVX r1, #1
.delay_slot
.swstall delay_slot
	  8334    0x00 0x00                                                                        NOPX
.delay_slot
.swstall delay_slot
	  8336    0x00 0x00                                                                        NOPX
.delay_slot
.swstall delay_slot
	  8338    0x00 0x00                                                                        NOPX
.delay_slot
.swstall delay_slot
	  8340    0x00 0x2c 0xf0 0x00 0x20 0x00 0x00 0x00 0x00 0xad 0x81 0x36                      NOPA;                         NOPB;                         NOPS;                         NOPX
.return_address
.no_stack_arguments
	  8352    0x00 0x00 0x00 0x00 0x01 0x04                                                                                                                                              JL #llvm___aie2p___acquire
.delay_slot
	  8358    0x06 0x20 0x00 0x00 0x00 0x07 0xb6 0x10 0x10 0xba                                MOVA r0, #49;                                                                             MOVXM p7, #(TGT_Fcore_5_3_7200 + 0)
.delay_slot
	  8368    0x17 0xc2 0xfd 0x18                                                                                                                                                        MOVX r1, #-1
.delay_slot
.swstall delay_slot
	  8372    0x00 0x00                                                                        NOPX
.delay_slot
.swstall delay_slot
	  8374    0x00 0x00                                                                        NOPX
.delay_slot
.swstall delay_slot
	  8376    0x00 0x2c 0xf0 0x04 0x00 0x00 0x1c 0x22                                          NOPA;                                                                                                                                                           NOPV
.return_address
.no_stack_arguments
	  8384    0x00 0x00 0x00 0x00 0x01 0x04                                                                                                                                              JL #matmul_vectorized_bfp16
.delay_slot
	  8390    0x00 0x00 0x00 0xc0 0x00 0x44                                                                                                                                              MOVXM p0, #A_L2L1_1_5_cons_buff_1
.delay_slot
	  8396    0x00 0x00 0x02 0xc0 0x00 0x44                                                                                                                                              MOVXM p1, #B_L2L1_5_1_cons_buff_1
.delay_slot
	  8402    0x1a 0x6c 0xc0 0xf8                                                                                                                                                                                      MOV p2, p6
.delay_slot
.swstall delay_slot
	  8406    0x00 0x00                                                                        NOPX
.delay_slot
.swstall delay_slot
	  8408    0x00 0x2c 0xf0 0x04 0x00 0x00 0x1c 0x22                                          NOPA;                                                                                                                                                           NOPV
.return_address
.no_stack_arguments
	  8416    0x06 0x00 0x00 0x00 0x00 0x00 0x00 0x00 0x40 0xba                                MOVA r0, #48;                                                                             JL #llvm___aie2p___release
.delay_slot
	  8426    0x10 0x02 0x05 0x18                                                                                                                                                        MOVX r1, #1
.delay_slot
.swstall delay_slot
	  8430    0x00 0x00                                                                        NOPX
.delay_slot
.swstall delay_slot
	  8432    0x00 0x00                                                                        NOPX
.delay_slot
.swstall delay_slot
	  8434    0x00 0x00                                                                        NOPX
.delay_slot
.swstall delay_slot
	  8436    0x00 0x2c 0xf0 0x00 0x20 0x00 0x00 0x00 0x00 0xad 0x81 0x36                      NOPA;                         NOPB;                         NOPS;                         NOPX
.return_address
.no_stack_arguments
	  8448    0x06 0x40 0x00 0x00 0x00 0x00 0x00 0x00 0x40 0xba                                MOVA r0, #50;                                                                             JL #llvm___aie2p___release
.delay_slot
	  8458    0x10 0x02 0x05 0x18                                                                                                                                                        MOVX r1, #1
.delay_slot
.swstall delay_slot
	  8462    0x00 0x00                                                                        NOPX
.delay_slot
.swstall delay_slot
	  8464    0x00 0x00                                                                        NOPX
.delay_slot
.swstall delay_slot
	  8466    0x00 0x00                                                                        NOPX
.delay_slot
.swstall delay_slot
	  8468    0x00 0x2c 0xf0 0x00 0x20 0x00 0x00 0x00 0x00 0xad 0x81 0x36                      NOPA;                         NOPB;                         NOPS;                         NOPX
.return_address
	  8480    0x13 0x19 0xe0 0x18                                                                                                                                                        JNZD r12, r12, p7
.delay_slot
.swstall delay_slot
	  8484    0x00 0x00                                                                        NOPX
.delay_slot
.swstall delay_slot
	  8486    0x00 0x00                                                                        NOPX
.delay_slot
.swstall delay_slot
	  8488    0x00 0x00                                                                        NOPX
.delay_slot
.swstall delay_slot
	  8490    0x00 0x00                                                                        NOPX
.delay_slot
.swstall delay_slot
	  8492    0x00 0x00                                                                        NOPX
.loop_nesting 1
.no_stack_arguments
	  8494    0x06 0xa0 0x00 0x00 0x00 0x00 0x00 0x00 0x40 0xba                                MOVA r0, #53;                                                                             JL #llvm___aie2p___release
.delay_slot
	  8504    0x10 0x02 0x05 0x18                                                                                                                                                        MOVX r1, #1
.delay_slot
.swstall delay_slot
	  8508    0x00 0x00                                                                        NOPX
.delay_slot
.swstall delay_slot
	  8510    0x00 0x00                                                                        NOPX
.delay_slot
.swstall delay_slot
	  8512    0x00 0x00                                                                        NOPX
.delay_slot
.swstall delay_slot
	  8514    0x00 0x2c 0xf0 0x02 0xb6 0x00 0x00 0x40 0x1a 0x57 0x00 0x00 0x1c 0x2e            NOPA;                                                       NOPS;                                                       NOPM;                                   NOPV
.return_address
.no_stack_arguments
	  8528    0x06 0x80 0x00 0x00 0x00 0x00 0x00 0x00 0x40 0xba                                MOVA r0, #52;                                                                             JL #llvm___aie2p___acquire
.delay_slot
	  8538    0x17 0xc2 0xfd 0x18                                                                                                                                                        MOVX r1, #-1
.delay_slot
.swstall delay_slot
	  8542    0x00 0x00                                                                        NOPX
.delay_slot
.swstall delay_slot
	  8544    0x00 0x00                                                                        NOPX
.delay_slot
.swstall delay_slot
	  8546    0x00 0x00                                                                        NOPX
.delay_slot
.swstall delay_slot
	  8548    0x00 0x2c 0xf0 0x00 0x20 0x00 0x00 0x00 0x00 0xad 0x81 0x36                      NOPA;                         NOPB;                         NOPS;                         NOPX
.return_address
.no_stack_arguments
	  8560    0x00 0x00 0x00 0x00 0x01 0x04                                                                                                                                              JL #zero_kernel
.delay_slot
	  8566    0x18 0x6c 0xc0 0xf8                                                                                                                                                                                      MOV p0, p6
.delay_slot
.swstall delay_slot
	  8570    0x00 0x00                                                                        NOPX
.delay_slot
.swstall delay_slot
	  8572    0x00 0x00                                                                        NOPX
.delay_slot
.swstall delay_slot
	  8574    0x00 0x00                                                                        NOPX
.delay_slot
.swstall delay_slot
	  8576    0x00 0x2c 0xf0 0x00 0x20 0x01 0x5b 0x00 0x00 0x00 0x01 0xa5 0x78 0x00 0x00 0xe1  NOPA;                         NOPB;                         NOPS;                         NOPX;                         NOPM;                                   NOPV
.return_address
	  8592    0x00 0x2c 0xf0 0x00 0x20 0x01 0x5b 0x00 0xc1 0x28 0x01 0xa5 0x78 0x00 0x00 0xe1  NOPA;                         NOPB;                         NOPS;                         MOVX r12, #9;                 NOPM;                                   NOPV
.label TGT_Fcore_5_3_8608
.loop_nesting 2
.no_stack_arguments
	  8608    0x06 0x60 0x00 0x00 0x00 0x00 0x00 0x00 0x40 0xba                                MOVA r0, #51;                                                                             JL #llvm___aie2p___acquire
.delay_slot
	  8618    0x17 0xc2 0xfd 0x18                                                                                                                                                        MOVX r1, #-1
.delay_slot
.swstall delay_slot
	  8622    0x00 0x00                                                                        NOPX
.delay_slot
.swstall delay_slot
	  8624    0x00 0x00                                                                        NOPX
.delay_slot
.swstall delay_slot
	  8626    0x00 0x00                                                                        NOPX
.delay_slot
.swstall delay_slot
	  8628    0x00 0x2c 0xf0 0x00 0x20 0x00 0x00 0x00 0x00 0xad 0x81 0x36                      NOPA;                         NOPB;                         NOPS;                         NOPX
.return_address
.no_stack_arguments
	  8640    0x06 0x20 0x00 0x00 0x00 0x00 0x00 0x00 0x40 0xba                                MOVA r0, #49;                                                                             JL #llvm___aie2p___acquire
.delay_slot
	  8650    0x17 0xc2 0xfd 0x18                                                                                                                                                        MOVX r1, #-1
.delay_slot
.swstall delay_slot
	  8654    0x00 0x00                                                                        NOPX
.delay_slot
.swstall delay_slot
	  8656    0x00 0x00                                                                        NOPX
.delay_slot
.swstall delay_slot
	  8658    0x00 0x00                                                                        NOPX
.delay_slot
.swstall delay_slot
	  8660    0x00 0x2c 0xf0 0x00 0x20 0x00 0x00 0x00 0x00 0xad 0x81 0x36                      NOPA;                         NOPB;                         NOPS;                         NOPX
.return_address
.no_stack_arguments
	  8672    0x00 0x00 0x00 0x00 0x01 0x04                                                                                                                                              JL #matmul_vectorized_bfp16
.delay_slot
	  8678    0x00 0x00 0x00 0xc0 0x00 0x44                                                                                                                                              MOVXM p0, #A_L2L1_1_5_cons_buff_0
.delay_slot
	  8684    0x00 0x00 0x02 0xc0 0x00 0x44                                                                                                                                              MOVXM p1, #B_L2L1_5_1_cons_buff_0
.delay_slot
	  8690    0xd0 0x91 0x60 0x01 0x36 0x60 0x70 0x02                                                                                                      MOVS p6, p1;                                                MOV p2, p6
.delay_slot
	  8698    0x1f 0x64 0xc0 0xf8                                                                                                                                                                                      MOV p7, p2
.delay_slot
.swstall delay_slot
	  8702    0x00 0x00                                                                        NOPX
.return_address
.no_stack_arguments
	  8704    0x06 0x00 0x00 0x00 0x00 0x00 0x00 0x00 0x40 0xba                                MOVA r0, #48;                                                                             JL #llvm___aie2p___release
.delay_slot
	  8714    0x10 0x02 0x05 0x18                                                                                                                                                        MOVX r1, #1
.delay_slot
.swstall delay_slot
	  8718    0x00 0x00                                                                        NOPX
.delay_slot
.swstall delay_slot
	  8720    0x00 0x00                                                                        NOPX
.delay_slot
.swstall delay_slot
	  8722    0x00 0x00                                                                        NOPX
.delay_slot
.swstall delay_slot
	  8724    0x00 0x2c 0xf0 0x00 0x20 0x00 0x00 0x00 0x00 0xad 0x81 0x36                      NOPA;                         NOPB;                         NOPS;                         NOPX
.return_address
.no_stack_arguments
	  8736    0x06 0x20 0x00 0x00 0x00 0x00 0x00 0x00 0x40 0xba                                MOVA r0, #49;                                                                             JL #llvm___aie2p___acquire
.delay_slot
	  8746    0x17 0xc2 0xfd 0x18                                                                                                                                                        MOVX r1, #-1
.delay_slot
.swstall delay_slot
	  8750    0x00 0x00                                                                        NOPX
.delay_slot
.swstall delay_slot
	  8752    0x00 0x00                                                                        NOPX
.delay_slot
.swstall delay_slot
	  8754    0x00 0x00                                                                        NOPX
.delay_slot
.swstall delay_slot
	  8756    0x00 0x2c 0xf0 0x00 0x20 0x00 0x00 0x00 0x00 0xad 0x81 0x36                      NOPA;                         NOPB;                         NOPS;                         NOPX
.return_address
.no_stack_arguments
	  8768    0x33 0x11 0x60 0x00 0x00 0x00 0x00 0x00 0x41 0x3a                                                                                            MOVS p1, p6;                  JL #matmul_vectorized_bfp16
.delay_slot
	  8778    0x1a 0x6e 0xc0 0xf8                                                                                                                                                                                      MOV p2, p7
.delay_slot
	  8782    0x00 0x00 0x00 0xc0 0x00 0x44                                                                                                                                              MOVXM p0, #A_L2L1_1_5_cons_buff_1
.delay_slot
.swstall delay_slot
	  8788    0x00 0x00                                                                        NOPX
.delay_slot
.swstall delay_slot
	  8790    0x00 0x00                                                                        NOPX
.delay_slot
.swstall delay_slot
	  8792    0x00 0x2c 0xf0 0x04 0x00 0x00 0x1c 0x22                                          NOPA;                                                                                                                                                           NOPV
.return_address
.no_stack_arguments
	  8800    0x06 0x00 0x00 0x00 0x00 0x00 0x00 0x00 0x40 0xba                                MOVA r0, #48;                                                                             JL #llvm___aie2p___release
.delay_slot
	  8810    0x10 0x02 0x05 0x18                                                                                                                                                        MOVX r1, #1
.delay_slot
.swstall delay_slot
	  8814    0x00 0x00                                                                        NOPX
.delay_slot
.swstall delay_slot
	  8816    0x00 0x00                                                                        NOPX
.delay_slot
.swstall delay_slot
	  8818    0x00 0x00                                                                        NOPX
.delay_slot
.swstall delay_slot
	  8820    0x00 0x2c 0xf0 0x00 0x20 0x00 0x00 0x00 0x00 0xad 0x81 0x36                      NOPA;                         NOPB;                         NOPS;                         NOPX
.return_address
.no_stack_arguments
	  8832    0x06 0x20 0x00 0x00 0x00 0x00 0x00 0x00 0x40 0xba                                MOVA r0, #49;                                                                             JL #llvm___aie2p___acquire
.delay_slot
	  8842    0x17 0xc2 0xfd 0x18                                                                                                                                                        MOVX r1, #-1
.delay_slot
.swstall delay_slot
	  8846    0x00 0x00                                                                        NOPX
.delay_slot
.swstall delay_slot
	  8848    0x00 0x00                                                                        NOPX
.delay_slot
.swstall delay_slot
	  8850    0x00 0x00                                                                        NOPX
.delay_slot
.swstall delay_slot
	  8852    0x00 0x2c 0xf0 0x00 0x20 0x00 0x00 0x00 0x00 0xad 0x81 0x36                      NOPA;                         NOPB;                         NOPS;                         NOPX
.return_address
.no_stack_arguments
	  8864    0x33 0x11 0x60 0x00 0x00 0x00 0x00 0x00 0x41 0x3a                                                                                            MOVS p1, p6;                  JL #matmul_vectorized_bfp16
.delay_slot
	  8874    0x1a 0x6e 0xc0 0xf8                                                                                                                                                                                      MOV p2, p7
.delay_slot
	  8878    0x00 0x00 0x00 0xc0 0x00 0x44                                                                                                                                              MOVXM p0, #A_L2L1_1_5_cons_buff_0
.delay_slot
.swstall delay_slot
	  8884    0x00 0x00                                                                        NOPX
.delay_slot
.swstall delay_slot
	  8886    0x00 0x00                                                                        NOPX
.delay_slot
.swstall delay_slot
	  8888    0x00 0x2c 0xf0 0x04 0x00 0x00 0x1c 0x22                                          NOPA;                                                                                                                                                           NOPV
.return_address
.no_stack_arguments
	  8896    0x06 0x00 0x00 0x00 0x00 0x00 0x00 0x00 0x40 0xba                                MOVA r0, #48;                                                                             JL #llvm___aie2p___release
.delay_slot
	  8906    0x10 0x02 0x05 0x18                                                                                                                                                        MOVX r1, #1
.delay_slot
.swstall delay_slot
	  8910    0x00 0x00                                                                        NOPX
.delay_slot
.swstall delay_slot
	  8912    0x00 0x00                                                                        NOPX
.delay_slot
.swstall delay_slot
	  8914    0x00 0x00                                                                        NOPX
.delay_slot
.swstall delay_slot
	  8916    0x00 0x2c 0xf0 0x00 0x20 0x00 0x00 0x00 0x00 0xad 0x81 0x36                      NOPA;                         NOPB;                         NOPS;                         NOPX
.return_address
.no_stack_arguments
	  8928    0x06 0x20 0x00 0x00 0x00 0x00 0x00 0x00 0x40 0xba                                MOVA r0, #49;                                                                             JL #llvm___aie2p___acquire
.delay_slot
	  8938    0x17 0xc2 0xfd 0x18                                                                                                                                                        MOVX r1, #-1
.delay_slot
.swstall delay_slot
	  8942    0x00 0x00                                                                        NOPX
.delay_slot
.swstall delay_slot
	  8944    0x00 0x00                                                                        NOPX
.delay_slot
.swstall delay_slot
	  8946    0x00 0x00                                                                        NOPX
.delay_slot
.swstall delay_slot
	  8948    0x00 0x2c 0xf0 0x00 0x20 0x00 0x00 0x00 0x00 0xad 0x81 0x36                      NOPA;                         NOPB;                         NOPS;                         NOPX
.return_address
.no_stack_arguments
	  8960    0x33 0x11 0x60 0x00 0x00 0x00 0x00 0x00 0x41 0x3a                                                                                            MOVS p1, p6;                  JL #matmul_vectorized_bfp16
.delay_slot
	  8970    0x1a 0x6e 0xc0 0xf8                                                                                                                                                                                      MOV p2, p7
.delay_slot
	  8974    0x00 0x00 0x00 0xc0 0x00 0x44                                                                                                                                              MOVXM p0, #A_L2L1_1_5_cons_buff_1
.delay_slot
.swstall delay_slot
	  8980    0x00 0x00                                                                        NOPX
.delay_slot
.swstall delay_slot
	  8982    0x00 0x00                                                                        NOPX
.delay_slot
.swstall delay_slot
	  8984    0x00 0x2c 0xf0 0x04 0x00 0x00 0x1c 0x22                                          NOPA;                                                                                                                                                           NOPV
.return_address
.no_stack_arguments
	  8992    0x06 0x00 0x00 0x00 0x00 0x00 0x00 0x00 0x40 0xba                                MOVA r0, #48;                                                                             JL #llvm___aie2p___release
.delay_slot
	  9002    0x10 0x02 0x05 0x18                                                                                                                                                        MOVX r1, #1
.delay_slot
.swstall delay_slot
	  9006    0x00 0x00                                                                        NOPX
.delay_slot
.swstall delay_slot
	  9008    0x00 0x00                                                                        NOPX
.delay_slot
.swstall delay_slot
	  9010    0x00 0x00                                                                        NOPX
.delay_slot
.swstall delay_slot
	  9012    0x00 0x2c 0xf0 0x00 0x20 0x00 0x00 0x00 0x00 0xad 0x81 0x36                      NOPA;                         NOPB;                         NOPS;                         NOPX
.return_address
.no_stack_arguments
	  9024    0x06 0x20 0x00 0x00 0x00 0x00 0x00 0x00 0x40 0xba                                MOVA r0, #49;                                                                             JL #llvm___aie2p___acquire
.delay_slot
	  9034    0x17 0xc2 0xfd 0x18                                                                                                                                                        MOVX r1, #-1
.delay_slot
.swstall delay_slot
	  9038    0x00 0x00                                                                        NOPX
.delay_slot
.swstall delay_slot
	  9040    0x00 0x00                                                                        NOPX
.delay_slot
.swstall delay_slot
	  9042    0x00 0x00                                                                        NOPX
.delay_slot
.swstall delay_slot
	  9044    0x00 0x2c 0xf0 0x00 0x20 0x00 0x00 0x00 0x00 0xad 0x81 0x36                      NOPA;                         NOPB;                         NOPS;                         NOPX
.return_address
.no_stack_arguments
	  9056    0x33 0x11 0x60 0x00 0x00 0x00 0x00 0x00 0x41 0x3a                                                                                            MOVS p1, p6;                  JL #matmul_vectorized_bfp16
.delay_slot
	  9066    0x1a 0x6e 0xc0 0xf8                                                                                                                                                                                      MOV p2, p7
.delay_slot
	  9070    0x00 0x00 0x00 0xc0 0x00 0x44                                                                                                                                              MOVXM p0, #A_L2L1_1_5_cons_buff_0
.delay_slot
.swstall delay_slot
	  9076    0x00 0x00                                                                        NOPX
.delay_slot
.swstall delay_slot
	  9078    0x00 0x00                                                                        NOPX
.delay_slot
.swstall delay_slot
	  9080    0x00 0x2c 0xf0 0x04 0x00 0x00 0x1c 0x22                                          NOPA;                                                                                                                                                           NOPV
.return_address
.no_stack_arguments
	  9088    0x06 0x00 0x00 0x00 0x00 0x00 0x00 0x00 0x40 0xba                                MOVA r0, #48;                                                                             JL #llvm___aie2p___release
.delay_slot
	  9098    0x10 0x02 0x05 0x18                                                                                                                                                        MOVX r1, #1
.delay_slot
.swstall delay_slot
	  9102    0x00 0x00                                                                        NOPX
.delay_slot
.swstall delay_slot
	  9104    0x00 0x00                                                                        NOPX
.delay_slot
.swstall delay_slot
	  9106    0x00 0x00                                                                        NOPX
.delay_slot
.swstall delay_slot
	  9108    0x00 0x2c 0xf0 0x00 0x20 0x00 0x00 0x00 0x00 0xad 0x81 0x36                      NOPA;                         NOPB;                         NOPS;                         NOPX
.return_address
.no_stack_arguments
	  9120    0x06 0x20 0x00 0x00 0x00 0x00 0x00 0x00 0x40 0xba                                MOVA r0, #49;                                                                             JL #llvm___aie2p___acquire
.delay_slot
	  9130    0x17 0xc2 0xfd 0x18                                                                                                                                                        MOVX r1, #-1
.delay_slot
.swstall delay_slot
	  9134    0x00 0x00                                                                        NOPX
.delay_slot
.swstall delay_slot
	  9136    0x00 0x00                                                                        NOPX
.delay_slot
.swstall delay_slot
	  9138    0x00 0x00                                                                        NOPX
.delay_slot
.swstall delay_slot
	  9140    0x00 0x2c 0xf0 0x00 0x20 0x00 0x00 0x00 0x00 0xad 0x81 0x36                      NOPA;                         NOPB;                         NOPS;                         NOPX
.return_address
.no_stack_arguments
	  9152    0x53 0x91 0x60 0x00 0x00 0x00 0x00 0x00 0x41 0x3a                                                                                            MOVS p2, p7;                  JL #matmul_vectorized_bfp16
.delay_slot
	  9162    0x33 0x11 0x60 0x00 0x00 0x00 0x30 0x00 0x11 0x3a                                                                                            MOVS p1, p6;                  MOVXM p0, #A_L2L1_1_5_cons_buff_1
.delay_slot
	  9172    0x1e 0x64 0xc0 0xf8                                                                                                                                                                                      MOV p6, p2
.delay_slot
.swstall delay_slot
	  9176    0x00 0x00                                                                        NOPX
.delay_slot
.swstall delay_slot
	  9178    0x00 0x00                                                                        NOPX
.delay_slot
.swstall delay_slot
	  9180    0x00 0x01 0x67 0x98                                                              NOPA
.return_address
.no_stack_arguments
	  9184    0x06 0x00 0x00 0x00 0x00 0x00 0x00 0x00 0x40 0xba                                MOVA r0, #48;                                                                             JL #llvm___aie2p___release
.delay_slot
	  9194    0x10 0x02 0x05 0x18                                                                                                                                                        MOVX r1, #1
.delay_slot
.swstall delay_slot
	  9198    0x00 0x00                                                                        NOPX
.delay_slot
.swstall delay_slot
	  9200    0x00 0x00                                                                        NOPX
.delay_slot
.swstall delay_slot
	  9202    0x00 0x00                                                                        NOPX
.delay_slot
.swstall delay_slot
	  9204    0x00 0x2c 0xf0 0x00 0x20 0x00 0x00 0x00 0x00 0xad 0x81 0x36                      NOPA;                         NOPB;                         NOPS;                         NOPX
.return_address
.no_stack_arguments
	  9216    0x06 0x40 0x00 0x00 0x00 0x00 0x00 0x00 0x40 0xba                                MOVA r0, #50;                                                                             JL #llvm___aie2p___release
.delay_slot
	  9226    0x10 0x02 0x05 0x18                                                                                                                                                        MOVX r1, #1
.delay_slot
.swstall delay_slot
	  9230    0x00 0x00                                                                        NOPX
.delay_slot
.swstall delay_slot
	  9232    0x00 0x00                                                                        NOPX
.delay_slot
.swstall delay_slot
	  9234    0x00 0x00                                                                        NOPX
.delay_slot
.swstall delay_slot
	  9236    0x00 0x2c 0xf0 0x00 0x20 0x00 0x00 0x00 0x00 0xad 0x81 0x36                      NOPA;                         NOPB;                         NOPS;                         NOPX
.return_address
.no_stack_arguments
	  9248    0x06 0x60 0x00 0x00 0x00 0x00 0x00 0x00 0x40 0xba                                MOVA r0, #51;                                                                             JL #llvm___aie2p___acquire
.delay_slot
	  9258    0x17 0xc2 0xfd 0x18                                                                                                                                                        MOVX r1, #-1
.delay_slot
.swstall delay_slot
	  9262    0x00 0x00                                                                        NOPX
.delay_slot
.swstall delay_slot
	  9264    0x00 0x00                                                                        NOPX
.delay_slot
.swstall delay_slot
	  9266    0x00 0x00                                                                        NOPX
.delay_slot
.swstall delay_slot
	  9268    0x00 0x2c 0xf0 0x00 0x20 0x00 0x00 0x00 0x00 0xad 0x81 0x36                      NOPA;                         NOPB;                         NOPS;                         NOPX
.return_address
.no_stack_arguments
	  9280    0x06 0x20 0x00 0x00 0x00 0x00 0x00 0x00 0x40 0xba                                MOVA r0, #49;                                                                             JL #llvm___aie2p___acquire
.delay_slot
	  9290    0x17 0xc2 0xfd 0x18                                                                                                                                                        MOVX r1, #-1
.delay_slot
.swstall delay_slot
	  9294    0x00 0x00                                                                        NOPX
.delay_slot
.swstall delay_slot
	  9296    0x00 0x00                                                                        NOPX
.delay_slot
.swstall delay_slot
	  9298    0x00 0x00                                                                        NOPX
.delay_slot
.swstall delay_slot
	  9300    0x00 0x2c 0xf0 0x00 0x20 0x00 0x00 0x00 0x00 0xad 0x81 0x36                      NOPA;                         NOPB;                         NOPS;                         NOPX
.return_address
.no_stack_arguments
	  9312    0x00 0x00 0x00 0x00 0x01 0x04                                                                                                                                              JL #matmul_vectorized_bfp16
.delay_slot
	  9318    0x00 0x00 0x00 0xc0 0x00 0x44                                                                                                                                              MOVXM p0, #A_L2L1_1_5_cons_buff_0
.delay_slot
	  9324    0x00 0x00 0x02 0xc0 0x00 0x44                                                                                                                                              MOVXM p1, #B_L2L1_5_1_cons_buff_1
.delay_slot
	  9330    0x1a 0x6c 0xc0 0xf8                                                                                                                                                                                      MOV p2, p6
.delay_slot
.swstall delay_slot
	  9334    0x00 0x00                                                                        NOPX
.delay_slot
.swstall delay_slot
	  9336    0x00 0x2c 0xf0 0x04 0x00 0x00 0x1c 0x22                                          NOPA;                                                                                                                                                           NOPV
.return_address
.no_stack_arguments
	  9344    0x06 0x00 0x00 0x00 0x00 0x00 0x00 0x00 0x40 0xba                                MOVA r0, #48;                                                                             JL #llvm___aie2p___release
.delay_slot
	  9354    0x10 0x02 0x05 0x18                                                                                                                                                        MOVX r1, #1
.delay_slot
.swstall delay_slot
	  9358    0x00 0x00                                                                        NOPX
.delay_slot
.swstall delay_slot
	  9360    0x00 0x00                                                                        NOPX
.delay_slot
.swstall delay_slot
	  9362    0x00 0x00                                                                        NOPX
.delay_slot
.swstall delay_slot
	  9364    0x00 0x2c 0xf0 0x00 0x20 0x00 0x00 0x00 0x00 0xad 0x81 0x36                      NOPA;                         NOPB;                         NOPS;                         NOPX
.return_address
.no_stack_arguments
	  9376    0x06 0x20 0x00 0x00 0x00 0x00 0x00 0x00 0x40 0xba                                MOVA r0, #49;                                                                             JL #llvm___aie2p___acquire
.delay_slot
	  9386    0x17 0xc2 0xfd 0x18                                                                                                                                                        MOVX r1, #-1
.delay_slot
.swstall delay_slot
	  9390    0x00 0x00                                                                        NOPX
.delay_slot
.swstall delay_slot
	  9392    0x00 0x00                                                                        NOPX
.delay_slot
.swstall delay_slot
	  9394    0x00 0x00                                                                        NOPX
.delay_slot
.swstall delay_slot
	  9396    0x00 0x2c 0xf0 0x00 0x20 0x00 0x00 0x00 0x00 0xad 0x81 0x36                      NOPA;                         NOPB;                         NOPS;                         NOPX
.return_address
.no_stack_arguments
	  9408    0x00 0x00 0x00 0x00 0x01 0x04                                                                                                                                              JL #matmul_vectorized_bfp16
.delay_slot
	  9414    0x00 0x00 0x00 0xc0 0x00 0x44                                                                                                                                              MOVXM p0, #A_L2L1_1_5_cons_buff_1
.delay_slot
	  9420    0x00 0x00 0x02 0xc0 0x00 0x44                                                                                                                                              MOVXM p1, #B_L2L1_5_1_cons_buff_1
.delay_slot
	  9426    0x1a 0x6c 0xc0 0xf8                                                                                                                                                                                      MOV p2, p6
.delay_slot
.swstall delay_slot
	  9430    0x00 0x00                                                                        NOPX
.delay_slot
.swstall delay_slot
	  9432    0x00 0x2c 0xf0 0x04 0x00 0x00 0x1c 0x22                                          NOPA;                                                                                                                                                           NOPV
.return_address
.no_stack_arguments
	  9440    0x06 0x00 0x00 0x00 0x00 0x00 0x00 0x00 0x40 0xba                                MOVA r0, #48;                                                                             JL #llvm___aie2p___release
.delay_slot
	  9450    0x10 0x02 0x05 0x18                                                                                                                                                        MOVX r1, #1
.delay_slot
.swstall delay_slot
	  9454    0x00 0x00                                                                        NOPX
.delay_slot
.swstall delay_slot
	  9456    0x00 0x00                                                                        NOPX
.delay_slot
.swstall delay_slot
	  9458    0x00 0x00                                                                        NOPX
.delay_slot
.swstall delay_slot
	  9460    0x00 0x2c 0xf0 0x00 0x20 0x00 0x00 0x00 0x00 0xad 0x81 0x36                      NOPA;                         NOPB;                         NOPS;                         NOPX
.return_address
.no_stack_arguments
	  9472    0x06 0x20 0x00 0x00 0x00 0x00 0x00 0x00 0x40 0xba                                MOVA r0, #49;                                                                             JL #llvm___aie2p___acquire
.delay_slot
	  9482    0x17 0xc2 0xfd 0x18                                                                                                                                                        MOVX r1, #-1
.delay_slot
.swstall delay_slot
	  9486    0x00 0x00                                                                        NOPX
.delay_slot
.swstall delay_slot
	  9488    0x00 0x00                                                                        NOPX
.delay_slot
.swstall delay_slot
	  9490    0x00 0x00                                                                        NOPX
.delay_slot
.swstall delay_slot
	  9492    0x00 0x2c 0xf0 0x00 0x20 0x00 0x00 0x00 0x00 0xad 0x81 0x36                      NOPA;                         NOPB;                         NOPS;                         NOPX
.return_address
.no_stack_arguments
	  9504    0x00 0x00 0x00 0x00 0x01 0x04                                                                                                                                              JL #matmul_vectorized_bfp16
.delay_slot
	  9510    0x00 0x00 0x00 0xc0 0x00 0x44                                                                                                                                              MOVXM p0, #A_L2L1_1_5_cons_buff_0
.delay_slot
	  9516    0x00 0x00 0x02 0xc0 0x00 0x44                                                                                                                                              MOVXM p1, #B_L2L1_5_1_cons_buff_1
.delay_slot
	  9522    0x1a 0x6c 0xc0 0xf8                                                                                                                                                                                      MOV p2, p6
.delay_slot
.swstall delay_slot
	  9526    0x00 0x00                                                                        NOPX
.delay_slot
.swstall delay_slot
	  9528    0x00 0x2c 0xf0 0x04 0x00 0x00 0x1c 0x22                                          NOPA;                                                                                                                                                           NOPV
.return_address
.no_stack_arguments
	  9536    0x06 0x00 0x00 0x00 0x00 0x00 0x00 0x00 0x40 0xba                                MOVA r0, #48;                                                                             JL #llvm___aie2p___release
.delay_slot
	  9546    0x10 0x02 0x05 0x18                                                                                                                                                        MOVX r1, #1
.delay_slot
.swstall delay_slot
	  9550    0x00 0x00                                                                        NOPX
.delay_slot
.swstall delay_slot
	  9552    0x00 0x00                                                                        NOPX
.delay_slot
.swstall delay_slot
	  9554    0x00 0x00                                                                        NOPX
.delay_slot
.swstall delay_slot
	  9556    0x00 0x2c 0xf0 0x00 0x20 0x00 0x00 0x00 0x00 0xad 0x81 0x36                      NOPA;                         NOPB;                         NOPS;                         NOPX
.return_address
.no_stack_arguments
	  9568    0x06 0x20 0x00 0x00 0x00 0x00 0x00 0x00 0x40 0xba                                MOVA r0, #49;                                                                             JL #llvm___aie2p___acquire
.delay_slot
	  9578    0x17 0xc2 0xfd 0x18                                                                                                                                                        MOVX r1, #-1
.delay_slot
.swstall delay_slot
	  9582    0x00 0x00                                                                        NOPX
.delay_slot
.swstall delay_slot
	  9584    0x00 0x00                                                                        NOPX
.delay_slot
.swstall delay_slot
	  9586    0x00 0x00                                                                        NOPX
.delay_slot
.swstall delay_slot
	  9588    0x00 0x2c 0xf0 0x00 0x20 0x00 0x00 0x00 0x00 0xad 0x81 0x36                      NOPA;                         NOPB;                         NOPS;                         NOPX
.return_address
.no_stack_arguments
	  9600    0x00 0x00 0x00 0x00 0x01 0x04                                                                                                                                              JL #matmul_vectorized_bfp16
.delay_slot
	  9606    0x00 0x00 0x00 0xc0 0x00 0x44                                                                                                                                              MOVXM p0, #A_L2L1_1_5_cons_buff_1
.delay_slot
	  9612    0x00 0x00 0x02 0xc0 0x00 0x44                                                                                                                                              MOVXM p1, #B_L2L1_5_1_cons_buff_1
.delay_slot
	  9618    0x1a 0x6c 0xc0 0xf8                                                                                                                                                                                      MOV p2, p6
.delay_slot
.swstall delay_slot
	  9622    0x00 0x00                                                                        NOPX
.delay_slot
.swstall delay_slot
	  9624    0x00 0x2c 0xf0 0x04 0x00 0x00 0x1c 0x22                                          NOPA;                                                                                                                                                           NOPV
.return_address
.no_stack_arguments
	  9632    0x06 0x00 0x00 0x00 0x00 0x00 0x00 0x00 0x40 0xba                                MOVA r0, #48;                                                                             JL #llvm___aie2p___release
.delay_slot
	  9642    0x10 0x02 0x05 0x18                                                                                                                                                        MOVX r1, #1
.delay_slot
.swstall delay_slot
	  9646    0x00 0x00                                                                        NOPX
.delay_slot
.swstall delay_slot
	  9648    0x00 0x00                                                                        NOPX
.delay_slot
.swstall delay_slot
	  9650    0x00 0x00                                                                        NOPX
.delay_slot
.swstall delay_slot
	  9652    0x00 0x2c 0xf0 0x00 0x20 0x00 0x00 0x00 0x00 0xad 0x81 0x36                      NOPA;                         NOPB;                         NOPS;                         NOPX
.return_address
.no_stack_arguments
	  9664    0x06 0x20 0x00 0x00 0x00 0x00 0x00 0x00 0x40 0xba                                MOVA r0, #49;                                                                             JL #llvm___aie2p___acquire
.delay_slot
	  9674    0x17 0xc2 0xfd 0x18                                                                                                                                                        MOVX r1, #-1
.delay_slot
.swstall delay_slot
	  9678    0x00 0x00                                                                        NOPX
.delay_slot
.swstall delay_slot
	  9680    0x00 0x00                                                                        NOPX
.delay_slot
.swstall delay_slot
	  9682    0x00 0x00                                                                        NOPX
.delay_slot
.swstall delay_slot
	  9684    0x00 0x2c 0xf0 0x00 0x20 0x00 0x00 0x00 0x00 0xad 0x81 0x36                      NOPA;                         NOPB;                         NOPS;                         NOPX
.return_address
.no_stack_arguments
	  9696    0x00 0x00 0x00 0x00 0x01 0x04                                                                                                                                              JL #matmul_vectorized_bfp16
.delay_slot
	  9702    0x00 0x00 0x00 0xc0 0x00 0x44                                                                                                                                              MOVXM p0, #A_L2L1_1_5_cons_buff_0
.delay_slot
	  9708    0x00 0x00 0x02 0xc0 0x00 0x44                                                                                                                                              MOVXM p1, #B_L2L1_5_1_cons_buff_1
.delay_slot
	  9714    0x1a 0x6c 0xc0 0xf8                                                                                                                                                                                      MOV p2, p6
.delay_slot
.swstall delay_slot
	  9718    0x00 0x00                                                                        NOPX
.delay_slot
.swstall delay_slot
	  9720    0x00 0x2c 0xf0 0x04 0x00 0x00 0x1c 0x22                                          NOPA;                                                                                                                                                           NOPV
.return_address
.no_stack_arguments
	  9728    0x06 0x00 0x00 0x00 0x00 0x00 0x00 0x00 0x40 0xba                                MOVA r0, #48;                                                                             JL #llvm___aie2p___release
.delay_slot
	  9738    0x10 0x02 0x05 0x18                                                                                                                                                        MOVX r1, #1
.delay_slot
.swstall delay_slot
	  9742    0x00 0x00                                                                        NOPX
.delay_slot
.swstall delay_slot
	  9744    0x00 0x00                                                                        NOPX
.delay_slot
.swstall delay_slot
	  9746    0x00 0x00                                                                        NOPX
.delay_slot
.swstall delay_slot
	  9748    0x00 0x2c 0xf0 0x00 0x20 0x00 0x00 0x00 0x00 0xad 0x81 0x36                      NOPA;                         NOPB;                         NOPS;                         NOPX
.return_address
.no_stack_arguments
	  9760    0x00 0x00 0x00 0x00 0x01 0x04                                                                                                                                              JL #llvm___aie2p___acquire
.delay_slot
	  9766    0x06 0x20 0x00 0x00 0x00 0x0b 0xb0 0xd0 0x10 0xba                                MOVA r0, #49;                                                                             MOVXM p7, #(TGT_Fcore_5_3_8608 + 0)
.delay_slot
	  9776    0x17 0xc2 0xfd 0x18                                                                                                                                                        MOVX r1, #-1
.delay_slot
.swstall delay_slot
	  9780    0x00 0x00                                                                        NOPX
.delay_slot
.swstall delay_slot
	  9782    0x00 0x00                                                                        NOPX
.delay_slot
.swstall delay_slot
	  9784    0x00 0x2c 0xf0 0x04 0x00 0x00 0x1c 0x22                                          NOPA;                                                                                                                                                           NOPV
.return_address
.no_stack_arguments
	  9792    0x00 0x00 0x00 0x00 0x01 0x04                                                                                                                                              JL #matmul_vectorized_bfp16
.delay_slot
	  9798    0x00 0x00 0x00 0xc0 0x00 0x44                                                                                                                                              MOVXM p0, #A_L2L1_1_5_cons_buff_1
.delay_slot
	  9804    0x00 0x00 0x02 0xc0 0x00 0x44                                                                                                                                              MOVXM p1, #B_L2L1_5_1_cons_buff_1
.delay_slot
	  9810    0x1a 0x6c 0xc0 0xf8                                                                                                                                                                                      MOV p2, p6
.delay_slot
.swstall delay_slot
	  9814    0x00 0x00                                                                        NOPX
.delay_slot
.swstall delay_slot
	  9816    0x00 0x2c 0xf0 0x04 0x00 0x00 0x1c 0x22                                          NOPA;                                                                                                                                                           NOPV
.return_address
.no_stack_arguments
	  9824    0x06 0x00 0x00 0x00 0x00 0x00 0x00 0x00 0x40 0xba                                MOVA r0, #48;                                                                             JL #llvm___aie2p___release
.delay_slot
	  9834    0x10 0x02 0x05 0x18                                                                                                                                                        MOVX r1, #1
.delay_slot
.swstall delay_slot
	  9838    0x00 0x00                                                                        NOPX
.delay_slot
.swstall delay_slot
	  9840    0x00 0x00                                                                        NOPX
.delay_slot
.swstall delay_slot
	  9842    0x00 0x00                                                                        NOPX
.delay_slot
.swstall delay_slot
	  9844    0x00 0x2c 0xf0 0x00 0x20 0x00 0x00 0x00 0x00 0xad 0x81 0x36                      NOPA;                         NOPB;                         NOPS;                         NOPX
.return_address
.no_stack_arguments
	  9856    0x06 0x40 0x00 0x00 0x00 0x00 0x00 0x00 0x40 0xba                                MOVA r0, #50;                                                                             JL #llvm___aie2p___release
.delay_slot
	  9866    0x10 0x02 0x05 0x18                                                                                                                                                        MOVX r1, #1
.delay_slot
.swstall delay_slot
	  9870    0x00 0x00                                                                        NOPX
.delay_slot
.swstall delay_slot
	  9872    0x00 0x00                                                                        NOPX
.delay_slot
.swstall delay_slot
	  9874    0x00 0x00                                                                        NOPX
.delay_slot
.swstall delay_slot
	  9876    0x00 0x2c 0xf0 0x00 0x20 0x00 0x00 0x00 0x00 0xad 0x81 0x36                      NOPA;                         NOPB;                         NOPS;                         NOPX
.return_address
	  9888    0x13 0x19 0xe0 0x18                                                                                                                                                        JNZD r12, r12, p7
.delay_slot
.swstall delay_slot
	  9892    0x00 0x00                                                                        NOPX
.delay_slot
.swstall delay_slot
	  9894    0x00 0x00                                                                        NOPX
.delay_slot
.swstall delay_slot
	  9896    0x00 0x00                                                                        NOPX
.delay_slot
.swstall delay_slot
	  9898    0x00 0x00                                                                        NOPX
.delay_slot
.swstall delay_slot
	  9900    0x00 0x00                                                                        NOPX
.loop_nesting 1
.no_stack_arguments
	  9902    0x06 0xa0 0x00 0x00 0x00 0x00 0x00 0x00 0x40 0xba                                MOVA r0, #53;                                                                             JL #llvm___aie2p___release
.delay_slot
	  9912    0x10 0x02 0x05 0x18                                                                                                                                                        MOVX r1, #1
.delay_slot
.swstall delay_slot
	  9916    0x00 0x00                                                                        NOPX
.delay_slot
.swstall delay_slot
	  9918    0x00 0x00                                                                        NOPX
.delay_slot
.swstall delay_slot
	  9920    0x00 0x00                                                                        NOPX
.delay_slot
.swstall delay_slot
	  9922    0x00 0x2c 0xf0 0x02 0xb6 0x00 0x00 0x40 0x1a 0x57 0x00 0x00 0x1c 0x2e            NOPA;                                                       NOPS;                                                       NOPM;                                   NOPV
.return_address
.no_stack_arguments
	  9936    0x06 0x80 0x00 0x00 0x00 0x00 0x00 0x00 0x40 0xba                                MOVA r0, #52;                                                                             JL #llvm___aie2p___acquire
.delay_slot
	  9946    0x17 0xc2 0xfd 0x18                                                                                                                                                        MOVX r1, #-1
.delay_slot
.swstall delay_slot
	  9950    0x00 0x00                                                                        NOPX
.delay_slot
.swstall delay_slot
	  9952    0x00 0x00                                                                        NOPX
.delay_slot
.swstall delay_slot
	  9954    0x00 0x00                                                                        NOPX
.delay_slot
.swstall delay_slot
	  9956    0x00 0x2c 0xf0 0x00 0x20 0x00 0x00 0x00 0x00 0xad 0x81 0x36                      NOPA;                         NOPB;                         NOPS;                         NOPX
.return_address
.no_stack_arguments
	  9968    0x00 0x00 0x00 0x00 0x01 0x04                                                                                                                                              JL #zero_kernel
.delay_slot
	  9974    0x18 0x6c 0xc0 0xf8                                                                                                                                                                                      MOV p0, p6
.delay_slot
.swstall delay_slot
	  9978    0x00 0x00                                                                        NOPX
.delay_slot
.swstall delay_slot
	  9980    0x00 0x00                                                                        NOPX
.delay_slot
.swstall delay_slot
	  9982    0x00 0x00                                                                        NOPX
.delay_slot
.swstall delay_slot
	  9984    0x00 0x2c 0xf0 0x00 0x20 0x01 0x5b 0x00 0x00 0x00 0x01 0xa5 0x78 0x00 0x00 0xe1  NOPA;                         NOPB;                         NOPS;                         NOPX;                         NOPM;                                   NOPV
.return_address
	 10000    0x00 0x2c 0xf0 0x00 0x20 0x01 0x5b 0x00 0xf1 0x28 0x01 0xa5 0x78 0x00 0x00 0xe1  NOPA;                         NOPB;                         NOPS;                         MOVX r15, #9;                 NOPM;                                   NOPV
.label TGT_Fcore_5_3_10016
.loop_nesting 2
.no_stack_arguments
	 10016    0x06 0x60 0x00 0x00 0x00 0x00 0x00 0x00 0x40 0xba                                MOVA r0, #51;                                                                             JL #llvm___aie2p___acquire
.delay_slot
	 10026    0x17 0xc2 0xfd 0x18                                                                                                                                                        MOVX r1, #-1
.delay_slot
.swstall delay_slot
	 10030    0x00 0x00                                                                        NOPX
.delay_slot
.swstall delay_slot
	 10032    0x00 0x00                                                                        NOPX
.delay_slot
.swstall delay_slot
	 10034    0x00 0x00                                                                        NOPX
.delay_slot
.swstall delay_slot
	 10036    0x00 0x2c 0xf0 0x00 0x20 0x00 0x00 0x00 0x00 0xad 0x81 0x36                      NOPA;                         NOPB;                         NOPS;                         NOPX
.return_address
.no_stack_arguments
	 10048    0x06 0x20 0x00 0x00 0x00 0x00 0x00 0x00 0x40 0xba                                MOVA r0, #49;                                                                             JL #llvm___aie2p___acquire
.delay_slot
	 10058    0x17 0xc2 0xfd 0x18                                                                                                                                                        MOVX r1, #-1
.delay_slot
.swstall delay_slot
	 10062    0x00 0x00                                                                        NOPX
.delay_slot
.swstall delay_slot
	 10064    0x00 0x00                                                                        NOPX
.delay_slot
.swstall delay_slot
	 10066    0x00 0x00                                                                        NOPX
.delay_slot
.swstall delay_slot
	 10068    0x00 0x2c 0xf0 0x00 0x20 0x00 0x00 0x00 0x00 0xad 0x81 0x36                      NOPA;                         NOPB;                         NOPS;                         NOPX
.return_address
.no_stack_arguments
	 10080    0x00 0x00 0x00 0x00 0x01 0x04                                                                                                                                              JL #matmul_vectorized_bfp16
.delay_slot
	 10086    0x00 0x00 0x00 0xc0 0x00 0x44                                                                                                                                              MOVXM p0, #A_L2L1_1_5_cons_buff_0
.delay_slot
	 10092    0x00 0x00 0x02 0xc0 0x00 0x44                                                                                                                                              MOVXM p1, #B_L2L1_5_1_cons_buff_0
.delay_slot
	 10098    0xd0 0x91 0x60 0x01 0x36 0x60 0x70 0x02                                                                                                      MOVS p6, p1;                                                MOV p2, p6
.delay_slot
	 10106    0x1f 0x64 0xc0 0xf8                                                                                                                                                                                      MOV p7, p2
.delay_slot
.swstall delay_slot
	 10110    0x00 0x00                                                                        NOPX
.return_address
.no_stack_arguments
	 10112    0x06 0x00 0x00 0x00 0x00 0x00 0x00 0x00 0x40 0xba                                MOVA r0, #48;                                                                             JL #llvm___aie2p___release
.delay_slot
	 10122    0x10 0x02 0x05 0x18                                                                                                                                                        MOVX r1, #1
.delay_slot
.swstall delay_slot
	 10126    0x00 0x00                                                                        NOPX
.delay_slot
.swstall delay_slot
	 10128    0x00 0x00                                                                        NOPX
.delay_slot
.swstall delay_slot
	 10130    0x00 0x00                                                                        NOPX
.delay_slot
.swstall delay_slot
	 10132    0x00 0x2c 0xf0 0x00 0x20 0x00 0x00 0x00 0x00 0xad 0x81 0x36                      NOPA;                         NOPB;                         NOPS;                         NOPX
.return_address
.no_stack_arguments
	 10144    0x06 0x20 0x00 0x00 0x00 0x00 0x00 0x00 0x40 0xba                                MOVA r0, #49;                                                                             JL #llvm___aie2p___acquire
.delay_slot
	 10154    0x17 0xc2 0xfd 0x18                                                                                                                                                        MOVX r1, #-1
.delay_slot
.swstall delay_slot
	 10158    0x00 0x00                                                                        NOPX
.delay_slot
.swstall delay_slot
	 10160    0x00 0x00                                                                        NOPX
.delay_slot
.swstall delay_slot
	 10162    0x00 0x00                                                                        NOPX
.delay_slot
.swstall delay_slot
	 10164    0x00 0x2c 0xf0 0x00 0x20 0x00 0x00 0x00 0x00 0xad 0x81 0x36                      NOPA;                         NOPB;                         NOPS;                         NOPX
.return_address
.no_stack_arguments
	 10176    0x33 0x11 0x60 0x00 0x00 0x00 0x00 0x00 0x41 0x3a                                                                                            MOVS p1, p6;                  JL #matmul_vectorized_bfp16
.delay_slot
	 10186    0x1a 0x6e 0xc0 0xf8                                                                                                                                                                                      MOV p2, p7
.delay_slot
	 10190    0x00 0x00 0x00 0xc0 0x00 0x44                                                                                                                                              MOVXM p0, #A_L2L1_1_5_cons_buff_1
.delay_slot
.swstall delay_slot
	 10196    0x00 0x00                                                                        NOPX
.delay_slot
.swstall delay_slot
	 10198    0x00 0x00                                                                        NOPX
.delay_slot
.swstall delay_slot
	 10200    0x00 0x2c 0xf0 0x04 0x00 0x00 0x1c 0x22                                          NOPA;                                                                                                                                                           NOPV
.return_address
.no_stack_arguments
	 10208    0x06 0x00 0x00 0x00 0x00 0x00 0x00 0x00 0x40 0xba                                MOVA r0, #48;                                                                             JL #llvm___aie2p___release
.delay_slot
	 10218    0x10 0x02 0x05 0x18                                                                                                                                                        MOVX r1, #1
.delay_slot
.swstall delay_slot
	 10222    0x00 0x00                                                                        NOPX
.delay_slot
.swstall delay_slot
	 10224    0x00 0x00                                                                        NOPX
.delay_slot
.swstall delay_slot
	 10226    0x00 0x00                                                                        NOPX
.delay_slot
.swstall delay_slot
	 10228    0x00 0x2c 0xf0 0x00 0x20 0x00 0x00 0x00 0x00 0xad 0x81 0x36                      NOPA;                         NOPB;                         NOPS;                         NOPX
.return_address
.no_stack_arguments
	 10240    0x06 0x20 0x00 0x00 0x00 0x00 0x00 0x00 0x40 0xba                                MOVA r0, #49;                                                                             JL #llvm___aie2p___acquire
.delay_slot
	 10250    0x17 0xc2 0xfd 0x18                                                                                                                                                        MOVX r1, #-1
.delay_slot
.swstall delay_slot
	 10254    0x00 0x00                                                                        NOPX
.delay_slot
.swstall delay_slot
	 10256    0x00 0x00                                                                        NOPX
.delay_slot
.swstall delay_slot
	 10258    0x00 0x00                                                                        NOPX
.delay_slot
.swstall delay_slot
	 10260    0x00 0x2c 0xf0 0x00 0x20 0x00 0x00 0x00 0x00 0xad 0x81 0x36                      NOPA;                         NOPB;                         NOPS;                         NOPX
.return_address
.no_stack_arguments
	 10272    0x33 0x11 0x60 0x00 0x00 0x00 0x00 0x00 0x41 0x3a                                                                                            MOVS p1, p6;                  JL #matmul_vectorized_bfp16
.delay_slot
	 10282    0x1a 0x6e 0xc0 0xf8                                                                                                                                                                                      MOV p2, p7
.delay_slot
	 10286    0x00 0x00 0x00 0xc0 0x00 0x44                                                                                                                                              MOVXM p0, #A_L2L1_1_5_cons_buff_0
.delay_slot
.swstall delay_slot
	 10292    0x00 0x00                                                                        NOPX
.delay_slot
.swstall delay_slot
	 10294    0x00 0x00                                                                        NOPX
.delay_slot
.swstall delay_slot
	 10296    0x00 0x2c 0xf0 0x04 0x00 0x00 0x1c 0x22                                          NOPA;                                                                                                                                                           NOPV
.return_address
.no_stack_arguments
	 10304    0x06 0x00 0x00 0x00 0x00 0x00 0x00 0x00 0x40 0xba                                MOVA r0, #48;                                                                             JL #llvm___aie2p___release
.delay_slot
	 10314    0x10 0x02 0x05 0x18                                                                                                                                                        MOVX r1, #1
.delay_slot
.swstall delay_slot
	 10318    0x00 0x00                                                                        NOPX
.delay_slot
.swstall delay_slot
	 10320    0x00 0x00                                                                        NOPX
.delay_slot
.swstall delay_slot
	 10322    0x00 0x00                                                                        NOPX
.delay_slot
.swstall delay_slot
	 10324    0x00 0x2c 0xf0 0x00 0x20 0x00 0x00 0x00 0x00 0xad 0x81 0x36                      NOPA;                         NOPB;                         NOPS;                         NOPX
.return_address
.no_stack_arguments
	 10336    0x06 0x20 0x00 0x00 0x00 0x00 0x00 0x00 0x40 0xba                                MOVA r0, #49;                                                                             JL #llvm___aie2p___acquire
.delay_slot
	 10346    0x17 0xc2 0xfd 0x18                                                                                                                                                        MOVX r1, #-1
.delay_slot
.swstall delay_slot
	 10350    0x00 0x00                                                                        NOPX
.delay_slot
.swstall delay_slot
	 10352    0x00 0x00                                                                        NOPX
.delay_slot
.swstall delay_slot
	 10354    0x00 0x00                                                                        NOPX
.delay_slot
.swstall delay_slot
	 10356    0x00 0x2c 0xf0 0x00 0x20 0x00 0x00 0x00 0x00 0xad 0x81 0x36                      NOPA;                         NOPB;                         NOPS;                         NOPX
.return_address
.no_stack_arguments
	 10368    0x33 0x11 0x60 0x00 0x00 0x00 0x00 0x00 0x41 0x3a                                                                                            MOVS p1, p6;                  JL #matmul_vectorized_bfp16
.delay_slot
	 10378    0x1a 0x6e 0xc0 0xf8                                                                                                                                                                                      MOV p2, p7
.delay_slot
	 10382    0x00 0x00 0x00 0xc0 0x00 0x44                                                                                                                                              MOVXM p0, #A_L2L1_1_5_cons_buff_1
.delay_slot
.swstall delay_slot
	 10388    0x00 0x00                                                                        NOPX
.delay_slot
.swstall delay_slot
	 10390    0x00 0x00                                                                        NOPX
.delay_slot
.swstall delay_slot
	 10392    0x00 0x2c 0xf0 0x04 0x00 0x00 0x1c 0x22                                          NOPA;                                                                                                                                                           NOPV
.return_address
.no_stack_arguments
	 10400    0x06 0x00 0x00 0x00 0x00 0x00 0x00 0x00 0x40 0xba                                MOVA r0, #48;                                                                             JL #llvm___aie2p___release
.delay_slot
	 10410    0x10 0x02 0x05 0x18                                                                                                                                                        MOVX r1, #1
.delay_slot
.swstall delay_slot
	 10414    0x00 0x00                                                                        NOPX
.delay_slot
.swstall delay_slot
	 10416    0x00 0x00                                                                        NOPX
.delay_slot
.swstall delay_slot
	 10418    0x00 0x00                                                                        NOPX
.delay_slot
.swstall delay_slot
	 10420    0x00 0x2c 0xf0 0x00 0x20 0x00 0x00 0x00 0x00 0xad 0x81 0x36                      NOPA;                         NOPB;                         NOPS;                         NOPX
.return_address
.no_stack_arguments
	 10432    0x06 0x20 0x00 0x00 0x00 0x00 0x00 0x00 0x40 0xba                                MOVA r0, #49;                                                                             JL #llvm___aie2p___acquire
.delay_slot
	 10442    0x17 0xc2 0xfd 0x18                                                                                                                                                        MOVX r1, #-1
.delay_slot
.swstall delay_slot
	 10446    0x00 0x00                                                                        NOPX
.delay_slot
.swstall delay_slot
	 10448    0x00 0x00                                                                        NOPX
.delay_slot
.swstall delay_slot
	 10450    0x00 0x00                                                                        NOPX
.delay_slot
.swstall delay_slot
	 10452    0x00 0x2c 0xf0 0x00 0x20 0x00 0x00 0x00 0x00 0xad 0x81 0x36                      NOPA;                         NOPB;                         NOPS;                         NOPX
.return_address
.no_stack_arguments
	 10464    0x33 0x11 0x60 0x00 0x00 0x00 0x00 0x00 0x41 0x3a                                                                                            MOVS p1, p6;                  JL #matmul_vectorized_bfp16
.delay_slot
	 10474    0x1a 0x6e 0xc0 0xf8                                                                                                                                                                                      MOV p2, p7
.delay_slot
	 10478    0x00 0x00 0x00 0xc0 0x00 0x44                                                                                                                                              MOVXM p0, #A_L2L1_1_5_cons_buff_0
.delay_slot
.swstall delay_slot
	 10484    0x00 0x00                                                                        NOPX
.delay_slot
.swstall delay_slot
	 10486    0x00 0x00                                                                        NOPX
.delay_slot
.swstall delay_slot
	 10488    0x00 0x2c 0xf0 0x04 0x00 0x00 0x1c 0x22                                          NOPA;                                                                                                                                                           NOPV
.return_address
.no_stack_arguments
	 10496    0x06 0x00 0x00 0x00 0x00 0x00 0x00 0x00 0x40 0xba                                MOVA r0, #48;                                                                             JL #llvm___aie2p___release
.delay_slot
	 10506    0x10 0x02 0x05 0x18                                                                                                                                                        MOVX r1, #1
.delay_slot
.swstall delay_slot
	 10510    0x00 0x00                                                                        NOPX
.delay_slot
.swstall delay_slot
	 10512    0x00 0x00                                                                        NOPX
.delay_slot
.swstall delay_slot
	 10514    0x00 0x00                                                                        NOPX
.delay_slot
.swstall delay_slot
	 10516    0x00 0x2c 0xf0 0x00 0x20 0x00 0x00 0x00 0x00 0xad 0x81 0x36                      NOPA;                         NOPB;                         NOPS;                         NOPX
.return_address
.no_stack_arguments
	 10528    0x06 0x20 0x00 0x00 0x00 0x00 0x00 0x00 0x40 0xba                                MOVA r0, #49;                                                                             JL #llvm___aie2p___acquire
.delay_slot
	 10538    0x17 0xc2 0xfd 0x18                                                                                                                                                        MOVX r1, #-1
.delay_slot
.swstall delay_slot
	 10542    0x00 0x00                                                                        NOPX
.delay_slot
.swstall delay_slot
	 10544    0x00 0x00                                                                        NOPX
.delay_slot
.swstall delay_slot
	 10546    0x00 0x00                                                                        NOPX
.delay_slot
.swstall delay_slot
	 10548    0x00 0x2c 0xf0 0x00 0x20 0x00 0x00 0x00 0x00 0xad 0x81 0x36                      NOPA;                         NOPB;                         NOPS;                         NOPX
.return_address
.no_stack_arguments
	 10560    0x53 0x91 0x60 0x00 0x00 0x00 0x00 0x00 0x41 0x3a                                                                                            MOVS p2, p7;                  JL #matmul_vectorized_bfp16
.delay_slot
	 10570    0x33 0x11 0x60 0x00 0x00 0x00 0x30 0x00 0x11 0x3a                                                                                            MOVS p1, p6;                  MOVXM p0, #A_L2L1_1_5_cons_buff_1
.delay_slot
	 10580    0x1e 0x64 0xc0 0xf8                                                                                                                                                                                      MOV p6, p2
.delay_slot
.swstall delay_slot
	 10584    0x00 0x00                                                                        NOPX
.delay_slot
.swstall delay_slot
	 10586    0x00 0x00                                                                        NOPX
.delay_slot
.swstall delay_slot
	 10588    0x00 0x01 0x67 0x98                                                              NOPA
.return_address
.no_stack_arguments
	 10592    0x06 0x00 0x00 0x00 0x00 0x00 0x00 0x00 0x40 0xba                                MOVA r0, #48;                                                                             JL #llvm___aie2p___release
.delay_slot
	 10602    0x10 0x02 0x05 0x18                                                                                                                                                        MOVX r1, #1
.delay_slot
.swstall delay_slot
	 10606    0x00 0x00                                                                        NOPX
.delay_slot
.swstall delay_slot
	 10608    0x00 0x00                                                                        NOPX
.delay_slot
.swstall delay_slot
	 10610    0x00 0x00                                                                        NOPX
.delay_slot
.swstall delay_slot
	 10612    0x00 0x2c 0xf0 0x00 0x20 0x00 0x00 0x00 0x00 0xad 0x81 0x36                      NOPA;                         NOPB;                         NOPS;                         NOPX
.return_address
.no_stack_arguments
	 10624    0x06 0x40 0x00 0x00 0x00 0x00 0x00 0x00 0x40 0xba                                MOVA r0, #50;                                                                             JL #llvm___aie2p___release
.delay_slot
	 10634    0x10 0x02 0x05 0x18                                                                                                                                                        MOVX r1, #1
.delay_slot
.swstall delay_slot
	 10638    0x00 0x00                                                                        NOPX
.delay_slot
.swstall delay_slot
	 10640    0x00 0x00                                                                        NOPX
.delay_slot
.swstall delay_slot
	 10642    0x00 0x00                                                                        NOPX
.delay_slot
.swstall delay_slot
	 10644    0x00 0x2c 0xf0 0x00 0x20 0x00 0x00 0x00 0x00 0xad 0x81 0x36                      NOPA;                         NOPB;                         NOPS;                         NOPX
.return_address
.no_stack_arguments
	 10656    0x06 0x60 0x00 0x00 0x00 0x00 0x00 0x00 0x40 0xba                                MOVA r0, #51;                                                                             JL #llvm___aie2p___acquire
.delay_slot
	 10666    0x17 0xc2 0xfd 0x18                                                                                                                                                        MOVX r1, #-1
.delay_slot
.swstall delay_slot
	 10670    0x00 0x00                                                                        NOPX
.delay_slot
.swstall delay_slot
	 10672    0x00 0x00                                                                        NOPX
.delay_slot
.swstall delay_slot
	 10674    0x00 0x00                                                                        NOPX
.delay_slot
.swstall delay_slot
	 10676    0x00 0x2c 0xf0 0x00 0x20 0x00 0x00 0x00 0x00 0xad 0x81 0x36                      NOPA;                         NOPB;                         NOPS;                         NOPX
.return_address
.no_stack_arguments
	 10688    0x06 0x20 0x00 0x00 0x00 0x00 0x00 0x00 0x40 0xba                                MOVA r0, #49;                                                                             JL #llvm___aie2p___acquire
.delay_slot
	 10698    0x17 0xc2 0xfd 0x18                                                                                                                                                        MOVX r1, #-1
.delay_slot
.swstall delay_slot
	 10702    0x00 0x00                                                                        NOPX
.delay_slot
.swstall delay_slot
	 10704    0x00 0x00                                                                        NOPX
.delay_slot
.swstall delay_slot
	 10706    0x00 0x00                                                                        NOPX
.delay_slot
.swstall delay_slot
	 10708    0x00 0x2c 0xf0 0x00 0x20 0x00 0x00 0x00 0x00 0xad 0x81 0x36                      NOPA;                         NOPB;                         NOPS;                         NOPX
.return_address
.no_stack_arguments
	 10720    0x00 0x00 0x00 0x00 0x01 0x04                                                                                                                                              JL #matmul_vectorized_bfp16
.delay_slot
	 10726    0x00 0x00 0x00 0xc0 0x00 0x44                                                                                                                                              MOVXM p0, #A_L2L1_1_5_cons_buff_0
.delay_slot
	 10732    0x00 0x00 0x02 0xc0 0x00 0x44                                                                                                                                              MOVXM p1, #B_L2L1_5_1_cons_buff_1
.delay_slot
	 10738    0x1a 0x6c 0xc0 0xf8                                                                                                                                                                                      MOV p2, p6
.delay_slot
.swstall delay_slot
	 10742    0x00 0x00                                                                        NOPX
.delay_slot
.swstall delay_slot
	 10744    0x00 0x2c 0xf0 0x04 0x00 0x00 0x1c 0x22                                          NOPA;                                                                                                                                                           NOPV
.return_address
.no_stack_arguments
	 10752    0x06 0x00 0x00 0x00 0x00 0x00 0x00 0x00 0x40 0xba                                MOVA r0, #48;                                                                             JL #llvm___aie2p___release
.delay_slot
	 10762    0x10 0x02 0x05 0x18                                                                                                                                                        MOVX r1, #1
.delay_slot
.swstall delay_slot
	 10766    0x00 0x00                                                                        NOPX
.delay_slot
.swstall delay_slot
	 10768    0x00 0x00                                                                        NOPX
.delay_slot
.swstall delay_slot
	 10770    0x00 0x00                                                                        NOPX
.delay_slot
.swstall delay_slot
	 10772    0x00 0x2c 0xf0 0x00 0x20 0x00 0x00 0x00 0x00 0xad 0x81 0x36                      NOPA;                         NOPB;                         NOPS;                         NOPX
.return_address
.no_stack_arguments
	 10784    0x06 0x20 0x00 0x00 0x00 0x00 0x00 0x00 0x40 0xba                                MOVA r0, #49;                                                                             JL #llvm___aie2p___acquire
.delay_slot
	 10794    0x17 0xc2 0xfd 0x18                                                                                                                                                        MOVX r1, #-1
.delay_slot
.swstall delay_slot
	 10798    0x00 0x00                                                                        NOPX
.delay_slot
.swstall delay_slot
	 10800    0x00 0x00                                                                        NOPX
.delay_slot
.swstall delay_slot
	 10802    0x00 0x00                                                                        NOPX
.delay_slot
.swstall delay_slot
	 10804    0x00 0x2c 0xf0 0x00 0x20 0x00 0x00 0x00 0x00 0xad 0x81 0x36                      NOPA;                         NOPB;                         NOPS;                         NOPX
.return_address
.no_stack_arguments
	 10816    0x00 0x00 0x00 0x00 0x01 0x04                                                                                                                                              JL #matmul_vectorized_bfp16
.delay_slot
	 10822    0x00 0x00 0x00 0xc0 0x00 0x44                                                                                                                                              MOVXM p0, #A_L2L1_1_5_cons_buff_1
.delay_slot
	 10828    0x00 0x00 0x02 0xc0 0x00 0x44                                                                                                                                              MOVXM p1, #B_L2L1_5_1_cons_buff_1
.delay_slot
	 10834    0x1a 0x6c 0xc0 0xf8                                                                                                                                                                                      MOV p2, p6
.delay_slot
.swstall delay_slot
	 10838    0x00 0x00                                                                        NOPX
.delay_slot
.swstall delay_slot
	 10840    0x00 0x2c 0xf0 0x04 0x00 0x00 0x1c 0x22                                          NOPA;                                                                                                                                                           NOPV
.return_address
.no_stack_arguments
	 10848    0x06 0x00 0x00 0x00 0x00 0x00 0x00 0x00 0x40 0xba                                MOVA r0, #48;                                                                             JL #llvm___aie2p___release
.delay_slot
	 10858    0x10 0x02 0x05 0x18                                                                                                                                                        MOVX r1, #1
.delay_slot
.swstall delay_slot
	 10862    0x00 0x00                                                                        NOPX
.delay_slot
.swstall delay_slot
	 10864    0x00 0x00                                                                        NOPX
.delay_slot
.swstall delay_slot
	 10866    0x00 0x00                                                                        NOPX
.delay_slot
.swstall delay_slot
	 10868    0x00 0x2c 0xf0 0x00 0x20 0x00 0x00 0x00 0x00 0xad 0x81 0x36                      NOPA;                         NOPB;                         NOPS;                         NOPX
.return_address
.no_stack_arguments
	 10880    0x06 0x20 0x00 0x00 0x00 0x00 0x00 0x00 0x40 0xba                                MOVA r0, #49;                                                                             JL #llvm___aie2p___acquire
.delay_slot
	 10890    0x17 0xc2 0xfd 0x18                                                                                                                                                        MOVX r1, #-1
.delay_slot
.swstall delay_slot
	 10894    0x00 0x00                                                                        NOPX
.delay_slot
.swstall delay_slot
	 10896    0x00 0x00                                                                        NOPX
.delay_slot
.swstall delay_slot
	 10898    0x00 0x00                                                                        NOPX
.delay_slot
.swstall delay_slot
	 10900    0x00 0x2c 0xf0 0x00 0x20 0x00 0x00 0x00 0x00 0xad 0x81 0x36                      NOPA;                         NOPB;                         NOPS;                         NOPX
.return_address
.no_stack_arguments
	 10912    0x00 0x00 0x00 0x00 0x01 0x04                                                                                                                                              JL #matmul_vectorized_bfp16
.delay_slot
	 10918    0x00 0x00 0x00 0xc0 0x00 0x44                                                                                                                                              MOVXM p0, #A_L2L1_1_5_cons_buff_0
.delay_slot
	 10924    0x00 0x00 0x02 0xc0 0x00 0x44                                                                                                                                              MOVXM p1, #B_L2L1_5_1_cons_buff_1
.delay_slot
	 10930    0x1a 0x6c 0xc0 0xf8                                                                                                                                                                                      MOV p2, p6
.delay_slot
.swstall delay_slot
	 10934    0x00 0x00                                                                        NOPX
.delay_slot
.swstall delay_slot
	 10936    0x00 0x2c 0xf0 0x04 0x00 0x00 0x1c 0x22                                          NOPA;                                                                                                                                                           NOPV
.return_address
.no_stack_arguments
	 10944    0x06 0x00 0x00 0x00 0x00 0x00 0x00 0x00 0x40 0xba                                MOVA r0, #48;                                                                             JL #llvm___aie2p___release
.delay_slot
	 10954    0x10 0x02 0x05 0x18                                                                                                                                                        MOVX r1, #1
.delay_slot
.swstall delay_slot
	 10958    0x00 0x00                                                                        NOPX
.delay_slot
.swstall delay_slot
	 10960    0x00 0x00                                                                        NOPX
.delay_slot
.swstall delay_slot
	 10962    0x00 0x00                                                                        NOPX
.delay_slot
.swstall delay_slot
	 10964    0x00 0x2c 0xf0 0x00 0x20 0x00 0x00 0x00 0x00 0xad 0x81 0x36                      NOPA;                         NOPB;                         NOPS;                         NOPX
.return_address
.no_stack_arguments
	 10976    0x06 0x20 0x00 0x00 0x00 0x00 0x00 0x00 0x40 0xba                                MOVA r0, #49;                                                                             JL #llvm___aie2p___acquire
.delay_slot
	 10986    0x17 0xc2 0xfd 0x18                                                                                                                                                        MOVX r1, #-1
.delay_slot
.swstall delay_slot
	 10990    0x00 0x00                                                                        NOPX
.delay_slot
.swstall delay_slot
	 10992    0x00 0x00                                                                        NOPX
.delay_slot
.swstall delay_slot
	 10994    0x00 0x00                                                                        NOPX
.delay_slot
.swstall delay_slot
	 10996    0x00 0x2c 0xf0 0x00 0x20 0x00 0x00 0x00 0x00 0xad 0x81 0x36                      NOPA;                         NOPB;                         NOPS;                         NOPX
.return_address
.no_stack_arguments
	 11008    0x00 0x00 0x00 0x00 0x01 0x04                                                                                                                                              JL #matmul_vectorized_bfp16
.delay_slot
	 11014    0x00 0x00 0x00 0xc0 0x00 0x44                                                                                                                                              MOVXM p0, #A_L2L1_1_5_cons_buff_1
.delay_slot
	 11020    0x00 0x00 0x02 0xc0 0x00 0x44                                                                                                                                              MOVXM p1, #B_L2L1_5_1_cons_buff_1
.delay_slot
	 11026    0x1a 0x6c 0xc0 0xf8                                                                                                                                                                                      MOV p2, p6
.delay_slot
.swstall delay_slot
	 11030    0x00 0x00                                                                        NOPX
.delay_slot
.swstall delay_slot
	 11032    0x00 0x2c 0xf0 0x04 0x00 0x00 0x1c 0x22                                          NOPA;                                                                                                                                                           NOPV
.return_address
.no_stack_arguments
	 11040    0x06 0x00 0x00 0x00 0x00 0x00 0x00 0x00 0x40 0xba                                MOVA r0, #48;                                                                             JL #llvm___aie2p___release
.delay_slot
	 11050    0x10 0x02 0x05 0x18                                                                                                                                                        MOVX r1, #1
.delay_slot
.swstall delay_slot
	 11054    0x00 0x00                                                                        NOPX
.delay_slot
.swstall delay_slot
	 11056    0x00 0x00                                                                        NOPX
.delay_slot
.swstall delay_slot
	 11058    0x00 0x00                                                                        NOPX
.delay_slot
.swstall delay_slot
	 11060    0x00 0x2c 0xf0 0x00 0x20 0x00 0x00 0x00 0x00 0xad 0x81 0x36                      NOPA;                         NOPB;                         NOPS;                         NOPX
.return_address
.no_stack_arguments
	 11072    0x06 0x20 0x00 0x00 0x00 0x00 0x00 0x00 0x40 0xba                                MOVA r0, #49;                                                                             JL #llvm___aie2p___acquire
.delay_slot
	 11082    0x17 0xc2 0xfd 0x18                                                                                                                                                        MOVX r1, #-1
.delay_slot
.swstall delay_slot
	 11086    0x00 0x00                                                                        NOPX
.delay_slot
.swstall delay_slot
	 11088    0x00 0x00                                                                        NOPX
.delay_slot
.swstall delay_slot
	 11090    0x00 0x00                                                                        NOPX
.delay_slot
.swstall delay_slot
	 11092    0x00 0x2c 0xf0 0x00 0x20 0x00 0x00 0x00 0x00 0xad 0x81 0x36                      NOPA;                         NOPB;                         NOPS;                         NOPX
.return_address
.no_stack_arguments
	 11104    0x00 0x00 0x00 0x00 0x01 0x04                                                                                                                                              JL #matmul_vectorized_bfp16
.delay_slot
	 11110    0x00 0x00 0x00 0xc0 0x00 0x44                                                                                                                                              MOVXM p0, #A_L2L1_1_5_cons_buff_0
.delay_slot
	 11116    0x00 0x00 0x02 0xc0 0x00 0x44                                                                                                                                              MOVXM p1, #B_L2L1_5_1_cons_buff_1
.delay_slot
	 11122    0x1a 0x6c 0xc0 0xf8                                                                                                                                                                                      MOV p2, p6
.delay_slot
.swstall delay_slot
	 11126    0x00 0x00                                                                        NOPX
.delay_slot
.swstall delay_slot
	 11128    0x00 0x2c 0xf0 0x04 0x00 0x00 0x1c 0x22                                          NOPA;                                                                                                                                                           NOPV
.return_address
.no_stack_arguments
	 11136    0x06 0x00 0x00 0x00 0x00 0x00 0x00 0x00 0x40 0xba                                MOVA r0, #48;                                                                             JL #llvm___aie2p___release
.delay_slot
	 11146    0x10 0x02 0x05 0x18                                                                                                                                                        MOVX r1, #1
.delay_slot
.swstall delay_slot
	 11150    0x00 0x00                                                                        NOPX
.delay_slot
.swstall delay_slot
	 11152    0x00 0x00                                                                        NOPX
.delay_slot
.swstall delay_slot
	 11154    0x00 0x00                                                                        NOPX
.delay_slot
.swstall delay_slot
	 11156    0x00 0x2c 0xf0 0x00 0x20 0x00 0x00 0x00 0x00 0xad 0x81 0x36                      NOPA;                         NOPB;                         NOPS;                         NOPX
.return_address
.no_stack_arguments
	 11168    0x00 0x00 0x00 0x00 0x01 0x04                                                                                                                                              JL #llvm___aie2p___acquire
.delay_slot
	 11174    0x06 0x20 0x00 0x00 0x00 0x0b 0xb3 0x90 0x10 0xba                                MOVA r0, #49;                                                                             MOVXM p7, #(TGT_Fcore_5_3_10016 + 0)
.delay_slot
	 11184    0x17 0xc2 0xfd 0x18                                                                                                                                                        MOVX r1, #-1
.delay_slot
.swstall delay_slot
	 11188    0x00 0x00                                                                        NOPX
.delay_slot
.swstall delay_slot
	 11190    0x00 0x00                                                                        NOPX
.delay_slot
.swstall delay_slot
	 11192    0x00 0x2c 0xf0 0x04 0x00 0x00 0x1c 0x22                                          NOPA;                                                                                                                                                           NOPV
.return_address
.no_stack_arguments
	 11200    0x00 0x00 0x00 0x00 0x01 0x04                                                                                                                                              JL #matmul_vectorized_bfp16
.delay_slot
	 11206    0x00 0x00 0x00 0xc0 0x00 0x44                                                                                                                                              MOVXM p0, #A_L2L1_1_5_cons_buff_1
.delay_slot
	 11212    0x00 0x00 0x02 0xc0 0x00 0x44                                                                                                                                              MOVXM p1, #B_L2L1_5_1_cons_buff_1
.delay_slot
	 11218    0x1a 0x6c 0xc0 0xf8                                                                                                                                                                                      MOV p2, p6
.delay_slot
.swstall delay_slot
	 11222    0x00 0x00                                                                        NOPX
.delay_slot
.swstall delay_slot
	 11224    0x00 0x2c 0xf0 0x04 0x00 0x00 0x1c 0x22                                          NOPA;                                                                                                                                                           NOPV
.return_address
.no_stack_arguments
	 11232    0x06 0x00 0x00 0x00 0x00 0x00 0x00 0x00 0x40 0xba                                MOVA r0, #48;                                                                             JL #llvm___aie2p___release
.delay_slot
	 11242    0x10 0x02 0x05 0x18                                                                                                                                                        MOVX r1, #1
.delay_slot
.swstall delay_slot
	 11246    0x00 0x00                                                                        NOPX
.delay_slot
.swstall delay_slot
	 11248    0x00 0x00                                                                        NOPX
.delay_slot
.swstall delay_slot
	 11250    0x00 0x00                                                                        NOPX
.delay_slot
.swstall delay_slot
	 11252    0x00 0x2c 0xf0 0x00 0x20 0x00 0x00 0x00 0x00 0xad 0x81 0x36                      NOPA;                         NOPB;                         NOPS;                         NOPX
.return_address
.no_stack_arguments
	 11264    0x06 0x40 0x00 0x00 0x00 0x00 0x00 0x00 0x40 0xba                                MOVA r0, #50;                                                                             JL #llvm___aie2p___release
.delay_slot
	 11274    0x10 0x02 0x05 0x18                                                                                                                                                        MOVX r1, #1
.delay_slot
.swstall delay_slot
	 11278    0x00 0x00                                                                        NOPX
.delay_slot
.swstall delay_slot
	 11280    0x00 0x00                                                                        NOPX
.delay_slot
.swstall delay_slot
	 11282    0x00 0x00                                                                        NOPX
.delay_slot
.swstall delay_slot
	 11284    0x00 0x2c 0xf0 0x00 0x20 0x00 0x00 0x00 0x00 0xad 0x81 0x36                      NOPA;                         NOPB;                         NOPS;                         NOPX
.return_address
	 11296    0x13 0xdf 0xe0 0x18                                                                                                                                                        JNZD r15, r15, p7
.delay_slot
.swstall delay_slot
	 11300    0x00 0x00                                                                        NOPX
.delay_slot
.swstall delay_slot
	 11302    0x00 0x00                                                                        NOPX
.delay_slot
.swstall delay_slot
	 11304    0x00 0x00                                                                        NOPX
.delay_slot
.swstall delay_slot
	 11306    0x00 0x00                                                                        NOPX
.delay_slot
.swstall delay_slot
	 11308    0x00 0x00                                                                        NOPX
.loop_nesting 1
.no_stack_arguments
	 11310    0x06 0xa0 0x00 0x00 0x00 0x00 0x00 0x00 0x40 0xba                                MOVA r0, #53;                                                                             JL #llvm___aie2p___release
.delay_slot
	 11320    0x10 0x02 0x05 0x18                                                                                                                                                        MOVX r1, #1
.delay_slot
.swstall delay_slot
	 11324    0x00 0x00                                                                        NOPX
.delay_slot
.swstall delay_slot
	 11326    0x00 0x00                                                                        NOPX
.delay_slot
.swstall delay_slot
	 11328    0x00 0x00                                                                        NOPX
.delay_slot
.swstall delay_slot
	 11330    0x00 0x2c 0xf0 0x02 0xb6 0x00 0x00 0x40 0x1a 0x57 0x00 0x00 0x1c 0x2e            NOPA;                                                       NOPS;                                                       NOPM;                                   NOPV
.return_address
.no_stack_arguments
	 11344    0x06 0x80 0x00 0x00 0x00 0x00 0x00 0x00 0x40 0xba                                MOVA r0, #52;                                                                             JL #llvm___aie2p___acquire
.delay_slot
	 11354    0x17 0xc2 0xfd 0x18                                                                                                                                                        MOVX r1, #-1
.delay_slot
.swstall delay_slot
	 11358    0x00 0x00                                                                        NOPX
.delay_slot
.swstall delay_slot
	 11360    0x00 0x00                                                                        NOPX
.delay_slot
.swstall delay_slot
	 11362    0x00 0x00                                                                        NOPX
.delay_slot
.swstall delay_slot
	 11364    0x00 0x2c 0xf0 0x00 0x20 0x00 0x00 0x00 0x00 0xad 0x81 0x36                      NOPA;                         NOPB;                         NOPS;                         NOPX
.return_address
.no_stack_arguments
	 11376    0x00 0x00 0x00 0x00 0x01 0x04                                                                                                                                              JL #zero_kernel
.delay_slot
	 11382    0x00 0x00 0x0e 0xc0 0x00 0x44                                                                                                                                              MOVXM p7, #C_L1L2_5_1_buff_0
.delay_slot
	 11388    0x18 0x6c 0xc0 0xf8                                                                                                                                                                                      MOV p0, p6
.delay_slot
.swstall delay_slot
	 11392    0x00 0x00                                                                        NOPX
.delay_slot
.swstall delay_slot
	 11394    0x00 0x00                                                                        NOPX
.delay_slot
.swstall delay_slot
	 11396    0x00 0x2c 0xf0 0x00 0x20 0x00 0x00 0x00 0x00 0xad 0x81 0x36                      NOPA;                         NOPB;                         NOPS;                         NOPX
.return_address
	 11408    0x00 0x2c 0xf0 0x00 0x20 0x01 0x5b 0x00 0xc1 0x28 0x01 0xa5 0x78 0x00 0x00 0xe1  NOPA;                         NOPB;                         NOPS;                         MOVX r12, #9;                 NOPM;                                   NOPV
.label TGT_Fcore_5_3_11424
.loop_nesting 2
.no_stack_arguments
	 11424    0x06 0x60 0x00 0x00 0x00 0x00 0x00 0x00 0x40 0xba                                MOVA r0, #51;                                                                             JL #llvm___aie2p___acquire
.delay_slot
	 11434    0x17 0xc2 0xfd 0x18                                                                                                                                                        MOVX r1, #-1
.delay_slot
.swstall delay_slot
	 11438    0x00 0x00                                                                        NOPX
.delay_slot
.swstall delay_slot
	 11440    0x00 0x00                                                                        NOPX
.delay_slot
.swstall delay_slot
	 11442    0x00 0x00                                                                        NOPX
.delay_slot
.swstall delay_slot
	 11444    0x00 0x2c 0xf0 0x00 0x20 0x00 0x00 0x00 0x00 0xad 0x81 0x36                      NOPA;                         NOPB;                         NOPS;                         NOPX
.return_address
.no_stack_arguments
	 11456    0x06 0x20 0x00 0x00 0x00 0x00 0x00 0x00 0x40 0xba                                MOVA r0, #49;                                                                             JL #llvm___aie2p___acquire
.delay_slot
	 11466    0x17 0xc2 0xfd 0x18                                                                                                                                                        MOVX r1, #-1
.delay_slot
.swstall delay_slot
	 11470    0x00 0x00                                                                        NOPX
.delay_slot
.swstall delay_slot
	 11472    0x00 0x00                                                                        NOPX
.delay_slot
.swstall delay_slot
	 11474    0x00 0x00                                                                        NOPX
.delay_slot
.swstall delay_slot
	 11476    0x00 0x2c 0xf0 0x00 0x20 0x00 0x00 0x00 0x00 0xad 0x81 0x36                      NOPA;                         NOPB;                         NOPS;                         NOPX
.return_address
.no_stack_arguments
	 11488    0x53 0x91 0x60 0x00 0x00 0x00 0x00 0x00 0x41 0x3a                                                                                            MOVS p2, p7;                  JL #matmul_vectorized_bfp16
.delay_slot
	 11498    0x00 0x00 0x02 0xc0 0x00 0x44                                                                                                                                              MOVXM p1, #B_L2L1_5_1_cons_buff_0
.delay_slot
	 11504    0x00 0x00 0x00 0xc0 0x00 0x44                                                                                                                                              MOVXM p0, #A_L2L1_1_5_cons_buff_0
.delay_slot
	 11510    0x1e 0x62 0xc0 0xf8                                                                                                                                                                                      MOV p6, p1
.delay_slot
.swstall delay_slot
	 11514    0x00 0x00                                                                        NOPX
.delay_slot
.swstall delay_slot
	 11516    0x00 0x01 0x67 0x98                                                              NOPA
.return_address
.no_stack_arguments
	 11520    0x06 0x00 0x00 0x00 0x00 0x00 0x00 0x00 0x40 0xba                                MOVA r0, #48;                                                                             JL #llvm___aie2p___release
.delay_slot
	 11530    0x10 0x02 0x05 0x18                                                                                                                                                        MOVX r1, #1
.delay_slot
.swstall delay_slot
	 11534    0x00 0x00                                                                        NOPX
.delay_slot
.swstall delay_slot
	 11536    0x00 0x00                                                                        NOPX
.delay_slot
.swstall delay_slot
	 11538    0x00 0x00                                                                        NOPX
.delay_slot
.swstall delay_slot
	 11540    0x00 0x2c 0xf0 0x00 0x20 0x00 0x00 0x00 0x00 0xad 0x81 0x36                      NOPA;                         NOPB;                         NOPS;                         NOPX
.return_address
.no_stack_arguments
	 11552    0x06 0x20 0x00 0x00 0x00 0x00 0x00 0x00 0x40 0xba                                MOVA r0, #49;                                                                             JL #llvm___aie2p___acquire
.delay_slot
	 11562    0x17 0xc2 0xfd 0x18                                                                                                                                                        MOVX r1, #-1
.delay_slot
.swstall delay_slot
	 11566    0x00 0x00                                                                        NOPX
.delay_slot
.swstall delay_slot
	 11568    0x00 0x00                                                                        NOPX
.delay_slot
.swstall delay_slot
	 11570    0x00 0x00                                                                        NOPX
.delay_slot
.swstall delay_slot
	 11572    0x00 0x2c 0xf0 0x00 0x20 0x00 0x00 0x00 0x00 0xad 0x81 0x36                      NOPA;                         NOPB;                         NOPS;                         NOPX
.return_address
.no_stack_arguments
	 11584    0x33 0x11 0x60 0x00 0x00 0x00 0x00 0x00 0x41 0x3a                                                                                            MOVS p1, p6;                  JL #matmul_vectorized_bfp16
.delay_slot
	 11594    0x1a 0x6e 0xc0 0xf8                                                                                                                                                                                      MOV p2, p7
.delay_slot
	 11598    0x00 0x00 0x00 0xc0 0x00 0x44                                                                                                                                              MOVXM p0, #A_L2L1_1_5_cons_buff_1
.delay_slot
.swstall delay_slot
	 11604    0x00 0x00                                                                        NOPX
.delay_slot
.swstall delay_slot
	 11606    0x00 0x00                                                                        NOPX
.delay_slot
.swstall delay_slot
	 11608    0x00 0x2c 0xf0 0x04 0x00 0x00 0x1c 0x22                                          NOPA;                                                                                                                                                           NOPV
.return_address
.no_stack_arguments
	 11616    0x06 0x00 0x00 0x00 0x00 0x00 0x00 0x00 0x40 0xba                                MOVA r0, #48;                                                                             JL #llvm___aie2p___release
.delay_slot
	 11626    0x10 0x02 0x05 0x18                                                                                                                                                        MOVX r1, #1
.delay_slot
.swstall delay_slot
	 11630    0x00 0x00                                                                        NOPX
.delay_slot
.swstall delay_slot
	 11632    0x00 0x00                                                                        NOPX
.delay_slot
.swstall delay_slot
	 11634    0x00 0x00                                                                        NOPX
.delay_slot
.swstall delay_slot
	 11636    0x00 0x2c 0xf0 0x00 0x20 0x00 0x00 0x00 0x00 0xad 0x81 0x36                      NOPA;                         NOPB;                         NOPS;                         NOPX
.return_address
.no_stack_arguments
	 11648    0x06 0x20 0x00 0x00 0x00 0x00 0x00 0x00 0x40 0xba                                MOVA r0, #49;                                                                             JL #llvm___aie2p___acquire
.delay_slot
	 11658    0x17 0xc2 0xfd 0x18                                                                                                                                                        MOVX r1, #-1
.delay_slot
.swstall delay_slot
	 11662    0x00 0x00                                                                        NOPX
.delay_slot
.swstall delay_slot
	 11664    0x00 0x00                                                                        NOPX
.delay_slot
.swstall delay_slot
	 11666    0x00 0x00                                                                        NOPX
.delay_slot
.swstall delay_slot
	 11668    0x00 0x2c 0xf0 0x00 0x20 0x00 0x00 0x00 0x00 0xad 0x81 0x36                      NOPA;                         NOPB;                         NOPS;                         NOPX
.return_address
.no_stack_arguments
	 11680    0x33 0x11 0x60 0x00 0x00 0x00 0x00 0x00 0x41 0x3a                                                                                            MOVS p1, p6;                  JL #matmul_vectorized_bfp16
.delay_slot
	 11690    0x1a 0x6e 0xc0 0xf8                                                                                                                                                                                      MOV p2, p7
.delay_slot
	 11694    0x00 0x00 0x00 0xc0 0x00 0x44                                                                                                                                              MOVXM p0, #A_L2L1_1_5_cons_buff_0
.delay_slot
.swstall delay_slot
	 11700    0x00 0x00                                                                        NOPX
.delay_slot
.swstall delay_slot
	 11702    0x00 0x00                                                                        NOPX
.delay_slot
.swstall delay_slot
	 11704    0x00 0x2c 0xf0 0x04 0x00 0x00 0x1c 0x22                                          NOPA;                                                                                                                                                           NOPV
.return_address
.no_stack_arguments
	 11712    0x06 0x00 0x00 0x00 0x00 0x00 0x00 0x00 0x40 0xba                                MOVA r0, #48;                                                                             JL #llvm___aie2p___release
.delay_slot
	 11722    0x10 0x02 0x05 0x18                                                                                                                                                        MOVX r1, #1
.delay_slot
.swstall delay_slot
	 11726    0x00 0x00                                                                        NOPX
.delay_slot
.swstall delay_slot
	 11728    0x00 0x00                                                                        NOPX
.delay_slot
.swstall delay_slot
	 11730    0x00 0x00                                                                        NOPX
.delay_slot
.swstall delay_slot
	 11732    0x00 0x2c 0xf0 0x00 0x20 0x00 0x00 0x00 0x00 0xad 0x81 0x36                      NOPA;                         NOPB;                         NOPS;                         NOPX
.return_address
.no_stack_arguments
	 11744    0x06 0x20 0x00 0x00 0x00 0x00 0x00 0x00 0x40 0xba                                MOVA r0, #49;                                                                             JL #llvm___aie2p___acquire
.delay_slot
	 11754    0x17 0xc2 0xfd 0x18                                                                                                                                                        MOVX r1, #-1
.delay_slot
.swstall delay_slot
	 11758    0x00 0x00                                                                        NOPX
.delay_slot
.swstall delay_slot
	 11760    0x00 0x00                                                                        NOPX
.delay_slot
.swstall delay_slot
	 11762    0x00 0x00                                                                        NOPX
.delay_slot
.swstall delay_slot
	 11764    0x00 0x2c 0xf0 0x00 0x20 0x00 0x00 0x00 0x00 0xad 0x81 0x36                      NOPA;                         NOPB;                         NOPS;                         NOPX
.return_address
.no_stack_arguments
	 11776    0x33 0x11 0x60 0x00 0x00 0x00 0x00 0x00 0x41 0x3a                                                                                            MOVS p1, p6;                  JL #matmul_vectorized_bfp16
.delay_slot
	 11786    0x1a 0x6e 0xc0 0xf8                                                                                                                                                                                      MOV p2, p7
.delay_slot
	 11790    0x00 0x00 0x00 0xc0 0x00 0x44                                                                                                                                              MOVXM p0, #A_L2L1_1_5_cons_buff_1
.delay_slot
.swstall delay_slot
	 11796    0x00 0x00                                                                        NOPX
.delay_slot
.swstall delay_slot
	 11798    0x00 0x00                                                                        NOPX
.delay_slot
.swstall delay_slot
	 11800    0x00 0x2c 0xf0 0x04 0x00 0x00 0x1c 0x22                                          NOPA;                                                                                                                                                           NOPV
.return_address
.no_stack_arguments
	 11808    0x06 0x00 0x00 0x00 0x00 0x00 0x00 0x00 0x40 0xba                                MOVA r0, #48;                                                                             JL #llvm___aie2p___release
.delay_slot
	 11818    0x10 0x02 0x05 0x18                                                                                                                                                        MOVX r1, #1
.delay_slot
.swstall delay_slot
	 11822    0x00 0x00                                                                        NOPX
.delay_slot
.swstall delay_slot
	 11824    0x00 0x00                                                                        NOPX
.delay_slot
.swstall delay_slot
	 11826    0x00 0x00                                                                        NOPX
.delay_slot
.swstall delay_slot
	 11828    0x00 0x2c 0xf0 0x00 0x20 0x00 0x00 0x00 0x00 0xad 0x81 0x36                      NOPA;                         NOPB;                         NOPS;                         NOPX
.return_address
.no_stack_arguments
	 11840    0x06 0x20 0x00 0x00 0x00 0x00 0x00 0x00 0x40 0xba                                MOVA r0, #49;                                                                             JL #llvm___aie2p___acquire
.delay_slot
	 11850    0x17 0xc2 0xfd 0x18                                                                                                                                                        MOVX r1, #-1
.delay_slot
.swstall delay_slot
	 11854    0x00 0x00                                                                        NOPX
.delay_slot
.swstall delay_slot
	 11856    0x00 0x00                                                                        NOPX
.delay_slot
.swstall delay_slot
	 11858    0x00 0x00                                                                        NOPX
.delay_slot
.swstall delay_slot
	 11860    0x00 0x2c 0xf0 0x00 0x20 0x00 0x00 0x00 0x00 0xad 0x81 0x36                      NOPA;                         NOPB;                         NOPS;                         NOPX
.return_address
.no_stack_arguments
	 11872    0x33 0x11 0x60 0x00 0x00 0x00 0x00 0x00 0x41 0x3a                                                                                            MOVS p1, p6;                  JL #matmul_vectorized_bfp16
.delay_slot
	 11882    0x1a 0x6e 0xc0 0xf8                                                                                                                                                                                      MOV p2, p7
.delay_slot
	 11886    0x00 0x00 0x00 0xc0 0x00 0x44                                                                                                                                              MOVXM p0, #A_L2L1_1_5_cons_buff_0
.delay_slot
.swstall delay_slot
	 11892    0x00 0x00                                                                        NOPX
.delay_slot
.swstall delay_slot
	 11894    0x00 0x00                                                                        NOPX
.delay_slot
.swstall delay_slot
	 11896    0x00 0x2c 0xf0 0x04 0x00 0x00 0x1c 0x22                                          NOPA;                                                                                                                                                           NOPV
.return_address
.no_stack_arguments
	 11904    0x06 0x00 0x00 0x00 0x00 0x00 0x00 0x00 0x40 0xba                                MOVA r0, #48;                                                                             JL #llvm___aie2p___release
.delay_slot
	 11914    0x10 0x02 0x05 0x18                                                                                                                                                        MOVX r1, #1
.delay_slot
.swstall delay_slot
	 11918    0x00 0x00                                                                        NOPX
.delay_slot
.swstall delay_slot
	 11920    0x00 0x00                                                                        NOPX
.delay_slot
.swstall delay_slot
	 11922    0x00 0x00                                                                        NOPX
.delay_slot
.swstall delay_slot
	 11924    0x00 0x2c 0xf0 0x00 0x20 0x00 0x00 0x00 0x00 0xad 0x81 0x36                      NOPA;                         NOPB;                         NOPS;                         NOPX
.return_address
.no_stack_arguments
	 11936    0x06 0x20 0x00 0x00 0x00 0x00 0x00 0x00 0x40 0xba                                MOVA r0, #49;                                                                             JL #llvm___aie2p___acquire
.delay_slot
	 11946    0x17 0xc2 0xfd 0x18                                                                                                                                                        MOVX r1, #-1
.delay_slot
.swstall delay_slot
	 11950    0x00 0x00                                                                        NOPX
.delay_slot
.swstall delay_slot
	 11952    0x00 0x00                                                                        NOPX
.delay_slot
.swstall delay_slot
	 11954    0x00 0x00                                                                        NOPX
.delay_slot
.swstall delay_slot
	 11956    0x00 0x2c 0xf0 0x00 0x20 0x00 0x00 0x00 0x00 0xad 0x81 0x36                      NOPA;                         NOPB;                         NOPS;                         NOPX
.return_address
.no_stack_arguments
	 11968    0x53 0x91 0x60 0x00 0x00 0x00 0x00 0x00 0x41 0x3a                                                                                            MOVS p2, p7;                  JL #matmul_vectorized_bfp16
.delay_slot
	 11978    0x33 0x11 0x60 0x00 0x00 0x00 0x30 0x00 0x11 0x3a                                                                                            MOVS p1, p6;                  MOVXM p0, #A_L2L1_1_5_cons_buff_1
.delay_slot
	 11988    0x1e 0x64 0xc0 0xf8                                                                                                                                                                                      MOV p6, p2
.delay_slot
.swstall delay_slot
	 11992    0x00 0x00                                                                        NOPX
.delay_slot
.swstall delay_slot
	 11994    0x00 0x00                                                                        NOPX
.delay_slot
.swstall delay_slot
	 11996    0x00 0x01 0x67 0x98                                                              NOPA
.return_address
.no_stack_arguments
	 12000    0x06 0x00 0x00 0x00 0x00 0x00 0x00 0x00 0x40 0xba                                MOVA r0, #48;                                                                             JL #llvm___aie2p___release
.delay_slot
	 12010    0x10 0x02 0x05 0x18                                                                                                                                                        MOVX r1, #1
.delay_slot
.swstall delay_slot
	 12014    0x00 0x00                                                                        NOPX
.delay_slot
.swstall delay_slot
	 12016    0x00 0x00                                                                        NOPX
.delay_slot
.swstall delay_slot
	 12018    0x00 0x00                                                                        NOPX
.delay_slot
.swstall delay_slot
	 12020    0x00 0x2c 0xf0 0x00 0x20 0x00 0x00 0x00 0x00 0xad 0x81 0x36                      NOPA;                         NOPB;                         NOPS;                         NOPX
.return_address
.no_stack_arguments
	 12032    0x06 0x40 0x00 0x00 0x00 0x00 0x00 0x00 0x40 0xba                                MOVA r0, #50;                                                                             JL #llvm___aie2p___release
.delay_slot
	 12042    0x10 0x02 0x05 0x18                                                                                                                                                        MOVX r1, #1
.delay_slot
.swstall delay_slot
	 12046    0x00 0x00                                                                        NOPX
.delay_slot
.swstall delay_slot
	 12048    0x00 0x00                                                                        NOPX
.delay_slot
.swstall delay_slot
	 12050    0x00 0x00                                                                        NOPX
.delay_slot
.swstall delay_slot
	 12052    0x00 0x2c 0xf0 0x00 0x20 0x00 0x00 0x00 0x00 0xad 0x81 0x36                      NOPA;                         NOPB;                         NOPS;                         NOPX
.return_address
.no_stack_arguments
	 12064    0x06 0x60 0x00 0x00 0x00 0x00 0x00 0x00 0x40 0xba                                MOVA r0, #51;                                                                             JL #llvm___aie2p___acquire
.delay_slot
	 12074    0x17 0xc2 0xfd 0x18                                                                                                                                                        MOVX r1, #-1
.delay_slot
.swstall delay_slot
	 12078    0x00 0x00                                                                        NOPX
.delay_slot
.swstall delay_slot
	 12080    0x00 0x00                                                                        NOPX
.delay_slot
.swstall delay_slot
	 12082    0x00 0x00                                                                        NOPX
.delay_slot
.swstall delay_slot
	 12084    0x00 0x2c 0xf0 0x00 0x20 0x00 0x00 0x00 0x00 0xad 0x81 0x36                      NOPA;                         NOPB;                         NOPS;                         NOPX
.return_address
.no_stack_arguments
	 12096    0x06 0x20 0x00 0x00 0x00 0x00 0x00 0x00 0x40 0xba                                MOVA r0, #49;                                                                             JL #llvm___aie2p___acquire
.delay_slot
	 12106    0x17 0xc2 0xfd 0x18                                                                                                                                                        MOVX r1, #-1
.delay_slot
.swstall delay_slot
	 12110    0x00 0x00                                                                        NOPX
.delay_slot
.swstall delay_slot
	 12112    0x00 0x00                                                                        NOPX
.delay_slot
.swstall delay_slot
	 12114    0x00 0x00                                                                        NOPX
.delay_slot
.swstall delay_slot
	 12116    0x00 0x2c 0xf0 0x00 0x20 0x00 0x00 0x00 0x00 0xad 0x81 0x36                      NOPA;                         NOPB;                         NOPS;                         NOPX
.return_address
.no_stack_arguments
	 12128    0x00 0x00 0x00 0x00 0x01 0x04                                                                                                                                              JL #matmul_vectorized_bfp16
.delay_slot
	 12134    0x00 0x00 0x00 0xc0 0x00 0x44                                                                                                                                              MOVXM p0, #A_L2L1_1_5_cons_buff_0
.delay_slot
	 12140    0x00 0x00 0x02 0xc0 0x00 0x44                                                                                                                                              MOVXM p1, #B_L2L1_5_1_cons_buff_1
.delay_slot
	 12146    0x1a 0x6c 0xc0 0xf8                                                                                                                                                                                      MOV p2, p6
.delay_slot
.swstall delay_slot
	 12150    0x00 0x00                                                                        NOPX
.delay_slot
.swstall delay_slot
	 12152    0x00 0x2c 0xf0 0x04 0x00 0x00 0x1c 0x22                                          NOPA;                                                                                                                                                           NOPV
.return_address
.no_stack_arguments
	 12160    0x06 0x00 0x00 0x00 0x00 0x00 0x00 0x00 0x40 0xba                                MOVA r0, #48;                                                                             JL #llvm___aie2p___release
.delay_slot
	 12170    0x10 0x02 0x05 0x18                                                                                                                                                        MOVX r1, #1
.delay_slot
.swstall delay_slot
	 12174    0x00 0x00                                                                        NOPX
.delay_slot
.swstall delay_slot
	 12176    0x00 0x00                                                                        NOPX
.delay_slot
.swstall delay_slot
	 12178    0x00 0x00                                                                        NOPX
.delay_slot
.swstall delay_slot
	 12180    0x00 0x2c 0xf0 0x00 0x20 0x00 0x00 0x00 0x00 0xad 0x81 0x36                      NOPA;                         NOPB;                         NOPS;                         NOPX
.return_address
.no_stack_arguments
	 12192    0x06 0x20 0x00 0x00 0x00 0x00 0x00 0x00 0x40 0xba                                MOVA r0, #49;                                                                             JL #llvm___aie2p___acquire
.delay_slot
	 12202    0x17 0xc2 0xfd 0x18                                                                                                                                                        MOVX r1, #-1
.delay_slot
.swstall delay_slot
	 12206    0x00 0x00                                                                        NOPX
.delay_slot
.swstall delay_slot
	 12208    0x00 0x00                                                                        NOPX
.delay_slot
.swstall delay_slot
	 12210    0x00 0x00                                                                        NOPX
.delay_slot
.swstall delay_slot
	 12212    0x00 0x2c 0xf0 0x00 0x20 0x00 0x00 0x00 0x00 0xad 0x81 0x36                      NOPA;                         NOPB;                         NOPS;                         NOPX
.return_address
.no_stack_arguments
	 12224    0x00 0x00 0x00 0x00 0x01 0x04                                                                                                                                              JL #matmul_vectorized_bfp16
.delay_slot
	 12230    0x00 0x00 0x00 0xc0 0x00 0x44                                                                                                                                              MOVXM p0, #A_L2L1_1_5_cons_buff_1
.delay_slot
	 12236    0x00 0x00 0x02 0xc0 0x00 0x44                                                                                                                                              MOVXM p1, #B_L2L1_5_1_cons_buff_1
.delay_slot
	 12242    0x1a 0x6c 0xc0 0xf8                                                                                                                                                                                      MOV p2, p6
.delay_slot
.swstall delay_slot
	 12246    0x00 0x00                                                                        NOPX
.delay_slot
.swstall delay_slot
	 12248    0x00 0x2c 0xf0 0x04 0x00 0x00 0x1c 0x22                                          NOPA;                                                                                                                                                           NOPV
.return_address
.no_stack_arguments
	 12256    0x06 0x00 0x00 0x00 0x00 0x00 0x00 0x00 0x40 0xba                                MOVA r0, #48;                                                                             JL #llvm___aie2p___release
.delay_slot
	 12266    0x10 0x02 0x05 0x18                                                                                                                                                        MOVX r1, #1
.delay_slot
.swstall delay_slot
	 12270    0x00 0x00                                                                        NOPX
.delay_slot
.swstall delay_slot
	 12272    0x00 0x00                                                                        NOPX
.delay_slot
.swstall delay_slot
	 12274    0x00 0x00                                                                        NOPX
.delay_slot
.swstall delay_slot
	 12276    0x00 0x2c 0xf0 0x00 0x20 0x00 0x00 0x00 0x00 0xad 0x81 0x36                      NOPA;                         NOPB;                         NOPS;                         NOPX
.return_address
.no_stack_arguments
	 12288    0x06 0x20 0x00 0x00 0x00 0x00 0x00 0x00 0x40 0xba                                MOVA r0, #49;                                                                             JL #llvm___aie2p___acquire
.delay_slot
	 12298    0x17 0xc2 0xfd 0x18                                                                                                                                                        MOVX r1, #-1
.delay_slot
.swstall delay_slot
	 12302    0x00 0x00                                                                        NOPX
.delay_slot
.swstall delay_slot
	 12304    0x00 0x00                                                                        NOPX
.delay_slot
.swstall delay_slot
	 12306    0x00 0x00                                                                        NOPX
.delay_slot
.swstall delay_slot
	 12308    0x00 0x2c 0xf0 0x00 0x20 0x00 0x00 0x00 0x00 0xad 0x81 0x36                      NOPA;                         NOPB;                         NOPS;                         NOPX
.return_address
.no_stack_arguments
	 12320    0x00 0x00 0x00 0x00 0x01 0x04                                                                                                                                              JL #matmul_vectorized_bfp16
.delay_slot
	 12326    0x00 0x00 0x00 0xc0 0x00 0x44                                                                                                                                              MOVXM p0, #A_L2L1_1_5_cons_buff_0
.delay_slot
	 12332    0x00 0x00 0x02 0xc0 0x00 0x44                                                                                                                                              MOVXM p1, #B_L2L1_5_1_cons_buff_1
.delay_slot
	 12338    0x1a 0x6c 0xc0 0xf8                                                                                                                                                                                      MOV p2, p6
.delay_slot
.swstall delay_slot
	 12342    0x00 0x00                                                                        NOPX
.delay_slot
.swstall delay_slot
	 12344    0x00 0x2c 0xf0 0x04 0x00 0x00 0x1c 0x22                                          NOPA;                                                                                                                                                           NOPV
.return_address
.no_stack_arguments
	 12352    0x06 0x00 0x00 0x00 0x00 0x00 0x00 0x00 0x40 0xba                                MOVA r0, #48;                                                                             JL #llvm___aie2p___release
.delay_slot
	 12362    0x10 0x02 0x05 0x18                                                                                                                                                        MOVX r1, #1
.delay_slot
.swstall delay_slot
	 12366    0x00 0x00                                                                        NOPX
.delay_slot
.swstall delay_slot
	 12368    0x00 0x00                                                                        NOPX
.delay_slot
.swstall delay_slot
	 12370    0x00 0x00                                                                        NOPX
.delay_slot
.swstall delay_slot
	 12372    0x00 0x2c 0xf0 0x00 0x20 0x00 0x00 0x00 0x00 0xad 0x81 0x36                      NOPA;                         NOPB;                         NOPS;                         NOPX
.return_address
.no_stack_arguments
	 12384    0x06 0x20 0x00 0x00 0x00 0x00 0x00 0x00 0x40 0xba                                MOVA r0, #49;                                                                             JL #llvm___aie2p___acquire
.delay_slot
	 12394    0x17 0xc2 0xfd 0x18                                                                                                                                                        MOVX r1, #-1
.delay_slot
.swstall delay_slot
	 12398    0x00 0x00                                                                        NOPX
.delay_slot
.swstall delay_slot
	 12400    0x00 0x00                                                                        NOPX
.delay_slot
.swstall delay_slot
	 12402    0x00 0x00                                                                        NOPX
.delay_slot
.swstall delay_slot
	 12404    0x00 0x2c 0xf0 0x00 0x20 0x00 0x00 0x00 0x00 0xad 0x81 0x36                      NOPA;                         NOPB;                         NOPS;                         NOPX
.return_address
.no_stack_arguments
	 12416    0x00 0x00 0x00 0x00 0x01 0x04                                                                                                                                              JL #matmul_vectorized_bfp16
.delay_slot
	 12422    0x00 0x00 0x00 0xc0 0x00 0x44                                                                                                                                              MOVXM p0, #A_L2L1_1_5_cons_buff_1
.delay_slot
	 12428    0x00 0x00 0x02 0xc0 0x00 0x44                                                                                                                                              MOVXM p1, #B_L2L1_5_1_cons_buff_1
.delay_slot
	 12434    0x1a 0x6c 0xc0 0xf8                                                                                                                                                                                      MOV p2, p6
.delay_slot
.swstall delay_slot
	 12438    0x00 0x00                                                                        NOPX
.delay_slot
.swstall delay_slot
	 12440    0x00 0x2c 0xf0 0x04 0x00 0x00 0x1c 0x22                                          NOPA;                                                                                                                                                           NOPV
.return_address
.no_stack_arguments
	 12448    0x06 0x00 0x00 0x00 0x00 0x00 0x00 0x00 0x40 0xba                                MOVA r0, #48;                                                                             JL #llvm___aie2p___release
.delay_slot
	 12458    0x10 0x02 0x05 0x18                                                                                                                                                        MOVX r1, #1
.delay_slot
.swstall delay_slot
	 12462    0x00 0x00                                                                        NOPX
.delay_slot
.swstall delay_slot
	 12464    0x00 0x00                                                                        NOPX
.delay_slot
.swstall delay_slot
	 12466    0x00 0x00                                                                        NOPX
.delay_slot
.swstall delay_slot
	 12468    0x00 0x2c 0xf0 0x00 0x20 0x00 0x00 0x00 0x00 0xad 0x81 0x36                      NOPA;                         NOPB;                         NOPS;                         NOPX
.return_address
.no_stack_arguments
	 12480    0x06 0x20 0x00 0x00 0x00 0x00 0x00 0x00 0x40 0xba                                MOVA r0, #49;                                                                             JL #llvm___aie2p___acquire
.delay_slot
	 12490    0x17 0xc2 0xfd 0x18                                                                                                                                                        MOVX r1, #-1
.delay_slot
.swstall delay_slot
	 12494    0x00 0x00                                                                        NOPX
.delay_slot
.swstall delay_slot
	 12496    0x00 0x00                                                                        NOPX
.delay_slot
.swstall delay_slot
	 12498    0x00 0x00                                                                        NOPX
.delay_slot
.swstall delay_slot
	 12500    0x00 0x2c 0xf0 0x00 0x20 0x00 0x00 0x00 0x00 0xad 0x81 0x36                      NOPA;                         NOPB;                         NOPS;                         NOPX
.return_address
.no_stack_arguments
	 12512    0x00 0x00 0x00 0x00 0x01 0x04                                                                                                                                              JL #matmul_vectorized_bfp16
.delay_slot
	 12518    0x00 0x00 0x00 0xc0 0x00 0x44                                                                                                                                              MOVXM p0, #A_L2L1_1_5_cons_buff_0
.delay_slot
	 12524    0x00 0x00 0x02 0xc0 0x00 0x44                                                                                                                                              MOVXM p1, #B_L2L1_5_1_cons_buff_1
.delay_slot
	 12530    0x1a 0x6c 0xc0 0xf8                                                                                                                                                                                      MOV p2, p6
.delay_slot
.swstall delay_slot
	 12534    0x00 0x00                                                                        NOPX
.delay_slot
.swstall delay_slot
	 12536    0x00 0x2c 0xf0 0x04 0x00 0x00 0x1c 0x22                                          NOPA;                                                                                                                                                           NOPV
.return_address
.no_stack_arguments
	 12544    0x06 0x00 0x00 0x00 0x00 0x00 0x00 0x00 0x40 0xba                                MOVA r0, #48;                                                                             JL #llvm___aie2p___release
.delay_slot
	 12554    0x10 0x02 0x05 0x18                                                                                                                                                        MOVX r1, #1
.delay_slot
.swstall delay_slot
	 12558    0x00 0x00                                                                        NOPX
.delay_slot
.swstall delay_slot
	 12560    0x00 0x00                                                                        NOPX
.delay_slot
.swstall delay_slot
	 12562    0x00 0x00                                                                        NOPX
.delay_slot
.swstall delay_slot
	 12564    0x00 0x2c 0xf0 0x00 0x20 0x00 0x00 0x00 0x00 0xad 0x81 0x36                      NOPA;                         NOPB;                         NOPS;                         NOPX
.return_address
.no_stack_arguments
	 12576    0x00 0x00 0x00 0x00 0x01 0x04                                                                                                                                              JL #llvm___aie2p___acquire
.delay_slot
	 12582    0x06 0x20 0x00 0x00 0x00 0x0b 0x36 0x50 0x10 0xba                                MOVA r0, #49;                                                                             MOVXM p6, #(TGT_Fcore_5_3_11424 + 0)
.delay_slot
	 12592    0x17 0xc2 0xfd 0x18                                                                                                                                                        MOVX r1, #-1
.delay_slot
.swstall delay_slot
	 12596    0x00 0x00                                                                        NOPX
.delay_slot
.swstall delay_slot
	 12598    0x00 0x00                                                                        NOPX
.delay_slot
.swstall delay_slot
	 12600    0x00 0x2c 0xf0 0x04 0x00 0x00 0x1c 0x22                                          NOPA;                                                                                                                                                           NOPV
.return_address
.no_stack_arguments
	 12608    0x00 0x00 0x00 0x00 0x01 0x04                                                                                                                                              JL #matmul_vectorized_bfp16
.delay_slot
	 12614    0x00 0x00 0x00 0xc0 0x00 0x44                                                                                                                                              MOVXM p0, #A_L2L1_1_5_cons_buff_1
.delay_slot
	 12620    0x00 0x00 0x02 0xc0 0x00 0x44                                                                                                                                              MOVXM p1, #B_L2L1_5_1_cons_buff_1
.delay_slot
	 12626    0x1a 0x6e 0xc0 0xf8                                                                                                                                                                                      MOV p2, p7
.delay_slot
.swstall delay_slot
	 12630    0x00 0x00                                                                        NOPX
.delay_slot
.swstall delay_slot
	 12632    0x00 0x2c 0xf0 0x04 0x00 0x00 0x1c 0x22                                          NOPA;                                                                                                                                                           NOPV
.return_address
.no_stack_arguments
	 12640    0x06 0x00 0x00 0x00 0x00 0x00 0x00 0x00 0x40 0xba                                MOVA r0, #48;                                                                             JL #llvm___aie2p___release
.delay_slot
	 12650    0x10 0x02 0x05 0x18                                                                                                                                                        MOVX r1, #1
.delay_slot
.swstall delay_slot
	 12654    0x00 0x00                                                                        NOPX
.delay_slot
.swstall delay_slot
	 12656    0x00 0x00                                                                        NOPX
.delay_slot
.swstall delay_slot
	 12658    0x00 0x00                                                                        NOPX
.delay_slot
.swstall delay_slot
	 12660    0x00 0x2c 0xf0 0x00 0x20 0x00 0x00 0x00 0x00 0xad 0x81 0x36                      NOPA;                         NOPB;                         NOPS;                         NOPX
.return_address
.no_stack_arguments
	 12672    0x06 0x40 0x00 0x00 0x00 0x00 0x00 0x00 0x40 0xba                                MOVA r0, #50;                                                                             JL #llvm___aie2p___release
.delay_slot
	 12682    0x10 0x02 0x05 0x18                                                                                                                                                        MOVX r1, #1
.delay_slot
.swstall delay_slot
	 12686    0x00 0x00                                                                        NOPX
.delay_slot
.swstall delay_slot
	 12688    0x00 0x00                                                                        NOPX
.delay_slot
.swstall delay_slot
	 12690    0x00 0x00                                                                        NOPX
.delay_slot
.swstall delay_slot
	 12692    0x00 0x2c 0xf0 0x00 0x20 0x00 0x00 0x00 0x00 0xad 0x81 0x36                      NOPA;                         NOPB;                         NOPS;                         NOPX
.return_address
	 12704    0x13 0x19 0xa0 0x18                                                                                                                                                        JNZD r12, r12, p6
.delay_slot
.swstall delay_slot
	 12708    0x00 0x00                                                                        NOPX
.delay_slot
.swstall delay_slot
	 12710    0x00 0x00                                                                        NOPX
.delay_slot
.swstall delay_slot
	 12712    0x00 0x00                                                                        NOPX
.delay_slot
.swstall delay_slot
	 12714    0x00 0x00                                                                        NOPX
.delay_slot
.swstall delay_slot
	 12716    0x00 0x00                                                                        NOPX
.loop_nesting 1
.no_stack_arguments
	 12718    0x06 0xa0 0x00 0x00 0x00 0x00 0x00 0x00 0x40 0xba                                MOVA r0, #53;                                                                             JL #llvm___aie2p___release
.delay_slot
	 12728    0x10 0x02 0x05 0x18                                                                                                                                                        MOVX r1, #1
.delay_slot
.swstall delay_slot
	 12732    0x00 0x00                                                                        NOPX
.delay_slot
.swstall delay_slot
	 12734    0x00 0x00                                                                        NOPX
.delay_slot
.swstall delay_slot
	 12736    0x00 0x00                                                                        NOPX
.delay_slot
.swstall delay_slot
	 12738    0x00 0x2c 0xf0 0x02 0xb6 0x00 0x00 0x40 0x1a 0x57 0x00 0x00 0x1c 0x2e            NOPA;                                                       NOPS;                                                       NOPM;                                   NOPV
.return_address
	 12752    0xfa 0x46 0x20 0x3f 0x27 0xca 0x08 0x00 0x58 0xba                                LDA r17, [sp, #-48];                                                                      MOVX r18, #-2;                MOV r16, #0
	 12762    0x44 0xa5 0x9d 0x20 0x01 0x64                                                                                                                                              LTU r18, r8, r18;             MOV r26, #0
	 12768    0x00 0x00                                                                        NOPX
	 12770    0x00 0x00                                                                        NOPX
	 12772    0x00 0x00                                                                        NOPX
	 12774    0x00 0x00                                                                        NOPX
	 12776    0x00 0x00                                                                        NOPX
	 12778    0x14 0x66 0xd0 0x18                                                                                                                                                        EQZ r19, r17
	 12782    0x14 0xe5 0x24 0x98                                                                                                                                                        AND r18, r19, r18
	 12786    0x14 0xa1 0x05 0x98                                                                                                                                                        OR r16, r18, r16
	 12790    0x80 0x00 0x28 0x40 0x01 0x84                                                                                                                                              JNZ r16, #TGT_Fcore_5_3_80
.delay_slot
	 12796    0x12 0x10 0x07 0x18                                                                                                                                                        ADD r8, r8, #1
.delay_slot
	 12800    0x14 0x63 0xa2 0x98                                                                                                                                                        ADC r17, r17, r26
.delay_slot
.swstall delay_slot
	 12804    0x00 0x00                                                                        NOPX
.delay_slot
.swstall delay_slot
	 12806    0x00 0x00                                                                        NOPX
.delay_slot
.swstall delay_slot
	 12808    0x00 0x00                                                                        NOPX
.loop_nesting 0
	 12810    0x07 0xd4 0x39 0x18                                                              LDA lr, [sp, #-44]
	 12814    0x07 0xd9 0x11 0x18                                                              LDA r8, [sp, #-40]
	 12818    0x07 0xdd 0x91 0x18                                                              LDA r12, [sp, #-36]
	 12822    0x07 0xe1 0xb1 0x18                                                              LDA r13, [sp, #-32]
	 12826    0x07 0xe9 0xd1 0x18                                                              LDA r14, [sp, #-24]
	 12830    0x07 0xf1 0xf1 0x18                                                              LDA r15, [sp, #-16]
	 12834    0x07 0xf5 0x31 0x18                                                              LDA r9, [sp, #-12]
	 12838    0x07 0xf9 0x51 0x18                                                              LDA r10, [sp, #-8]
	 12842    0x07 0xfd 0x71 0x18                                                              LDA r11, [sp, #-4]
	 12846    0x07 0xe7 0x19 0x18                                                              LDA p6, [sp, #-28]
	 12850    0x07 0xef 0x99 0x18                                                              LDA p7, [sp, #-20]
	 12854    0x10 0x28 0x00 0x18                                                                                                                                                        RET lr
.delay_slot
	 12858    0xff 0xf8 0x00 0x00 0x01 0xc4                                                                                                                                              PADDXM [sp], #-64
.delay_slot
.swstall delay_slot
	 12864    0x00 0x00                                                                        NOPX
.delay_slot
.swstall delay_slot
	 12866    0x00 0x00                                                                        NOPX
.delay_slot
.swstall delay_slot
	 12868    0x00 0x00                                                                        NOPX
.label core_5_3__end last
.delay_slot
.swstall delay_slot
	 12870    0x00 0x00                                                                        NOPX

.undef global data C_L1L2_5_1_buff_0

.undef global data A_L2L1_1_5_cons_buff_0

.undef global data B_L2L1_5_1_cons_buff_0

.undef global data A_L2L1_1_5_cons_buff_1

.undef global data B_L2L1_5_1_cons_buff_1

.undef global text llvm___aie2p___acquire

.undef global text zero_kernel

.undef global text matmul_vectorized_bfp16

.undef global text llvm___aie2p___release

.text_segment_name
.text global 10 llvm___aie2p___acquire
.function_start
	     0    0x10 0x12 0x18 0x18                                                                                                                                                        ACQ r0, r1
	     4    0x10 0x28 0x00 0x18                                                                                                                                                        RET lr
.delay_slot
.swstall delay_slot
	     8    0x00 0x00                                                                        NOPX
.delay_slot
.swstall delay_slot
	    10    0x00 0x00                                                                        NOPX
.delay_slot
.swstall delay_slot
	    12    0x00 0x00                                                                        NOPX
.delay_slot
.swstall delay_slot
	    14    0x00 0x00                                                                        NOPX
.label llvm___aie2p___acquire__end last
.delay_slot
.swstall delay_slot
	    16    0x00 0x00                                                                        NOPX

.text_segment_name
.text global 10 llvm___aie2p___release
.function_start
	     0    0x10 0x10 0x18 0x18                                                                                                                                                        REL r0, r1
	     4    0x10 0x28 0x00 0x18                                                                                                                                                        RET lr
.delay_slot
.swstall delay_slot
	     8    0x00 0x00                                                                        NOPX
.delay_slot
.swstall delay_slot
	    10    0x00 0x00                                                                        NOPX
.delay_slot
.swstall delay_slot
	    12    0x00 0x00                                                                        NOPX
.delay_slot
.swstall delay_slot
	    14    0x00 0x00                                                                        NOPX
.label llvm___aie2p___release__end last
.delay_slot
.swstall delay_slot
	    16    0x00 0x00                                                                        NOPX

.text_segment_name
.text global 10 llvm___aie___event0
.function_start
	     0    0x10 0x28 0x00 0x18                                                                                                                                                        RET lr
.delay_slot
	     4    0x10 0x10 0x00 0x18                                                                                                                                                        EVENT #0
.delay_slot
.swstall delay_slot
	     8    0x00 0x00                                                                        NOPX
.delay_slot
.swstall delay_slot
	    10    0x00 0x00                                                                        NOPX
.delay_slot
.swstall delay_slot
	    12    0x00 0x00                                                                        NOPX
.label llvm___aie___event0__end last
.delay_slot
.swstall delay_slot
	    14    0x00 0x00                                                                        NOPX

.text_segment_name
.text global 10 llvm___aie___event1
.function_start
	     0    0x10 0x28 0x00 0x18                                                                                                                                                        RET lr
.delay_slot
	     4    0x12 0x10 0x00 0x18                                                                                                                                                        EVENT #1
.delay_slot
.swstall delay_slot
	     8    0x00 0x00                                                                        NOPX
.delay_slot
.swstall delay_slot
	    10    0x00 0x00                                                                        NOPX
.delay_slot
.swstall delay_slot
	    12    0x00 0x00                                                                        NOPX
.label llvm___aie___event1__end last
.delay_slot
.swstall delay_slot
	    14    0x00 0x00                                                                        NOPX



.direct_eval +,-,(,)
