
// File generated by darts version V-2024.06#8be6237c82#250729, Mon Jun 29 23:18:06 2026
// Copyright 2014-2024 Synopsys, Inc. All rights reserved.
// darts -I/home/bcloud/torch2aie/toolchain/aietools/data/aie2p/lib -d -h -I/home/bcloud/torch2aie/toolchain/aietools/include -I/home/bcloud/torch2aie/toolchain/aietools/data/aie2p/lib/runtime_cxx/libcxx-lite/include -I/home/bcloud/torch2aie/toolchain/aietools/data/aie2p/lib/runtime_cxx/libs/libcxx-16/include -I/home/bcloud/torch2aie/toolchain/aietools/data/aie2p/lib/runtime_cxx/libs/libcxxabi-16/include -I/home/bcloud/torch2aie/toolchain/aietools/data/aie2p/lib/runtime/include -D__AIENGINE__ -D__AIE_ARCH__=21 -D__AIEARCH__=21 -D__tct_tgt__=250729 -L +Ihex +nanno +u /home/bcloud/torch2aie/examples/gemm_asymmetric_tile_buffering/config2/aie_768x2560x6912_192x128x96.mlir.prj/main_core_0_5.elf me

// Release: ipp V-2024.06-TGT-250729

.text_segment PM      0
.entry_point
.label __AIE_ARCH_MODEL_VERSION__21011400__inlined__1__me_basic___main_init_
.label _main_init
.function_start
           0    0x00 0x07 0x09 0xe0 0x00 0x44                                                                                                                                              MOVXM sp, #458752
           6    0x00 0x00 0x04 0x20 0x00 0x44                                                                                                                                              MOVXM r8, #0
          12    0x00 0x00 0x08 0x20 0x00 0x44                                                                                                                                              MOVXM r16, #0
          18    0x12 0x21 0x07 0x98                                                                                                                                                        EQ r16, r8, r16
          22    0x80 0x00 0x40 0x40 0x01 0x84                                                                                                                                              JNZ r16, #128
.delay_slot
.swstall delay_slot
          28    0x00 0x00                                                                        NOPX
.delay_slot
.swstall delay_slot
          30    0x00 0x00                                                                        NOPX
.delay_slot
.swstall delay_slot
          32    0x00 0x00                                                                        NOPX
.delay_slot
.swstall delay_slot
          34    0x00 0x00                                                                        NOPX
.delay_slot
.swstall delay_slot
          36    0x00 0x00                                                                        NOPX
          38    0x00 0x2c 0xf7 0x80 0x8b 0x01 0x28 0x50 0x72 0xba                                NOPA;                                                       MOVS p7, p0;                                                MOV r9, r1
          48    0x00 0x2c 0xf0 0x00 0x20 0x01 0x5b 0x3f 0xff 0xff 0x37 0xfe 0x10 0x00 0x00 0xe1  NOPA;                         NOPB;                         NOPS;                         MOVXM p6, #-4;                                                        NOPV
.label TGT_F_main_init_64
.loop_nesting 1
          64    0xdf 0x83 0xd5 0x39 0x81 0xd4                                                    LDA p0, [p6], #-4;                                                                                                      MOV r10, p6
          70    0x00 0x00                                                                        NOPX
          72    0x00 0x00                                                                        NOPX
          74    0x00 0x00                                                                        NOPX
          76    0x00 0x00                                                                        NOPX
          78    0x00 0x00                                                                        NOPX
          80    0x00 0x00                                                                        NOPX
.no_stack_arguments
          82    0x10 0x30 0x00 0x18                                                                                                                                                        JL p0
.delay_slot
.swstall delay_slot
          86    0x00 0x00                                                                        NOPX
.delay_slot
.swstall delay_slot
          88    0x00 0x00                                                                        NOPX
.delay_slot
.swstall delay_slot
          90    0x00 0x00                                                                        NOPX
.delay_slot
.swstall delay_slot
          92    0x00 0x00                                                                        NOPX
.delay_slot
.swstall delay_slot
          94    0x00 0x00                                                                        NOPX
.return_address
          96    0x12 0xa0 0x88 0x98                                                                                                                                                        NE r16, r10, r8
         100    0x80 0x00 0x20 0x40 0x01 0x84                                                                                                                                              JNZ r16, #64
.delay_slot
.swstall delay_slot
         106    0x00 0x00                                                                        NOPX
.delay_slot
.swstall delay_slot
         108    0x00 0x00                                                                        NOPX
.delay_slot
.swstall delay_slot
         110    0x00 0x00                                                                        NOPX
.delay_slot
.swstall delay_slot
         112    0x00 0x00                                                                        NOPX
.delay_slot
.swstall delay_slot
         114    0x00 0x00                                                                        NOPX
.loop_nesting 0
         116    0x00 0x2c 0xf0 0x00 0x20 0x9c 0x8b 0x00 0x2a 0x50 0x70 0xf6                      NOPA;                         NOPB;                         MOVS p0, p7;                                                MOV r1, r9
.label TGT_F_main_init_128
.no_stack_arguments
         128    0x00 0x00 0x70 0x00 0x01 0x04                                                                                                                                              JL #224
.delay_slot
.swstall delay_slot
         134    0x00 0x00                                                                        NOPX
.delay_slot
.swstall delay_slot
         136    0x00 0x00                                                                        NOPX
.delay_slot
.swstall delay_slot
         138    0x00 0x00                                                                        NOPX
.delay_slot
.swstall delay_slot
         140    0x00 0x00                                                                        NOPX
.delay_slot
.swstall delay_slot
         142    0x00 0x00                                                                        NOPX
.return_address
.no_stack_arguments
         144    0x00 0x1c 0x28 0x00 0x01 0x04                                                                                                                                              JL #14416
.delay_slot
         150    0x18 0x60 0x00 0xb8                                                                                                                                                                                      MOV p0, #0
.delay_slot
.swstall delay_slot
         154    0x00 0x00                                                                        NOPX
.delay_slot
.swstall delay_slot
         156    0x00 0x00                                                                        NOPX
.delay_slot
.swstall delay_slot
         158    0x00 0x00                                                                        NOPX
.delay_slot
.swstall delay_slot
         160    0x00 0x2c 0xf0 0x00 0x20 0x01 0x5b 0x00 0x00 0x00 0x01 0xa5 0x78 0x00 0x00 0xe1  NOPA;                         NOPB;                         NOPS;                         NOPX;                         NOPM;                                   NOPV
.return_address
.swstall chess_separator_scheduler
         176    0x00 0x00                                                                        NOPX
.swstall chess_separator_scheduler
         178    0x00 0x00                                                                        NOPX
.swstall chess_separator_scheduler
         180    0x00 0x00                                                                        NOPX
.swstall chess_separator_scheduler
         182    0x00 0x00                                                                        NOPX
.swstall chess_separator_scheduler
         184    0x00 0x00                                                                        NOPX
.swstall chess_separator_scheduler
         186    0x00 0x00                                                                        NOPX
         188    0x10 0x08 0x00 0x18                                                                                                                                                        DONE
.swstall chess_separator_scheduler
         192    0x00 0x00                                                                        NOPX
.swstall chess_separator_scheduler
         194    0x00 0x00                                                                        NOPX
.swstall chess_separator_scheduler
         196    0x00 0x00                                                                        NOPX
.swstall chess_separator_scheduler
         198    0x00 0x00                                                                        NOPX
.swstall chess_separator_scheduler
         200    0x00 0x00                                                                        NOPX
.swstall chess_separator_scheduler
         202    0x00 0x00                                                                        NOPX
.swstall for_chess_exit
.exit
         204    0x00 0x01 0x67 0x98                                                              NOPA
.label TGT_F_main_init_208
.loop_nesting 1
         208    0x00 0x00 0x68 0x00 0x00 0x84                                                                                                                                              J #208
.delay_slot
.swstall delay_slot
         214    0x00 0x00                                                                        NOPX
.delay_slot
.swstall delay_slot
         216    0x00 0x00                                                                        NOPX
.delay_slot
.swstall delay_slot
         218    0x00 0x00                                                                        NOPX
.delay_slot
.swstall delay_slot
         220    0x00 0x00                                                                        NOPX
.delay_slot
.swstall delay_slot
         222    0x00 0x00                                                                        NOPX
.label _main_init__end
.label core_0_5
.function_start
         224    0x00 0x11 0x00 0x9c 0x8b 0x00 0x02 0x00 0x00 0x00 0x70 0x76                      MOVA r17, #0;                                               MOVS p0, p7;                  PADDXM [sp], #64
         236    0xfb 0x22 0xb0 0x00 0x80 0x08 0x2b 0xd0 0x79 0x3a                                                                                            ST r8, [sp, #-40];            MOVX r8, #0;                  MOV r1, r15
         246    0xff 0xae 0xb0 0x00 0x0b 0x90 0x70 0x02                                                                                                      ST r11, [sp, #-4];                                          MOV r0, r14
         254    0xff 0x2a 0xb0 0x00 0x4b 0x50 0x70 0x02                                                                                                      ST r10, [sp, #-8];                                          MOV r2, r13
         262    0xfe 0xa6 0xb0 0x00 0x01 0xc3 0xb6 0x80 0x11 0x3a                                                                                            ST r9, [sp, #-12];            MOVXM p7, #462080
         272    0x0f 0xf0 0x35 0x98                                                                                                                          ST r1, [sp, #-16]
         276    0x0f 0xe8 0x15 0x98                                                                                                                          ST r0, [sp, #-24]
         280    0x0f 0xe0 0x55 0x98                                                                                                                          ST r2, [sp, #-32]
         284    0x0f 0xdd 0x95 0x98                                                                                                                          ST r12, [sp, #-36]
         288    0x0f 0xec 0x1d 0x98                                                                                                                          ST p0, [sp, #-20]
         292    0x0f 0xe7 0x1d 0x98                                                                                                                          ST p6, [sp, #-28]
         296    0xfa 0x87 0xb0 0x00 0x01 0xa5 0x70 0x02                                                                                                      ST lr, [sp, #-44];                                          NOPM
.label TGT_Fcore_0_5_80
.loop_nesting 1
.no_stack_arguments
         304    0xff 0xe1 0x00 0x00 0x06 0x66 0x00 0x00 0x40 0xba                                MOVA r1, #-1;                                                                             JL #13104
.delay_slot
         314    0x10 0x00 0xd1 0x18                                                                                                                                                        MOVX r0, #52
.delay_slot
         318    0x0f 0xd2 0x35 0x98                                                                                                                          ST r17, [sp, #-48]
.delay_slot
.swstall delay_slot
         322    0x00 0x00                                                                        NOPX
.delay_slot
.swstall delay_slot
         324    0x00 0x00                                                                        NOPX
.delay_slot
.swstall delay_slot
         326    0x00 0x2c 0xf0 0x00 0x10 0x00 0x01 0xa5 0x7e 0xba                                NOPA;                         NOPB;                                                                                     NOPM
.return_address
.no_stack_arguments
         336    0x00 0x1b 0x78 0x00 0x01 0x04                                                                                                                                              JL #14064
.delay_slot
         342    0x18 0x6e 0xc0 0xf8                                                                                                                                                                                      MOV p0, p7
.delay_slot
.swstall delay_slot
         346    0x00 0x00                                                                        NOPX
.delay_slot
.swstall delay_slot
         348    0x00 0x00                                                                        NOPX
.delay_slot
.swstall delay_slot
         350    0x00 0x00                                                                        NOPX
.delay_slot
.swstall delay_slot
         352    0x00 0x2c 0xf0 0x00 0x20 0x01 0x5b 0x00 0x00 0x00 0x01 0xa5 0x78 0x00 0x00 0xe1  NOPA;                         NOPB;                         NOPS;                         NOPX;                         NOPM;                                   NOPV
.return_address
         368    0x00 0x2c 0xf0 0x00 0x20 0x01 0x5b 0x00 0xc1 0x28 0x01 0xa5 0x78 0x00 0x00 0xe1  NOPA;                         NOPB;                         NOPS;                         MOVX r12, #9;                 NOPM;                                   NOPV
.label TGT_Fcore_0_5_160
.loop_nesting 2
.no_stack_arguments
         384    0x06 0x60 0x00 0x00 0x06 0x66 0x00 0x00 0x40 0xba                                MOVA r0, #51;                                                                             JL #13104
.delay_slot
         394    0x17 0xc2 0xfd 0x18                                                                                                                                                        MOVX r1, #-1
.delay_slot
.swstall delay_slot
         398    0x00 0x00                                                                        NOPX
.delay_slot
.swstall delay_slot
         400    0x00 0x00                                                                        NOPX
.delay_slot
.swstall delay_slot
         402    0x00 0x00                                                                        NOPX
.delay_slot
.swstall delay_slot
         404    0x00 0x2c 0xf0 0x00 0x20 0x00 0x00 0x00 0x00 0xad 0x81 0x36                      NOPA;                         NOPB;                         NOPS;                         NOPX
.return_address
.no_stack_arguments
         416    0x06 0x20 0x00 0x00 0x06 0x66 0x00 0x00 0x40 0xba                                MOVA r0, #49;                                                                             JL #13104
.delay_slot
         426    0x17 0xc2 0xfd 0x18                                                                                                                                                        MOVX r1, #-1
.delay_slot
.swstall delay_slot
         430    0x00 0x00                                                                        NOPX
.delay_slot
.swstall delay_slot
         432    0x00 0x00                                                                        NOPX
.delay_slot
.swstall delay_slot
         434    0x00 0x00                                                                        NOPX
.delay_slot
.swstall delay_slot
         436    0x00 0x2c 0xf0 0x00 0x20 0x00 0x00 0x00 0x00 0xad 0x81 0x36                      NOPA;                         NOPB;                         NOPS;                         NOPX
.return_address
.no_stack_arguments
         448    0x53 0x91 0x60 0x00 0x06 0x6e 0x00 0x00 0x41 0x3a                                                                                            MOVS p2, p7;                  JL #13168
.delay_slot
         458    0x00 0x07 0x52 0xdc 0x00 0x44                                                                                                                                              MOVXM p1, #482816
.delay_slot
         464    0x00 0x07 0xc0 0xd4 0x00 0x44                                                                                                                                              MOVXM p0, #510464
.delay_slot
         470    0x1e 0x62 0xc0 0xf8                                                                                                                                                                                      MOV p6, p1
.delay_slot
.swstall delay_slot
         474    0x00 0x00                                                                        NOPX
.delay_slot
.swstall delay_slot
         476    0x00 0x01 0x67 0x98                                                              NOPA
.return_address
.no_stack_arguments
         480    0x06 0x00 0x00 0x00 0x06 0x6a 0x00 0x00 0x40 0xba                                MOVA r0, #48;                                                                             JL #13136
.delay_slot
         490    0x10 0x02 0x05 0x18                                                                                                                                                        MOVX r1, #1
.delay_slot
.swstall delay_slot
         494    0x00 0x00                                                                        NOPX
.delay_slot
.swstall delay_slot
         496    0x00 0x00                                                                        NOPX
.delay_slot
.swstall delay_slot
         498    0x00 0x00                                                                        NOPX
.delay_slot
.swstall delay_slot
         500    0x00 0x2c 0xf0 0x00 0x20 0x00 0x00 0x00 0x00 0xad 0x81 0x36                      NOPA;                         NOPB;                         NOPS;                         NOPX
.return_address
.no_stack_arguments
         512    0x06 0x20 0x00 0x00 0x06 0x66 0x00 0x00 0x40 0xba                                MOVA r0, #49;                                                                             JL #13104
.delay_slot
         522    0x17 0xc2 0xfd 0x18                                                                                                                                                        MOVX r1, #-1
.delay_slot
.swstall delay_slot
         526    0x00 0x00                                                                        NOPX
.delay_slot
.swstall delay_slot
         528    0x00 0x00                                                                        NOPX
.delay_slot
.swstall delay_slot
         530    0x00 0x00                                                                        NOPX
.delay_slot
.swstall delay_slot
         532    0x00 0x2c 0xf0 0x00 0x20 0x00 0x00 0x00 0x00 0xad 0x81 0x36                      NOPA;                         NOPB;                         NOPS;                         NOPX
.return_address
.no_stack_arguments
         544    0x33 0x11 0x60 0x00 0x06 0x6e 0x00 0x00 0x41 0x3a                                                                                            MOVS p1, p6;                  JL #13168
.delay_slot
         554    0x1a 0x6e 0xc0 0xf8                                                                                                                                                                                      MOV p2, p7
.delay_slot
         558    0x00 0x07 0xd0 0xd8 0x00 0x44                                                                                                                                              MOVXM p0, #515072
.delay_slot
.swstall delay_slot
         564    0x00 0x00                                                                        NOPX
.delay_slot
.swstall delay_slot
         566    0x00 0x00                                                                        NOPX
.delay_slot
.swstall delay_slot
         568    0x00 0x2c 0xf0 0x04 0x00 0x00 0x1c 0x22                                          NOPA;                                                                                                                                                           NOPV
.return_address
.no_stack_arguments
         576    0x06 0x00 0x00 0x00 0x06 0x6a 0x00 0x00 0x40 0xba                                MOVA r0, #48;                                                                             JL #13136
.delay_slot
         586    0x10 0x02 0x05 0x18                                                                                                                                                        MOVX r1, #1
.delay_slot
.swstall delay_slot
         590    0x00 0x00                                                                        NOPX
.delay_slot
.swstall delay_slot
         592    0x00 0x00                                                                        NOPX
.delay_slot
.swstall delay_slot
         594    0x00 0x00                                                                        NOPX
.delay_slot
.swstall delay_slot
         596    0x00 0x2c 0xf0 0x00 0x20 0x00 0x00 0x00 0x00 0xad 0x81 0x36                      NOPA;                         NOPB;                         NOPS;                         NOPX
.return_address
.no_stack_arguments
         608    0x06 0x20 0x00 0x00 0x06 0x66 0x00 0x00 0x40 0xba                                MOVA r0, #49;                                                                             JL #13104
.delay_slot
         618    0x17 0xc2 0xfd 0x18                                                                                                                                                        MOVX r1, #-1
.delay_slot
.swstall delay_slot
         622    0x00 0x00                                                                        NOPX
.delay_slot
.swstall delay_slot
         624    0x00 0x00                                                                        NOPX
.delay_slot
.swstall delay_slot
         626    0x00 0x00                                                                        NOPX
.delay_slot
.swstall delay_slot
         628    0x00 0x2c 0xf0 0x00 0x20 0x00 0x00 0x00 0x00 0xad 0x81 0x36                      NOPA;                         NOPB;                         NOPS;                         NOPX
.return_address
.no_stack_arguments
         640    0x33 0x11 0x60 0x00 0x06 0x6e 0x00 0x00 0x41 0x3a                                                                                            MOVS p1, p6;                  JL #13168
.delay_slot
         650    0x1a 0x6e 0xc0 0xf8                                                                                                                                                                                      MOV p2, p7
.delay_slot
         654    0x00 0x07 0xc0 0xd4 0x00 0x44                                                                                                                                              MOVXM p0, #510464
.delay_slot
.swstall delay_slot
         660    0x00 0x00                                                                        NOPX
.delay_slot
.swstall delay_slot
         662    0x00 0x00                                                                        NOPX
.delay_slot
.swstall delay_slot
         664    0x00 0x2c 0xf0 0x04 0x00 0x00 0x1c 0x22                                          NOPA;                                                                                                                                                           NOPV
.return_address
.no_stack_arguments
         672    0x06 0x00 0x00 0x00 0x06 0x6a 0x00 0x00 0x40 0xba                                MOVA r0, #48;                                                                             JL #13136
.delay_slot
         682    0x10 0x02 0x05 0x18                                                                                                                                                        MOVX r1, #1
.delay_slot
.swstall delay_slot
         686    0x00 0x00                                                                        NOPX
.delay_slot
.swstall delay_slot
         688    0x00 0x00                                                                        NOPX
.delay_slot
.swstall delay_slot
         690    0x00 0x00                                                                        NOPX
.delay_slot
.swstall delay_slot
         692    0x00 0x2c 0xf0 0x00 0x20 0x00 0x00 0x00 0x00 0xad 0x81 0x36                      NOPA;                         NOPB;                         NOPS;                         NOPX
.return_address
.no_stack_arguments
         704    0x06 0x20 0x00 0x00 0x06 0x66 0x00 0x00 0x40 0xba                                MOVA r0, #49;                                                                             JL #13104
.delay_slot
         714    0x17 0xc2 0xfd 0x18                                                                                                                                                        MOVX r1, #-1
.delay_slot
.swstall delay_slot
         718    0x00 0x00                                                                        NOPX
.delay_slot
.swstall delay_slot
         720    0x00 0x00                                                                        NOPX
.delay_slot
.swstall delay_slot
         722    0x00 0x00                                                                        NOPX
.delay_slot
.swstall delay_slot
         724    0x00 0x2c 0xf0 0x00 0x20 0x00 0x00 0x00 0x00 0xad 0x81 0x36                      NOPA;                         NOPB;                         NOPS;                         NOPX
.return_address
.no_stack_arguments
         736    0x33 0x11 0x60 0x00 0x06 0x6e 0x00 0x00 0x41 0x3a                                                                                            MOVS p1, p6;                  JL #13168
.delay_slot
         746    0x1a 0x6e 0xc0 0xf8                                                                                                                                                                                      MOV p2, p7
.delay_slot
         750    0x00 0x07 0xd0 0xd8 0x00 0x44                                                                                                                                              MOVXM p0, #515072
.delay_slot
.swstall delay_slot
         756    0x00 0x00                                                                        NOPX
.delay_slot
.swstall delay_slot
         758    0x00 0x00                                                                        NOPX
.delay_slot
.swstall delay_slot
         760    0x00 0x2c 0xf0 0x04 0x00 0x00 0x1c 0x22                                          NOPA;                                                                                                                                                           NOPV
.return_address
.no_stack_arguments
         768    0x06 0x00 0x00 0x00 0x06 0x6a 0x00 0x00 0x40 0xba                                MOVA r0, #48;                                                                             JL #13136
.delay_slot
         778    0x10 0x02 0x05 0x18                                                                                                                                                        MOVX r1, #1
.delay_slot
.swstall delay_slot
         782    0x00 0x00                                                                        NOPX
.delay_slot
.swstall delay_slot
         784    0x00 0x00                                                                        NOPX
.delay_slot
.swstall delay_slot
         786    0x00 0x00                                                                        NOPX
.delay_slot
.swstall delay_slot
         788    0x00 0x2c 0xf0 0x00 0x20 0x00 0x00 0x00 0x00 0xad 0x81 0x36                      NOPA;                         NOPB;                         NOPS;                         NOPX
.return_address
.no_stack_arguments
         800    0x06 0x20 0x00 0x00 0x06 0x66 0x00 0x00 0x40 0xba                                MOVA r0, #49;                                                                             JL #13104
.delay_slot
         810    0x17 0xc2 0xfd 0x18                                                                                                                                                        MOVX r1, #-1
.delay_slot
.swstall delay_slot
         814    0x00 0x00                                                                        NOPX
.delay_slot
.swstall delay_slot
         816    0x00 0x00                                                                        NOPX
.delay_slot
.swstall delay_slot
         818    0x00 0x00                                                                        NOPX
.delay_slot
.swstall delay_slot
         820    0x00 0x2c 0xf0 0x00 0x20 0x00 0x00 0x00 0x00 0xad 0x81 0x36                      NOPA;                         NOPB;                         NOPS;                         NOPX
.return_address
.no_stack_arguments
         832    0x33 0x11 0x60 0x00 0x06 0x6e 0x00 0x00 0x41 0x3a                                                                                            MOVS p1, p6;                  JL #13168
.delay_slot
         842    0x1a 0x6e 0xc0 0xf8                                                                                                                                                                                      MOV p2, p7
.delay_slot
         846    0x00 0x07 0xc0 0xd4 0x00 0x44                                                                                                                                              MOVXM p0, #510464
.delay_slot
.swstall delay_slot
         852    0x00 0x00                                                                        NOPX
.delay_slot
.swstall delay_slot
         854    0x00 0x00                                                                        NOPX
.delay_slot
.swstall delay_slot
         856    0x00 0x2c 0xf0 0x04 0x00 0x00 0x1c 0x22                                          NOPA;                                                                                                                                                           NOPV
.return_address
.no_stack_arguments
         864    0x06 0x00 0x00 0x00 0x06 0x6a 0x00 0x00 0x40 0xba                                MOVA r0, #48;                                                                             JL #13136
.delay_slot
         874    0x10 0x02 0x05 0x18                                                                                                                                                        MOVX r1, #1
.delay_slot
.swstall delay_slot
         878    0x00 0x00                                                                        NOPX
.delay_slot
.swstall delay_slot
         880    0x00 0x00                                                                        NOPX
.delay_slot
.swstall delay_slot
         882    0x00 0x00                                                                        NOPX
.delay_slot
.swstall delay_slot
         884    0x00 0x2c 0xf0 0x00 0x20 0x00 0x00 0x00 0x00 0xad 0x81 0x36                      NOPA;                         NOPB;                         NOPS;                         NOPX
.return_address
.no_stack_arguments
         896    0x06 0x20 0x00 0x00 0x06 0x66 0x00 0x00 0x40 0xba                                MOVA r0, #49;                                                                             JL #13104
.delay_slot
         906    0x17 0xc2 0xfd 0x18                                                                                                                                                        MOVX r1, #-1
.delay_slot
.swstall delay_slot
         910    0x00 0x00                                                                        NOPX
.delay_slot
.swstall delay_slot
         912    0x00 0x00                                                                        NOPX
.delay_slot
.swstall delay_slot
         914    0x00 0x00                                                                        NOPX
.delay_slot
.swstall delay_slot
         916    0x00 0x2c 0xf0 0x00 0x20 0x00 0x00 0x00 0x00 0xad 0x81 0x36                      NOPA;                         NOPB;                         NOPS;                         NOPX
.return_address
.no_stack_arguments
         928    0x53 0x91 0x60 0x00 0x06 0x6e 0x00 0x00 0x41 0x3a                                                                                            MOVS p2, p7;                  JL #13168
.delay_slot
         938    0x33 0x11 0x60 0x00 0x01 0xf4 0x36 0x00 0x11 0x3a                                                                                            MOVS p1, p6;                  MOVXM p0, #515072
.delay_slot
         948    0x1e 0x64 0xc0 0xf8                                                                                                                                                                                      MOV p6, p2
.delay_slot
.swstall delay_slot
         952    0x00 0x00                                                                        NOPX
.delay_slot
.swstall delay_slot
         954    0x00 0x00                                                                        NOPX
.delay_slot
.swstall delay_slot
         956    0x00 0x01 0x67 0x98                                                              NOPA
.return_address
.no_stack_arguments
         960    0x06 0x00 0x00 0x00 0x06 0x6a 0x00 0x00 0x40 0xba                                MOVA r0, #48;                                                                             JL #13136
.delay_slot
         970    0x10 0x02 0x05 0x18                                                                                                                                                        MOVX r1, #1
.delay_slot
.swstall delay_slot
         974    0x00 0x00                                                                        NOPX
.delay_slot
.swstall delay_slot
         976    0x00 0x00                                                                        NOPX
.delay_slot
.swstall delay_slot
         978    0x00 0x00                                                                        NOPX
.delay_slot
.swstall delay_slot
         980    0x00 0x2c 0xf0 0x00 0x20 0x00 0x00 0x00 0x00 0xad 0x81 0x36                      NOPA;                         NOPB;                         NOPS;                         NOPX
.return_address
.no_stack_arguments
         992    0x06 0x40 0x00 0x00 0x06 0x6a 0x00 0x00 0x40 0xba                                MOVA r0, #50;                                                                             JL #13136
.delay_slot
        1002    0x10 0x02 0x05 0x18                                                                                                                                                        MOVX r1, #1
.delay_slot
.swstall delay_slot
        1006    0x00 0x00                                                                        NOPX
.delay_slot
.swstall delay_slot
        1008    0x00 0x00                                                                        NOPX
.delay_slot
.swstall delay_slot
        1010    0x00 0x00                                                                        NOPX
.delay_slot
.swstall delay_slot
        1012    0x00 0x2c 0xf0 0x00 0x20 0x00 0x00 0x00 0x00 0xad 0x81 0x36                      NOPA;                         NOPB;                         NOPS;                         NOPX
.return_address
.no_stack_arguments
        1024    0x06 0x60 0x00 0x00 0x06 0x66 0x00 0x00 0x40 0xba                                MOVA r0, #51;                                                                             JL #13104
.delay_slot
        1034    0x17 0xc2 0xfd 0x18                                                                                                                                                        MOVX r1, #-1
.delay_slot
.swstall delay_slot
        1038    0x00 0x00                                                                        NOPX
.delay_slot
.swstall delay_slot
        1040    0x00 0x00                                                                        NOPX
.delay_slot
.swstall delay_slot
        1042    0x00 0x00                                                                        NOPX
.delay_slot
.swstall delay_slot
        1044    0x00 0x2c 0xf0 0x00 0x20 0x00 0x00 0x00 0x00 0xad 0x81 0x36                      NOPA;                         NOPB;                         NOPS;                         NOPX
.return_address
.no_stack_arguments
        1056    0x06 0x20 0x00 0x00 0x06 0x66 0x00 0x00 0x40 0xba                                MOVA r0, #49;                                                                             JL #13104
.delay_slot
        1066    0x17 0xc2 0xfd 0x18                                                                                                                                                        MOVX r1, #-1
.delay_slot
.swstall delay_slot
        1070    0x00 0x00                                                                        NOPX
.delay_slot
.swstall delay_slot
        1072    0x00 0x00                                                                        NOPX
.delay_slot
.swstall delay_slot
        1074    0x00 0x00                                                                        NOPX
.delay_slot
.swstall delay_slot
        1076    0x00 0x2c 0xf0 0x00 0x20 0x00 0x00 0x00 0x00 0xad 0x81 0x36                      NOPA;                         NOPB;                         NOPS;                         NOPX
.return_address
.no_stack_arguments
        1088    0x00 0x19 0xb8 0x00 0x01 0x04                                                                                                                                              JL #13168
.delay_slot
        1094    0x00 0x07 0xc0 0xd4 0x00 0x44                                                                                                                                              MOVXM p0, #510464
.delay_slot
        1100    0x00 0x07 0x92 0xc8 0x00 0x44                                                                                                                                              MOVXM p1, #496640
.delay_slot
        1106    0x1a 0x6c 0xc0 0xf8                                                                                                                                                                                      MOV p2, p6
.delay_slot
.swstall delay_slot
        1110    0x00 0x00                                                                        NOPX
.delay_slot
.swstall delay_slot
        1112    0x00 0x2c 0xf0 0x04 0x00 0x00 0x1c 0x22                                          NOPA;                                                                                                                                                           NOPV
.return_address
.no_stack_arguments
        1120    0x06 0x00 0x00 0x00 0x06 0x6a 0x00 0x00 0x40 0xba                                MOVA r0, #48;                                                                             JL #13136
.delay_slot
        1130    0x10 0x02 0x05 0x18                                                                                                                                                        MOVX r1, #1
.delay_slot
.swstall delay_slot
        1134    0x00 0x00                                                                        NOPX
.delay_slot
.swstall delay_slot
        1136    0x00 0x00                                                                        NOPX
.delay_slot
.swstall delay_slot
        1138    0x00 0x00                                                                        NOPX
.delay_slot
.swstall delay_slot
        1140    0x00 0x2c 0xf0 0x00 0x20 0x00 0x00 0x00 0x00 0xad 0x81 0x36                      NOPA;                         NOPB;                         NOPS;                         NOPX
.return_address
.no_stack_arguments
        1152    0x06 0x20 0x00 0x00 0x06 0x66 0x00 0x00 0x40 0xba                                MOVA r0, #49;                                                                             JL #13104
.delay_slot
        1162    0x17 0xc2 0xfd 0x18                                                                                                                                                        MOVX r1, #-1
.delay_slot
.swstall delay_slot
        1166    0x00 0x00                                                                        NOPX
.delay_slot
.swstall delay_slot
        1168    0x00 0x00                                                                        NOPX
.delay_slot
.swstall delay_slot
        1170    0x00 0x00                                                                        NOPX
.delay_slot
.swstall delay_slot
        1172    0x00 0x2c 0xf0 0x00 0x20 0x00 0x00 0x00 0x00 0xad 0x81 0x36                      NOPA;                         NOPB;                         NOPS;                         NOPX
.return_address
.no_stack_arguments
        1184    0x00 0x19 0xb8 0x00 0x01 0x04                                                                                                                                              JL #13168
.delay_slot
        1190    0x00 0x07 0xd0 0xd8 0x00 0x44                                                                                                                                              MOVXM p0, #515072
.delay_slot
        1196    0x00 0x07 0x92 0xc8 0x00 0x44                                                                                                                                              MOVXM p1, #496640
.delay_slot
        1202    0x1a 0x6c 0xc0 0xf8                                                                                                                                                                                      MOV p2, p6
.delay_slot
.swstall delay_slot
        1206    0x00 0x00                                                                        NOPX
.delay_slot
.swstall delay_slot
        1208    0x00 0x2c 0xf0 0x04 0x00 0x00 0x1c 0x22                                          NOPA;                                                                                                                                                           NOPV
.return_address
.no_stack_arguments
        1216    0x06 0x00 0x00 0x00 0x06 0x6a 0x00 0x00 0x40 0xba                                MOVA r0, #48;                                                                             JL #13136
.delay_slot
        1226    0x10 0x02 0x05 0x18                                                                                                                                                        MOVX r1, #1
.delay_slot
.swstall delay_slot
        1230    0x00 0x00                                                                        NOPX
.delay_slot
.swstall delay_slot
        1232    0x00 0x00                                                                        NOPX
.delay_slot
.swstall delay_slot
        1234    0x00 0x00                                                                        NOPX
.delay_slot
.swstall delay_slot
        1236    0x00 0x2c 0xf0 0x00 0x20 0x00 0x00 0x00 0x00 0xad 0x81 0x36                      NOPA;                         NOPB;                         NOPS;                         NOPX
.return_address
.no_stack_arguments
        1248    0x06 0x20 0x00 0x00 0x06 0x66 0x00 0x00 0x40 0xba                                MOVA r0, #49;                                                                             JL #13104
.delay_slot
        1258    0x17 0xc2 0xfd 0x18                                                                                                                                                        MOVX r1, #-1
.delay_slot
.swstall delay_slot
        1262    0x00 0x00                                                                        NOPX
.delay_slot
.swstall delay_slot
        1264    0x00 0x00                                                                        NOPX
.delay_slot
.swstall delay_slot
        1266    0x00 0x00                                                                        NOPX
.delay_slot
.swstall delay_slot
        1268    0x00 0x2c 0xf0 0x00 0x20 0x00 0x00 0x00 0x00 0xad 0x81 0x36                      NOPA;                         NOPB;                         NOPS;                         NOPX
.return_address
.no_stack_arguments
        1280    0x00 0x19 0xb8 0x00 0x01 0x04                                                                                                                                              JL #13168
.delay_slot
        1286    0x00 0x07 0xc0 0xd4 0x00 0x44                                                                                                                                              MOVXM p0, #510464
.delay_slot
        1292    0x00 0x07 0x92 0xc8 0x00 0x44                                                                                                                                              MOVXM p1, #496640
.delay_slot
        1298    0x1a 0x6c 0xc0 0xf8                                                                                                                                                                                      MOV p2, p6
.delay_slot
.swstall delay_slot
        1302    0x00 0x00                                                                        NOPX
.delay_slot
.swstall delay_slot
        1304    0x00 0x2c 0xf0 0x04 0x00 0x00 0x1c 0x22                                          NOPA;                                                                                                                                                           NOPV
.return_address
.no_stack_arguments
        1312    0x06 0x00 0x00 0x00 0x06 0x6a 0x00 0x00 0x40 0xba                                MOVA r0, #48;                                                                             JL #13136
.delay_slot
        1322    0x10 0x02 0x05 0x18                                                                                                                                                        MOVX r1, #1
.delay_slot
.swstall delay_slot
        1326    0x00 0x00                                                                        NOPX
.delay_slot
.swstall delay_slot
        1328    0x00 0x00                                                                        NOPX
.delay_slot
.swstall delay_slot
        1330    0x00 0x00                                                                        NOPX
.delay_slot
.swstall delay_slot
        1332    0x00 0x2c 0xf0 0x00 0x20 0x00 0x00 0x00 0x00 0xad 0x81 0x36                      NOPA;                         NOPB;                         NOPS;                         NOPX
.return_address
.no_stack_arguments
        1344    0x06 0x20 0x00 0x00 0x06 0x66 0x00 0x00 0x40 0xba                                MOVA r0, #49;                                                                             JL #13104
.delay_slot
        1354    0x17 0xc2 0xfd 0x18                                                                                                                                                        MOVX r1, #-1
.delay_slot
.swstall delay_slot
        1358    0x00 0x00                                                                        NOPX
.delay_slot
.swstall delay_slot
        1360    0x00 0x00                                                                        NOPX
.delay_slot
.swstall delay_slot
        1362    0x00 0x00                                                                        NOPX
.delay_slot
.swstall delay_slot
        1364    0x00 0x2c 0xf0 0x00 0x20 0x00 0x00 0x00 0x00 0xad 0x81 0x36                      NOPA;                         NOPB;                         NOPS;                         NOPX
.return_address
.no_stack_arguments
        1376    0x00 0x19 0xb8 0x00 0x01 0x04                                                                                                                                              JL #13168
.delay_slot
        1382    0x00 0x07 0xd0 0xd8 0x00 0x44                                                                                                                                              MOVXM p0, #515072
.delay_slot
        1388    0x00 0x07 0x92 0xc8 0x00 0x44                                                                                                                                              MOVXM p1, #496640
.delay_slot
        1394    0x1a 0x6c 0xc0 0xf8                                                                                                                                                                                      MOV p2, p6
.delay_slot
.swstall delay_slot
        1398    0x00 0x00                                                                        NOPX
.delay_slot
.swstall delay_slot
        1400    0x00 0x2c 0xf0 0x04 0x00 0x00 0x1c 0x22                                          NOPA;                                                                                                                                                           NOPV
.return_address
.no_stack_arguments
        1408    0x06 0x00 0x00 0x00 0x06 0x6a 0x00 0x00 0x40 0xba                                MOVA r0, #48;                                                                             JL #13136
.delay_slot
        1418    0x10 0x02 0x05 0x18                                                                                                                                                        MOVX r1, #1
.delay_slot
.swstall delay_slot
        1422    0x00 0x00                                                                        NOPX
.delay_slot
.swstall delay_slot
        1424    0x00 0x00                                                                        NOPX
.delay_slot
.swstall delay_slot
        1426    0x00 0x00                                                                        NOPX
.delay_slot
.swstall delay_slot
        1428    0x00 0x2c 0xf0 0x00 0x20 0x00 0x00 0x00 0x00 0xad 0x81 0x36                      NOPA;                         NOPB;                         NOPS;                         NOPX
.return_address
.no_stack_arguments
        1440    0x06 0x20 0x00 0x00 0x06 0x66 0x00 0x00 0x40 0xba                                MOVA r0, #49;                                                                             JL #13104
.delay_slot
        1450    0x17 0xc2 0xfd 0x18                                                                                                                                                        MOVX r1, #-1
.delay_slot
.swstall delay_slot
        1454    0x00 0x00                                                                        NOPX
.delay_slot
.swstall delay_slot
        1456    0x00 0x00                                                                        NOPX
.delay_slot
.swstall delay_slot
        1458    0x00 0x00                                                                        NOPX
.delay_slot
.swstall delay_slot
        1460    0x00 0x2c 0xf0 0x00 0x20 0x00 0x00 0x00 0x00 0xad 0x81 0x36                      NOPA;                         NOPB;                         NOPS;                         NOPX
.return_address
.no_stack_arguments
        1472    0x00 0x19 0xb8 0x00 0x01 0x04                                                                                                                                              JL #13168
.delay_slot
        1478    0x00 0x07 0xc0 0xd4 0x00 0x44                                                                                                                                              MOVXM p0, #510464
.delay_slot
        1484    0x00 0x07 0x92 0xc8 0x00 0x44                                                                                                                                              MOVXM p1, #496640
.delay_slot
        1490    0x1a 0x6c 0xc0 0xf8                                                                                                                                                                                      MOV p2, p6
.delay_slot
.swstall delay_slot
        1494    0x00 0x00                                                                        NOPX
.delay_slot
.swstall delay_slot
        1496    0x00 0x2c 0xf0 0x04 0x00 0x00 0x1c 0x22                                          NOPA;                                                                                                                                                           NOPV
.return_address
.no_stack_arguments
        1504    0x06 0x00 0x00 0x00 0x06 0x6a 0x00 0x00 0x40 0xba                                MOVA r0, #48;                                                                             JL #13136
.delay_slot
        1514    0x10 0x02 0x05 0x18                                                                                                                                                        MOVX r1, #1
.delay_slot
.swstall delay_slot
        1518    0x00 0x00                                                                        NOPX
.delay_slot
.swstall delay_slot
        1520    0x00 0x00                                                                        NOPX
.delay_slot
.swstall delay_slot
        1522    0x00 0x00                                                                        NOPX
.delay_slot
.swstall delay_slot
        1524    0x00 0x2c 0xf0 0x00 0x20 0x00 0x00 0x00 0x00 0xad 0x81 0x36                      NOPA;                         NOPB;                         NOPS;                         NOPX
.return_address
.no_stack_arguments
        1536    0x00 0x19 0x98 0x00 0x01 0x04                                                                                                                                              JL #13104
.delay_slot
        1542    0x06 0x20 0x00 0x00 0x00 0x03 0x30 0xc0 0x10 0xba                                MOVA r0, #49;                                                                             MOVXM p6, #384
.delay_slot
        1552    0x17 0xc2 0xfd 0x18                                                                                                                                                        MOVX r1, #-1
.delay_slot
.swstall delay_slot
        1556    0x00 0x00                                                                        NOPX
.delay_slot
.swstall delay_slot
        1558    0x00 0x00                                                                        NOPX
.delay_slot
.swstall delay_slot
        1560    0x00 0x2c 0xf0 0x04 0x00 0x00 0x1c 0x22                                          NOPA;                                                                                                                                                           NOPV
.return_address
.no_stack_arguments
        1568    0x00 0x19 0xb8 0x00 0x01 0x04                                                                                                                                              JL #13168
.delay_slot
        1574    0x00 0x07 0xd0 0xd8 0x00 0x44                                                                                                                                              MOVXM p0, #515072
.delay_slot
        1580    0x00 0x07 0x92 0xc8 0x00 0x44                                                                                                                                              MOVXM p1, #496640
.delay_slot
        1586    0x1a 0x6e 0xc0 0xf8                                                                                                                                                                                      MOV p2, p7
.delay_slot
.swstall delay_slot
        1590    0x00 0x00                                                                        NOPX
.delay_slot
.swstall delay_slot
        1592    0x00 0x2c 0xf0 0x04 0x00 0x00 0x1c 0x22                                          NOPA;                                                                                                                                                           NOPV
.return_address
.no_stack_arguments
        1600    0x06 0x00 0x00 0x00 0x06 0x6a 0x00 0x00 0x40 0xba                                MOVA r0, #48;                                                                             JL #13136
.delay_slot
        1610    0x10 0x02 0x05 0x18                                                                                                                                                        MOVX r1, #1
.delay_slot
.swstall delay_slot
        1614    0x00 0x00                                                                        NOPX
.delay_slot
.swstall delay_slot
        1616    0x00 0x00                                                                        NOPX
.delay_slot
.swstall delay_slot
        1618    0x00 0x00                                                                        NOPX
.delay_slot
.swstall delay_slot
        1620    0x00 0x2c 0xf0 0x00 0x20 0x00 0x00 0x00 0x00 0xad 0x81 0x36                      NOPA;                         NOPB;                         NOPS;                         NOPX
.return_address
.no_stack_arguments
        1632    0x06 0x40 0x00 0x00 0x06 0x6a 0x00 0x00 0x40 0xba                                MOVA r0, #50;                                                                             JL #13136
.delay_slot
        1642    0x10 0x02 0x05 0x18                                                                                                                                                        MOVX r1, #1
.delay_slot
.swstall delay_slot
        1646    0x00 0x00                                                                        NOPX
.delay_slot
.swstall delay_slot
        1648    0x00 0x00                                                                        NOPX
.delay_slot
.swstall delay_slot
        1650    0x00 0x00                                                                        NOPX
.delay_slot
.swstall delay_slot
        1652    0x00 0x2c 0xf0 0x00 0x20 0x00 0x00 0x00 0x00 0xad 0x81 0x36                      NOPA;                         NOPB;                         NOPS;                         NOPX
.return_address
        1664    0x13 0x19 0xa0 0x18                                                                                                                                                        JNZD r12, r12, p6
.delay_slot
.swstall delay_slot
        1668    0x00 0x00                                                                        NOPX
.delay_slot
.swstall delay_slot
        1670    0x00 0x00                                                                        NOPX
.delay_slot
.swstall delay_slot
        1672    0x00 0x00                                                                        NOPX
.delay_slot
.swstall delay_slot
        1674    0x00 0x00                                                                        NOPX
.delay_slot
.swstall delay_slot
        1676    0x00 0x00                                                                        NOPX
.loop_nesting 1
.no_stack_arguments
        1678    0x06 0xa0 0x00 0x00 0x06 0x6a 0x00 0x00 0x40 0xba                                MOVA r0, #53;                                                                             JL #13136
.delay_slot
        1688    0x10 0x02 0x05 0x18                                                                                                                                                        MOVX r1, #1
.delay_slot
.swstall delay_slot
        1692    0x00 0x00                                                                        NOPX
.delay_slot
.swstall delay_slot
        1694    0x00 0x00                                                                        NOPX
.delay_slot
.swstall delay_slot
        1696    0x00 0x00                                                                        NOPX
.delay_slot
.swstall delay_slot
        1698    0x00 0x2c 0xf0 0x02 0xb6 0x00 0x00 0x40 0x1a 0x57 0x00 0x00 0x1c 0x2e            NOPA;                                                       NOPS;                                                       NOPM;                                   NOPV
.return_address
.no_stack_arguments
        1712    0x06 0x80 0x00 0x00 0x06 0x66 0x00 0x00 0x40 0xba                                MOVA r0, #52;                                                                             JL #13104
.delay_slot
        1722    0x17 0xc2 0xfd 0x18                                                                                                                                                        MOVX r1, #-1
.delay_slot
.swstall delay_slot
        1726    0x00 0x00                                                                        NOPX
.delay_slot
.swstall delay_slot
        1728    0x00 0x00                                                                        NOPX
.delay_slot
.swstall delay_slot
        1730    0x00 0x00                                                                        NOPX
.delay_slot
.swstall delay_slot
        1732    0x00 0x2c 0xf0 0x00 0x20 0x00 0x00 0x00 0x00 0xad 0x81 0x36                      NOPA;                         NOPB;                         NOPS;                         NOPX
.return_address
.no_stack_arguments
        1744    0x00 0x1b 0x78 0x00 0x01 0x04                                                                                                                                              JL #14064
.delay_slot
        1750    0x18 0x6e 0xc0 0xf8                                                                                                                                                                                      MOV p0, p7
.delay_slot
.swstall delay_slot
        1754    0x00 0x00                                                                        NOPX
.delay_slot
.swstall delay_slot
        1756    0x00 0x00                                                                        NOPX
.delay_slot
.swstall delay_slot
        1758    0x00 0x00                                                                        NOPX
.delay_slot
.swstall delay_slot
        1760    0x00 0x2c 0xf0 0x00 0x20 0x01 0x5b 0x00 0x00 0x00 0x01 0xa5 0x78 0x00 0x00 0xe1  NOPA;                         NOPB;                         NOPS;                         NOPX;                         NOPM;                                   NOPV
.return_address
        1776    0x00 0x2c 0xf0 0x00 0x20 0x01 0x5b 0x00 0xc1 0x28 0x01 0xa5 0x78 0x00 0x00 0xe1  NOPA;                         NOPB;                         NOPS;                         MOVX r12, #9;                 NOPM;                                   NOPV
.label TGT_Fcore_0_5_1568
.loop_nesting 2
.no_stack_arguments
        1792    0x06 0x60 0x00 0x00 0x06 0x66 0x00 0x00 0x40 0xba                                MOVA r0, #51;                                                                             JL #13104
.delay_slot
        1802    0x17 0xc2 0xfd 0x18                                                                                                                                                        MOVX r1, #-1
.delay_slot
.swstall delay_slot
        1806    0x00 0x00                                                                        NOPX
.delay_slot
.swstall delay_slot
        1808    0x00 0x00                                                                        NOPX
.delay_slot
.swstall delay_slot
        1810    0x00 0x00                                                                        NOPX
.delay_slot
.swstall delay_slot
        1812    0x00 0x2c 0xf0 0x00 0x20 0x00 0x00 0x00 0x00 0xad 0x81 0x36                      NOPA;                         NOPB;                         NOPS;                         NOPX
.return_address
.no_stack_arguments
        1824    0x06 0x20 0x00 0x00 0x06 0x66 0x00 0x00 0x40 0xba                                MOVA r0, #49;                                                                             JL #13104
.delay_slot
        1834    0x17 0xc2 0xfd 0x18                                                                                                                                                        MOVX r1, #-1
.delay_slot
.swstall delay_slot
        1838    0x00 0x00                                                                        NOPX
.delay_slot
.swstall delay_slot
        1840    0x00 0x00                                                                        NOPX
.delay_slot
.swstall delay_slot
        1842    0x00 0x00                                                                        NOPX
.delay_slot
.swstall delay_slot
        1844    0x00 0x2c 0xf0 0x00 0x20 0x00 0x00 0x00 0x00 0xad 0x81 0x36                      NOPA;                         NOPB;                         NOPS;                         NOPX
.return_address
.no_stack_arguments
        1856    0x53 0x91 0x60 0x00 0x06 0x6e 0x00 0x00 0x41 0x3a                                                                                            MOVS p2, p7;                  JL #13168
.delay_slot
        1866    0x00 0x07 0x52 0xdc 0x00 0x44                                                                                                                                              MOVXM p1, #482816
.delay_slot
        1872    0x00 0x07 0xc0 0xd4 0x00 0x44                                                                                                                                              MOVXM p0, #510464
.delay_slot
        1878    0x1e 0x62 0xc0 0xf8                                                                                                                                                                                      MOV p6, p1
.delay_slot
.swstall delay_slot
        1882    0x00 0x00                                                                        NOPX
.delay_slot
.swstall delay_slot
        1884    0x00 0x01 0x67 0x98                                                              NOPA
.return_address
.no_stack_arguments
        1888    0x06 0x00 0x00 0x00 0x06 0x6a 0x00 0x00 0x40 0xba                                MOVA r0, #48;                                                                             JL #13136
.delay_slot
        1898    0x10 0x02 0x05 0x18                                                                                                                                                        MOVX r1, #1
.delay_slot
.swstall delay_slot
        1902    0x00 0x00                                                                        NOPX
.delay_slot
.swstall delay_slot
        1904    0x00 0x00                                                                        NOPX
.delay_slot
.swstall delay_slot
        1906    0x00 0x00                                                                        NOPX
.delay_slot
.swstall delay_slot
        1908    0x00 0x2c 0xf0 0x00 0x20 0x00 0x00 0x00 0x00 0xad 0x81 0x36                      NOPA;                         NOPB;                         NOPS;                         NOPX
.return_address
.no_stack_arguments
        1920    0x06 0x20 0x00 0x00 0x06 0x66 0x00 0x00 0x40 0xba                                MOVA r0, #49;                                                                             JL #13104
.delay_slot
        1930    0x17 0xc2 0xfd 0x18                                                                                                                                                        MOVX r1, #-1
.delay_slot
.swstall delay_slot
        1934    0x00 0x00                                                                        NOPX
.delay_slot
.swstall delay_slot
        1936    0x00 0x00                                                                        NOPX
.delay_slot
.swstall delay_slot
        1938    0x00 0x00                                                                        NOPX
.delay_slot
.swstall delay_slot
        1940    0x00 0x2c 0xf0 0x00 0x20 0x00 0x00 0x00 0x00 0xad 0x81 0x36                      NOPA;                         NOPB;                         NOPS;                         NOPX
.return_address
.no_stack_arguments
        1952    0x33 0x11 0x60 0x00 0x06 0x6e 0x00 0x00 0x41 0x3a                                                                                            MOVS p1, p6;                  JL #13168
.delay_slot
        1962    0x1a 0x6e 0xc0 0xf8                                                                                                                                                                                      MOV p2, p7
.delay_slot
        1966    0x00 0x07 0xd0 0xd8 0x00 0x44                                                                                                                                              MOVXM p0, #515072
.delay_slot
.swstall delay_slot
        1972    0x00 0x00                                                                        NOPX
.delay_slot
.swstall delay_slot
        1974    0x00 0x00                                                                        NOPX
.delay_slot
.swstall delay_slot
        1976    0x00 0x2c 0xf0 0x04 0x00 0x00 0x1c 0x22                                          NOPA;                                                                                                                                                           NOPV
.return_address
.no_stack_arguments
        1984    0x06 0x00 0x00 0x00 0x06 0x6a 0x00 0x00 0x40 0xba                                MOVA r0, #48;                                                                             JL #13136
.delay_slot
        1994    0x10 0x02 0x05 0x18                                                                                                                                                        MOVX r1, #1
.delay_slot
.swstall delay_slot
        1998    0x00 0x00                                                                        NOPX
.delay_slot
.swstall delay_slot
        2000    0x00 0x00                                                                        NOPX
.delay_slot
.swstall delay_slot
        2002    0x00 0x00                                                                        NOPX
.delay_slot
.swstall delay_slot
        2004    0x00 0x2c 0xf0 0x00 0x20 0x00 0x00 0x00 0x00 0xad 0x81 0x36                      NOPA;                         NOPB;                         NOPS;                         NOPX
.return_address
.no_stack_arguments
        2016    0x06 0x20 0x00 0x00 0x06 0x66 0x00 0x00 0x40 0xba                                MOVA r0, #49;                                                                             JL #13104
.delay_slot
        2026    0x17 0xc2 0xfd 0x18                                                                                                                                                        MOVX r1, #-1
.delay_slot
.swstall delay_slot
        2030    0x00 0x00                                                                        NOPX
.delay_slot
.swstall delay_slot
        2032    0x00 0x00                                                                        NOPX
.delay_slot
.swstall delay_slot
        2034    0x00 0x00                                                                        NOPX
.delay_slot
.swstall delay_slot
        2036    0x00 0x2c 0xf0 0x00 0x20 0x00 0x00 0x00 0x00 0xad 0x81 0x36                      NOPA;                         NOPB;                         NOPS;                         NOPX
.return_address
.no_stack_arguments
        2048    0x33 0x11 0x60 0x00 0x06 0x6e 0x00 0x00 0x41 0x3a                                                                                            MOVS p1, p6;                  JL #13168
.delay_slot
        2058    0x1a 0x6e 0xc0 0xf8                                                                                                                                                                                      MOV p2, p7
.delay_slot
        2062    0x00 0x07 0xc0 0xd4 0x00 0x44                                                                                                                                              MOVXM p0, #510464
.delay_slot
.swstall delay_slot
        2068    0x00 0x00                                                                        NOPX
.delay_slot
.swstall delay_slot
        2070    0x00 0x00                                                                        NOPX
.delay_slot
.swstall delay_slot
        2072    0x00 0x2c 0xf0 0x04 0x00 0x00 0x1c 0x22                                          NOPA;                                                                                                                                                           NOPV
.return_address
.no_stack_arguments
        2080    0x06 0x00 0x00 0x00 0x06 0x6a 0x00 0x00 0x40 0xba                                MOVA r0, #48;                                                                             JL #13136
.delay_slot
        2090    0x10 0x02 0x05 0x18                                                                                                                                                        MOVX r1, #1
.delay_slot
.swstall delay_slot
        2094    0x00 0x00                                                                        NOPX
.delay_slot
.swstall delay_slot
        2096    0x00 0x00                                                                        NOPX
.delay_slot
.swstall delay_slot
        2098    0x00 0x00                                                                        NOPX
.delay_slot
.swstall delay_slot
        2100    0x00 0x2c 0xf0 0x00 0x20 0x00 0x00 0x00 0x00 0xad 0x81 0x36                      NOPA;                         NOPB;                         NOPS;                         NOPX
.return_address
.no_stack_arguments
        2112    0x06 0x20 0x00 0x00 0x06 0x66 0x00 0x00 0x40 0xba                                MOVA r0, #49;                                                                             JL #13104
.delay_slot
        2122    0x17 0xc2 0xfd 0x18                                                                                                                                                        MOVX r1, #-1
.delay_slot
.swstall delay_slot
        2126    0x00 0x00                                                                        NOPX
.delay_slot
.swstall delay_slot
        2128    0x00 0x00                                                                        NOPX
.delay_slot
.swstall delay_slot
        2130    0x00 0x00                                                                        NOPX
.delay_slot
.swstall delay_slot
        2132    0x00 0x2c 0xf0 0x00 0x20 0x00 0x00 0x00 0x00 0xad 0x81 0x36                      NOPA;                         NOPB;                         NOPS;                         NOPX
.return_address
.no_stack_arguments
        2144    0x33 0x11 0x60 0x00 0x06 0x6e 0x00 0x00 0x41 0x3a                                                                                            MOVS p1, p6;                  JL #13168
.delay_slot
        2154    0x1a 0x6e 0xc0 0xf8                                                                                                                                                                                      MOV p2, p7
.delay_slot
        2158    0x00 0x07 0xd0 0xd8 0x00 0x44                                                                                                                                              MOVXM p0, #515072
.delay_slot
.swstall delay_slot
        2164    0x00 0x00                                                                        NOPX
.delay_slot
.swstall delay_slot
        2166    0x00 0x00                                                                        NOPX
.delay_slot
.swstall delay_slot
        2168    0x00 0x2c 0xf0 0x04 0x00 0x00 0x1c 0x22                                          NOPA;                                                                                                                                                           NOPV
.return_address
.no_stack_arguments
        2176    0x06 0x00 0x00 0x00 0x06 0x6a 0x00 0x00 0x40 0xba                                MOVA r0, #48;                                                                             JL #13136
.delay_slot
        2186    0x10 0x02 0x05 0x18                                                                                                                                                        MOVX r1, #1
.delay_slot
.swstall delay_slot
        2190    0x00 0x00                                                                        NOPX
.delay_slot
.swstall delay_slot
        2192    0x00 0x00                                                                        NOPX
.delay_slot
.swstall delay_slot
        2194    0x00 0x00                                                                        NOPX
.delay_slot
.swstall delay_slot
        2196    0x00 0x2c 0xf0 0x00 0x20 0x00 0x00 0x00 0x00 0xad 0x81 0x36                      NOPA;                         NOPB;                         NOPS;                         NOPX
.return_address
.no_stack_arguments
        2208    0x06 0x20 0x00 0x00 0x06 0x66 0x00 0x00 0x40 0xba                                MOVA r0, #49;                                                                             JL #13104
.delay_slot
        2218    0x17 0xc2 0xfd 0x18                                                                                                                                                        MOVX r1, #-1
.delay_slot
.swstall delay_slot
        2222    0x00 0x00                                                                        NOPX
.delay_slot
.swstall delay_slot
        2224    0x00 0x00                                                                        NOPX
.delay_slot
.swstall delay_slot
        2226    0x00 0x00                                                                        NOPX
.delay_slot
.swstall delay_slot
        2228    0x00 0x2c 0xf0 0x00 0x20 0x00 0x00 0x00 0x00 0xad 0x81 0x36                      NOPA;                         NOPB;                         NOPS;                         NOPX
.return_address
.no_stack_arguments
        2240    0x33 0x11 0x60 0x00 0x06 0x6e 0x00 0x00 0x41 0x3a                                                                                            MOVS p1, p6;                  JL #13168
.delay_slot
        2250    0x1a 0x6e 0xc0 0xf8                                                                                                                                                                                      MOV p2, p7
.delay_slot
        2254    0x00 0x07 0xc0 0xd4 0x00 0x44                                                                                                                                              MOVXM p0, #510464
.delay_slot
.swstall delay_slot
        2260    0x00 0x00                                                                        NOPX
.delay_slot
.swstall delay_slot
        2262    0x00 0x00                                                                        NOPX
.delay_slot
.swstall delay_slot
        2264    0x00 0x2c 0xf0 0x04 0x00 0x00 0x1c 0x22                                          NOPA;                                                                                                                                                           NOPV
.return_address
.no_stack_arguments
        2272    0x06 0x00 0x00 0x00 0x06 0x6a 0x00 0x00 0x40 0xba                                MOVA r0, #48;                                                                             JL #13136
.delay_slot
        2282    0x10 0x02 0x05 0x18                                                                                                                                                        MOVX r1, #1
.delay_slot
.swstall delay_slot
        2286    0x00 0x00                                                                        NOPX
.delay_slot
.swstall delay_slot
        2288    0x00 0x00                                                                        NOPX
.delay_slot
.swstall delay_slot
        2290    0x00 0x00                                                                        NOPX
.delay_slot
.swstall delay_slot
        2292    0x00 0x2c 0xf0 0x00 0x20 0x00 0x00 0x00 0x00 0xad 0x81 0x36                      NOPA;                         NOPB;                         NOPS;                         NOPX
.return_address
.no_stack_arguments
        2304    0x06 0x20 0x00 0x00 0x06 0x66 0x00 0x00 0x40 0xba                                MOVA r0, #49;                                                                             JL #13104
.delay_slot
        2314    0x17 0xc2 0xfd 0x18                                                                                                                                                        MOVX r1, #-1
.delay_slot
.swstall delay_slot
        2318    0x00 0x00                                                                        NOPX
.delay_slot
.swstall delay_slot
        2320    0x00 0x00                                                                        NOPX
.delay_slot
.swstall delay_slot
        2322    0x00 0x00                                                                        NOPX
.delay_slot
.swstall delay_slot
        2324    0x00 0x2c 0xf0 0x00 0x20 0x00 0x00 0x00 0x00 0xad 0x81 0x36                      NOPA;                         NOPB;                         NOPS;                         NOPX
.return_address
.no_stack_arguments
        2336    0x53 0x91 0x60 0x00 0x06 0x6e 0x00 0x00 0x41 0x3a                                                                                            MOVS p2, p7;                  JL #13168
.delay_slot
        2346    0x33 0x11 0x60 0x00 0x01 0xf4 0x36 0x00 0x11 0x3a                                                                                            MOVS p1, p6;                  MOVXM p0, #515072
.delay_slot
        2356    0x1e 0x64 0xc0 0xf8                                                                                                                                                                                      MOV p6, p2
.delay_slot
.swstall delay_slot
        2360    0x00 0x00                                                                        NOPX
.delay_slot
.swstall delay_slot
        2362    0x00 0x00                                                                        NOPX
.delay_slot
.swstall delay_slot
        2364    0x00 0x01 0x67 0x98                                                              NOPA
.return_address
.no_stack_arguments
        2368    0x06 0x00 0x00 0x00 0x06 0x6a 0x00 0x00 0x40 0xba                                MOVA r0, #48;                                                                             JL #13136
.delay_slot
        2378    0x10 0x02 0x05 0x18                                                                                                                                                        MOVX r1, #1
.delay_slot
.swstall delay_slot
        2382    0x00 0x00                                                                        NOPX
.delay_slot
.swstall delay_slot
        2384    0x00 0x00                                                                        NOPX
.delay_slot
.swstall delay_slot
        2386    0x00 0x00                                                                        NOPX
.delay_slot
.swstall delay_slot
        2388    0x00 0x2c 0xf0 0x00 0x20 0x00 0x00 0x00 0x00 0xad 0x81 0x36                      NOPA;                         NOPB;                         NOPS;                         NOPX
.return_address
.no_stack_arguments
        2400    0x06 0x40 0x00 0x00 0x06 0x6a 0x00 0x00 0x40 0xba                                MOVA r0, #50;                                                                             JL #13136
.delay_slot
        2410    0x10 0x02 0x05 0x18                                                                                                                                                        MOVX r1, #1
.delay_slot
.swstall delay_slot
        2414    0x00 0x00                                                                        NOPX
.delay_slot
.swstall delay_slot
        2416    0x00 0x00                                                                        NOPX
.delay_slot
.swstall delay_slot
        2418    0x00 0x00                                                                        NOPX
.delay_slot
.swstall delay_slot
        2420    0x00 0x2c 0xf0 0x00 0x20 0x00 0x00 0x00 0x00 0xad 0x81 0x36                      NOPA;                         NOPB;                         NOPS;                         NOPX
.return_address
.no_stack_arguments
        2432    0x06 0x60 0x00 0x00 0x06 0x66 0x00 0x00 0x40 0xba                                MOVA r0, #51;                                                                             JL #13104
.delay_slot
        2442    0x17 0xc2 0xfd 0x18                                                                                                                                                        MOVX r1, #-1
.delay_slot
.swstall delay_slot
        2446    0x00 0x00                                                                        NOPX
.delay_slot
.swstall delay_slot
        2448    0x00 0x00                                                                        NOPX
.delay_slot
.swstall delay_slot
        2450    0x00 0x00                                                                        NOPX
.delay_slot
.swstall delay_slot
        2452    0x00 0x2c 0xf0 0x00 0x20 0x00 0x00 0x00 0x00 0xad 0x81 0x36                      NOPA;                         NOPB;                         NOPS;                         NOPX
.return_address
.no_stack_arguments
        2464    0x06 0x20 0x00 0x00 0x06 0x66 0x00 0x00 0x40 0xba                                MOVA r0, #49;                                                                             JL #13104
.delay_slot
        2474    0x17 0xc2 0xfd 0x18                                                                                                                                                        MOVX r1, #-1
.delay_slot
.swstall delay_slot
        2478    0x00 0x00                                                                        NOPX
.delay_slot
.swstall delay_slot
        2480    0x00 0x00                                                                        NOPX
.delay_slot
.swstall delay_slot
        2482    0x00 0x00                                                                        NOPX
.delay_slot
.swstall delay_slot
        2484    0x00 0x2c 0xf0 0x00 0x20 0x00 0x00 0x00 0x00 0xad 0x81 0x36                      NOPA;                         NOPB;                         NOPS;                         NOPX
.return_address
.no_stack_arguments
        2496    0x00 0x19 0xb8 0x00 0x01 0x04                                                                                                                                              JL #13168
.delay_slot
        2502    0x00 0x07 0xc0 0xd4 0x00 0x44                                                                                                                                              MOVXM p0, #510464
.delay_slot
        2508    0x00 0x07 0x92 0xc8 0x00 0x44                                                                                                                                              MOVXM p1, #496640
.delay_slot
        2514    0x1a 0x6c 0xc0 0xf8                                                                                                                                                                                      MOV p2, p6
.delay_slot
.swstall delay_slot
        2518    0x00 0x00                                                                        NOPX
.delay_slot
.swstall delay_slot
        2520    0x00 0x2c 0xf0 0x04 0x00 0x00 0x1c 0x22                                          NOPA;                                                                                                                                                           NOPV
.return_address
.no_stack_arguments
        2528    0x06 0x00 0x00 0x00 0x06 0x6a 0x00 0x00 0x40 0xba                                MOVA r0, #48;                                                                             JL #13136
.delay_slot
        2538    0x10 0x02 0x05 0x18                                                                                                                                                        MOVX r1, #1
.delay_slot
.swstall delay_slot
        2542    0x00 0x00                                                                        NOPX
.delay_slot
.swstall delay_slot
        2544    0x00 0x00                                                                        NOPX
.delay_slot
.swstall delay_slot
        2546    0x00 0x00                                                                        NOPX
.delay_slot
.swstall delay_slot
        2548    0x00 0x2c 0xf0 0x00 0x20 0x00 0x00 0x00 0x00 0xad 0x81 0x36                      NOPA;                         NOPB;                         NOPS;                         NOPX
.return_address
.no_stack_arguments
        2560    0x06 0x20 0x00 0x00 0x06 0x66 0x00 0x00 0x40 0xba                                MOVA r0, #49;                                                                             JL #13104
.delay_slot
        2570    0x17 0xc2 0xfd 0x18                                                                                                                                                        MOVX r1, #-1
.delay_slot
.swstall delay_slot
        2574    0x00 0x00                                                                        NOPX
.delay_slot
.swstall delay_slot
        2576    0x00 0x00                                                                        NOPX
.delay_slot
.swstall delay_slot
        2578    0x00 0x00                                                                        NOPX
.delay_slot
.swstall delay_slot
        2580    0x00 0x2c 0xf0 0x00 0x20 0x00 0x00 0x00 0x00 0xad 0x81 0x36                      NOPA;                         NOPB;                         NOPS;                         NOPX
.return_address
.no_stack_arguments
        2592    0x00 0x19 0xb8 0x00 0x01 0x04                                                                                                                                              JL #13168
.delay_slot
        2598    0x00 0x07 0xd0 0xd8 0x00 0x44                                                                                                                                              MOVXM p0, #515072
.delay_slot
        2604    0x00 0x07 0x92 0xc8 0x00 0x44                                                                                                                                              MOVXM p1, #496640
.delay_slot
        2610    0x1a 0x6c 0xc0 0xf8                                                                                                                                                                                      MOV p2, p6
.delay_slot
.swstall delay_slot
        2614    0x00 0x00                                                                        NOPX
.delay_slot
.swstall delay_slot
        2616    0x00 0x2c 0xf0 0x04 0x00 0x00 0x1c 0x22                                          NOPA;                                                                                                                                                           NOPV
.return_address
.no_stack_arguments
        2624    0x06 0x00 0x00 0x00 0x06 0x6a 0x00 0x00 0x40 0xba                                MOVA r0, #48;                                                                             JL #13136
.delay_slot
        2634    0x10 0x02 0x05 0x18                                                                                                                                                        MOVX r1, #1
.delay_slot
.swstall delay_slot
        2638    0x00 0x00                                                                        NOPX
.delay_slot
.swstall delay_slot
        2640    0x00 0x00                                                                        NOPX
.delay_slot
.swstall delay_slot
        2642    0x00 0x00                                                                        NOPX
.delay_slot
.swstall delay_slot
        2644    0x00 0x2c 0xf0 0x00 0x20 0x00 0x00 0x00 0x00 0xad 0x81 0x36                      NOPA;                         NOPB;                         NOPS;                         NOPX
.return_address
.no_stack_arguments
        2656    0x06 0x20 0x00 0x00 0x06 0x66 0x00 0x00 0x40 0xba                                MOVA r0, #49;                                                                             JL #13104
.delay_slot
        2666    0x17 0xc2 0xfd 0x18                                                                                                                                                        MOVX r1, #-1
.delay_slot
.swstall delay_slot
        2670    0x00 0x00                                                                        NOPX
.delay_slot
.swstall delay_slot
        2672    0x00 0x00                                                                        NOPX
.delay_slot
.swstall delay_slot
        2674    0x00 0x00                                                                        NOPX
.delay_slot
.swstall delay_slot
        2676    0x00 0x2c 0xf0 0x00 0x20 0x00 0x00 0x00 0x00 0xad 0x81 0x36                      NOPA;                         NOPB;                         NOPS;                         NOPX
.return_address
.no_stack_arguments
        2688    0x00 0x19 0xb8 0x00 0x01 0x04                                                                                                                                              JL #13168
.delay_slot
        2694    0x00 0x07 0xc0 0xd4 0x00 0x44                                                                                                                                              MOVXM p0, #510464
.delay_slot
        2700    0x00 0x07 0x92 0xc8 0x00 0x44                                                                                                                                              MOVXM p1, #496640
.delay_slot
        2706    0x1a 0x6c 0xc0 0xf8                                                                                                                                                                                      MOV p2, p6
.delay_slot
.swstall delay_slot
        2710    0x00 0x00                                                                        NOPX
.delay_slot
.swstall delay_slot
        2712    0x00 0x2c 0xf0 0x04 0x00 0x00 0x1c 0x22                                          NOPA;                                                                                                                                                           NOPV
.return_address
.no_stack_arguments
        2720    0x06 0x00 0x00 0x00 0x06 0x6a 0x00 0x00 0x40 0xba                                MOVA r0, #48;                                                                             JL #13136
.delay_slot
        2730    0x10 0x02 0x05 0x18                                                                                                                                                        MOVX r1, #1
.delay_slot
.swstall delay_slot
        2734    0x00 0x00                                                                        NOPX
.delay_slot
.swstall delay_slot
        2736    0x00 0x00                                                                        NOPX
.delay_slot
.swstall delay_slot
        2738    0x00 0x00                                                                        NOPX
.delay_slot
.swstall delay_slot
        2740    0x00 0x2c 0xf0 0x00 0x20 0x00 0x00 0x00 0x00 0xad 0x81 0x36                      NOPA;                         NOPB;                         NOPS;                         NOPX
.return_address
.no_stack_arguments
        2752    0x06 0x20 0x00 0x00 0x06 0x66 0x00 0x00 0x40 0xba                                MOVA r0, #49;                                                                             JL #13104
.delay_slot
        2762    0x17 0xc2 0xfd 0x18                                                                                                                                                        MOVX r1, #-1
.delay_slot
.swstall delay_slot
        2766    0x00 0x00                                                                        NOPX
.delay_slot
.swstall delay_slot
        2768    0x00 0x00                                                                        NOPX
.delay_slot
.swstall delay_slot
        2770    0x00 0x00                                                                        NOPX
.delay_slot
.swstall delay_slot
        2772    0x00 0x2c 0xf0 0x00 0x20 0x00 0x00 0x00 0x00 0xad 0x81 0x36                      NOPA;                         NOPB;                         NOPS;                         NOPX
.return_address
.no_stack_arguments
        2784    0x00 0x19 0xb8 0x00 0x01 0x04                                                                                                                                              JL #13168
.delay_slot
        2790    0x00 0x07 0xd0 0xd8 0x00 0x44                                                                                                                                              MOVXM p0, #515072
.delay_slot
        2796    0x00 0x07 0x92 0xc8 0x00 0x44                                                                                                                                              MOVXM p1, #496640
.delay_slot
        2802    0x1a 0x6c 0xc0 0xf8                                                                                                                                                                                      MOV p2, p6
.delay_slot
.swstall delay_slot
        2806    0x00 0x00                                                                        NOPX
.delay_slot
.swstall delay_slot
        2808    0x00 0x2c 0xf0 0x04 0x00 0x00 0x1c 0x22                                          NOPA;                                                                                                                                                           NOPV
.return_address
.no_stack_arguments
        2816    0x06 0x00 0x00 0x00 0x06 0x6a 0x00 0x00 0x40 0xba                                MOVA r0, #48;                                                                             JL #13136
.delay_slot
        2826    0x10 0x02 0x05 0x18                                                                                                                                                        MOVX r1, #1
.delay_slot
.swstall delay_slot
        2830    0x00 0x00                                                                        NOPX
.delay_slot
.swstall delay_slot
        2832    0x00 0x00                                                                        NOPX
.delay_slot
.swstall delay_slot
        2834    0x00 0x00                                                                        NOPX
.delay_slot
.swstall delay_slot
        2836    0x00 0x2c 0xf0 0x00 0x20 0x00 0x00 0x00 0x00 0xad 0x81 0x36                      NOPA;                         NOPB;                         NOPS;                         NOPX
.return_address
.no_stack_arguments
        2848    0x06 0x20 0x00 0x00 0x06 0x66 0x00 0x00 0x40 0xba                                MOVA r0, #49;                                                                             JL #13104
.delay_slot
        2858    0x17 0xc2 0xfd 0x18                                                                                                                                                        MOVX r1, #-1
.delay_slot
.swstall delay_slot
        2862    0x00 0x00                                                                        NOPX
.delay_slot
.swstall delay_slot
        2864    0x00 0x00                                                                        NOPX
.delay_slot
.swstall delay_slot
        2866    0x00 0x00                                                                        NOPX
.delay_slot
.swstall delay_slot
        2868    0x00 0x2c 0xf0 0x00 0x20 0x00 0x00 0x00 0x00 0xad 0x81 0x36                      NOPA;                         NOPB;                         NOPS;                         NOPX
.return_address
.no_stack_arguments
        2880    0x00 0x19 0xb8 0x00 0x01 0x04                                                                                                                                              JL #13168
.delay_slot
        2886    0x00 0x07 0xc0 0xd4 0x00 0x44                                                                                                                                              MOVXM p0, #510464
.delay_slot
        2892    0x00 0x07 0x92 0xc8 0x00 0x44                                                                                                                                              MOVXM p1, #496640
.delay_slot
        2898    0x1a 0x6c 0xc0 0xf8                                                                                                                                                                                      MOV p2, p6
.delay_slot
.swstall delay_slot
        2902    0x00 0x00                                                                        NOPX
.delay_slot
.swstall delay_slot
        2904    0x00 0x2c 0xf0 0x04 0x00 0x00 0x1c 0x22                                          NOPA;                                                                                                                                                           NOPV
.return_address
.no_stack_arguments
        2912    0x06 0x00 0x00 0x00 0x06 0x6a 0x00 0x00 0x40 0xba                                MOVA r0, #48;                                                                             JL #13136
.delay_slot
        2922    0x10 0x02 0x05 0x18                                                                                                                                                        MOVX r1, #1
.delay_slot
.swstall delay_slot
        2926    0x00 0x00                                                                        NOPX
.delay_slot
.swstall delay_slot
        2928    0x00 0x00                                                                        NOPX
.delay_slot
.swstall delay_slot
        2930    0x00 0x00                                                                        NOPX
.delay_slot
.swstall delay_slot
        2932    0x00 0x2c 0xf0 0x00 0x20 0x00 0x00 0x00 0x00 0xad 0x81 0x36                      NOPA;                         NOPB;                         NOPS;                         NOPX
.return_address
.no_stack_arguments
        2944    0x00 0x19 0x98 0x00 0x01 0x04                                                                                                                                              JL #13104
.delay_slot
        2950    0x06 0x20 0x00 0x00 0x00 0x03 0x33 0x80 0x10 0xba                                MOVA r0, #49;                                                                             MOVXM p6, #1792
.delay_slot
        2960    0x17 0xc2 0xfd 0x18                                                                                                                                                        MOVX r1, #-1
.delay_slot
.swstall delay_slot
        2964    0x00 0x00                                                                        NOPX
.delay_slot
.swstall delay_slot
        2966    0x00 0x00                                                                        NOPX
.delay_slot
.swstall delay_slot
        2968    0x00 0x2c 0xf0 0x04 0x00 0x00 0x1c 0x22                                          NOPA;                                                                                                                                                           NOPV
.return_address
.no_stack_arguments
        2976    0x00 0x19 0xb8 0x00 0x01 0x04                                                                                                                                              JL #13168
.delay_slot
        2982    0x00 0x07 0xd0 0xd8 0x00 0x44                                                                                                                                              MOVXM p0, #515072
.delay_slot
        2988    0x00 0x07 0x92 0xc8 0x00 0x44                                                                                                                                              MOVXM p1, #496640
.delay_slot
        2994    0x1a 0x6e 0xc0 0xf8                                                                                                                                                                                      MOV p2, p7
.delay_slot
.swstall delay_slot
        2998    0x00 0x00                                                                        NOPX
.delay_slot
.swstall delay_slot
        3000    0x00 0x2c 0xf0 0x04 0x00 0x00 0x1c 0x22                                          NOPA;                                                                                                                                                           NOPV
.return_address
.no_stack_arguments
        3008    0x06 0x00 0x00 0x00 0x06 0x6a 0x00 0x00 0x40 0xba                                MOVA r0, #48;                                                                             JL #13136
.delay_slot
        3018    0x10 0x02 0x05 0x18                                                                                                                                                        MOVX r1, #1
.delay_slot
.swstall delay_slot
        3022    0x00 0x00                                                                        NOPX
.delay_slot
.swstall delay_slot
        3024    0x00 0x00                                                                        NOPX
.delay_slot
.swstall delay_slot
        3026    0x00 0x00                                                                        NOPX
.delay_slot
.swstall delay_slot
        3028    0x00 0x2c 0xf0 0x00 0x20 0x00 0x00 0x00 0x00 0xad 0x81 0x36                      NOPA;                         NOPB;                         NOPS;                         NOPX
.return_address
.no_stack_arguments
        3040    0x06 0x40 0x00 0x00 0x06 0x6a 0x00 0x00 0x40 0xba                                MOVA r0, #50;                                                                             JL #13136
.delay_slot
        3050    0x10 0x02 0x05 0x18                                                                                                                                                        MOVX r1, #1
.delay_slot
.swstall delay_slot
        3054    0x00 0x00                                                                        NOPX
.delay_slot
.swstall delay_slot
        3056    0x00 0x00                                                                        NOPX
.delay_slot
.swstall delay_slot
        3058    0x00 0x00                                                                        NOPX
.delay_slot
.swstall delay_slot
        3060    0x00 0x2c 0xf0 0x00 0x20 0x00 0x00 0x00 0x00 0xad 0x81 0x36                      NOPA;                         NOPB;                         NOPS;                         NOPX
.return_address
        3072    0x13 0x19 0xa0 0x18                                                                                                                                                        JNZD r12, r12, p6
.delay_slot
.swstall delay_slot
        3076    0x00 0x00                                                                        NOPX
.delay_slot
.swstall delay_slot
        3078    0x00 0x00                                                                        NOPX
.delay_slot
.swstall delay_slot
        3080    0x00 0x00                                                                        NOPX
.delay_slot
.swstall delay_slot
        3082    0x00 0x00                                                                        NOPX
.delay_slot
.swstall delay_slot
        3084    0x00 0x00                                                                        NOPX
.loop_nesting 1
.no_stack_arguments
        3086    0x06 0xa0 0x00 0x00 0x06 0x6a 0x00 0x00 0x40 0xba                                MOVA r0, #53;                                                                             JL #13136
.delay_slot
        3096    0x10 0x02 0x05 0x18                                                                                                                                                        MOVX r1, #1
.delay_slot
.swstall delay_slot
        3100    0x00 0x00                                                                        NOPX
.delay_slot
.swstall delay_slot
        3102    0x00 0x00                                                                        NOPX
.delay_slot
.swstall delay_slot
        3104    0x00 0x00                                                                        NOPX
.delay_slot
.swstall delay_slot
        3106    0x00 0x2c 0xf0 0x02 0xb6 0x00 0x00 0x40 0x1a 0x57 0x00 0x00 0x1c 0x2e            NOPA;                                                       NOPS;                                                       NOPM;                                   NOPV
.return_address
.no_stack_arguments
        3120    0x06 0x80 0x00 0x00 0x06 0x66 0x00 0x00 0x40 0xba                                MOVA r0, #52;                                                                             JL #13104
.delay_slot
        3130    0x17 0xc2 0xfd 0x18                                                                                                                                                        MOVX r1, #-1
.delay_slot
.swstall delay_slot
        3134    0x00 0x00                                                                        NOPX
.delay_slot
.swstall delay_slot
        3136    0x00 0x00                                                                        NOPX
.delay_slot
.swstall delay_slot
        3138    0x00 0x00                                                                        NOPX
.delay_slot
.swstall delay_slot
        3140    0x00 0x2c 0xf0 0x00 0x20 0x00 0x00 0x00 0x00 0xad 0x81 0x36                      NOPA;                         NOPB;                         NOPS;                         NOPX
.return_address
.no_stack_arguments
        3152    0x00 0x1b 0x78 0x00 0x01 0x04                                                                                                                                              JL #14064
.delay_slot
        3158    0x18 0x6e 0xc0 0xf8                                                                                                                                                                                      MOV p0, p7
.delay_slot
.swstall delay_slot
        3162    0x00 0x00                                                                        NOPX
.delay_slot
.swstall delay_slot
        3164    0x00 0x00                                                                        NOPX
.delay_slot
.swstall delay_slot
        3166    0x00 0x00                                                                        NOPX
.delay_slot
.swstall delay_slot
        3168    0x00 0x2c 0xf0 0x00 0x20 0x01 0x5b 0x00 0x00 0x00 0x01 0xa5 0x78 0x00 0x00 0xe1  NOPA;                         NOPB;                         NOPS;                         NOPX;                         NOPM;                                   NOPV
.return_address
        3184    0x00 0x2c 0xf0 0x00 0x20 0x01 0x5b 0x00 0xc1 0x28 0x01 0xa5 0x78 0x00 0x00 0xe1  NOPA;                         NOPB;                         NOPS;                         MOVX r12, #9;                 NOPM;                                   NOPV
.label TGT_Fcore_0_5_2976
.loop_nesting 2
.no_stack_arguments
        3200    0x06 0x60 0x00 0x00 0x06 0x66 0x00 0x00 0x40 0xba                                MOVA r0, #51;                                                                             JL #13104
.delay_slot
        3210    0x17 0xc2 0xfd 0x18                                                                                                                                                        MOVX r1, #-1
.delay_slot
.swstall delay_slot
        3214    0x00 0x00                                                                        NOPX
.delay_slot
.swstall delay_slot
        3216    0x00 0x00                                                                        NOPX
.delay_slot
.swstall delay_slot
        3218    0x00 0x00                                                                        NOPX
.delay_slot
.swstall delay_slot
        3220    0x00 0x2c 0xf0 0x00 0x20 0x00 0x00 0x00 0x00 0xad 0x81 0x36                      NOPA;                         NOPB;                         NOPS;                         NOPX
.return_address
.no_stack_arguments
        3232    0x06 0x20 0x00 0x00 0x06 0x66 0x00 0x00 0x40 0xba                                MOVA r0, #49;                                                                             JL #13104
.delay_slot
        3242    0x17 0xc2 0xfd 0x18                                                                                                                                                        MOVX r1, #-1
.delay_slot
.swstall delay_slot
        3246    0x00 0x00                                                                        NOPX
.delay_slot
.swstall delay_slot
        3248    0x00 0x00                                                                        NOPX
.delay_slot
.swstall delay_slot
        3250    0x00 0x00                                                                        NOPX
.delay_slot
.swstall delay_slot
        3252    0x00 0x2c 0xf0 0x00 0x20 0x00 0x00 0x00 0x00 0xad 0x81 0x36                      NOPA;                         NOPB;                         NOPS;                         NOPX
.return_address
.no_stack_arguments
        3264    0x53 0x91 0x60 0x00 0x06 0x6e 0x00 0x00 0x41 0x3a                                                                                            MOVS p2, p7;                  JL #13168
.delay_slot
        3274    0x00 0x07 0x52 0xdc 0x00 0x44                                                                                                                                              MOVXM p1, #482816
.delay_slot
        3280    0x00 0x07 0xc0 0xd4 0x00 0x44                                                                                                                                              MOVXM p0, #510464
.delay_slot
        3286    0x1e 0x62 0xc0 0xf8                                                                                                                                                                                      MOV p6, p1
.delay_slot
.swstall delay_slot
        3290    0x00 0x00                                                                        NOPX
.delay_slot
.swstall delay_slot
        3292    0x00 0x01 0x67 0x98                                                              NOPA
.return_address
.no_stack_arguments
        3296    0x06 0x00 0x00 0x00 0x06 0x6a 0x00 0x00 0x40 0xba                                MOVA r0, #48;                                                                             JL #13136
.delay_slot
        3306    0x10 0x02 0x05 0x18                                                                                                                                                        MOVX r1, #1
.delay_slot
.swstall delay_slot
        3310    0x00 0x00                                                                        NOPX
.delay_slot
.swstall delay_slot
        3312    0x00 0x00                                                                        NOPX
.delay_slot
.swstall delay_slot
        3314    0x00 0x00                                                                        NOPX
.delay_slot
.swstall delay_slot
        3316    0x00 0x2c 0xf0 0x00 0x20 0x00 0x00 0x00 0x00 0xad 0x81 0x36                      NOPA;                         NOPB;                         NOPS;                         NOPX
.return_address
.no_stack_arguments
        3328    0x06 0x20 0x00 0x00 0x06 0x66 0x00 0x00 0x40 0xba                                MOVA r0, #49;                                                                             JL #13104
.delay_slot
        3338    0x17 0xc2 0xfd 0x18                                                                                                                                                        MOVX r1, #-1
.delay_slot
.swstall delay_slot
        3342    0x00 0x00                                                                        NOPX
.delay_slot
.swstall delay_slot
        3344    0x00 0x00                                                                        NOPX
.delay_slot
.swstall delay_slot
        3346    0x00 0x00                                                                        NOPX
.delay_slot
.swstall delay_slot
        3348    0x00 0x2c 0xf0 0x00 0x20 0x00 0x00 0x00 0x00 0xad 0x81 0x36                      NOPA;                         NOPB;                         NOPS;                         NOPX
.return_address
.no_stack_arguments
        3360    0x33 0x11 0x60 0x00 0x06 0x6e 0x00 0x00 0x41 0x3a                                                                                            MOVS p1, p6;                  JL #13168
.delay_slot
        3370    0x1a 0x6e 0xc0 0xf8                                                                                                                                                                                      MOV p2, p7
.delay_slot
        3374    0x00 0x07 0xd0 0xd8 0x00 0x44                                                                                                                                              MOVXM p0, #515072
.delay_slot
.swstall delay_slot
        3380    0x00 0x00                                                                        NOPX
.delay_slot
.swstall delay_slot
        3382    0x00 0x00                                                                        NOPX
.delay_slot
.swstall delay_slot
        3384    0x00 0x2c 0xf0 0x04 0x00 0x00 0x1c 0x22                                          NOPA;                                                                                                                                                           NOPV
.return_address
.no_stack_arguments
        3392    0x06 0x00 0x00 0x00 0x06 0x6a 0x00 0x00 0x40 0xba                                MOVA r0, #48;                                                                             JL #13136
.delay_slot
        3402    0x10 0x02 0x05 0x18                                                                                                                                                        MOVX r1, #1
.delay_slot
.swstall delay_slot
        3406    0x00 0x00                                                                        NOPX
.delay_slot
.swstall delay_slot
        3408    0x00 0x00                                                                        NOPX
.delay_slot
.swstall delay_slot
        3410    0x00 0x00                                                                        NOPX
.delay_slot
.swstall delay_slot
        3412    0x00 0x2c 0xf0 0x00 0x20 0x00 0x00 0x00 0x00 0xad 0x81 0x36                      NOPA;                         NOPB;                         NOPS;                         NOPX
.return_address
.no_stack_arguments
        3424    0x06 0x20 0x00 0x00 0x06 0x66 0x00 0x00 0x40 0xba                                MOVA r0, #49;                                                                             JL #13104
.delay_slot
        3434    0x17 0xc2 0xfd 0x18                                                                                                                                                        MOVX r1, #-1
.delay_slot
.swstall delay_slot
        3438    0x00 0x00                                                                        NOPX
.delay_slot
.swstall delay_slot
        3440    0x00 0x00                                                                        NOPX
.delay_slot
.swstall delay_slot
        3442    0x00 0x00                                                                        NOPX
.delay_slot
.swstall delay_slot
        3444    0x00 0x2c 0xf0 0x00 0x20 0x00 0x00 0x00 0x00 0xad 0x81 0x36                      NOPA;                         NOPB;                         NOPS;                         NOPX
.return_address
.no_stack_arguments
        3456    0x33 0x11 0x60 0x00 0x06 0x6e 0x00 0x00 0x41 0x3a                                                                                            MOVS p1, p6;                  JL #13168
.delay_slot
        3466    0x1a 0x6e 0xc0 0xf8                                                                                                                                                                                      MOV p2, p7
.delay_slot
        3470    0x00 0x07 0xc0 0xd4 0x00 0x44                                                                                                                                              MOVXM p0, #510464
.delay_slot
.swstall delay_slot
        3476    0x00 0x00                                                                        NOPX
.delay_slot
.swstall delay_slot
        3478    0x00 0x00                                                                        NOPX
.delay_slot
.swstall delay_slot
        3480    0x00 0x2c 0xf0 0x04 0x00 0x00 0x1c 0x22                                          NOPA;                                                                                                                                                           NOPV
.return_address
.no_stack_arguments
        3488    0x06 0x00 0x00 0x00 0x06 0x6a 0x00 0x00 0x40 0xba                                MOVA r0, #48;                                                                             JL #13136
.delay_slot
        3498    0x10 0x02 0x05 0x18                                                                                                                                                        MOVX r1, #1
.delay_slot
.swstall delay_slot
        3502    0x00 0x00                                                                        NOPX
.delay_slot
.swstall delay_slot
        3504    0x00 0x00                                                                        NOPX
.delay_slot
.swstall delay_slot
        3506    0x00 0x00                                                                        NOPX
.delay_slot
.swstall delay_slot
        3508    0x00 0x2c 0xf0 0x00 0x20 0x00 0x00 0x00 0x00 0xad 0x81 0x36                      NOPA;                         NOPB;                         NOPS;                         NOPX
.return_address
.no_stack_arguments
        3520    0x06 0x20 0x00 0x00 0x06 0x66 0x00 0x00 0x40 0xba                                MOVA r0, #49;                                                                             JL #13104
.delay_slot
        3530    0x17 0xc2 0xfd 0x18                                                                                                                                                        MOVX r1, #-1
.delay_slot
.swstall delay_slot
        3534    0x00 0x00                                                                        NOPX
.delay_slot
.swstall delay_slot
        3536    0x00 0x00                                                                        NOPX
.delay_slot
.swstall delay_slot
        3538    0x00 0x00                                                                        NOPX
.delay_slot
.swstall delay_slot
        3540    0x00 0x2c 0xf0 0x00 0x20 0x00 0x00 0x00 0x00 0xad 0x81 0x36                      NOPA;                         NOPB;                         NOPS;                         NOPX
.return_address
.no_stack_arguments
        3552    0x33 0x11 0x60 0x00 0x06 0x6e 0x00 0x00 0x41 0x3a                                                                                            MOVS p1, p6;                  JL #13168
.delay_slot
        3562    0x1a 0x6e 0xc0 0xf8                                                                                                                                                                                      MOV p2, p7
.delay_slot
        3566    0x00 0x07 0xd0 0xd8 0x00 0x44                                                                                                                                              MOVXM p0, #515072
.delay_slot
.swstall delay_slot
        3572    0x00 0x00                                                                        NOPX
.delay_slot
.swstall delay_slot
        3574    0x00 0x00                                                                        NOPX
.delay_slot
.swstall delay_slot
        3576    0x00 0x2c 0xf0 0x04 0x00 0x00 0x1c 0x22                                          NOPA;                                                                                                                                                           NOPV
.return_address
.no_stack_arguments
        3584    0x06 0x00 0x00 0x00 0x06 0x6a 0x00 0x00 0x40 0xba                                MOVA r0, #48;                                                                             JL #13136
.delay_slot
        3594    0x10 0x02 0x05 0x18                                                                                                                                                        MOVX r1, #1
.delay_slot
.swstall delay_slot
        3598    0x00 0x00                                                                        NOPX
.delay_slot
.swstall delay_slot
        3600    0x00 0x00                                                                        NOPX
.delay_slot
.swstall delay_slot
        3602    0x00 0x00                                                                        NOPX
.delay_slot
.swstall delay_slot
        3604    0x00 0x2c 0xf0 0x00 0x20 0x00 0x00 0x00 0x00 0xad 0x81 0x36                      NOPA;                         NOPB;                         NOPS;                         NOPX
.return_address
.no_stack_arguments
        3616    0x06 0x20 0x00 0x00 0x06 0x66 0x00 0x00 0x40 0xba                                MOVA r0, #49;                                                                             JL #13104
.delay_slot
        3626    0x17 0xc2 0xfd 0x18                                                                                                                                                        MOVX r1, #-1
.delay_slot
.swstall delay_slot
        3630    0x00 0x00                                                                        NOPX
.delay_slot
.swstall delay_slot
        3632    0x00 0x00                                                                        NOPX
.delay_slot
.swstall delay_slot
        3634    0x00 0x00                                                                        NOPX
.delay_slot
.swstall delay_slot
        3636    0x00 0x2c 0xf0 0x00 0x20 0x00 0x00 0x00 0x00 0xad 0x81 0x36                      NOPA;                         NOPB;                         NOPS;                         NOPX
.return_address
.no_stack_arguments
        3648    0x33 0x11 0x60 0x00 0x06 0x6e 0x00 0x00 0x41 0x3a                                                                                            MOVS p1, p6;                  JL #13168
.delay_slot
        3658    0x1a 0x6e 0xc0 0xf8                                                                                                                                                                                      MOV p2, p7
.delay_slot
        3662    0x00 0x07 0xc0 0xd4 0x00 0x44                                                                                                                                              MOVXM p0, #510464
.delay_slot
.swstall delay_slot
        3668    0x00 0x00                                                                        NOPX
.delay_slot
.swstall delay_slot
        3670    0x00 0x00                                                                        NOPX
.delay_slot
.swstall delay_slot
        3672    0x00 0x2c 0xf0 0x04 0x00 0x00 0x1c 0x22                                          NOPA;                                                                                                                                                           NOPV
.return_address
.no_stack_arguments
        3680    0x06 0x00 0x00 0x00 0x06 0x6a 0x00 0x00 0x40 0xba                                MOVA r0, #48;                                                                             JL #13136
.delay_slot
        3690    0x10 0x02 0x05 0x18                                                                                                                                                        MOVX r1, #1
.delay_slot
.swstall delay_slot
        3694    0x00 0x00                                                                        NOPX
.delay_slot
.swstall delay_slot
        3696    0x00 0x00                                                                        NOPX
.delay_slot
.swstall delay_slot
        3698    0x00 0x00                                                                        NOPX
.delay_slot
.swstall delay_slot
        3700    0x00 0x2c 0xf0 0x00 0x20 0x00 0x00 0x00 0x00 0xad 0x81 0x36                      NOPA;                         NOPB;                         NOPS;                         NOPX
.return_address
.no_stack_arguments
        3712    0x06 0x20 0x00 0x00 0x06 0x66 0x00 0x00 0x40 0xba                                MOVA r0, #49;                                                                             JL #13104
.delay_slot
        3722    0x17 0xc2 0xfd 0x18                                                                                                                                                        MOVX r1, #-1
.delay_slot
.swstall delay_slot
        3726    0x00 0x00                                                                        NOPX
.delay_slot
.swstall delay_slot
        3728    0x00 0x00                                                                        NOPX
.delay_slot
.swstall delay_slot
        3730    0x00 0x00                                                                        NOPX
.delay_slot
.swstall delay_slot
        3732    0x00 0x2c 0xf0 0x00 0x20 0x00 0x00 0x00 0x00 0xad 0x81 0x36                      NOPA;                         NOPB;                         NOPS;                         NOPX
.return_address
.no_stack_arguments
        3744    0x53 0x91 0x60 0x00 0x06 0x6e 0x00 0x00 0x41 0x3a                                                                                            MOVS p2, p7;                  JL #13168
.delay_slot
        3754    0x33 0x11 0x60 0x00 0x01 0xf4 0x36 0x00 0x11 0x3a                                                                                            MOVS p1, p6;                  MOVXM p0, #515072
.delay_slot
        3764    0x1e 0x64 0xc0 0xf8                                                                                                                                                                                      MOV p6, p2
.delay_slot
.swstall delay_slot
        3768    0x00 0x00                                                                        NOPX
.delay_slot
.swstall delay_slot
        3770    0x00 0x00                                                                        NOPX
.delay_slot
.swstall delay_slot
        3772    0x00 0x01 0x67 0x98                                                              NOPA
.return_address
.no_stack_arguments
        3776    0x06 0x00 0x00 0x00 0x06 0x6a 0x00 0x00 0x40 0xba                                MOVA r0, #48;                                                                             JL #13136
.delay_slot
        3786    0x10 0x02 0x05 0x18                                                                                                                                                        MOVX r1, #1
.delay_slot
.swstall delay_slot
        3790    0x00 0x00                                                                        NOPX
.delay_slot
.swstall delay_slot
        3792    0x00 0x00                                                                        NOPX
.delay_slot
.swstall delay_slot
        3794    0x00 0x00                                                                        NOPX
.delay_slot
.swstall delay_slot
        3796    0x00 0x2c 0xf0 0x00 0x20 0x00 0x00 0x00 0x00 0xad 0x81 0x36                      NOPA;                         NOPB;                         NOPS;                         NOPX
.return_address
.no_stack_arguments
        3808    0x06 0x40 0x00 0x00 0x06 0x6a 0x00 0x00 0x40 0xba                                MOVA r0, #50;                                                                             JL #13136
.delay_slot
        3818    0x10 0x02 0x05 0x18                                                                                                                                                        MOVX r1, #1
.delay_slot
.swstall delay_slot
        3822    0x00 0x00                                                                        NOPX
.delay_slot
.swstall delay_slot
        3824    0x00 0x00                                                                        NOPX
.delay_slot
.swstall delay_slot
        3826    0x00 0x00                                                                        NOPX
.delay_slot
.swstall delay_slot
        3828    0x00 0x2c 0xf0 0x00 0x20 0x00 0x00 0x00 0x00 0xad 0x81 0x36                      NOPA;                         NOPB;                         NOPS;                         NOPX
.return_address
.no_stack_arguments
        3840    0x06 0x60 0x00 0x00 0x06 0x66 0x00 0x00 0x40 0xba                                MOVA r0, #51;                                                                             JL #13104
.delay_slot
        3850    0x17 0xc2 0xfd 0x18                                                                                                                                                        MOVX r1, #-1
.delay_slot
.swstall delay_slot
        3854    0x00 0x00                                                                        NOPX
.delay_slot
.swstall delay_slot
        3856    0x00 0x00                                                                        NOPX
.delay_slot
.swstall delay_slot
        3858    0x00 0x00                                                                        NOPX
.delay_slot
.swstall delay_slot
        3860    0x00 0x2c 0xf0 0x00 0x20 0x00 0x00 0x00 0x00 0xad 0x81 0x36                      NOPA;                         NOPB;                         NOPS;                         NOPX
.return_address
.no_stack_arguments
        3872    0x06 0x20 0x00 0x00 0x06 0x66 0x00 0x00 0x40 0xba                                MOVA r0, #49;                                                                             JL #13104
.delay_slot
        3882    0x17 0xc2 0xfd 0x18                                                                                                                                                        MOVX r1, #-1
.delay_slot
.swstall delay_slot
        3886    0x00 0x00                                                                        NOPX
.delay_slot
.swstall delay_slot
        3888    0x00 0x00                                                                        NOPX
.delay_slot
.swstall delay_slot
        3890    0x00 0x00                                                                        NOPX
.delay_slot
.swstall delay_slot
        3892    0x00 0x2c 0xf0 0x00 0x20 0x00 0x00 0x00 0x00 0xad 0x81 0x36                      NOPA;                         NOPB;                         NOPS;                         NOPX
.return_address
.no_stack_arguments
        3904    0x00 0x19 0xb8 0x00 0x01 0x04                                                                                                                                              JL #13168
.delay_slot
        3910    0x00 0x07 0xc0 0xd4 0x00 0x44                                                                                                                                              MOVXM p0, #510464
.delay_slot
        3916    0x00 0x07 0x92 0xc8 0x00 0x44                                                                                                                                              MOVXM p1, #496640
.delay_slot
        3922    0x1a 0x6c 0xc0 0xf8                                                                                                                                                                                      MOV p2, p6
.delay_slot
.swstall delay_slot
        3926    0x00 0x00                                                                        NOPX
.delay_slot
.swstall delay_slot
        3928    0x00 0x2c 0xf0 0x04 0x00 0x00 0x1c 0x22                                          NOPA;                                                                                                                                                           NOPV
.return_address
.no_stack_arguments
        3936    0x06 0x00 0x00 0x00 0x06 0x6a 0x00 0x00 0x40 0xba                                MOVA r0, #48;                                                                             JL #13136
.delay_slot
        3946    0x10 0x02 0x05 0x18                                                                                                                                                        MOVX r1, #1
.delay_slot
.swstall delay_slot
        3950    0x00 0x00                                                                        NOPX
.delay_slot
.swstall delay_slot
        3952    0x00 0x00                                                                        NOPX
.delay_slot
.swstall delay_slot
        3954    0x00 0x00                                                                        NOPX
.delay_slot
.swstall delay_slot
        3956    0x00 0x2c 0xf0 0x00 0x20 0x00 0x00 0x00 0x00 0xad 0x81 0x36                      NOPA;                         NOPB;                         NOPS;                         NOPX
.return_address
.no_stack_arguments
        3968    0x06 0x20 0x00 0x00 0x06 0x66 0x00 0x00 0x40 0xba                                MOVA r0, #49;                                                                             JL #13104
.delay_slot
        3978    0x17 0xc2 0xfd 0x18                                                                                                                                                        MOVX r1, #-1
.delay_slot
.swstall delay_slot
        3982    0x00 0x00                                                                        NOPX
.delay_slot
.swstall delay_slot
        3984    0x00 0x00                                                                        NOPX
.delay_slot
.swstall delay_slot
        3986    0x00 0x00                                                                        NOPX
.delay_slot
.swstall delay_slot
        3988    0x00 0x2c 0xf0 0x00 0x20 0x00 0x00 0x00 0x00 0xad 0x81 0x36                      NOPA;                         NOPB;                         NOPS;                         NOPX
.return_address
.no_stack_arguments
        4000    0x00 0x19 0xb8 0x00 0x01 0x04                                                                                                                                              JL #13168
.delay_slot
        4006    0x00 0x07 0xd0 0xd8 0x00 0x44                                                                                                                                              MOVXM p0, #515072
.delay_slot
        4012    0x00 0x07 0x92 0xc8 0x00 0x44                                                                                                                                              MOVXM p1, #496640
.delay_slot
        4018    0x1a 0x6c 0xc0 0xf8                                                                                                                                                                                      MOV p2, p6
.delay_slot
.swstall delay_slot
        4022    0x00 0x00                                                                        NOPX
.delay_slot
.swstall delay_slot
        4024    0x00 0x2c 0xf0 0x04 0x00 0x00 0x1c 0x22                                          NOPA;                                                                                                                                                           NOPV
.return_address
.no_stack_arguments
        4032    0x06 0x00 0x00 0x00 0x06 0x6a 0x00 0x00 0x40 0xba                                MOVA r0, #48;                                                                             JL #13136
.delay_slot
        4042    0x10 0x02 0x05 0x18                                                                                                                                                        MOVX r1, #1
.delay_slot
.swstall delay_slot
        4046    0x00 0x00                                                                        NOPX
.delay_slot
.swstall delay_slot
        4048    0x00 0x00                                                                        NOPX
.delay_slot
.swstall delay_slot
        4050    0x00 0x00                                                                        NOPX
.delay_slot
.swstall delay_slot
        4052    0x00 0x2c 0xf0 0x00 0x20 0x00 0x00 0x00 0x00 0xad 0x81 0x36                      NOPA;                         NOPB;                         NOPS;                         NOPX
.return_address
.no_stack_arguments
        4064    0x06 0x20 0x00 0x00 0x06 0x66 0x00 0x00 0x40 0xba                                MOVA r0, #49;                                                                             JL #13104
.delay_slot
        4074    0x17 0xc2 0xfd 0x18                                                                                                                                                        MOVX r1, #-1
.delay_slot
.swstall delay_slot
        4078    0x00 0x00                                                                        NOPX
.delay_slot
.swstall delay_slot
        4080    0x00 0x00                                                                        NOPX
.delay_slot
.swstall delay_slot
        4082    0x00 0x00                                                                        NOPX
.delay_slot
.swstall delay_slot
        4084    0x00 0x2c 0xf0 0x00 0x20 0x00 0x00 0x00 0x00 0xad 0x81 0x36                      NOPA;                         NOPB;                         NOPS;                         NOPX
.return_address
.no_stack_arguments
        4096    0x00 0x19 0xb8 0x00 0x01 0x04                                                                                                                                              JL #13168
.delay_slot
        4102    0x00 0x07 0xc0 0xd4 0x00 0x44                                                                                                                                              MOVXM p0, #510464
.delay_slot
        4108    0x00 0x07 0x92 0xc8 0x00 0x44                                                                                                                                              MOVXM p1, #496640
.delay_slot
        4114    0x1a 0x6c 0xc0 0xf8                                                                                                                                                                                      MOV p2, p6
.delay_slot
.swstall delay_slot
        4118    0x00 0x00                                                                        NOPX
.delay_slot
.swstall delay_slot
        4120    0x00 0x2c 0xf0 0x04 0x00 0x00 0x1c 0x22                                          NOPA;                                                                                                                                                           NOPV
.return_address
.no_stack_arguments
        4128    0x06 0x00 0x00 0x00 0x06 0x6a 0x00 0x00 0x40 0xba                                MOVA r0, #48;                                                                             JL #13136
.delay_slot
        4138    0x10 0x02 0x05 0x18                                                                                                                                                        MOVX r1, #1
.delay_slot
.swstall delay_slot
        4142    0x00 0x00                                                                        NOPX
.delay_slot
.swstall delay_slot
        4144    0x00 0x00                                                                        NOPX
.delay_slot
.swstall delay_slot
        4146    0x00 0x00                                                                        NOPX
.delay_slot
.swstall delay_slot
        4148    0x00 0x2c 0xf0 0x00 0x20 0x00 0x00 0x00 0x00 0xad 0x81 0x36                      NOPA;                         NOPB;                         NOPS;                         NOPX
.return_address
.no_stack_arguments
        4160    0x06 0x20 0x00 0x00 0x06 0x66 0x00 0x00 0x40 0xba                                MOVA r0, #49;                                                                             JL #13104
.delay_slot
        4170    0x17 0xc2 0xfd 0x18                                                                                                                                                        MOVX r1, #-1
.delay_slot
.swstall delay_slot
        4174    0x00 0x00                                                                        NOPX
.delay_slot
.swstall delay_slot
        4176    0x00 0x00                                                                        NOPX
.delay_slot
.swstall delay_slot
        4178    0x00 0x00                                                                        NOPX
.delay_slot
.swstall delay_slot
        4180    0x00 0x2c 0xf0 0x00 0x20 0x00 0x00 0x00 0x00 0xad 0x81 0x36                      NOPA;                         NOPB;                         NOPS;                         NOPX
.return_address
.no_stack_arguments
        4192    0x00 0x19 0xb8 0x00 0x01 0x04                                                                                                                                              JL #13168
.delay_slot
        4198    0x00 0x07 0xd0 0xd8 0x00 0x44                                                                                                                                              MOVXM p0, #515072
.delay_slot
        4204    0x00 0x07 0x92 0xc8 0x00 0x44                                                                                                                                              MOVXM p1, #496640
.delay_slot
        4210    0x1a 0x6c 0xc0 0xf8                                                                                                                                                                                      MOV p2, p6
.delay_slot
.swstall delay_slot
        4214    0x00 0x00                                                                        NOPX
.delay_slot
.swstall delay_slot
        4216    0x00 0x2c 0xf0 0x04 0x00 0x00 0x1c 0x22                                          NOPA;                                                                                                                                                           NOPV
.return_address
.no_stack_arguments
        4224    0x06 0x00 0x00 0x00 0x06 0x6a 0x00 0x00 0x40 0xba                                MOVA r0, #48;                                                                             JL #13136
.delay_slot
        4234    0x10 0x02 0x05 0x18                                                                                                                                                        MOVX r1, #1
.delay_slot
.swstall delay_slot
        4238    0x00 0x00                                                                        NOPX
.delay_slot
.swstall delay_slot
        4240    0x00 0x00                                                                        NOPX
.delay_slot
.swstall delay_slot
        4242    0x00 0x00                                                                        NOPX
.delay_slot
.swstall delay_slot
        4244    0x00 0x2c 0xf0 0x00 0x20 0x00 0x00 0x00 0x00 0xad 0x81 0x36                      NOPA;                         NOPB;                         NOPS;                         NOPX
.return_address
.no_stack_arguments
        4256    0x06 0x20 0x00 0x00 0x06 0x66 0x00 0x00 0x40 0xba                                MOVA r0, #49;                                                                             JL #13104
.delay_slot
        4266    0x17 0xc2 0xfd 0x18                                                                                                                                                        MOVX r1, #-1
.delay_slot
.swstall delay_slot
        4270    0x00 0x00                                                                        NOPX
.delay_slot
.swstall delay_slot
        4272    0x00 0x00                                                                        NOPX
.delay_slot
.swstall delay_slot
        4274    0x00 0x00                                                                        NOPX
.delay_slot
.swstall delay_slot
        4276    0x00 0x2c 0xf0 0x00 0x20 0x00 0x00 0x00 0x00 0xad 0x81 0x36                      NOPA;                         NOPB;                         NOPS;                         NOPX
.return_address
.no_stack_arguments
        4288    0x00 0x19 0xb8 0x00 0x01 0x04                                                                                                                                              JL #13168
.delay_slot
        4294    0x00 0x07 0xc0 0xd4 0x00 0x44                                                                                                                                              MOVXM p0, #510464
.delay_slot
        4300    0x00 0x07 0x92 0xc8 0x00 0x44                                                                                                                                              MOVXM p1, #496640
.delay_slot
        4306    0x1a 0x6c 0xc0 0xf8                                                                                                                                                                                      MOV p2, p6
.delay_slot
.swstall delay_slot
        4310    0x00 0x00                                                                        NOPX
.delay_slot
.swstall delay_slot
        4312    0x00 0x2c 0xf0 0x04 0x00 0x00 0x1c 0x22                                          NOPA;                                                                                                                                                           NOPV
.return_address
.no_stack_arguments
        4320    0x06 0x00 0x00 0x00 0x06 0x6a 0x00 0x00 0x40 0xba                                MOVA r0, #48;                                                                             JL #13136
.delay_slot
        4330    0x10 0x02 0x05 0x18                                                                                                                                                        MOVX r1, #1
.delay_slot
.swstall delay_slot
        4334    0x00 0x00                                                                        NOPX
.delay_slot
.swstall delay_slot
        4336    0x00 0x00                                                                        NOPX
.delay_slot
.swstall delay_slot
        4338    0x00 0x00                                                                        NOPX
.delay_slot
.swstall delay_slot
        4340    0x00 0x2c 0xf0 0x00 0x20 0x00 0x00 0x00 0x00 0xad 0x81 0x36                      NOPA;                         NOPB;                         NOPS;                         NOPX
.return_address
.no_stack_arguments
        4352    0x00 0x19 0x98 0x00 0x01 0x04                                                                                                                                              JL #13104
.delay_slot
        4358    0x06 0x20 0x00 0x00 0x00 0x03 0x36 0x40 0x10 0xba                                MOVA r0, #49;                                                                             MOVXM p6, #3200
.delay_slot
        4368    0x17 0xc2 0xfd 0x18                                                                                                                                                        MOVX r1, #-1
.delay_slot
.swstall delay_slot
        4372    0x00 0x00                                                                        NOPX
.delay_slot
.swstall delay_slot
        4374    0x00 0x00                                                                        NOPX
.delay_slot
.swstall delay_slot
        4376    0x00 0x2c 0xf0 0x04 0x00 0x00 0x1c 0x22                                          NOPA;                                                                                                                                                           NOPV
.return_address
.no_stack_arguments
        4384    0x00 0x19 0xb8 0x00 0x01 0x04                                                                                                                                              JL #13168
.delay_slot
        4390    0x00 0x07 0xd0 0xd8 0x00 0x44                                                                                                                                              MOVXM p0, #515072
.delay_slot
        4396    0x00 0x07 0x92 0xc8 0x00 0x44                                                                                                                                              MOVXM p1, #496640
.delay_slot
        4402    0x1a 0x6e 0xc0 0xf8                                                                                                                                                                                      MOV p2, p7
.delay_slot
.swstall delay_slot
        4406    0x00 0x00                                                                        NOPX
.delay_slot
.swstall delay_slot
        4408    0x00 0x2c 0xf0 0x04 0x00 0x00 0x1c 0x22                                          NOPA;                                                                                                                                                           NOPV
.return_address
.no_stack_arguments
        4416    0x06 0x00 0x00 0x00 0x06 0x6a 0x00 0x00 0x40 0xba                                MOVA r0, #48;                                                                             JL #13136
.delay_slot
        4426    0x10 0x02 0x05 0x18                                                                                                                                                        MOVX r1, #1
.delay_slot
.swstall delay_slot
        4430    0x00 0x00                                                                        NOPX
.delay_slot
.swstall delay_slot
        4432    0x00 0x00                                                                        NOPX
.delay_slot
.swstall delay_slot
        4434    0x00 0x00                                                                        NOPX
.delay_slot
.swstall delay_slot
        4436    0x00 0x2c 0xf0 0x00 0x20 0x00 0x00 0x00 0x00 0xad 0x81 0x36                      NOPA;                         NOPB;                         NOPS;                         NOPX
.return_address
.no_stack_arguments
        4448    0x06 0x40 0x00 0x00 0x06 0x6a 0x00 0x00 0x40 0xba                                MOVA r0, #50;                                                                             JL #13136
.delay_slot
        4458    0x10 0x02 0x05 0x18                                                                                                                                                        MOVX r1, #1
.delay_slot
.swstall delay_slot
        4462    0x00 0x00                                                                        NOPX
.delay_slot
.swstall delay_slot
        4464    0x00 0x00                                                                        NOPX
.delay_slot
.swstall delay_slot
        4466    0x00 0x00                                                                        NOPX
.delay_slot
.swstall delay_slot
        4468    0x00 0x2c 0xf0 0x00 0x20 0x00 0x00 0x00 0x00 0xad 0x81 0x36                      NOPA;                         NOPB;                         NOPS;                         NOPX
.return_address
        4480    0x13 0x19 0xa0 0x18                                                                                                                                                        JNZD r12, r12, p6
.delay_slot
.swstall delay_slot
        4484    0x00 0x00                                                                        NOPX
.delay_slot
.swstall delay_slot
        4486    0x00 0x00                                                                        NOPX
.delay_slot
.swstall delay_slot
        4488    0x00 0x00                                                                        NOPX
.delay_slot
.swstall delay_slot
        4490    0x00 0x00                                                                        NOPX
.delay_slot
.swstall delay_slot
        4492    0x00 0x00                                                                        NOPX
.loop_nesting 1
.no_stack_arguments
        4494    0x06 0xa0 0x00 0x00 0x06 0x6a 0x00 0x00 0x40 0xba                                MOVA r0, #53;                                                                             JL #13136
.delay_slot
        4504    0x10 0x02 0x05 0x18                                                                                                                                                        MOVX r1, #1
.delay_slot
.swstall delay_slot
        4508    0x00 0x00                                                                        NOPX
.delay_slot
.swstall delay_slot
        4510    0x00 0x00                                                                        NOPX
.delay_slot
.swstall delay_slot
        4512    0x00 0x00                                                                        NOPX
.delay_slot
.swstall delay_slot
        4514    0x00 0x2c 0xf0 0x02 0xb6 0x00 0x00 0x40 0x1a 0x57 0x00 0x00 0x1c 0x2e            NOPA;                                                       NOPS;                                                       NOPM;                                   NOPV
.return_address
.no_stack_arguments
        4528    0x06 0x80 0x00 0x00 0x06 0x66 0x00 0x00 0x40 0xba                                MOVA r0, #52;                                                                             JL #13104
.delay_slot
        4538    0x17 0xc2 0xfd 0x18                                                                                                                                                        MOVX r1, #-1
.delay_slot
.swstall delay_slot
        4542    0x00 0x00                                                                        NOPX
.delay_slot
.swstall delay_slot
        4544    0x00 0x00                                                                        NOPX
.delay_slot
.swstall delay_slot
        4546    0x00 0x00                                                                        NOPX
.delay_slot
.swstall delay_slot
        4548    0x00 0x2c 0xf0 0x00 0x20 0x00 0x00 0x00 0x00 0xad 0x81 0x36                      NOPA;                         NOPB;                         NOPS;                         NOPX
.return_address
.no_stack_arguments
        4560    0x00 0x1b 0x78 0x00 0x01 0x04                                                                                                                                              JL #14064
.delay_slot
        4566    0x18 0x6e 0xc0 0xf8                                                                                                                                                                                      MOV p0, p7
.delay_slot
.swstall delay_slot
        4570    0x00 0x00                                                                        NOPX
.delay_slot
.swstall delay_slot
        4572    0x00 0x00                                                                        NOPX
.delay_slot
.swstall delay_slot
        4574    0x00 0x00                                                                        NOPX
.delay_slot
.swstall delay_slot
        4576    0x00 0x2c 0xf0 0x00 0x20 0x01 0x5b 0x00 0x00 0x00 0x01 0xa5 0x78 0x00 0x00 0xe1  NOPA;                         NOPB;                         NOPS;                         NOPX;                         NOPM;                                   NOPV
.return_address
        4592    0x00 0x2c 0xf0 0x00 0x20 0x01 0x5b 0x00 0xc1 0x28 0x01 0xa5 0x78 0x00 0x00 0xe1  NOPA;                         NOPB;                         NOPS;                         MOVX r12, #9;                 NOPM;                                   NOPV
.label TGT_Fcore_0_5_4384
.loop_nesting 2
.no_stack_arguments
        4608    0x06 0x60 0x00 0x00 0x06 0x66 0x00 0x00 0x40 0xba                                MOVA r0, #51;                                                                             JL #13104
.delay_slot
        4618    0x17 0xc2 0xfd 0x18                                                                                                                                                        MOVX r1, #-1
.delay_slot
.swstall delay_slot
        4622    0x00 0x00                                                                        NOPX
.delay_slot
.swstall delay_slot
        4624    0x00 0x00                                                                        NOPX
.delay_slot
.swstall delay_slot
        4626    0x00 0x00                                                                        NOPX
.delay_slot
.swstall delay_slot
        4628    0x00 0x2c 0xf0 0x00 0x20 0x00 0x00 0x00 0x00 0xad 0x81 0x36                      NOPA;                         NOPB;                         NOPS;                         NOPX
.return_address
.no_stack_arguments
        4640    0x06 0x20 0x00 0x00 0x06 0x66 0x00 0x00 0x40 0xba                                MOVA r0, #49;                                                                             JL #13104
.delay_slot
        4650    0x17 0xc2 0xfd 0x18                                                                                                                                                        MOVX r1, #-1
.delay_slot
.swstall delay_slot
        4654    0x00 0x00                                                                        NOPX
.delay_slot
.swstall delay_slot
        4656    0x00 0x00                                                                        NOPX
.delay_slot
.swstall delay_slot
        4658    0x00 0x00                                                                        NOPX
.delay_slot
.swstall delay_slot
        4660    0x00 0x2c 0xf0 0x00 0x20 0x00 0x00 0x00 0x00 0xad 0x81 0x36                      NOPA;                         NOPB;                         NOPS;                         NOPX
.return_address
.no_stack_arguments
        4672    0x53 0x91 0x60 0x00 0x06 0x6e 0x00 0x00 0x41 0x3a                                                                                            MOVS p2, p7;                  JL #13168
.delay_slot
        4682    0x00 0x07 0x52 0xdc 0x00 0x44                                                                                                                                              MOVXM p1, #482816
.delay_slot
        4688    0x00 0x07 0xc0 0xd4 0x00 0x44                                                                                                                                              MOVXM p0, #510464
.delay_slot
        4694    0x1e 0x62 0xc0 0xf8                                                                                                                                                                                      MOV p6, p1
.delay_slot
.swstall delay_slot
        4698    0x00 0x00                                                                        NOPX
.delay_slot
.swstall delay_slot
        4700    0x00 0x01 0x67 0x98                                                              NOPA
.return_address
.no_stack_arguments
        4704    0x06 0x00 0x00 0x00 0x06 0x6a 0x00 0x00 0x40 0xba                                MOVA r0, #48;                                                                             JL #13136
.delay_slot
        4714    0x10 0x02 0x05 0x18                                                                                                                                                        MOVX r1, #1
.delay_slot
.swstall delay_slot
        4718    0x00 0x00                                                                        NOPX
.delay_slot
.swstall delay_slot
        4720    0x00 0x00                                                                        NOPX
.delay_slot
.swstall delay_slot
        4722    0x00 0x00                                                                        NOPX
.delay_slot
.swstall delay_slot
        4724    0x00 0x2c 0xf0 0x00 0x20 0x00 0x00 0x00 0x00 0xad 0x81 0x36                      NOPA;                         NOPB;                         NOPS;                         NOPX
.return_address
.no_stack_arguments
        4736    0x06 0x20 0x00 0x00 0x06 0x66 0x00 0x00 0x40 0xba                                MOVA r0, #49;                                                                             JL #13104
.delay_slot
        4746    0x17 0xc2 0xfd 0x18                                                                                                                                                        MOVX r1, #-1
.delay_slot
.swstall delay_slot
        4750    0x00 0x00                                                                        NOPX
.delay_slot
.swstall delay_slot
        4752    0x00 0x00                                                                        NOPX
.delay_slot
.swstall delay_slot
        4754    0x00 0x00                                                                        NOPX
.delay_slot
.swstall delay_slot
        4756    0x00 0x2c 0xf0 0x00 0x20 0x00 0x00 0x00 0x00 0xad 0x81 0x36                      NOPA;                         NOPB;                         NOPS;                         NOPX
.return_address
.no_stack_arguments
        4768    0x33 0x11 0x60 0x00 0x06 0x6e 0x00 0x00 0x41 0x3a                                                                                            MOVS p1, p6;                  JL #13168
.delay_slot
        4778    0x1a 0x6e 0xc0 0xf8                                                                                                                                                                                      MOV p2, p7
.delay_slot
        4782    0x00 0x07 0xd0 0xd8 0x00 0x44                                                                                                                                              MOVXM p0, #515072
.delay_slot
.swstall delay_slot
        4788    0x00 0x00                                                                        NOPX
.delay_slot
.swstall delay_slot
        4790    0x00 0x00                                                                        NOPX
.delay_slot
.swstall delay_slot
        4792    0x00 0x2c 0xf0 0x04 0x00 0x00 0x1c 0x22                                          NOPA;                                                                                                                                                           NOPV
.return_address
.no_stack_arguments
        4800    0x06 0x00 0x00 0x00 0x06 0x6a 0x00 0x00 0x40 0xba                                MOVA r0, #48;                                                                             JL #13136
.delay_slot
        4810    0x10 0x02 0x05 0x18                                                                                                                                                        MOVX r1, #1
.delay_slot
.swstall delay_slot
        4814    0x00 0x00                                                                        NOPX
.delay_slot
.swstall delay_slot
        4816    0x00 0x00                                                                        NOPX
.delay_slot
.swstall delay_slot
        4818    0x00 0x00                                                                        NOPX
.delay_slot
.swstall delay_slot
        4820    0x00 0x2c 0xf0 0x00 0x20 0x00 0x00 0x00 0x00 0xad 0x81 0x36                      NOPA;                         NOPB;                         NOPS;                         NOPX
.return_address
.no_stack_arguments
        4832    0x06 0x20 0x00 0x00 0x06 0x66 0x00 0x00 0x40 0xba                                MOVA r0, #49;                                                                             JL #13104
.delay_slot
        4842    0x17 0xc2 0xfd 0x18                                                                                                                                                        MOVX r1, #-1
.delay_slot
.swstall delay_slot
        4846    0x00 0x00                                                                        NOPX
.delay_slot
.swstall delay_slot
        4848    0x00 0x00                                                                        NOPX
.delay_slot
.swstall delay_slot
        4850    0x00 0x00                                                                        NOPX
.delay_slot
.swstall delay_slot
        4852    0x00 0x2c 0xf0 0x00 0x20 0x00 0x00 0x00 0x00 0xad 0x81 0x36                      NOPA;                         NOPB;                         NOPS;                         NOPX
.return_address
.no_stack_arguments
        4864    0x33 0x11 0x60 0x00 0x06 0x6e 0x00 0x00 0x41 0x3a                                                                                            MOVS p1, p6;                  JL #13168
.delay_slot
        4874    0x1a 0x6e 0xc0 0xf8                                                                                                                                                                                      MOV p2, p7
.delay_slot
        4878    0x00 0x07 0xc0 0xd4 0x00 0x44                                                                                                                                              MOVXM p0, #510464
.delay_slot
.swstall delay_slot
        4884    0x00 0x00                                                                        NOPX
.delay_slot
.swstall delay_slot
        4886    0x00 0x00                                                                        NOPX
.delay_slot
.swstall delay_slot
        4888    0x00 0x2c 0xf0 0x04 0x00 0x00 0x1c 0x22                                          NOPA;                                                                                                                                                           NOPV
.return_address
.no_stack_arguments
        4896    0x06 0x00 0x00 0x00 0x06 0x6a 0x00 0x00 0x40 0xba                                MOVA r0, #48;                                                                             JL #13136
.delay_slot
        4906    0x10 0x02 0x05 0x18                                                                                                                                                        MOVX r1, #1
.delay_slot
.swstall delay_slot
        4910    0x00 0x00                                                                        NOPX
.delay_slot
.swstall delay_slot
        4912    0x00 0x00                                                                        NOPX
.delay_slot
.swstall delay_slot
        4914    0x00 0x00                                                                        NOPX
.delay_slot
.swstall delay_slot
        4916    0x00 0x2c 0xf0 0x00 0x20 0x00 0x00 0x00 0x00 0xad 0x81 0x36                      NOPA;                         NOPB;                         NOPS;                         NOPX
.return_address
.no_stack_arguments
        4928    0x06 0x20 0x00 0x00 0x06 0x66 0x00 0x00 0x40 0xba                                MOVA r0, #49;                                                                             JL #13104
.delay_slot
        4938    0x17 0xc2 0xfd 0x18                                                                                                                                                        MOVX r1, #-1
.delay_slot
.swstall delay_slot
        4942    0x00 0x00                                                                        NOPX
.delay_slot
.swstall delay_slot
        4944    0x00 0x00                                                                        NOPX
.delay_slot
.swstall delay_slot
        4946    0x00 0x00                                                                        NOPX
.delay_slot
.swstall delay_slot
        4948    0x00 0x2c 0xf0 0x00 0x20 0x00 0x00 0x00 0x00 0xad 0x81 0x36                      NOPA;                         NOPB;                         NOPS;                         NOPX
.return_address
.no_stack_arguments
        4960    0x33 0x11 0x60 0x00 0x06 0x6e 0x00 0x00 0x41 0x3a                                                                                            MOVS p1, p6;                  JL #13168
.delay_slot
        4970    0x1a 0x6e 0xc0 0xf8                                                                                                                                                                                      MOV p2, p7
.delay_slot
        4974    0x00 0x07 0xd0 0xd8 0x00 0x44                                                                                                                                              MOVXM p0, #515072
.delay_slot
.swstall delay_slot
        4980    0x00 0x00                                                                        NOPX
.delay_slot
.swstall delay_slot
        4982    0x00 0x00                                                                        NOPX
.delay_slot
.swstall delay_slot
        4984    0x00 0x2c 0xf0 0x04 0x00 0x00 0x1c 0x22                                          NOPA;                                                                                                                                                           NOPV
.return_address
.no_stack_arguments
        4992    0x06 0x00 0x00 0x00 0x06 0x6a 0x00 0x00 0x40 0xba                                MOVA r0, #48;                                                                             JL #13136
.delay_slot
        5002    0x10 0x02 0x05 0x18                                                                                                                                                        MOVX r1, #1
.delay_slot
.swstall delay_slot
        5006    0x00 0x00                                                                        NOPX
.delay_slot
.swstall delay_slot
        5008    0x00 0x00                                                                        NOPX
.delay_slot
.swstall delay_slot
        5010    0x00 0x00                                                                        NOPX
.delay_slot
.swstall delay_slot
        5012    0x00 0x2c 0xf0 0x00 0x20 0x00 0x00 0x00 0x00 0xad 0x81 0x36                      NOPA;                         NOPB;                         NOPS;                         NOPX
.return_address
.no_stack_arguments
        5024    0x06 0x20 0x00 0x00 0x06 0x66 0x00 0x00 0x40 0xba                                MOVA r0, #49;                                                                             JL #13104
.delay_slot
        5034    0x17 0xc2 0xfd 0x18                                                                                                                                                        MOVX r1, #-1
.delay_slot
.swstall delay_slot
        5038    0x00 0x00                                                                        NOPX
.delay_slot
.swstall delay_slot
        5040    0x00 0x00                                                                        NOPX
.delay_slot
.swstall delay_slot
        5042    0x00 0x00                                                                        NOPX
.delay_slot
.swstall delay_slot
        5044    0x00 0x2c 0xf0 0x00 0x20 0x00 0x00 0x00 0x00 0xad 0x81 0x36                      NOPA;                         NOPB;                         NOPS;                         NOPX
.return_address
.no_stack_arguments
        5056    0x33 0x11 0x60 0x00 0x06 0x6e 0x00 0x00 0x41 0x3a                                                                                            MOVS p1, p6;                  JL #13168
.delay_slot
        5066    0x1a 0x6e 0xc0 0xf8                                                                                                                                                                                      MOV p2, p7
.delay_slot
        5070    0x00 0x07 0xc0 0xd4 0x00 0x44                                                                                                                                              MOVXM p0, #510464
.delay_slot
.swstall delay_slot
        5076    0x00 0x00                                                                        NOPX
.delay_slot
.swstall delay_slot
        5078    0x00 0x00                                                                        NOPX
.delay_slot
.swstall delay_slot
        5080    0x00 0x2c 0xf0 0x04 0x00 0x00 0x1c 0x22                                          NOPA;                                                                                                                                                           NOPV
.return_address
.no_stack_arguments
        5088    0x06 0x00 0x00 0x00 0x06 0x6a 0x00 0x00 0x40 0xba                                MOVA r0, #48;                                                                             JL #13136
.delay_slot
        5098    0x10 0x02 0x05 0x18                                                                                                                                                        MOVX r1, #1
.delay_slot
.swstall delay_slot
        5102    0x00 0x00                                                                        NOPX
.delay_slot
.swstall delay_slot
        5104    0x00 0x00                                                                        NOPX
.delay_slot
.swstall delay_slot
        5106    0x00 0x00                                                                        NOPX
.delay_slot
.swstall delay_slot
        5108    0x00 0x2c 0xf0 0x00 0x20 0x00 0x00 0x00 0x00 0xad 0x81 0x36                      NOPA;                         NOPB;                         NOPS;                         NOPX
.return_address
.no_stack_arguments
        5120    0x06 0x20 0x00 0x00 0x06 0x66 0x00 0x00 0x40 0xba                                MOVA r0, #49;                                                                             JL #13104
.delay_slot
        5130    0x17 0xc2 0xfd 0x18                                                                                                                                                        MOVX r1, #-1
.delay_slot
.swstall delay_slot
        5134    0x00 0x00                                                                        NOPX
.delay_slot
.swstall delay_slot
        5136    0x00 0x00                                                                        NOPX
.delay_slot
.swstall delay_slot
        5138    0x00 0x00                                                                        NOPX
.delay_slot
.swstall delay_slot
        5140    0x00 0x2c 0xf0 0x00 0x20 0x00 0x00 0x00 0x00 0xad 0x81 0x36                      NOPA;                         NOPB;                         NOPS;                         NOPX
.return_address
.no_stack_arguments
        5152    0x53 0x91 0x60 0x00 0x06 0x6e 0x00 0x00 0x41 0x3a                                                                                            MOVS p2, p7;                  JL #13168
.delay_slot
        5162    0x33 0x11 0x60 0x00 0x01 0xf4 0x36 0x00 0x11 0x3a                                                                                            MOVS p1, p6;                  MOVXM p0, #515072
.delay_slot
        5172    0x1e 0x64 0xc0 0xf8                                                                                                                                                                                      MOV p6, p2
.delay_slot
.swstall delay_slot
        5176    0x00 0x00                                                                        NOPX
.delay_slot
.swstall delay_slot
        5178    0x00 0x00                                                                        NOPX
.delay_slot
.swstall delay_slot
        5180    0x00 0x01 0x67 0x98                                                              NOPA
.return_address
.no_stack_arguments
        5184    0x06 0x00 0x00 0x00 0x06 0x6a 0x00 0x00 0x40 0xba                                MOVA r0, #48;                                                                             JL #13136
.delay_slot
        5194    0x10 0x02 0x05 0x18                                                                                                                                                        MOVX r1, #1
.delay_slot
.swstall delay_slot
        5198    0x00 0x00                                                                        NOPX
.delay_slot
.swstall delay_slot
        5200    0x00 0x00                                                                        NOPX
.delay_slot
.swstall delay_slot
        5202    0x00 0x00                                                                        NOPX
.delay_slot
.swstall delay_slot
        5204    0x00 0x2c 0xf0 0x00 0x20 0x00 0x00 0x00 0x00 0xad 0x81 0x36                      NOPA;                         NOPB;                         NOPS;                         NOPX
.return_address
.no_stack_arguments
        5216    0x06 0x40 0x00 0x00 0x06 0x6a 0x00 0x00 0x40 0xba                                MOVA r0, #50;                                                                             JL #13136
.delay_slot
        5226    0x10 0x02 0x05 0x18                                                                                                                                                        MOVX r1, #1
.delay_slot
.swstall delay_slot
        5230    0x00 0x00                                                                        NOPX
.delay_slot
.swstall delay_slot
        5232    0x00 0x00                                                                        NOPX
.delay_slot
.swstall delay_slot
        5234    0x00 0x00                                                                        NOPX
.delay_slot
.swstall delay_slot
        5236    0x00 0x2c 0xf0 0x00 0x20 0x00 0x00 0x00 0x00 0xad 0x81 0x36                      NOPA;                         NOPB;                         NOPS;                         NOPX
.return_address
.no_stack_arguments
        5248    0x06 0x60 0x00 0x00 0x06 0x66 0x00 0x00 0x40 0xba                                MOVA r0, #51;                                                                             JL #13104
.delay_slot
        5258    0x17 0xc2 0xfd 0x18                                                                                                                                                        MOVX r1, #-1
.delay_slot
.swstall delay_slot
        5262    0x00 0x00                                                                        NOPX
.delay_slot
.swstall delay_slot
        5264    0x00 0x00                                                                        NOPX
.delay_slot
.swstall delay_slot
        5266    0x00 0x00                                                                        NOPX
.delay_slot
.swstall delay_slot
        5268    0x00 0x2c 0xf0 0x00 0x20 0x00 0x00 0x00 0x00 0xad 0x81 0x36                      NOPA;                         NOPB;                         NOPS;                         NOPX
.return_address
.no_stack_arguments
        5280    0x06 0x20 0x00 0x00 0x06 0x66 0x00 0x00 0x40 0xba                                MOVA r0, #49;                                                                             JL #13104
.delay_slot
        5290    0x17 0xc2 0xfd 0x18                                                                                                                                                        MOVX r1, #-1
.delay_slot
.swstall delay_slot
        5294    0x00 0x00                                                                        NOPX
.delay_slot
.swstall delay_slot
        5296    0x00 0x00                                                                        NOPX
.delay_slot
.swstall delay_slot
        5298    0x00 0x00                                                                        NOPX
.delay_slot
.swstall delay_slot
        5300    0x00 0x2c 0xf0 0x00 0x20 0x00 0x00 0x00 0x00 0xad 0x81 0x36                      NOPA;                         NOPB;                         NOPS;                         NOPX
.return_address
.no_stack_arguments
        5312    0x00 0x19 0xb8 0x00 0x01 0x04                                                                                                                                              JL #13168
.delay_slot
        5318    0x00 0x07 0xc0 0xd4 0x00 0x44                                                                                                                                              MOVXM p0, #510464
.delay_slot
        5324    0x00 0x07 0x92 0xc8 0x00 0x44                                                                                                                                              MOVXM p1, #496640
.delay_slot
        5330    0x1a 0x6c 0xc0 0xf8                                                                                                                                                                                      MOV p2, p6
.delay_slot
.swstall delay_slot
        5334    0x00 0x00                                                                        NOPX
.delay_slot
.swstall delay_slot
        5336    0x00 0x2c 0xf0 0x04 0x00 0x00 0x1c 0x22                                          NOPA;                                                                                                                                                           NOPV
.return_address
.no_stack_arguments
        5344    0x06 0x00 0x00 0x00 0x06 0x6a 0x00 0x00 0x40 0xba                                MOVA r0, #48;                                                                             JL #13136
.delay_slot
        5354    0x10 0x02 0x05 0x18                                                                                                                                                        MOVX r1, #1
.delay_slot
.swstall delay_slot
        5358    0x00 0x00                                                                        NOPX
.delay_slot
.swstall delay_slot
        5360    0x00 0x00                                                                        NOPX
.delay_slot
.swstall delay_slot
        5362    0x00 0x00                                                                        NOPX
.delay_slot
.swstall delay_slot
        5364    0x00 0x2c 0xf0 0x00 0x20 0x00 0x00 0x00 0x00 0xad 0x81 0x36                      NOPA;                         NOPB;                         NOPS;                         NOPX
.return_address
.no_stack_arguments
        5376    0x06 0x20 0x00 0x00 0x06 0x66 0x00 0x00 0x40 0xba                                MOVA r0, #49;                                                                             JL #13104
.delay_slot
        5386    0x17 0xc2 0xfd 0x18                                                                                                                                                        MOVX r1, #-1
.delay_slot
.swstall delay_slot
        5390    0x00 0x00                                                                        NOPX
.delay_slot
.swstall delay_slot
        5392    0x00 0x00                                                                        NOPX
.delay_slot
.swstall delay_slot
        5394    0x00 0x00                                                                        NOPX
.delay_slot
.swstall delay_slot
        5396    0x00 0x2c 0xf0 0x00 0x20 0x00 0x00 0x00 0x00 0xad 0x81 0x36                      NOPA;                         NOPB;                         NOPS;                         NOPX
.return_address
.no_stack_arguments
        5408    0x00 0x19 0xb8 0x00 0x01 0x04                                                                                                                                              JL #13168
.delay_slot
        5414    0x00 0x07 0xd0 0xd8 0x00 0x44                                                                                                                                              MOVXM p0, #515072
.delay_slot
        5420    0x00 0x07 0x92 0xc8 0x00 0x44                                                                                                                                              MOVXM p1, #496640
.delay_slot
        5426    0x1a 0x6c 0xc0 0xf8                                                                                                                                                                                      MOV p2, p6
.delay_slot
.swstall delay_slot
        5430    0x00 0x00                                                                        NOPX
.delay_slot
.swstall delay_slot
        5432    0x00 0x2c 0xf0 0x04 0x00 0x00 0x1c 0x22                                          NOPA;                                                                                                                                                           NOPV
.return_address
.no_stack_arguments
        5440    0x06 0x00 0x00 0x00 0x06 0x6a 0x00 0x00 0x40 0xba                                MOVA r0, #48;                                                                             JL #13136
.delay_slot
        5450    0x10 0x02 0x05 0x18                                                                                                                                                        MOVX r1, #1
.delay_slot
.swstall delay_slot
        5454    0x00 0x00                                                                        NOPX
.delay_slot
.swstall delay_slot
        5456    0x00 0x00                                                                        NOPX
.delay_slot
.swstall delay_slot
        5458    0x00 0x00                                                                        NOPX
.delay_slot
.swstall delay_slot
        5460    0x00 0x2c 0xf0 0x00 0x20 0x00 0x00 0x00 0x00 0xad 0x81 0x36                      NOPA;                         NOPB;                         NOPS;                         NOPX
.return_address
.no_stack_arguments
        5472    0x06 0x20 0x00 0x00 0x06 0x66 0x00 0x00 0x40 0xba                                MOVA r0, #49;                                                                             JL #13104
.delay_slot
        5482    0x17 0xc2 0xfd 0x18                                                                                                                                                        MOVX r1, #-1
.delay_slot
.swstall delay_slot
        5486    0x00 0x00                                                                        NOPX
.delay_slot
.swstall delay_slot
        5488    0x00 0x00                                                                        NOPX
.delay_slot
.swstall delay_slot
        5490    0x00 0x00                                                                        NOPX
.delay_slot
.swstall delay_slot
        5492    0x00 0x2c 0xf0 0x00 0x20 0x00 0x00 0x00 0x00 0xad 0x81 0x36                      NOPA;                         NOPB;                         NOPS;                         NOPX
.return_address
.no_stack_arguments
        5504    0x00 0x19 0xb8 0x00 0x01 0x04                                                                                                                                              JL #13168
.delay_slot
        5510    0x00 0x07 0xc0 0xd4 0x00 0x44                                                                                                                                              MOVXM p0, #510464
.delay_slot
        5516    0x00 0x07 0x92 0xc8 0x00 0x44                                                                                                                                              MOVXM p1, #496640
.delay_slot
        5522    0x1a 0x6c 0xc0 0xf8                                                                                                                                                                                      MOV p2, p6
.delay_slot
.swstall delay_slot
        5526    0x00 0x00                                                                        NOPX
.delay_slot
.swstall delay_slot
        5528    0x00 0x2c 0xf0 0x04 0x00 0x00 0x1c 0x22                                          NOPA;                                                                                                                                                           NOPV
.return_address
.no_stack_arguments
        5536    0x06 0x00 0x00 0x00 0x06 0x6a 0x00 0x00 0x40 0xba                                MOVA r0, #48;                                                                             JL #13136
.delay_slot
        5546    0x10 0x02 0x05 0x18                                                                                                                                                        MOVX r1, #1
.delay_slot
.swstall delay_slot
        5550    0x00 0x00                                                                        NOPX
.delay_slot
.swstall delay_slot
        5552    0x00 0x00                                                                        NOPX
.delay_slot
.swstall delay_slot
        5554    0x00 0x00                                                                        NOPX
.delay_slot
.swstall delay_slot
        5556    0x00 0x2c 0xf0 0x00 0x20 0x00 0x00 0x00 0x00 0xad 0x81 0x36                      NOPA;                         NOPB;                         NOPS;                         NOPX
.return_address
.no_stack_arguments
        5568    0x06 0x20 0x00 0x00 0x06 0x66 0x00 0x00 0x40 0xba                                MOVA r0, #49;                                                                             JL #13104
.delay_slot
        5578    0x17 0xc2 0xfd 0x18                                                                                                                                                        MOVX r1, #-1
.delay_slot
.swstall delay_slot
        5582    0x00 0x00                                                                        NOPX
.delay_slot
.swstall delay_slot
        5584    0x00 0x00                                                                        NOPX
.delay_slot
.swstall delay_slot
        5586    0x00 0x00                                                                        NOPX
.delay_slot
.swstall delay_slot
        5588    0x00 0x2c 0xf0 0x00 0x20 0x00 0x00 0x00 0x00 0xad 0x81 0x36                      NOPA;                         NOPB;                         NOPS;                         NOPX
.return_address
.no_stack_arguments
        5600    0x00 0x19 0xb8 0x00 0x01 0x04                                                                                                                                              JL #13168
.delay_slot
        5606    0x00 0x07 0xd0 0xd8 0x00 0x44                                                                                                                                              MOVXM p0, #515072
.delay_slot
        5612    0x00 0x07 0x92 0xc8 0x00 0x44                                                                                                                                              MOVXM p1, #496640
.delay_slot
        5618    0x1a 0x6c 0xc0 0xf8                                                                                                                                                                                      MOV p2, p6
.delay_slot
.swstall delay_slot
        5622    0x00 0x00                                                                        NOPX
.delay_slot
.swstall delay_slot
        5624    0x00 0x2c 0xf0 0x04 0x00 0x00 0x1c 0x22                                          NOPA;                                                                                                                                                           NOPV
.return_address
.no_stack_arguments
        5632    0x06 0x00 0x00 0x00 0x06 0x6a 0x00 0x00 0x40 0xba                                MOVA r0, #48;                                                                             JL #13136
.delay_slot
        5642    0x10 0x02 0x05 0x18                                                                                                                                                        MOVX r1, #1
.delay_slot
.swstall delay_slot
        5646    0x00 0x00                                                                        NOPX
.delay_slot
.swstall delay_slot
        5648    0x00 0x00                                                                        NOPX
.delay_slot
.swstall delay_slot
        5650    0x00 0x00                                                                        NOPX
.delay_slot
.swstall delay_slot
        5652    0x00 0x2c 0xf0 0x00 0x20 0x00 0x00 0x00 0x00 0xad 0x81 0x36                      NOPA;                         NOPB;                         NOPS;                         NOPX
.return_address
.no_stack_arguments
        5664    0x06 0x20 0x00 0x00 0x06 0x66 0x00 0x00 0x40 0xba                                MOVA r0, #49;                                                                             JL #13104
.delay_slot
        5674    0x17 0xc2 0xfd 0x18                                                                                                                                                        MOVX r1, #-1
.delay_slot
.swstall delay_slot
        5678    0x00 0x00                                                                        NOPX
.delay_slot
.swstall delay_slot
        5680    0x00 0x00                                                                        NOPX
.delay_slot
.swstall delay_slot
        5682    0x00 0x00                                                                        NOPX
.delay_slot
.swstall delay_slot
        5684    0x00 0x2c 0xf0 0x00 0x20 0x00 0x00 0x00 0x00 0xad 0x81 0x36                      NOPA;                         NOPB;                         NOPS;                         NOPX
.return_address
.no_stack_arguments
        5696    0x00 0x19 0xb8 0x00 0x01 0x04                                                                                                                                              JL #13168
.delay_slot
        5702    0x00 0x07 0xc0 0xd4 0x00 0x44                                                                                                                                              MOVXM p0, #510464
.delay_slot
        5708    0x00 0x07 0x92 0xc8 0x00 0x44                                                                                                                                              MOVXM p1, #496640
.delay_slot
        5714    0x1a 0x6c 0xc0 0xf8                                                                                                                                                                                      MOV p2, p6
.delay_slot
.swstall delay_slot
        5718    0x00 0x00                                                                        NOPX
.delay_slot
.swstall delay_slot
        5720    0x00 0x2c 0xf0 0x04 0x00 0x00 0x1c 0x22                                          NOPA;                                                                                                                                                           NOPV
.return_address
.no_stack_arguments
        5728    0x06 0x00 0x00 0x00 0x06 0x6a 0x00 0x00 0x40 0xba                                MOVA r0, #48;                                                                             JL #13136
.delay_slot
        5738    0x10 0x02 0x05 0x18                                                                                                                                                        MOVX r1, #1
.delay_slot
.swstall delay_slot
        5742    0x00 0x00                                                                        NOPX
.delay_slot
.swstall delay_slot
        5744    0x00 0x00                                                                        NOPX
.delay_slot
.swstall delay_slot
        5746    0x00 0x00                                                                        NOPX
.delay_slot
.swstall delay_slot
        5748    0x00 0x2c 0xf0 0x00 0x20 0x00 0x00 0x00 0x00 0xad 0x81 0x36                      NOPA;                         NOPB;                         NOPS;                         NOPX
.return_address
.no_stack_arguments
        5760    0x00 0x19 0x98 0x00 0x01 0x04                                                                                                                                              JL #13104
.delay_slot
        5766    0x06 0x20 0x00 0x00 0x00 0x07 0x31 0x00 0x10 0xba                                MOVA r0, #49;                                                                             MOVXM p6, #4608
.delay_slot
        5776    0x17 0xc2 0xfd 0x18                                                                                                                                                        MOVX r1, #-1
.delay_slot
.swstall delay_slot
        5780    0x00 0x00                                                                        NOPX
.delay_slot
.swstall delay_slot
        5782    0x00 0x00                                                                        NOPX
.delay_slot
.swstall delay_slot
        5784    0x00 0x2c 0xf0 0x04 0x00 0x00 0x1c 0x22                                          NOPA;                                                                                                                                                           NOPV
.return_address
.no_stack_arguments
        5792    0x00 0x19 0xb8 0x00 0x01 0x04                                                                                                                                              JL #13168
.delay_slot
        5798    0x00 0x07 0xd0 0xd8 0x00 0x44                                                                                                                                              MOVXM p0, #515072
.delay_slot
        5804    0x00 0x07 0x92 0xc8 0x00 0x44                                                                                                                                              MOVXM p1, #496640
.delay_slot
        5810    0x1a 0x6e 0xc0 0xf8                                                                                                                                                                                      MOV p2, p7
.delay_slot
.swstall delay_slot
        5814    0x00 0x00                                                                        NOPX
.delay_slot
.swstall delay_slot
        5816    0x00 0x2c 0xf0 0x04 0x00 0x00 0x1c 0x22                                          NOPA;                                                                                                                                                           NOPV
.return_address
.no_stack_arguments
        5824    0x06 0x00 0x00 0x00 0x06 0x6a 0x00 0x00 0x40 0xba                                MOVA r0, #48;                                                                             JL #13136
.delay_slot
        5834    0x10 0x02 0x05 0x18                                                                                                                                                        MOVX r1, #1
.delay_slot
.swstall delay_slot
        5838    0x00 0x00                                                                        NOPX
.delay_slot
.swstall delay_slot
        5840    0x00 0x00                                                                        NOPX
.delay_slot
.swstall delay_slot
        5842    0x00 0x00                                                                        NOPX
.delay_slot
.swstall delay_slot
        5844    0x00 0x2c 0xf0 0x00 0x20 0x00 0x00 0x00 0x00 0xad 0x81 0x36                      NOPA;                         NOPB;                         NOPS;                         NOPX
.return_address
.no_stack_arguments
        5856    0x06 0x40 0x00 0x00 0x06 0x6a 0x00 0x00 0x40 0xba                                MOVA r0, #50;                                                                             JL #13136
.delay_slot
        5866    0x10 0x02 0x05 0x18                                                                                                                                                        MOVX r1, #1
.delay_slot
.swstall delay_slot
        5870    0x00 0x00                                                                        NOPX
.delay_slot
.swstall delay_slot
        5872    0x00 0x00                                                                        NOPX
.delay_slot
.swstall delay_slot
        5874    0x00 0x00                                                                        NOPX
.delay_slot
.swstall delay_slot
        5876    0x00 0x2c 0xf0 0x00 0x20 0x00 0x00 0x00 0x00 0xad 0x81 0x36                      NOPA;                         NOPB;                         NOPS;                         NOPX
.return_address
        5888    0x13 0x19 0xa0 0x18                                                                                                                                                        JNZD r12, r12, p6
.delay_slot
.swstall delay_slot
        5892    0x00 0x00                                                                        NOPX
.delay_slot
.swstall delay_slot
        5894    0x00 0x00                                                                        NOPX
.delay_slot
.swstall delay_slot
        5896    0x00 0x00                                                                        NOPX
.delay_slot
.swstall delay_slot
        5898    0x00 0x00                                                                        NOPX
.delay_slot
.swstall delay_slot
        5900    0x00 0x00                                                                        NOPX
.loop_nesting 1
.no_stack_arguments
        5902    0x06 0xa0 0x00 0x00 0x06 0x6a 0x00 0x00 0x40 0xba                                MOVA r0, #53;                                                                             JL #13136
.delay_slot
        5912    0x10 0x02 0x05 0x18                                                                                                                                                        MOVX r1, #1
.delay_slot
.swstall delay_slot
        5916    0x00 0x00                                                                        NOPX
.delay_slot
.swstall delay_slot
        5918    0x00 0x00                                                                        NOPX
.delay_slot
.swstall delay_slot
        5920    0x00 0x00                                                                        NOPX
.delay_slot
.swstall delay_slot
        5922    0x00 0x2c 0xf0 0x02 0xb6 0x00 0x00 0x40 0x1a 0x57 0x00 0x00 0x1c 0x2e            NOPA;                                                       NOPS;                                                       NOPM;                                   NOPV
.return_address
.no_stack_arguments
        5936    0xff 0xe1 0x00 0x00 0x06 0x66 0x00 0x00 0x40 0xba                                MOVA r1, #-1;                                                                             JL #13104
.delay_slot
        5946    0x10 0x00 0xd1 0x18                                                                                                                                                        MOVX r0, #52
.delay_slot
.swstall delay_slot
        5950    0x00 0x00                                                                        NOPX
.delay_slot
.swstall delay_slot
        5952    0x00 0x00                                                                        NOPX
.delay_slot
.swstall delay_slot
        5954    0x00 0x00                                                                        NOPX
.delay_slot
.swstall delay_slot
        5956    0x00 0x2c 0xf0 0x00 0x20 0x00 0x00 0x00 0x00 0xad 0x81 0x36                      NOPA;                         NOPB;                         NOPS;                         NOPX
.return_address
.no_stack_arguments
        5968    0x00 0x1b 0x78 0x00 0x01 0x04                                                                                                                                              JL #14064
.delay_slot
        5974    0x18 0x6e 0xc0 0xf8                                                                                                                                                                                      MOV p0, p7
.delay_slot
.swstall delay_slot
        5978    0x00 0x00                                                                        NOPX
.delay_slot
.swstall delay_slot
        5980    0x00 0x00                                                                        NOPX
.delay_slot
.swstall delay_slot
        5982    0x00 0x00                                                                        NOPX
.delay_slot
.swstall delay_slot
        5984    0x00 0x2c 0xf0 0x00 0x20 0x01 0x5b 0x00 0x00 0x00 0x01 0xa5 0x78 0x00 0x00 0xe1  NOPA;                         NOPB;                         NOPS;                         NOPX;                         NOPM;                                   NOPV
.return_address
        6000    0x00 0x2c 0xf0 0x00 0x20 0x01 0x5b 0x00 0xc1 0x28 0x01 0xa5 0x78 0x00 0x00 0xe1  NOPA;                         NOPB;                         NOPS;                         MOVX r12, #9;                 NOPM;                                   NOPV
.label TGT_Fcore_0_5_5792
.loop_nesting 2
.no_stack_arguments
        6016    0x06 0x60 0x00 0x00 0x06 0x66 0x00 0x00 0x40 0xba                                MOVA r0, #51;                                                                             JL #13104
.delay_slot
        6026    0x17 0xc2 0xfd 0x18                                                                                                                                                        MOVX r1, #-1
.delay_slot
.swstall delay_slot
        6030    0x00 0x00                                                                        NOPX
.delay_slot
.swstall delay_slot
        6032    0x00 0x00                                                                        NOPX
.delay_slot
.swstall delay_slot
        6034    0x00 0x00                                                                        NOPX
.delay_slot
.swstall delay_slot
        6036    0x00 0x2c 0xf0 0x00 0x20 0x00 0x00 0x00 0x00 0xad 0x81 0x36                      NOPA;                         NOPB;                         NOPS;                         NOPX
.return_address
.no_stack_arguments
        6048    0x06 0x20 0x00 0x00 0x06 0x66 0x00 0x00 0x40 0xba                                MOVA r0, #49;                                                                             JL #13104
.delay_slot
        6058    0x17 0xc2 0xfd 0x18                                                                                                                                                        MOVX r1, #-1
.delay_slot
.swstall delay_slot
        6062    0x00 0x00                                                                        NOPX
.delay_slot
.swstall delay_slot
        6064    0x00 0x00                                                                        NOPX
.delay_slot
.swstall delay_slot
        6066    0x00 0x00                                                                        NOPX
.delay_slot
.swstall delay_slot
        6068    0x00 0x2c 0xf0 0x00 0x20 0x00 0x00 0x00 0x00 0xad 0x81 0x36                      NOPA;                         NOPB;                         NOPS;                         NOPX
.return_address
.no_stack_arguments
        6080    0x53 0x91 0x60 0x00 0x06 0x6e 0x00 0x00 0x41 0x3a                                                                                            MOVS p2, p7;                  JL #13168
.delay_slot
        6090    0x00 0x07 0x52 0xdc 0x00 0x44                                                                                                                                              MOVXM p1, #482816
.delay_slot
        6096    0x00 0x07 0xc0 0xd4 0x00 0x44                                                                                                                                              MOVXM p0, #510464
.delay_slot
        6102    0x1e 0x62 0xc0 0xf8                                                                                                                                                                                      MOV p6, p1
.delay_slot
.swstall delay_slot
        6106    0x00 0x00                                                                        NOPX
.delay_slot
.swstall delay_slot
        6108    0x00 0x01 0x67 0x98                                                              NOPA
.return_address
.no_stack_arguments
        6112    0x06 0x00 0x00 0x00 0x06 0x6a 0x00 0x00 0x40 0xba                                MOVA r0, #48;                                                                             JL #13136
.delay_slot
        6122    0x10 0x02 0x05 0x18                                                                                                                                                        MOVX r1, #1
.delay_slot
.swstall delay_slot
        6126    0x00 0x00                                                                        NOPX
.delay_slot
.swstall delay_slot
        6128    0x00 0x00                                                                        NOPX
.delay_slot
.swstall delay_slot
        6130    0x00 0x00                                                                        NOPX
.delay_slot
.swstall delay_slot
        6132    0x00 0x2c 0xf0 0x00 0x20 0x00 0x00 0x00 0x00 0xad 0x81 0x36                      NOPA;                         NOPB;                         NOPS;                         NOPX
.return_address
.no_stack_arguments
        6144    0x06 0x20 0x00 0x00 0x06 0x66 0x00 0x00 0x40 0xba                                MOVA r0, #49;                                                                             JL #13104
.delay_slot
        6154    0x17 0xc2 0xfd 0x18                                                                                                                                                        MOVX r1, #-1
.delay_slot
.swstall delay_slot
        6158    0x00 0x00                                                                        NOPX
.delay_slot
.swstall delay_slot
        6160    0x00 0x00                                                                        NOPX
.delay_slot
.swstall delay_slot
        6162    0x00 0x00                                                                        NOPX
.delay_slot
.swstall delay_slot
        6164    0x00 0x2c 0xf0 0x00 0x20 0x00 0x00 0x00 0x00 0xad 0x81 0x36                      NOPA;                         NOPB;                         NOPS;                         NOPX
.return_address
.no_stack_arguments
        6176    0x33 0x11 0x60 0x00 0x06 0x6e 0x00 0x00 0x41 0x3a                                                                                            MOVS p1, p6;                  JL #13168
.delay_slot
        6186    0x1a 0x6e 0xc0 0xf8                                                                                                                                                                                      MOV p2, p7
.delay_slot
        6190    0x00 0x07 0xd0 0xd8 0x00 0x44                                                                                                                                              MOVXM p0, #515072
.delay_slot
.swstall delay_slot
        6196    0x00 0x00                                                                        NOPX
.delay_slot
.swstall delay_slot
        6198    0x00 0x00                                                                        NOPX
.delay_slot
.swstall delay_slot
        6200    0x00 0x2c 0xf0 0x04 0x00 0x00 0x1c 0x22                                          NOPA;                                                                                                                                                           NOPV
.return_address
.no_stack_arguments
        6208    0x06 0x00 0x00 0x00 0x06 0x6a 0x00 0x00 0x40 0xba                                MOVA r0, #48;                                                                             JL #13136
.delay_slot
        6218    0x10 0x02 0x05 0x18                                                                                                                                                        MOVX r1, #1
.delay_slot
.swstall delay_slot
        6222    0x00 0x00                                                                        NOPX
.delay_slot
.swstall delay_slot
        6224    0x00 0x00                                                                        NOPX
.delay_slot
.swstall delay_slot
        6226    0x00 0x00                                                                        NOPX
.delay_slot
.swstall delay_slot
        6228    0x00 0x2c 0xf0 0x00 0x20 0x00 0x00 0x00 0x00 0xad 0x81 0x36                      NOPA;                         NOPB;                         NOPS;                         NOPX
.return_address
.no_stack_arguments
        6240    0x06 0x20 0x00 0x00 0x06 0x66 0x00 0x00 0x40 0xba                                MOVA r0, #49;                                                                             JL #13104
.delay_slot
        6250    0x17 0xc2 0xfd 0x18                                                                                                                                                        MOVX r1, #-1
.delay_slot
.swstall delay_slot
        6254    0x00 0x00                                                                        NOPX
.delay_slot
.swstall delay_slot
        6256    0x00 0x00                                                                        NOPX
.delay_slot
.swstall delay_slot
        6258    0x00 0x00                                                                        NOPX
.delay_slot
.swstall delay_slot
        6260    0x00 0x2c 0xf0 0x00 0x20 0x00 0x00 0x00 0x00 0xad 0x81 0x36                      NOPA;                         NOPB;                         NOPS;                         NOPX
.return_address
.no_stack_arguments
        6272    0x33 0x11 0x60 0x00 0x06 0x6e 0x00 0x00 0x41 0x3a                                                                                            MOVS p1, p6;                  JL #13168
.delay_slot
        6282    0x1a 0x6e 0xc0 0xf8                                                                                                                                                                                      MOV p2, p7
.delay_slot
        6286    0x00 0x07 0xc0 0xd4 0x00 0x44                                                                                                                                              MOVXM p0, #510464
.delay_slot
.swstall delay_slot
        6292    0x00 0x00                                                                        NOPX
.delay_slot
.swstall delay_slot
        6294    0x00 0x00                                                                        NOPX
.delay_slot
.swstall delay_slot
        6296    0x00 0x2c 0xf0 0x04 0x00 0x00 0x1c 0x22                                          NOPA;                                                                                                                                                           NOPV
.return_address
.no_stack_arguments
        6304    0x06 0x00 0x00 0x00 0x06 0x6a 0x00 0x00 0x40 0xba                                MOVA r0, #48;                                                                             JL #13136
.delay_slot
        6314    0x10 0x02 0x05 0x18                                                                                                                                                        MOVX r1, #1
.delay_slot
.swstall delay_slot
        6318    0x00 0x00                                                                        NOPX
.delay_slot
.swstall delay_slot
        6320    0x00 0x00                                                                        NOPX
.delay_slot
.swstall delay_slot
        6322    0x00 0x00                                                                        NOPX
.delay_slot
.swstall delay_slot
        6324    0x00 0x2c 0xf0 0x00 0x20 0x00 0x00 0x00 0x00 0xad 0x81 0x36                      NOPA;                         NOPB;                         NOPS;                         NOPX
.return_address
.no_stack_arguments
        6336    0x06 0x20 0x00 0x00 0x06 0x66 0x00 0x00 0x40 0xba                                MOVA r0, #49;                                                                             JL #13104
.delay_slot
        6346    0x17 0xc2 0xfd 0x18                                                                                                                                                        MOVX r1, #-1
.delay_slot
.swstall delay_slot
        6350    0x00 0x00                                                                        NOPX
.delay_slot
.swstall delay_slot
        6352    0x00 0x00                                                                        NOPX
.delay_slot
.swstall delay_slot
        6354    0x00 0x00                                                                        NOPX
.delay_slot
.swstall delay_slot
        6356    0x00 0x2c 0xf0 0x00 0x20 0x00 0x00 0x00 0x00 0xad 0x81 0x36                      NOPA;                         NOPB;                         NOPS;                         NOPX
.return_address
.no_stack_arguments
        6368    0x33 0x11 0x60 0x00 0x06 0x6e 0x00 0x00 0x41 0x3a                                                                                            MOVS p1, p6;                  JL #13168
.delay_slot
        6378    0x1a 0x6e 0xc0 0xf8                                                                                                                                                                                      MOV p2, p7
.delay_slot
        6382    0x00 0x07 0xd0 0xd8 0x00 0x44                                                                                                                                              MOVXM p0, #515072
.delay_slot
.swstall delay_slot
        6388    0x00 0x00                                                                        NOPX
.delay_slot
.swstall delay_slot
        6390    0x00 0x00                                                                        NOPX
.delay_slot
.swstall delay_slot
        6392    0x00 0x2c 0xf0 0x04 0x00 0x00 0x1c 0x22                                          NOPA;                                                                                                                                                           NOPV
.return_address
.no_stack_arguments
        6400    0x06 0x00 0x00 0x00 0x06 0x6a 0x00 0x00 0x40 0xba                                MOVA r0, #48;                                                                             JL #13136
.delay_slot
        6410    0x10 0x02 0x05 0x18                                                                                                                                                        MOVX r1, #1
.delay_slot
.swstall delay_slot
        6414    0x00 0x00                                                                        NOPX
.delay_slot
.swstall delay_slot
        6416    0x00 0x00                                                                        NOPX
.delay_slot
.swstall delay_slot
        6418    0x00 0x00                                                                        NOPX
.delay_slot
.swstall delay_slot
        6420    0x00 0x2c 0xf0 0x00 0x20 0x00 0x00 0x00 0x00 0xad 0x81 0x36                      NOPA;                         NOPB;                         NOPS;                         NOPX
.return_address
.no_stack_arguments
        6432    0x06 0x20 0x00 0x00 0x06 0x66 0x00 0x00 0x40 0xba                                MOVA r0, #49;                                                                             JL #13104
.delay_slot
        6442    0x17 0xc2 0xfd 0x18                                                                                                                                                        MOVX r1, #-1
.delay_slot
.swstall delay_slot
        6446    0x00 0x00                                                                        NOPX
.delay_slot
.swstall delay_slot
        6448    0x00 0x00                                                                        NOPX
.delay_slot
.swstall delay_slot
        6450    0x00 0x00                                                                        NOPX
.delay_slot
.swstall delay_slot
        6452    0x00 0x2c 0xf0 0x00 0x20 0x00 0x00 0x00 0x00 0xad 0x81 0x36                      NOPA;                         NOPB;                         NOPS;                         NOPX
.return_address
.no_stack_arguments
        6464    0x33 0x11 0x60 0x00 0x06 0x6e 0x00 0x00 0x41 0x3a                                                                                            MOVS p1, p6;                  JL #13168
.delay_slot
        6474    0x1a 0x6e 0xc0 0xf8                                                                                                                                                                                      MOV p2, p7
.delay_slot
        6478    0x00 0x07 0xc0 0xd4 0x00 0x44                                                                                                                                              MOVXM p0, #510464
.delay_slot
.swstall delay_slot
        6484    0x00 0x00                                                                        NOPX
.delay_slot
.swstall delay_slot
        6486    0x00 0x00                                                                        NOPX
.delay_slot
.swstall delay_slot
        6488    0x00 0x2c 0xf0 0x04 0x00 0x00 0x1c 0x22                                          NOPA;                                                                                                                                                           NOPV
.return_address
.no_stack_arguments
        6496    0x06 0x00 0x00 0x00 0x06 0x6a 0x00 0x00 0x40 0xba                                MOVA r0, #48;                                                                             JL #13136
.delay_slot
        6506    0x10 0x02 0x05 0x18                                                                                                                                                        MOVX r1, #1
.delay_slot
.swstall delay_slot
        6510    0x00 0x00                                                                        NOPX
.delay_slot
.swstall delay_slot
        6512    0x00 0x00                                                                        NOPX
.delay_slot
.swstall delay_slot
        6514    0x00 0x00                                                                        NOPX
.delay_slot
.swstall delay_slot
        6516    0x00 0x2c 0xf0 0x00 0x20 0x00 0x00 0x00 0x00 0xad 0x81 0x36                      NOPA;                         NOPB;                         NOPS;                         NOPX
.return_address
.no_stack_arguments
        6528    0x06 0x20 0x00 0x00 0x06 0x66 0x00 0x00 0x40 0xba                                MOVA r0, #49;                                                                             JL #13104
.delay_slot
        6538    0x17 0xc2 0xfd 0x18                                                                                                                                                        MOVX r1, #-1
.delay_slot
.swstall delay_slot
        6542    0x00 0x00                                                                        NOPX
.delay_slot
.swstall delay_slot
        6544    0x00 0x00                                                                        NOPX
.delay_slot
.swstall delay_slot
        6546    0x00 0x00                                                                        NOPX
.delay_slot
.swstall delay_slot
        6548    0x00 0x2c 0xf0 0x00 0x20 0x00 0x00 0x00 0x00 0xad 0x81 0x36                      NOPA;                         NOPB;                         NOPS;                         NOPX
.return_address
.no_stack_arguments
        6560    0x53 0x91 0x60 0x00 0x06 0x6e 0x00 0x00 0x41 0x3a                                                                                            MOVS p2, p7;                  JL #13168
.delay_slot
        6570    0x33 0x11 0x60 0x00 0x01 0xf4 0x36 0x00 0x11 0x3a                                                                                            MOVS p1, p6;                  MOVXM p0, #515072
.delay_slot
        6580    0x1e 0x64 0xc0 0xf8                                                                                                                                                                                      MOV p6, p2
.delay_slot
.swstall delay_slot
        6584    0x00 0x00                                                                        NOPX
.delay_slot
.swstall delay_slot
        6586    0x00 0x00                                                                        NOPX
.delay_slot
.swstall delay_slot
        6588    0x00 0x01 0x67 0x98                                                              NOPA
.return_address
.no_stack_arguments
        6592    0x06 0x00 0x00 0x00 0x06 0x6a 0x00 0x00 0x40 0xba                                MOVA r0, #48;                                                                             JL #13136
.delay_slot
        6602    0x10 0x02 0x05 0x18                                                                                                                                                        MOVX r1, #1
.delay_slot
.swstall delay_slot
        6606    0x00 0x00                                                                        NOPX
.delay_slot
.swstall delay_slot
        6608    0x00 0x00                                                                        NOPX
.delay_slot
.swstall delay_slot
        6610    0x00 0x00                                                                        NOPX
.delay_slot
.swstall delay_slot
        6612    0x00 0x2c 0xf0 0x00 0x20 0x00 0x00 0x00 0x00 0xad 0x81 0x36                      NOPA;                         NOPB;                         NOPS;                         NOPX
.return_address
.no_stack_arguments
        6624    0x06 0x40 0x00 0x00 0x06 0x6a 0x00 0x00 0x40 0xba                                MOVA r0, #50;                                                                             JL #13136
.delay_slot
        6634    0x10 0x02 0x05 0x18                                                                                                                                                        MOVX r1, #1
.delay_slot
.swstall delay_slot
        6638    0x00 0x00                                                                        NOPX
.delay_slot
.swstall delay_slot
        6640    0x00 0x00                                                                        NOPX
.delay_slot
.swstall delay_slot
        6642    0x00 0x00                                                                        NOPX
.delay_slot
.swstall delay_slot
        6644    0x00 0x2c 0xf0 0x00 0x20 0x00 0x00 0x00 0x00 0xad 0x81 0x36                      NOPA;                         NOPB;                         NOPS;                         NOPX
.return_address
.no_stack_arguments
        6656    0x06 0x60 0x00 0x00 0x06 0x66 0x00 0x00 0x40 0xba                                MOVA r0, #51;                                                                             JL #13104
.delay_slot
        6666    0x17 0xc2 0xfd 0x18                                                                                                                                                        MOVX r1, #-1
.delay_slot
.swstall delay_slot
        6670    0x00 0x00                                                                        NOPX
.delay_slot
.swstall delay_slot
        6672    0x00 0x00                                                                        NOPX
.delay_slot
.swstall delay_slot
        6674    0x00 0x00                                                                        NOPX
.delay_slot
.swstall delay_slot
        6676    0x00 0x2c 0xf0 0x00 0x20 0x00 0x00 0x00 0x00 0xad 0x81 0x36                      NOPA;                         NOPB;                         NOPS;                         NOPX
.return_address
.no_stack_arguments
        6688    0x06 0x20 0x00 0x00 0x06 0x66 0x00 0x00 0x40 0xba                                MOVA r0, #49;                                                                             JL #13104
.delay_slot
        6698    0x17 0xc2 0xfd 0x18                                                                                                                                                        MOVX r1, #-1
.delay_slot
.swstall delay_slot
        6702    0x00 0x00                                                                        NOPX
.delay_slot
.swstall delay_slot
        6704    0x00 0x00                                                                        NOPX
.delay_slot
.swstall delay_slot
        6706    0x00 0x00                                                                        NOPX
.delay_slot
.swstall delay_slot
        6708    0x00 0x2c 0xf0 0x00 0x20 0x00 0x00 0x00 0x00 0xad 0x81 0x36                      NOPA;                         NOPB;                         NOPS;                         NOPX
.return_address
.no_stack_arguments
        6720    0x00 0x19 0xb8 0x00 0x01 0x04                                                                                                                                              JL #13168
.delay_slot
        6726    0x00 0x07 0xc0 0xd4 0x00 0x44                                                                                                                                              MOVXM p0, #510464
.delay_slot
        6732    0x00 0x07 0x92 0xc8 0x00 0x44                                                                                                                                              MOVXM p1, #496640
.delay_slot
        6738    0x1a 0x6c 0xc0 0xf8                                                                                                                                                                                      MOV p2, p6
.delay_slot
.swstall delay_slot
        6742    0x00 0x00                                                                        NOPX
.delay_slot
.swstall delay_slot
        6744    0x00 0x2c 0xf0 0x04 0x00 0x00 0x1c 0x22                                          NOPA;                                                                                                                                                           NOPV
.return_address
.no_stack_arguments
        6752    0x06 0x00 0x00 0x00 0x06 0x6a 0x00 0x00 0x40 0xba                                MOVA r0, #48;                                                                             JL #13136
.delay_slot
        6762    0x10 0x02 0x05 0x18                                                                                                                                                        MOVX r1, #1
.delay_slot
.swstall delay_slot
        6766    0x00 0x00                                                                        NOPX
.delay_slot
.swstall delay_slot
        6768    0x00 0x00                                                                        NOPX
.delay_slot
.swstall delay_slot
        6770    0x00 0x00                                                                        NOPX
.delay_slot
.swstall delay_slot
        6772    0x00 0x2c 0xf0 0x00 0x20 0x00 0x00 0x00 0x00 0xad 0x81 0x36                      NOPA;                         NOPB;                         NOPS;                         NOPX
.return_address
.no_stack_arguments
        6784    0x06 0x20 0x00 0x00 0x06 0x66 0x00 0x00 0x40 0xba                                MOVA r0, #49;                                                                             JL #13104
.delay_slot
        6794    0x17 0xc2 0xfd 0x18                                                                                                                                                        MOVX r1, #-1
.delay_slot
.swstall delay_slot
        6798    0x00 0x00                                                                        NOPX
.delay_slot
.swstall delay_slot
        6800    0x00 0x00                                                                        NOPX
.delay_slot
.swstall delay_slot
        6802    0x00 0x00                                                                        NOPX
.delay_slot
.swstall delay_slot
        6804    0x00 0x2c 0xf0 0x00 0x20 0x00 0x00 0x00 0x00 0xad 0x81 0x36                      NOPA;                         NOPB;                         NOPS;                         NOPX
.return_address
.no_stack_arguments
        6816    0x00 0x19 0xb8 0x00 0x01 0x04                                                                                                                                              JL #13168
.delay_slot
        6822    0x00 0x07 0xd0 0xd8 0x00 0x44                                                                                                                                              MOVXM p0, #515072
.delay_slot
        6828    0x00 0x07 0x92 0xc8 0x00 0x44                                                                                                                                              MOVXM p1, #496640
.delay_slot
        6834    0x1a 0x6c 0xc0 0xf8                                                                                                                                                                                      MOV p2, p6
.delay_slot
.swstall delay_slot
        6838    0x00 0x00                                                                        NOPX
.delay_slot
.swstall delay_slot
        6840    0x00 0x2c 0xf0 0x04 0x00 0x00 0x1c 0x22                                          NOPA;                                                                                                                                                           NOPV
.return_address
.no_stack_arguments
        6848    0x06 0x00 0x00 0x00 0x06 0x6a 0x00 0x00 0x40 0xba                                MOVA r0, #48;                                                                             JL #13136
.delay_slot
        6858    0x10 0x02 0x05 0x18                                                                                                                                                        MOVX r1, #1
.delay_slot
.swstall delay_slot
        6862    0x00 0x00                                                                        NOPX
.delay_slot
.swstall delay_slot
        6864    0x00 0x00                                                                        NOPX
.delay_slot
.swstall delay_slot
        6866    0x00 0x00                                                                        NOPX
.delay_slot
.swstall delay_slot
        6868    0x00 0x2c 0xf0 0x00 0x20 0x00 0x00 0x00 0x00 0xad 0x81 0x36                      NOPA;                         NOPB;                         NOPS;                         NOPX
.return_address
.no_stack_arguments
        6880    0x06 0x20 0x00 0x00 0x06 0x66 0x00 0x00 0x40 0xba                                MOVA r0, #49;                                                                             JL #13104
.delay_slot
        6890    0x17 0xc2 0xfd 0x18                                                                                                                                                        MOVX r1, #-1
.delay_slot
.swstall delay_slot
        6894    0x00 0x00                                                                        NOPX
.delay_slot
.swstall delay_slot
        6896    0x00 0x00                                                                        NOPX
.delay_slot
.swstall delay_slot
        6898    0x00 0x00                                                                        NOPX
.delay_slot
.swstall delay_slot
        6900    0x00 0x2c 0xf0 0x00 0x20 0x00 0x00 0x00 0x00 0xad 0x81 0x36                      NOPA;                         NOPB;                         NOPS;                         NOPX
.return_address
.no_stack_arguments
        6912    0x00 0x19 0xb8 0x00 0x01 0x04                                                                                                                                              JL #13168
.delay_slot
        6918    0x00 0x07 0xc0 0xd4 0x00 0x44                                                                                                                                              MOVXM p0, #510464
.delay_slot
        6924    0x00 0x07 0x92 0xc8 0x00 0x44                                                                                                                                              MOVXM p1, #496640
.delay_slot
        6930    0x1a 0x6c 0xc0 0xf8                                                                                                                                                                                      MOV p2, p6
.delay_slot
.swstall delay_slot
        6934    0x00 0x00                                                                        NOPX
.delay_slot
.swstall delay_slot
        6936    0x00 0x2c 0xf0 0x04 0x00 0x00 0x1c 0x22                                          NOPA;                                                                                                                                                           NOPV
.return_address
.no_stack_arguments
        6944    0x06 0x00 0x00 0x00 0x06 0x6a 0x00 0x00 0x40 0xba                                MOVA r0, #48;                                                                             JL #13136
.delay_slot
        6954    0x10 0x02 0x05 0x18                                                                                                                                                        MOVX r1, #1
.delay_slot
.swstall delay_slot
        6958    0x00 0x00                                                                        NOPX
.delay_slot
.swstall delay_slot
        6960    0x00 0x00                                                                        NOPX
.delay_slot
.swstall delay_slot
        6962    0x00 0x00                                                                        NOPX
.delay_slot
.swstall delay_slot
        6964    0x00 0x2c 0xf0 0x00 0x20 0x00 0x00 0x00 0x00 0xad 0x81 0x36                      NOPA;                         NOPB;                         NOPS;                         NOPX
.return_address
.no_stack_arguments
        6976    0x06 0x20 0x00 0x00 0x06 0x66 0x00 0x00 0x40 0xba                                MOVA r0, #49;                                                                             JL #13104
.delay_slot
        6986    0x17 0xc2 0xfd 0x18                                                                                                                                                        MOVX r1, #-1
.delay_slot
.swstall delay_slot
        6990    0x00 0x00                                                                        NOPX
.delay_slot
.swstall delay_slot
        6992    0x00 0x00                                                                        NOPX
.delay_slot
.swstall delay_slot
        6994    0x00 0x00                                                                        NOPX
.delay_slot
.swstall delay_slot
        6996    0x00 0x2c 0xf0 0x00 0x20 0x00 0x00 0x00 0x00 0xad 0x81 0x36                      NOPA;                         NOPB;                         NOPS;                         NOPX
.return_address
.no_stack_arguments
        7008    0x00 0x19 0xb8 0x00 0x01 0x04                                                                                                                                              JL #13168
.delay_slot
        7014    0x00 0x07 0xd0 0xd8 0x00 0x44                                                                                                                                              MOVXM p0, #515072
.delay_slot
        7020    0x00 0x07 0x92 0xc8 0x00 0x44                                                                                                                                              MOVXM p1, #496640
.delay_slot
        7026    0x1a 0x6c 0xc0 0xf8                                                                                                                                                                                      MOV p2, p6
.delay_slot
.swstall delay_slot
        7030    0x00 0x00                                                                        NOPX
.delay_slot
.swstall delay_slot
        7032    0x00 0x2c 0xf0 0x04 0x00 0x00 0x1c 0x22                                          NOPA;                                                                                                                                                           NOPV
.return_address
.no_stack_arguments
        7040    0x06 0x00 0x00 0x00 0x06 0x6a 0x00 0x00 0x40 0xba                                MOVA r0, #48;                                                                             JL #13136
.delay_slot
        7050    0x10 0x02 0x05 0x18                                                                                                                                                        MOVX r1, #1
.delay_slot
.swstall delay_slot
        7054    0x00 0x00                                                                        NOPX
.delay_slot
.swstall delay_slot
        7056    0x00 0x00                                                                        NOPX
.delay_slot
.swstall delay_slot
        7058    0x00 0x00                                                                        NOPX
.delay_slot
.swstall delay_slot
        7060    0x00 0x2c 0xf0 0x00 0x20 0x00 0x00 0x00 0x00 0xad 0x81 0x36                      NOPA;                         NOPB;                         NOPS;                         NOPX
.return_address
.no_stack_arguments
        7072    0x06 0x20 0x00 0x00 0x06 0x66 0x00 0x00 0x40 0xba                                MOVA r0, #49;                                                                             JL #13104
.delay_slot
        7082    0x17 0xc2 0xfd 0x18                                                                                                                                                        MOVX r1, #-1
.delay_slot
.swstall delay_slot
        7086    0x00 0x00                                                                        NOPX
.delay_slot
.swstall delay_slot
        7088    0x00 0x00                                                                        NOPX
.delay_slot
.swstall delay_slot
        7090    0x00 0x00                                                                        NOPX
.delay_slot
.swstall delay_slot
        7092    0x00 0x2c 0xf0 0x00 0x20 0x00 0x00 0x00 0x00 0xad 0x81 0x36                      NOPA;                         NOPB;                         NOPS;                         NOPX
.return_address
.no_stack_arguments
        7104    0x00 0x19 0xb8 0x00 0x01 0x04                                                                                                                                              JL #13168
.delay_slot
        7110    0x00 0x07 0xc0 0xd4 0x00 0x44                                                                                                                                              MOVXM p0, #510464
.delay_slot
        7116    0x00 0x07 0x92 0xc8 0x00 0x44                                                                                                                                              MOVXM p1, #496640
.delay_slot
        7122    0x1a 0x6c 0xc0 0xf8                                                                                                                                                                                      MOV p2, p6
.delay_slot
.swstall delay_slot
        7126    0x00 0x00                                                                        NOPX
.delay_slot
.swstall delay_slot
        7128    0x00 0x2c 0xf0 0x04 0x00 0x00 0x1c 0x22                                          NOPA;                                                                                                                                                           NOPV
.return_address
.no_stack_arguments
        7136    0x06 0x00 0x00 0x00 0x06 0x6a 0x00 0x00 0x40 0xba                                MOVA r0, #48;                                                                             JL #13136
.delay_slot
        7146    0x10 0x02 0x05 0x18                                                                                                                                                        MOVX r1, #1
.delay_slot
.swstall delay_slot
        7150    0x00 0x00                                                                        NOPX
.delay_slot
.swstall delay_slot
        7152    0x00 0x00                                                                        NOPX
.delay_slot
.swstall delay_slot
        7154    0x00 0x00                                                                        NOPX
.delay_slot
.swstall delay_slot
        7156    0x00 0x2c 0xf0 0x00 0x20 0x00 0x00 0x00 0x00 0xad 0x81 0x36                      NOPA;                         NOPB;                         NOPS;                         NOPX
.return_address
.no_stack_arguments
        7168    0x00 0x19 0x98 0x00 0x01 0x04                                                                                                                                              JL #13104
.delay_slot
        7174    0x06 0x20 0x00 0x00 0x00 0x07 0x33 0xc0 0x10 0xba                                MOVA r0, #49;                                                                             MOVXM p6, #6016
.delay_slot
        7184    0x17 0xc2 0xfd 0x18                                                                                                                                                        MOVX r1, #-1
.delay_slot
.swstall delay_slot
        7188    0x00 0x00                                                                        NOPX
.delay_slot
.swstall delay_slot
        7190    0x00 0x00                                                                        NOPX
.delay_slot
.swstall delay_slot
        7192    0x00 0x2c 0xf0 0x04 0x00 0x00 0x1c 0x22                                          NOPA;                                                                                                                                                           NOPV
.return_address
.no_stack_arguments
        7200    0x00 0x19 0xb8 0x00 0x01 0x04                                                                                                                                              JL #13168
.delay_slot
        7206    0x00 0x07 0xd0 0xd8 0x00 0x44                                                                                                                                              MOVXM p0, #515072
.delay_slot
        7212    0x00 0x07 0x92 0xc8 0x00 0x44                                                                                                                                              MOVXM p1, #496640
.delay_slot
        7218    0x1a 0x6e 0xc0 0xf8                                                                                                                                                                                      MOV p2, p7
.delay_slot
.swstall delay_slot
        7222    0x00 0x00                                                                        NOPX
.delay_slot
.swstall delay_slot
        7224    0x00 0x2c 0xf0 0x04 0x00 0x00 0x1c 0x22                                          NOPA;                                                                                                                                                           NOPV
.return_address
.no_stack_arguments
        7232    0x06 0x00 0x00 0x00 0x06 0x6a 0x00 0x00 0x40 0xba                                MOVA r0, #48;                                                                             JL #13136
.delay_slot
        7242    0x10 0x02 0x05 0x18                                                                                                                                                        MOVX r1, #1
.delay_slot
.swstall delay_slot
        7246    0x00 0x00                                                                        NOPX
.delay_slot
.swstall delay_slot
        7248    0x00 0x00                                                                        NOPX
.delay_slot
.swstall delay_slot
        7250    0x00 0x00                                                                        NOPX
.delay_slot
.swstall delay_slot
        7252    0x00 0x2c 0xf0 0x00 0x20 0x00 0x00 0x00 0x00 0xad 0x81 0x36                      NOPA;                         NOPB;                         NOPS;                         NOPX
.return_address
.no_stack_arguments
        7264    0x06 0x40 0x00 0x00 0x06 0x6a 0x00 0x00 0x40 0xba                                MOVA r0, #50;                                                                             JL #13136
.delay_slot
        7274    0x10 0x02 0x05 0x18                                                                                                                                                        MOVX r1, #1
.delay_slot
.swstall delay_slot
        7278    0x00 0x00                                                                        NOPX
.delay_slot
.swstall delay_slot
        7280    0x00 0x00                                                                        NOPX
.delay_slot
.swstall delay_slot
        7282    0x00 0x00                                                                        NOPX
.delay_slot
.swstall delay_slot
        7284    0x00 0x2c 0xf0 0x00 0x20 0x00 0x00 0x00 0x00 0xad 0x81 0x36                      NOPA;                         NOPB;                         NOPS;                         NOPX
.return_address
        7296    0x13 0x19 0xa0 0x18                                                                                                                                                        JNZD r12, r12, p6
.delay_slot
.swstall delay_slot
        7300    0x00 0x00                                                                        NOPX
.delay_slot
.swstall delay_slot
        7302    0x00 0x00                                                                        NOPX
.delay_slot
.swstall delay_slot
        7304    0x00 0x00                                                                        NOPX
.delay_slot
.swstall delay_slot
        7306    0x00 0x00                                                                        NOPX
.delay_slot
.swstall delay_slot
        7308    0x00 0x00                                                                        NOPX
.loop_nesting 1
.no_stack_arguments
        7310    0x06 0xa0 0x00 0x00 0x06 0x6a 0x00 0x00 0x40 0xba                                MOVA r0, #53;                                                                             JL #13136
.delay_slot
        7320    0x10 0x02 0x05 0x18                                                                                                                                                        MOVX r1, #1
.delay_slot
.swstall delay_slot
        7324    0x00 0x00                                                                        NOPX
.delay_slot
.swstall delay_slot
        7326    0x00 0x00                                                                        NOPX
.delay_slot
.swstall delay_slot
        7328    0x00 0x00                                                                        NOPX
.delay_slot
.swstall delay_slot
        7330    0x00 0x2c 0xf0 0x02 0xb6 0x00 0x00 0x40 0x1a 0x57 0x00 0x00 0x1c 0x2e            NOPA;                                                       NOPS;                                                       NOPM;                                   NOPV
.return_address
.no_stack_arguments
        7344    0x06 0x80 0x00 0x00 0x06 0x66 0x00 0x00 0x40 0xba                                MOVA r0, #52;                                                                             JL #13104
.delay_slot
        7354    0x17 0xc2 0xfd 0x18                                                                                                                                                        MOVX r1, #-1
.delay_slot
.swstall delay_slot
        7358    0x00 0x00                                                                        NOPX
.delay_slot
.swstall delay_slot
        7360    0x00 0x00                                                                        NOPX
.delay_slot
.swstall delay_slot
        7362    0x00 0x00                                                                        NOPX
.delay_slot
.swstall delay_slot
        7364    0x00 0x2c 0xf0 0x00 0x20 0x00 0x00 0x00 0x00 0xad 0x81 0x36                      NOPA;                         NOPB;                         NOPS;                         NOPX
.return_address
.no_stack_arguments
        7376    0x00 0x1b 0x78 0x00 0x01 0x04                                                                                                                                              JL #14064
.delay_slot
        7382    0x00 0x07 0x0c 0xda 0x00 0x44                                                                                                                                              MOVXM p6, #462080
.delay_slot
        7388    0x18 0x6e 0xc0 0xf8                                                                                                                                                                                      MOV p0, p7
.delay_slot
.swstall delay_slot
        7392    0x00 0x00                                                                        NOPX
.delay_slot
.swstall delay_slot
        7394    0x00 0x00                                                                        NOPX
.delay_slot
.swstall delay_slot
        7396    0x00 0x2c 0xf0 0x00 0x20 0x00 0x00 0x00 0x00 0xad 0x81 0x36                      NOPA;                         NOPB;                         NOPS;                         NOPX
.return_address
        7408    0x00 0x2c 0xf0 0x00 0x20 0x01 0x5b 0x00 0xc1 0x28 0x01 0xa5 0x78 0x00 0x00 0xe1  NOPA;                         NOPB;                         NOPS;                         MOVX r12, #9;                 NOPM;                                   NOPV
.label TGT_Fcore_0_5_7200
.loop_nesting 2
.no_stack_arguments
        7424    0x06 0x60 0x00 0x00 0x06 0x66 0x00 0x00 0x40 0xba                                MOVA r0, #51;                                                                             JL #13104
.delay_slot
        7434    0x17 0xc2 0xfd 0x18                                                                                                                                                        MOVX r1, #-1
.delay_slot
.swstall delay_slot
        7438    0x00 0x00                                                                        NOPX
.delay_slot
.swstall delay_slot
        7440    0x00 0x00                                                                        NOPX
.delay_slot
.swstall delay_slot
        7442    0x00 0x00                                                                        NOPX
.delay_slot
.swstall delay_slot
        7444    0x00 0x2c 0xf0 0x00 0x20 0x00 0x00 0x00 0x00 0xad 0x81 0x36                      NOPA;                         NOPB;                         NOPS;                         NOPX
.return_address
.no_stack_arguments
        7456    0x06 0x20 0x00 0x00 0x06 0x66 0x00 0x00 0x40 0xba                                MOVA r0, #49;                                                                             JL #13104
.delay_slot
        7466    0x17 0xc2 0xfd 0x18                                                                                                                                                        MOVX r1, #-1
.delay_slot
.swstall delay_slot
        7470    0x00 0x00                                                                        NOPX
.delay_slot
.swstall delay_slot
        7472    0x00 0x00                                                                        NOPX
.delay_slot
.swstall delay_slot
        7474    0x00 0x00                                                                        NOPX
.delay_slot
.swstall delay_slot
        7476    0x00 0x2c 0xf0 0x00 0x20 0x00 0x00 0x00 0x00 0xad 0x81 0x36                      NOPA;                         NOPB;                         NOPS;                         NOPX
.return_address
.no_stack_arguments
        7488    0x00 0x19 0xb8 0x00 0x01 0x04                                                                                                                                              JL #13168
.delay_slot
        7494    0x00 0x07 0xc0 0xd4 0x00 0x44                                                                                                                                              MOVXM p0, #510464
.delay_slot
        7500    0x00 0x07 0x52 0xdc 0x00 0x44                                                                                                                                              MOVXM p1, #482816
.delay_slot
        7506    0xd0 0x91 0x60 0x01 0x36 0x60 0x70 0x02                                                                                                      MOVS p6, p1;                                                MOV p2, p6
.delay_slot
        7514    0x1f 0x64 0xc0 0xf8                                                                                                                                                                                      MOV p7, p2
.delay_slot
.swstall delay_slot
        7518    0x00 0x00                                                                        NOPX
.return_address
.no_stack_arguments
        7520    0x06 0x00 0x00 0x00 0x06 0x6a 0x00 0x00 0x40 0xba                                MOVA r0, #48;                                                                             JL #13136
.delay_slot
        7530    0x10 0x02 0x05 0x18                                                                                                                                                        MOVX r1, #1
.delay_slot
.swstall delay_slot
        7534    0x00 0x00                                                                        NOPX
.delay_slot
.swstall delay_slot
        7536    0x00 0x00                                                                        NOPX
.delay_slot
.swstall delay_slot
        7538    0x00 0x00                                                                        NOPX
.delay_slot
.swstall delay_slot
        7540    0x00 0x2c 0xf0 0x00 0x20 0x00 0x00 0x00 0x00 0xad 0x81 0x36                      NOPA;                         NOPB;                         NOPS;                         NOPX
.return_address
.no_stack_arguments
        7552    0x06 0x20 0x00 0x00 0x06 0x66 0x00 0x00 0x40 0xba                                MOVA r0, #49;                                                                             JL #13104
.delay_slot
        7562    0x17 0xc2 0xfd 0x18                                                                                                                                                        MOVX r1, #-1
.delay_slot
.swstall delay_slot
        7566    0x00 0x00                                                                        NOPX
.delay_slot
.swstall delay_slot
        7568    0x00 0x00                                                                        NOPX
.delay_slot
.swstall delay_slot
        7570    0x00 0x00                                                                        NOPX
.delay_slot
.swstall delay_slot
        7572    0x00 0x2c 0xf0 0x00 0x20 0x00 0x00 0x00 0x00 0xad 0x81 0x36                      NOPA;                         NOPB;                         NOPS;                         NOPX
.return_address
.no_stack_arguments
        7584    0x33 0x11 0x60 0x00 0x06 0x6e 0x00 0x00 0x41 0x3a                                                                                            MOVS p1, p6;                  JL #13168
.delay_slot
        7594    0x1a 0x6e 0xc0 0xf8                                                                                                                                                                                      MOV p2, p7
.delay_slot
        7598    0x00 0x07 0xd0 0xd8 0x00 0x44                                                                                                                                              MOVXM p0, #515072
.delay_slot
.swstall delay_slot
        7604    0x00 0x00                                                                        NOPX
.delay_slot
.swstall delay_slot
        7606    0x00 0x00                                                                        NOPX
.delay_slot
.swstall delay_slot
        7608    0x00 0x2c 0xf0 0x04 0x00 0x00 0x1c 0x22                                          NOPA;                                                                                                                                                           NOPV
.return_address
.no_stack_arguments
        7616    0x06 0x00 0x00 0x00 0x06 0x6a 0x00 0x00 0x40 0xba                                MOVA r0, #48;                                                                             JL #13136
.delay_slot
        7626    0x10 0x02 0x05 0x18                                                                                                                                                        MOVX r1, #1
.delay_slot
.swstall delay_slot
        7630    0x00 0x00                                                                        NOPX
.delay_slot
.swstall delay_slot
        7632    0x00 0x00                                                                        NOPX
.delay_slot
.swstall delay_slot
        7634    0x00 0x00                                                                        NOPX
.delay_slot
.swstall delay_slot
        7636    0x00 0x2c 0xf0 0x00 0x20 0x00 0x00 0x00 0x00 0xad 0x81 0x36                      NOPA;                         NOPB;                         NOPS;                         NOPX
.return_address
.no_stack_arguments
        7648    0x06 0x20 0x00 0x00 0x06 0x66 0x00 0x00 0x40 0xba                                MOVA r0, #49;                                                                             JL #13104
.delay_slot
        7658    0x17 0xc2 0xfd 0x18                                                                                                                                                        MOVX r1, #-1
.delay_slot
.swstall delay_slot
        7662    0x00 0x00                                                                        NOPX
.delay_slot
.swstall delay_slot
        7664    0x00 0x00                                                                        NOPX
.delay_slot
.swstall delay_slot
        7666    0x00 0x00                                                                        NOPX
.delay_slot
.swstall delay_slot
        7668    0x00 0x2c 0xf0 0x00 0x20 0x00 0x00 0x00 0x00 0xad 0x81 0x36                      NOPA;                         NOPB;                         NOPS;                         NOPX
.return_address
.no_stack_arguments
        7680    0x33 0x11 0x60 0x00 0x06 0x6e 0x00 0x00 0x41 0x3a                                                                                            MOVS p1, p6;                  JL #13168
.delay_slot
        7690    0x1a 0x6e 0xc0 0xf8                                                                                                                                                                                      MOV p2, p7
.delay_slot
        7694    0x00 0x07 0xc0 0xd4 0x00 0x44                                                                                                                                              MOVXM p0, #510464
.delay_slot
.swstall delay_slot
        7700    0x00 0x00                                                                        NOPX
.delay_slot
.swstall delay_slot
        7702    0x00 0x00                                                                        NOPX
.delay_slot
.swstall delay_slot
        7704    0x00 0x2c 0xf0 0x04 0x00 0x00 0x1c 0x22                                          NOPA;                                                                                                                                                           NOPV
.return_address
.no_stack_arguments
        7712    0x06 0x00 0x00 0x00 0x06 0x6a 0x00 0x00 0x40 0xba                                MOVA r0, #48;                                                                             JL #13136
.delay_slot
        7722    0x10 0x02 0x05 0x18                                                                                                                                                        MOVX r1, #1
.delay_slot
.swstall delay_slot
        7726    0x00 0x00                                                                        NOPX
.delay_slot
.swstall delay_slot
        7728    0x00 0x00                                                                        NOPX
.delay_slot
.swstall delay_slot
        7730    0x00 0x00                                                                        NOPX
.delay_slot
.swstall delay_slot
        7732    0x00 0x2c 0xf0 0x00 0x20 0x00 0x00 0x00 0x00 0xad 0x81 0x36                      NOPA;                         NOPB;                         NOPS;                         NOPX
.return_address
.no_stack_arguments
        7744    0x06 0x20 0x00 0x00 0x06 0x66 0x00 0x00 0x40 0xba                                MOVA r0, #49;                                                                             JL #13104
.delay_slot
        7754    0x17 0xc2 0xfd 0x18                                                                                                                                                        MOVX r1, #-1
.delay_slot
.swstall delay_slot
        7758    0x00 0x00                                                                        NOPX
.delay_slot
.swstall delay_slot
        7760    0x00 0x00                                                                        NOPX
.delay_slot
.swstall delay_slot
        7762    0x00 0x00                                                                        NOPX
.delay_slot
.swstall delay_slot
        7764    0x00 0x2c 0xf0 0x00 0x20 0x00 0x00 0x00 0x00 0xad 0x81 0x36                      NOPA;                         NOPB;                         NOPS;                         NOPX
.return_address
.no_stack_arguments
        7776    0x33 0x11 0x60 0x00 0x06 0x6e 0x00 0x00 0x41 0x3a                                                                                            MOVS p1, p6;                  JL #13168
.delay_slot
        7786    0x1a 0x6e 0xc0 0xf8                                                                                                                                                                                      MOV p2, p7
.delay_slot
        7790    0x00 0x07 0xd0 0xd8 0x00 0x44                                                                                                                                              MOVXM p0, #515072
.delay_slot
.swstall delay_slot
        7796    0x00 0x00                                                                        NOPX
.delay_slot
.swstall delay_slot
        7798    0x00 0x00                                                                        NOPX
.delay_slot
.swstall delay_slot
        7800    0x00 0x2c 0xf0 0x04 0x00 0x00 0x1c 0x22                                          NOPA;                                                                                                                                                           NOPV
.return_address
.no_stack_arguments
        7808    0x06 0x00 0x00 0x00 0x06 0x6a 0x00 0x00 0x40 0xba                                MOVA r0, #48;                                                                             JL #13136
.delay_slot
        7818    0x10 0x02 0x05 0x18                                                                                                                                                        MOVX r1, #1
.delay_slot
.swstall delay_slot
        7822    0x00 0x00                                                                        NOPX
.delay_slot
.swstall delay_slot
        7824    0x00 0x00                                                                        NOPX
.delay_slot
.swstall delay_slot
        7826    0x00 0x00                                                                        NOPX
.delay_slot
.swstall delay_slot
        7828    0x00 0x2c 0xf0 0x00 0x20 0x00 0x00 0x00 0x00 0xad 0x81 0x36                      NOPA;                         NOPB;                         NOPS;                         NOPX
.return_address
.no_stack_arguments
        7840    0x06 0x20 0x00 0x00 0x06 0x66 0x00 0x00 0x40 0xba                                MOVA r0, #49;                                                                             JL #13104
.delay_slot
        7850    0x17 0xc2 0xfd 0x18                                                                                                                                                        MOVX r1, #-1
.delay_slot
.swstall delay_slot
        7854    0x00 0x00                                                                        NOPX
.delay_slot
.swstall delay_slot
        7856    0x00 0x00                                                                        NOPX
.delay_slot
.swstall delay_slot
        7858    0x00 0x00                                                                        NOPX
.delay_slot
.swstall delay_slot
        7860    0x00 0x2c 0xf0 0x00 0x20 0x00 0x00 0x00 0x00 0xad 0x81 0x36                      NOPA;                         NOPB;                         NOPS;                         NOPX
.return_address
.no_stack_arguments
        7872    0x33 0x11 0x60 0x00 0x06 0x6e 0x00 0x00 0x41 0x3a                                                                                            MOVS p1, p6;                  JL #13168
.delay_slot
        7882    0x1a 0x6e 0xc0 0xf8                                                                                                                                                                                      MOV p2, p7
.delay_slot
        7886    0x00 0x07 0xc0 0xd4 0x00 0x44                                                                                                                                              MOVXM p0, #510464
.delay_slot
.swstall delay_slot
        7892    0x00 0x00                                                                        NOPX
.delay_slot
.swstall delay_slot
        7894    0x00 0x00                                                                        NOPX
.delay_slot
.swstall delay_slot
        7896    0x00 0x2c 0xf0 0x04 0x00 0x00 0x1c 0x22                                          NOPA;                                                                                                                                                           NOPV
.return_address
.no_stack_arguments
        7904    0x06 0x00 0x00 0x00 0x06 0x6a 0x00 0x00 0x40 0xba                                MOVA r0, #48;                                                                             JL #13136
.delay_slot
        7914    0x10 0x02 0x05 0x18                                                                                                                                                        MOVX r1, #1
.delay_slot
.swstall delay_slot
        7918    0x00 0x00                                                                        NOPX
.delay_slot
.swstall delay_slot
        7920    0x00 0x00                                                                        NOPX
.delay_slot
.swstall delay_slot
        7922    0x00 0x00                                                                        NOPX
.delay_slot
.swstall delay_slot
        7924    0x00 0x2c 0xf0 0x00 0x20 0x00 0x00 0x00 0x00 0xad 0x81 0x36                      NOPA;                         NOPB;                         NOPS;                         NOPX
.return_address
.no_stack_arguments
        7936    0x06 0x20 0x00 0x00 0x06 0x66 0x00 0x00 0x40 0xba                                MOVA r0, #49;                                                                             JL #13104
.delay_slot
        7946    0x17 0xc2 0xfd 0x18                                                                                                                                                        MOVX r1, #-1
.delay_slot
.swstall delay_slot
        7950    0x00 0x00                                                                        NOPX
.delay_slot
.swstall delay_slot
        7952    0x00 0x00                                                                        NOPX
.delay_slot
.swstall delay_slot
        7954    0x00 0x00                                                                        NOPX
.delay_slot
.swstall delay_slot
        7956    0x00 0x2c 0xf0 0x00 0x20 0x00 0x00 0x00 0x00 0xad 0x81 0x36                      NOPA;                         NOPB;                         NOPS;                         NOPX
.return_address
.no_stack_arguments
        7968    0x53 0x91 0x60 0x00 0x06 0x6e 0x00 0x00 0x41 0x3a                                                                                            MOVS p2, p7;                  JL #13168
.delay_slot
        7978    0x33 0x11 0x60 0x00 0x01 0xf4 0x36 0x00 0x11 0x3a                                                                                            MOVS p1, p6;                  MOVXM p0, #515072
.delay_slot
        7988    0x1e 0x64 0xc0 0xf8                                                                                                                                                                                      MOV p6, p2
.delay_slot
.swstall delay_slot
        7992    0x00 0x00                                                                        NOPX
.delay_slot
.swstall delay_slot
        7994    0x00 0x00                                                                        NOPX
.delay_slot
.swstall delay_slot
        7996    0x00 0x01 0x67 0x98                                                              NOPA
.return_address
.no_stack_arguments
        8000    0x06 0x00 0x00 0x00 0x06 0x6a 0x00 0x00 0x40 0xba                                MOVA r0, #48;                                                                             JL #13136
.delay_slot
        8010    0x10 0x02 0x05 0x18                                                                                                                                                        MOVX r1, #1
.delay_slot
.swstall delay_slot
        8014    0x00 0x00                                                                        NOPX
.delay_slot
.swstall delay_slot
        8016    0x00 0x00                                                                        NOPX
.delay_slot
.swstall delay_slot
        8018    0x00 0x00                                                                        NOPX
.delay_slot
.swstall delay_slot
        8020    0x00 0x2c 0xf0 0x00 0x20 0x00 0x00 0x00 0x00 0xad 0x81 0x36                      NOPA;                         NOPB;                         NOPS;                         NOPX
.return_address
.no_stack_arguments
        8032    0x06 0x40 0x00 0x00 0x06 0x6a 0x00 0x00 0x40 0xba                                MOVA r0, #50;                                                                             JL #13136
.delay_slot
        8042    0x10 0x02 0x05 0x18                                                                                                                                                        MOVX r1, #1
.delay_slot
.swstall delay_slot
        8046    0x00 0x00                                                                        NOPX
.delay_slot
.swstall delay_slot
        8048    0x00 0x00                                                                        NOPX
.delay_slot
.swstall delay_slot
        8050    0x00 0x00                                                                        NOPX
.delay_slot
.swstall delay_slot
        8052    0x00 0x2c 0xf0 0x00 0x20 0x00 0x00 0x00 0x00 0xad 0x81 0x36                      NOPA;                         NOPB;                         NOPS;                         NOPX
.return_address
.no_stack_arguments
        8064    0x06 0x60 0x00 0x00 0x06 0x66 0x00 0x00 0x40 0xba                                MOVA r0, #51;                                                                             JL #13104
.delay_slot
        8074    0x17 0xc2 0xfd 0x18                                                                                                                                                        MOVX r1, #-1
.delay_slot
.swstall delay_slot
        8078    0x00 0x00                                                                        NOPX
.delay_slot
.swstall delay_slot
        8080    0x00 0x00                                                                        NOPX
.delay_slot
.swstall delay_slot
        8082    0x00 0x00                                                                        NOPX
.delay_slot
.swstall delay_slot
        8084    0x00 0x2c 0xf0 0x00 0x20 0x00 0x00 0x00 0x00 0xad 0x81 0x36                      NOPA;                         NOPB;                         NOPS;                         NOPX
.return_address
.no_stack_arguments
        8096    0x06 0x20 0x00 0x00 0x06 0x66 0x00 0x00 0x40 0xba                                MOVA r0, #49;                                                                             JL #13104
.delay_slot
        8106    0x17 0xc2 0xfd 0x18                                                                                                                                                        MOVX r1, #-1
.delay_slot
.swstall delay_slot
        8110    0x00 0x00                                                                        NOPX
.delay_slot
.swstall delay_slot
        8112    0x00 0x00                                                                        NOPX
.delay_slot
.swstall delay_slot
        8114    0x00 0x00                                                                        NOPX
.delay_slot
.swstall delay_slot
        8116    0x00 0x2c 0xf0 0x00 0x20 0x00 0x00 0x00 0x00 0xad 0x81 0x36                      NOPA;                         NOPB;                         NOPS;                         NOPX
.return_address
.no_stack_arguments
        8128    0x00 0x19 0xb8 0x00 0x01 0x04                                                                                                                                              JL #13168
.delay_slot
        8134    0x00 0x07 0xc0 0xd4 0x00 0x44                                                                                                                                              MOVXM p0, #510464
.delay_slot
        8140    0x00 0x07 0x92 0xc8 0x00 0x44                                                                                                                                              MOVXM p1, #496640
.delay_slot
        8146    0x1a 0x6c 0xc0 0xf8                                                                                                                                                                                      MOV p2, p6
.delay_slot
.swstall delay_slot
        8150    0x00 0x00                                                                        NOPX
.delay_slot
.swstall delay_slot
        8152    0x00 0x2c 0xf0 0x04 0x00 0x00 0x1c 0x22                                          NOPA;                                                                                                                                                           NOPV
.return_address
.no_stack_arguments
        8160    0x06 0x00 0x00 0x00 0x06 0x6a 0x00 0x00 0x40 0xba                                MOVA r0, #48;                                                                             JL #13136
.delay_slot
        8170    0x10 0x02 0x05 0x18                                                                                                                                                        MOVX r1, #1
.delay_slot
.swstall delay_slot
        8174    0x00 0x00                                                                        NOPX
.delay_slot
.swstall delay_slot
        8176    0x00 0x00                                                                        NOPX
.delay_slot
.swstall delay_slot
        8178    0x00 0x00                                                                        NOPX
.delay_slot
.swstall delay_slot
        8180    0x00 0x2c 0xf0 0x00 0x20 0x00 0x00 0x00 0x00 0xad 0x81 0x36                      NOPA;                         NOPB;                         NOPS;                         NOPX
.return_address
.no_stack_arguments
        8192    0x06 0x20 0x00 0x00 0x06 0x66 0x00 0x00 0x40 0xba                                MOVA r0, #49;                                                                             JL #13104
.delay_slot
        8202    0x17 0xc2 0xfd 0x18                                                                                                                                                        MOVX r1, #-1
.delay_slot
.swstall delay_slot
        8206    0x00 0x00                                                                        NOPX
.delay_slot
.swstall delay_slot
        8208    0x00 0x00                                                                        NOPX
.delay_slot
.swstall delay_slot
        8210    0x00 0x00                                                                        NOPX
.delay_slot
.swstall delay_slot
        8212    0x00 0x2c 0xf0 0x00 0x20 0x00 0x00 0x00 0x00 0xad 0x81 0x36                      NOPA;                         NOPB;                         NOPS;                         NOPX
.return_address
.no_stack_arguments
        8224    0x00 0x19 0xb8 0x00 0x01 0x04                                                                                                                                              JL #13168
.delay_slot
        8230    0x00 0x07 0xd0 0xd8 0x00 0x44                                                                                                                                              MOVXM p0, #515072
.delay_slot
        8236    0x00 0x07 0x92 0xc8 0x00 0x44                                                                                                                                              MOVXM p1, #496640
.delay_slot
        8242    0x1a 0x6c 0xc0 0xf8                                                                                                                                                                                      MOV p2, p6
.delay_slot
.swstall delay_slot
        8246    0x00 0x00                                                                        NOPX
.delay_slot
.swstall delay_slot
        8248    0x00 0x2c 0xf0 0x04 0x00 0x00 0x1c 0x22                                          NOPA;                                                                                                                                                           NOPV
.return_address
.no_stack_arguments
        8256    0x06 0x00 0x00 0x00 0x06 0x6a 0x00 0x00 0x40 0xba                                MOVA r0, #48;                                                                             JL #13136
.delay_slot
        8266    0x10 0x02 0x05 0x18                                                                                                                                                        MOVX r1, #1
.delay_slot
.swstall delay_slot
        8270    0x00 0x00                                                                        NOPX
.delay_slot
.swstall delay_slot
        8272    0x00 0x00                                                                        NOPX
.delay_slot
.swstall delay_slot
        8274    0x00 0x00                                                                        NOPX
.delay_slot
.swstall delay_slot
        8276    0x00 0x2c 0xf0 0x00 0x20 0x00 0x00 0x00 0x00 0xad 0x81 0x36                      NOPA;                         NOPB;                         NOPS;                         NOPX
.return_address
.no_stack_arguments
        8288    0x06 0x20 0x00 0x00 0x06 0x66 0x00 0x00 0x40 0xba                                MOVA r0, #49;                                                                             JL #13104
.delay_slot
        8298    0x17 0xc2 0xfd 0x18                                                                                                                                                        MOVX r1, #-1
.delay_slot
.swstall delay_slot
        8302    0x00 0x00                                                                        NOPX
.delay_slot
.swstall delay_slot
        8304    0x00 0x00                                                                        NOPX
.delay_slot
.swstall delay_slot
        8306    0x00 0x00                                                                        NOPX
.delay_slot
.swstall delay_slot
        8308    0x00 0x2c 0xf0 0x00 0x20 0x00 0x00 0x00 0x00 0xad 0x81 0x36                      NOPA;                         NOPB;                         NOPS;                         NOPX
.return_address
.no_stack_arguments
        8320    0x00 0x19 0xb8 0x00 0x01 0x04                                                                                                                                              JL #13168
.delay_slot
        8326    0x00 0x07 0xc0 0xd4 0x00 0x44                                                                                                                                              MOVXM p0, #510464
.delay_slot
        8332    0x00 0x07 0x92 0xc8 0x00 0x44                                                                                                                                              MOVXM p1, #496640
.delay_slot
        8338    0x1a 0x6c 0xc0 0xf8                                                                                                                                                                                      MOV p2, p6
.delay_slot
.swstall delay_slot
        8342    0x00 0x00                                                                        NOPX
.delay_slot
.swstall delay_slot
        8344    0x00 0x2c 0xf0 0x04 0x00 0x00 0x1c 0x22                                          NOPA;                                                                                                                                                           NOPV
.return_address
.no_stack_arguments
        8352    0x06 0x00 0x00 0x00 0x06 0x6a 0x00 0x00 0x40 0xba                                MOVA r0, #48;                                                                             JL #13136
.delay_slot
        8362    0x10 0x02 0x05 0x18                                                                                                                                                        MOVX r1, #1
.delay_slot
.swstall delay_slot
        8366    0x00 0x00                                                                        NOPX
.delay_slot
.swstall delay_slot
        8368    0x00 0x00                                                                        NOPX
.delay_slot
.swstall delay_slot
        8370    0x00 0x00                                                                        NOPX
.delay_slot
.swstall delay_slot
        8372    0x00 0x2c 0xf0 0x00 0x20 0x00 0x00 0x00 0x00 0xad 0x81 0x36                      NOPA;                         NOPB;                         NOPS;                         NOPX
.return_address
.no_stack_arguments
        8384    0x06 0x20 0x00 0x00 0x06 0x66 0x00 0x00 0x40 0xba                                MOVA r0, #49;                                                                             JL #13104
.delay_slot
        8394    0x17 0xc2 0xfd 0x18                                                                                                                                                        MOVX r1, #-1
.delay_slot
.swstall delay_slot
        8398    0x00 0x00                                                                        NOPX
.delay_slot
.swstall delay_slot
        8400    0x00 0x00                                                                        NOPX
.delay_slot
.swstall delay_slot
        8402    0x00 0x00                                                                        NOPX
.delay_slot
.swstall delay_slot
        8404    0x00 0x2c 0xf0 0x00 0x20 0x00 0x00 0x00 0x00 0xad 0x81 0x36                      NOPA;                         NOPB;                         NOPS;                         NOPX
.return_address
.no_stack_arguments
        8416    0x00 0x19 0xb8 0x00 0x01 0x04                                                                                                                                              JL #13168
.delay_slot
        8422    0x00 0x07 0xd0 0xd8 0x00 0x44                                                                                                                                              MOVXM p0, #515072
.delay_slot
        8428    0x00 0x07 0x92 0xc8 0x00 0x44                                                                                                                                              MOVXM p1, #496640
.delay_slot
        8434    0x1a 0x6c 0xc0 0xf8                                                                                                                                                                                      MOV p2, p6
.delay_slot
.swstall delay_slot
        8438    0x00 0x00                                                                        NOPX
.delay_slot
.swstall delay_slot
        8440    0x00 0x2c 0xf0 0x04 0x00 0x00 0x1c 0x22                                          NOPA;                                                                                                                                                           NOPV
.return_address
.no_stack_arguments
        8448    0x06 0x00 0x00 0x00 0x06 0x6a 0x00 0x00 0x40 0xba                                MOVA r0, #48;                                                                             JL #13136
.delay_slot
        8458    0x10 0x02 0x05 0x18                                                                                                                                                        MOVX r1, #1
.delay_slot
.swstall delay_slot
        8462    0x00 0x00                                                                        NOPX
.delay_slot
.swstall delay_slot
        8464    0x00 0x00                                                                        NOPX
.delay_slot
.swstall delay_slot
        8466    0x00 0x00                                                                        NOPX
.delay_slot
.swstall delay_slot
        8468    0x00 0x2c 0xf0 0x00 0x20 0x00 0x00 0x00 0x00 0xad 0x81 0x36                      NOPA;                         NOPB;                         NOPS;                         NOPX
.return_address
.no_stack_arguments
        8480    0x06 0x20 0x00 0x00 0x06 0x66 0x00 0x00 0x40 0xba                                MOVA r0, #49;                                                                             JL #13104
.delay_slot
        8490    0x17 0xc2 0xfd 0x18                                                                                                                                                        MOVX r1, #-1
.delay_slot
.swstall delay_slot
        8494    0x00 0x00                                                                        NOPX
.delay_slot
.swstall delay_slot
        8496    0x00 0x00                                                                        NOPX
.delay_slot
.swstall delay_slot
        8498    0x00 0x00                                                                        NOPX
.delay_slot
.swstall delay_slot
        8500    0x00 0x2c 0xf0 0x00 0x20 0x00 0x00 0x00 0x00 0xad 0x81 0x36                      NOPA;                         NOPB;                         NOPS;                         NOPX
.return_address
.no_stack_arguments
        8512    0x00 0x19 0xb8 0x00 0x01 0x04                                                                                                                                              JL #13168
.delay_slot
        8518    0x00 0x07 0xc0 0xd4 0x00 0x44                                                                                                                                              MOVXM p0, #510464
.delay_slot
        8524    0x00 0x07 0x92 0xc8 0x00 0x44                                                                                                                                              MOVXM p1, #496640
.delay_slot
        8530    0x1a 0x6c 0xc0 0xf8                                                                                                                                                                                      MOV p2, p6
.delay_slot
.swstall delay_slot
        8534    0x00 0x00                                                                        NOPX
.delay_slot
.swstall delay_slot
        8536    0x00 0x2c 0xf0 0x04 0x00 0x00 0x1c 0x22                                          NOPA;                                                                                                                                                           NOPV
.return_address
.no_stack_arguments
        8544    0x06 0x00 0x00 0x00 0x06 0x6a 0x00 0x00 0x40 0xba                                MOVA r0, #48;                                                                             JL #13136
.delay_slot
        8554    0x10 0x02 0x05 0x18                                                                                                                                                        MOVX r1, #1
.delay_slot
.swstall delay_slot
        8558    0x00 0x00                                                                        NOPX
.delay_slot
.swstall delay_slot
        8560    0x00 0x00                                                                        NOPX
.delay_slot
.swstall delay_slot
        8562    0x00 0x00                                                                        NOPX
.delay_slot
.swstall delay_slot
        8564    0x00 0x2c 0xf0 0x00 0x20 0x00 0x00 0x00 0x00 0xad 0x81 0x36                      NOPA;                         NOPB;                         NOPS;                         NOPX
.return_address
.no_stack_arguments
        8576    0x00 0x19 0x98 0x00 0x01 0x04                                                                                                                                              JL #13104
.delay_slot
        8582    0x06 0x20 0x00 0x00 0x00 0x07 0xb6 0x80 0x10 0xba                                MOVA r0, #49;                                                                             MOVXM p7, #7424
.delay_slot
        8592    0x17 0xc2 0xfd 0x18                                                                                                                                                        MOVX r1, #-1
.delay_slot
.swstall delay_slot
        8596    0x00 0x00                                                                        NOPX
.delay_slot
.swstall delay_slot
        8598    0x00 0x00                                                                        NOPX
.delay_slot
.swstall delay_slot
        8600    0x00 0x2c 0xf0 0x04 0x00 0x00 0x1c 0x22                                          NOPA;                                                                                                                                                           NOPV
.return_address
.no_stack_arguments
        8608    0x00 0x19 0xb8 0x00 0x01 0x04                                                                                                                                              JL #13168
.delay_slot
        8614    0x00 0x07 0xd0 0xd8 0x00 0x44                                                                                                                                              MOVXM p0, #515072
.delay_slot
        8620    0x00 0x07 0x92 0xc8 0x00 0x44                                                                                                                                              MOVXM p1, #496640
.delay_slot
        8626    0x1a 0x6c 0xc0 0xf8                                                                                                                                                                                      MOV p2, p6
.delay_slot
.swstall delay_slot
        8630    0x00 0x00                                                                        NOPX
.delay_slot
.swstall delay_slot
        8632    0x00 0x2c 0xf0 0x04 0x00 0x00 0x1c 0x22                                          NOPA;                                                                                                                                                           NOPV
.return_address
.no_stack_arguments
        8640    0x06 0x00 0x00 0x00 0x06 0x6a 0x00 0x00 0x40 0xba                                MOVA r0, #48;                                                                             JL #13136
.delay_slot
        8650    0x10 0x02 0x05 0x18                                                                                                                                                        MOVX r1, #1
.delay_slot
.swstall delay_slot
        8654    0x00 0x00                                                                        NOPX
.delay_slot
.swstall delay_slot
        8656    0x00 0x00                                                                        NOPX
.delay_slot
.swstall delay_slot
        8658    0x00 0x00                                                                        NOPX
.delay_slot
.swstall delay_slot
        8660    0x00 0x2c 0xf0 0x00 0x20 0x00 0x00 0x00 0x00 0xad 0x81 0x36                      NOPA;                         NOPB;                         NOPS;                         NOPX
.return_address
.no_stack_arguments
        8672    0x06 0x40 0x00 0x00 0x06 0x6a 0x00 0x00 0x40 0xba                                MOVA r0, #50;                                                                             JL #13136
.delay_slot
        8682    0x10 0x02 0x05 0x18                                                                                                                                                        MOVX r1, #1
.delay_slot
.swstall delay_slot
        8686    0x00 0x00                                                                        NOPX
.delay_slot
.swstall delay_slot
        8688    0x00 0x00                                                                        NOPX
.delay_slot
.swstall delay_slot
        8690    0x00 0x00                                                                        NOPX
.delay_slot
.swstall delay_slot
        8692    0x00 0x2c 0xf0 0x00 0x20 0x00 0x00 0x00 0x00 0xad 0x81 0x36                      NOPA;                         NOPB;                         NOPS;                         NOPX
.return_address
        8704    0x13 0x19 0xe0 0x18                                                                                                                                                        JNZD r12, r12, p7
.delay_slot
.swstall delay_slot
        8708    0x00 0x00                                                                        NOPX
.delay_slot
.swstall delay_slot
        8710    0x00 0x00                                                                        NOPX
.delay_slot
.swstall delay_slot
        8712    0x00 0x00                                                                        NOPX
.delay_slot
.swstall delay_slot
        8714    0x00 0x00                                                                        NOPX
.delay_slot
.swstall delay_slot
        8716    0x00 0x00                                                                        NOPX
.loop_nesting 1
.no_stack_arguments
        8718    0x06 0xa0 0x00 0x00 0x06 0x6a 0x00 0x00 0x40 0xba                                MOVA r0, #53;                                                                             JL #13136
.delay_slot
        8728    0x10 0x02 0x05 0x18                                                                                                                                                        MOVX r1, #1
.delay_slot
.swstall delay_slot
        8732    0x00 0x00                                                                        NOPX
.delay_slot
.swstall delay_slot
        8734    0x00 0x00                                                                        NOPX
.delay_slot
.swstall delay_slot
        8736    0x00 0x00                                                                        NOPX
.delay_slot
.swstall delay_slot
        8738    0x00 0x2c 0xf0 0x02 0xb6 0x00 0x00 0x40 0x1a 0x57 0x00 0x00 0x1c 0x2e            NOPA;                                                       NOPS;                                                       NOPM;                                   NOPV
.return_address
.no_stack_arguments
        8752    0x06 0x80 0x00 0x00 0x06 0x66 0x00 0x00 0x40 0xba                                MOVA r0, #52;                                                                             JL #13104
.delay_slot
        8762    0x17 0xc2 0xfd 0x18                                                                                                                                                        MOVX r1, #-1
.delay_slot
.swstall delay_slot
        8766    0x00 0x00                                                                        NOPX
.delay_slot
.swstall delay_slot
        8768    0x00 0x00                                                                        NOPX
.delay_slot
.swstall delay_slot
        8770    0x00 0x00                                                                        NOPX
.delay_slot
.swstall delay_slot
        8772    0x00 0x2c 0xf0 0x00 0x20 0x00 0x00 0x00 0x00 0xad 0x81 0x36                      NOPA;                         NOPB;                         NOPS;                         NOPX
.return_address
.no_stack_arguments
        8784    0x00 0x1b 0x78 0x00 0x01 0x04                                                                                                                                              JL #14064
.delay_slot
        8790    0x18 0x6c 0xc0 0xf8                                                                                                                                                                                      MOV p0, p6
.delay_slot
.swstall delay_slot
        8794    0x00 0x00                                                                        NOPX
.delay_slot
.swstall delay_slot
        8796    0x00 0x00                                                                        NOPX
.delay_slot
.swstall delay_slot
        8798    0x00 0x00                                                                        NOPX
.delay_slot
.swstall delay_slot
        8800    0x00 0x2c 0xf0 0x00 0x20 0x01 0x5b 0x00 0x00 0x00 0x01 0xa5 0x78 0x00 0x00 0xe1  NOPA;                         NOPB;                         NOPS;                         NOPX;                         NOPM;                                   NOPV
.return_address
        8816    0x00 0x2c 0xf0 0x00 0x20 0x01 0x5b 0x00 0xc1 0x28 0x01 0xa5 0x78 0x00 0x00 0xe1  NOPA;                         NOPB;                         NOPS;                         MOVX r12, #9;                 NOPM;                                   NOPV
.label TGT_Fcore_0_5_8608
.loop_nesting 2
.no_stack_arguments
        8832    0x06 0x60 0x00 0x00 0x06 0x66 0x00 0x00 0x40 0xba                                MOVA r0, #51;                                                                             JL #13104
.delay_slot
        8842    0x17 0xc2 0xfd 0x18                                                                                                                                                        MOVX r1, #-1
.delay_slot
.swstall delay_slot
        8846    0x00 0x00                                                                        NOPX
.delay_slot
.swstall delay_slot
        8848    0x00 0x00                                                                        NOPX
.delay_slot
.swstall delay_slot
        8850    0x00 0x00                                                                        NOPX
.delay_slot
.swstall delay_slot
        8852    0x00 0x2c 0xf0 0x00 0x20 0x00 0x00 0x00 0x00 0xad 0x81 0x36                      NOPA;                         NOPB;                         NOPS;                         NOPX
.return_address
.no_stack_arguments
        8864    0x06 0x20 0x00 0x00 0x06 0x66 0x00 0x00 0x40 0xba                                MOVA r0, #49;                                                                             JL #13104
.delay_slot
        8874    0x17 0xc2 0xfd 0x18                                                                                                                                                        MOVX r1, #-1
.delay_slot
.swstall delay_slot
        8878    0x00 0x00                                                                        NOPX
.delay_slot
.swstall delay_slot
        8880    0x00 0x00                                                                        NOPX
.delay_slot
.swstall delay_slot
        8882    0x00 0x00                                                                        NOPX
.delay_slot
.swstall delay_slot
        8884    0x00 0x2c 0xf0 0x00 0x20 0x00 0x00 0x00 0x00 0xad 0x81 0x36                      NOPA;                         NOPB;                         NOPS;                         NOPX
.return_address
.no_stack_arguments
        8896    0x00 0x19 0xb8 0x00 0x01 0x04                                                                                                                                              JL #13168
.delay_slot
        8902    0x00 0x07 0xc0 0xd4 0x00 0x44                                                                                                                                              MOVXM p0, #510464
.delay_slot
        8908    0x00 0x07 0x52 0xdc 0x00 0x44                                                                                                                                              MOVXM p1, #482816
.delay_slot
        8914    0xd0 0x91 0x60 0x01 0x36 0x60 0x70 0x02                                                                                                      MOVS p6, p1;                                                MOV p2, p6
.delay_slot
        8922    0x1f 0x64 0xc0 0xf8                                                                                                                                                                                      MOV p7, p2
.delay_slot
.swstall delay_slot
        8926    0x00 0x00                                                                        NOPX
.return_address
.no_stack_arguments
        8928    0x06 0x00 0x00 0x00 0x06 0x6a 0x00 0x00 0x40 0xba                                MOVA r0, #48;                                                                             JL #13136
.delay_slot
        8938    0x10 0x02 0x05 0x18                                                                                                                                                        MOVX r1, #1
.delay_slot
.swstall delay_slot
        8942    0x00 0x00                                                                        NOPX
.delay_slot
.swstall delay_slot
        8944    0x00 0x00                                                                        NOPX
.delay_slot
.swstall delay_slot
        8946    0x00 0x00                                                                        NOPX
.delay_slot
.swstall delay_slot
        8948    0x00 0x2c 0xf0 0x00 0x20 0x00 0x00 0x00 0x00 0xad 0x81 0x36                      NOPA;                         NOPB;                         NOPS;                         NOPX
.return_address
.no_stack_arguments
        8960    0x06 0x20 0x00 0x00 0x06 0x66 0x00 0x00 0x40 0xba                                MOVA r0, #49;                                                                             JL #13104
.delay_slot
        8970    0x17 0xc2 0xfd 0x18                                                                                                                                                        MOVX r1, #-1
.delay_slot
.swstall delay_slot
        8974    0x00 0x00                                                                        NOPX
.delay_slot
.swstall delay_slot
        8976    0x00 0x00                                                                        NOPX
.delay_slot
.swstall delay_slot
        8978    0x00 0x00                                                                        NOPX
.delay_slot
.swstall delay_slot
        8980    0x00 0x2c 0xf0 0x00 0x20 0x00 0x00 0x00 0x00 0xad 0x81 0x36                      NOPA;                         NOPB;                         NOPS;                         NOPX
.return_address
.no_stack_arguments
        8992    0x33 0x11 0x60 0x00 0x06 0x6e 0x00 0x00 0x41 0x3a                                                                                            MOVS p1, p6;                  JL #13168
.delay_slot
        9002    0x1a 0x6e 0xc0 0xf8                                                                                                                                                                                      MOV p2, p7
.delay_slot
        9006    0x00 0x07 0xd0 0xd8 0x00 0x44                                                                                                                                              MOVXM p0, #515072
.delay_slot
.swstall delay_slot
        9012    0x00 0x00                                                                        NOPX
.delay_slot
.swstall delay_slot
        9014    0x00 0x00                                                                        NOPX
.delay_slot
.swstall delay_slot
        9016    0x00 0x2c 0xf0 0x04 0x00 0x00 0x1c 0x22                                          NOPA;                                                                                                                                                           NOPV
.return_address
.no_stack_arguments
        9024    0x06 0x00 0x00 0x00 0x06 0x6a 0x00 0x00 0x40 0xba                                MOVA r0, #48;                                                                             JL #13136
.delay_slot
        9034    0x10 0x02 0x05 0x18                                                                                                                                                        MOVX r1, #1
.delay_slot
.swstall delay_slot
        9038    0x00 0x00                                                                        NOPX
.delay_slot
.swstall delay_slot
        9040    0x00 0x00                                                                        NOPX
.delay_slot
.swstall delay_slot
        9042    0x00 0x00                                                                        NOPX
.delay_slot
.swstall delay_slot
        9044    0x00 0x2c 0xf0 0x00 0x20 0x00 0x00 0x00 0x00 0xad 0x81 0x36                      NOPA;                         NOPB;                         NOPS;                         NOPX
.return_address
.no_stack_arguments
        9056    0x06 0x20 0x00 0x00 0x06 0x66 0x00 0x00 0x40 0xba                                MOVA r0, #49;                                                                             JL #13104
.delay_slot
        9066    0x17 0xc2 0xfd 0x18                                                                                                                                                        MOVX r1, #-1
.delay_slot
.swstall delay_slot
        9070    0x00 0x00                                                                        NOPX
.delay_slot
.swstall delay_slot
        9072    0x00 0x00                                                                        NOPX
.delay_slot
.swstall delay_slot
        9074    0x00 0x00                                                                        NOPX
.delay_slot
.swstall delay_slot
        9076    0x00 0x2c 0xf0 0x00 0x20 0x00 0x00 0x00 0x00 0xad 0x81 0x36                      NOPA;                         NOPB;                         NOPS;                         NOPX
.return_address
.no_stack_arguments
        9088    0x33 0x11 0x60 0x00 0x06 0x6e 0x00 0x00 0x41 0x3a                                                                                            MOVS p1, p6;                  JL #13168
.delay_slot
        9098    0x1a 0x6e 0xc0 0xf8                                                                                                                                                                                      MOV p2, p7
.delay_slot
        9102    0x00 0x07 0xc0 0xd4 0x00 0x44                                                                                                                                              MOVXM p0, #510464
.delay_slot
.swstall delay_slot
        9108    0x00 0x00                                                                        NOPX
.delay_slot
.swstall delay_slot
        9110    0x00 0x00                                                                        NOPX
.delay_slot
.swstall delay_slot
        9112    0x00 0x2c 0xf0 0x04 0x00 0x00 0x1c 0x22                                          NOPA;                                                                                                                                                           NOPV
.return_address
.no_stack_arguments
        9120    0x06 0x00 0x00 0x00 0x06 0x6a 0x00 0x00 0x40 0xba                                MOVA r0, #48;                                                                             JL #13136
.delay_slot
        9130    0x10 0x02 0x05 0x18                                                                                                                                                        MOVX r1, #1
.delay_slot
.swstall delay_slot
        9134    0x00 0x00                                                                        NOPX
.delay_slot
.swstall delay_slot
        9136    0x00 0x00                                                                        NOPX
.delay_slot
.swstall delay_slot
        9138    0x00 0x00                                                                        NOPX
.delay_slot
.swstall delay_slot
        9140    0x00 0x2c 0xf0 0x00 0x20 0x00 0x00 0x00 0x00 0xad 0x81 0x36                      NOPA;                         NOPB;                         NOPS;                         NOPX
.return_address
.no_stack_arguments
        9152    0x06 0x20 0x00 0x00 0x06 0x66 0x00 0x00 0x40 0xba                                MOVA r0, #49;                                                                             JL #13104
.delay_slot
        9162    0x17 0xc2 0xfd 0x18                                                                                                                                                        MOVX r1, #-1
.delay_slot
.swstall delay_slot
        9166    0x00 0x00                                                                        NOPX
.delay_slot
.swstall delay_slot
        9168    0x00 0x00                                                                        NOPX
.delay_slot
.swstall delay_slot
        9170    0x00 0x00                                                                        NOPX
.delay_slot
.swstall delay_slot
        9172    0x00 0x2c 0xf0 0x00 0x20 0x00 0x00 0x00 0x00 0xad 0x81 0x36                      NOPA;                         NOPB;                         NOPS;                         NOPX
.return_address
.no_stack_arguments
        9184    0x33 0x11 0x60 0x00 0x06 0x6e 0x00 0x00 0x41 0x3a                                                                                            MOVS p1, p6;                  JL #13168
.delay_slot
        9194    0x1a 0x6e 0xc0 0xf8                                                                                                                                                                                      MOV p2, p7
.delay_slot
        9198    0x00 0x07 0xd0 0xd8 0x00 0x44                                                                                                                                              MOVXM p0, #515072
.delay_slot
.swstall delay_slot
        9204    0x00 0x00                                                                        NOPX
.delay_slot
.swstall delay_slot
        9206    0x00 0x00                                                                        NOPX
.delay_slot
.swstall delay_slot
        9208    0x00 0x2c 0xf0 0x04 0x00 0x00 0x1c 0x22                                          NOPA;                                                                                                                                                           NOPV
.return_address
.no_stack_arguments
        9216    0x06 0x00 0x00 0x00 0x06 0x6a 0x00 0x00 0x40 0xba                                MOVA r0, #48;                                                                             JL #13136
.delay_slot
        9226    0x10 0x02 0x05 0x18                                                                                                                                                        MOVX r1, #1
.delay_slot
.swstall delay_slot
        9230    0x00 0x00                                                                        NOPX
.delay_slot
.swstall delay_slot
        9232    0x00 0x00                                                                        NOPX
.delay_slot
.swstall delay_slot
        9234    0x00 0x00                                                                        NOPX
.delay_slot
.swstall delay_slot
        9236    0x00 0x2c 0xf0 0x00 0x20 0x00 0x00 0x00 0x00 0xad 0x81 0x36                      NOPA;                         NOPB;                         NOPS;                         NOPX
.return_address
.no_stack_arguments
        9248    0x06 0x20 0x00 0x00 0x06 0x66 0x00 0x00 0x40 0xba                                MOVA r0, #49;                                                                             JL #13104
.delay_slot
        9258    0x17 0xc2 0xfd 0x18                                                                                                                                                        MOVX r1, #-1
.delay_slot
.swstall delay_slot
        9262    0x00 0x00                                                                        NOPX
.delay_slot
.swstall delay_slot
        9264    0x00 0x00                                                                        NOPX
.delay_slot
.swstall delay_slot
        9266    0x00 0x00                                                                        NOPX
.delay_slot
.swstall delay_slot
        9268    0x00 0x2c 0xf0 0x00 0x20 0x00 0x00 0x00 0x00 0xad 0x81 0x36                      NOPA;                         NOPB;                         NOPS;                         NOPX
.return_address
.no_stack_arguments
        9280    0x33 0x11 0x60 0x00 0x06 0x6e 0x00 0x00 0x41 0x3a                                                                                            MOVS p1, p6;                  JL #13168
.delay_slot
        9290    0x1a 0x6e 0xc0 0xf8                                                                                                                                                                                      MOV p2, p7
.delay_slot
        9294    0x00 0x07 0xc0 0xd4 0x00 0x44                                                                                                                                              MOVXM p0, #510464
.delay_slot
.swstall delay_slot
        9300    0x00 0x00                                                                        NOPX
.delay_slot
.swstall delay_slot
        9302    0x00 0x00                                                                        NOPX
.delay_slot
.swstall delay_slot
        9304    0x00 0x2c 0xf0 0x04 0x00 0x00 0x1c 0x22                                          NOPA;                                                                                                                                                           NOPV
.return_address
.no_stack_arguments
        9312    0x06 0x00 0x00 0x00 0x06 0x6a 0x00 0x00 0x40 0xba                                MOVA r0, #48;                                                                             JL #13136
.delay_slot
        9322    0x10 0x02 0x05 0x18                                                                                                                                                        MOVX r1, #1
.delay_slot
.swstall delay_slot
        9326    0x00 0x00                                                                        NOPX
.delay_slot
.swstall delay_slot
        9328    0x00 0x00                                                                        NOPX
.delay_slot
.swstall delay_slot
        9330    0x00 0x00                                                                        NOPX
.delay_slot
.swstall delay_slot
        9332    0x00 0x2c 0xf0 0x00 0x20 0x00 0x00 0x00 0x00 0xad 0x81 0x36                      NOPA;                         NOPB;                         NOPS;                         NOPX
.return_address
.no_stack_arguments
        9344    0x06 0x20 0x00 0x00 0x06 0x66 0x00 0x00 0x40 0xba                                MOVA r0, #49;                                                                             JL #13104
.delay_slot
        9354    0x17 0xc2 0xfd 0x18                                                                                                                                                        MOVX r1, #-1
.delay_slot
.swstall delay_slot
        9358    0x00 0x00                                                                        NOPX
.delay_slot
.swstall delay_slot
        9360    0x00 0x00                                                                        NOPX
.delay_slot
.swstall delay_slot
        9362    0x00 0x00                                                                        NOPX
.delay_slot
.swstall delay_slot
        9364    0x00 0x2c 0xf0 0x00 0x20 0x00 0x00 0x00 0x00 0xad 0x81 0x36                      NOPA;                         NOPB;                         NOPS;                         NOPX
.return_address
.no_stack_arguments
        9376    0x53 0x91 0x60 0x00 0x06 0x6e 0x00 0x00 0x41 0x3a                                                                                            MOVS p2, p7;                  JL #13168
.delay_slot
        9386    0x33 0x11 0x60 0x00 0x01 0xf4 0x36 0x00 0x11 0x3a                                                                                            MOVS p1, p6;                  MOVXM p0, #515072
.delay_slot
        9396    0x1e 0x64 0xc0 0xf8                                                                                                                                                                                      MOV p6, p2
.delay_slot
.swstall delay_slot
        9400    0x00 0x00                                                                        NOPX
.delay_slot
.swstall delay_slot
        9402    0x00 0x00                                                                        NOPX
.delay_slot
.swstall delay_slot
        9404    0x00 0x01 0x67 0x98                                                              NOPA
.return_address
.no_stack_arguments
        9408    0x06 0x00 0x00 0x00 0x06 0x6a 0x00 0x00 0x40 0xba                                MOVA r0, #48;                                                                             JL #13136
.delay_slot
        9418    0x10 0x02 0x05 0x18                                                                                                                                                        MOVX r1, #1
.delay_slot
.swstall delay_slot
        9422    0x00 0x00                                                                        NOPX
.delay_slot
.swstall delay_slot
        9424    0x00 0x00                                                                        NOPX
.delay_slot
.swstall delay_slot
        9426    0x00 0x00                                                                        NOPX
.delay_slot
.swstall delay_slot
        9428    0x00 0x2c 0xf0 0x00 0x20 0x00 0x00 0x00 0x00 0xad 0x81 0x36                      NOPA;                         NOPB;                         NOPS;                         NOPX
.return_address
.no_stack_arguments
        9440    0x06 0x40 0x00 0x00 0x06 0x6a 0x00 0x00 0x40 0xba                                MOVA r0, #50;                                                                             JL #13136
.delay_slot
        9450    0x10 0x02 0x05 0x18                                                                                                                                                        MOVX r1, #1
.delay_slot
.swstall delay_slot
        9454    0x00 0x00                                                                        NOPX
.delay_slot
.swstall delay_slot
        9456    0x00 0x00                                                                        NOPX
.delay_slot
.swstall delay_slot
        9458    0x00 0x00                                                                        NOPX
.delay_slot
.swstall delay_slot
        9460    0x00 0x2c 0xf0 0x00 0x20 0x00 0x00 0x00 0x00 0xad 0x81 0x36                      NOPA;                         NOPB;                         NOPS;                         NOPX
.return_address
.no_stack_arguments
        9472    0x06 0x60 0x00 0x00 0x06 0x66 0x00 0x00 0x40 0xba                                MOVA r0, #51;                                                                             JL #13104
.delay_slot
        9482    0x17 0xc2 0xfd 0x18                                                                                                                                                        MOVX r1, #-1
.delay_slot
.swstall delay_slot
        9486    0x00 0x00                                                                        NOPX
.delay_slot
.swstall delay_slot
        9488    0x00 0x00                                                                        NOPX
.delay_slot
.swstall delay_slot
        9490    0x00 0x00                                                                        NOPX
.delay_slot
.swstall delay_slot
        9492    0x00 0x2c 0xf0 0x00 0x20 0x00 0x00 0x00 0x00 0xad 0x81 0x36                      NOPA;                         NOPB;                         NOPS;                         NOPX
.return_address
.no_stack_arguments
        9504    0x06 0x20 0x00 0x00 0x06 0x66 0x00 0x00 0x40 0xba                                MOVA r0, #49;                                                                             JL #13104
.delay_slot
        9514    0x17 0xc2 0xfd 0x18                                                                                                                                                        MOVX r1, #-1
.delay_slot
.swstall delay_slot
        9518    0x00 0x00                                                                        NOPX
.delay_slot
.swstall delay_slot
        9520    0x00 0x00                                                                        NOPX
.delay_slot
.swstall delay_slot
        9522    0x00 0x00                                                                        NOPX
.delay_slot
.swstall delay_slot
        9524    0x00 0x2c 0xf0 0x00 0x20 0x00 0x00 0x00 0x00 0xad 0x81 0x36                      NOPA;                         NOPB;                         NOPS;                         NOPX
.return_address
.no_stack_arguments
        9536    0x00 0x19 0xb8 0x00 0x01 0x04                                                                                                                                              JL #13168
.delay_slot
        9542    0x00 0x07 0xc0 0xd4 0x00 0x44                                                                                                                                              MOVXM p0, #510464
.delay_slot
        9548    0x00 0x07 0x92 0xc8 0x00 0x44                                                                                                                                              MOVXM p1, #496640
.delay_slot
        9554    0x1a 0x6c 0xc0 0xf8                                                                                                                                                                                      MOV p2, p6
.delay_slot
.swstall delay_slot
        9558    0x00 0x00                                                                        NOPX
.delay_slot
.swstall delay_slot
        9560    0x00 0x2c 0xf0 0x04 0x00 0x00 0x1c 0x22                                          NOPA;                                                                                                                                                           NOPV
.return_address
.no_stack_arguments
        9568    0x06 0x00 0x00 0x00 0x06 0x6a 0x00 0x00 0x40 0xba                                MOVA r0, #48;                                                                             JL #13136
.delay_slot
        9578    0x10 0x02 0x05 0x18                                                                                                                                                        MOVX r1, #1
.delay_slot
.swstall delay_slot
        9582    0x00 0x00                                                                        NOPX
.delay_slot
.swstall delay_slot
        9584    0x00 0x00                                                                        NOPX
.delay_slot
.swstall delay_slot
        9586    0x00 0x00                                                                        NOPX
.delay_slot
.swstall delay_slot
        9588    0x00 0x2c 0xf0 0x00 0x20 0x00 0x00 0x00 0x00 0xad 0x81 0x36                      NOPA;                         NOPB;                         NOPS;                         NOPX
.return_address
.no_stack_arguments
        9600    0x06 0x20 0x00 0x00 0x06 0x66 0x00 0x00 0x40 0xba                                MOVA r0, #49;                                                                             JL #13104
.delay_slot
        9610    0x17 0xc2 0xfd 0x18                                                                                                                                                        MOVX r1, #-1
.delay_slot
.swstall delay_slot
        9614    0x00 0x00                                                                        NOPX
.delay_slot
.swstall delay_slot
        9616    0x00 0x00                                                                        NOPX
.delay_slot
.swstall delay_slot
        9618    0x00 0x00                                                                        NOPX
.delay_slot
.swstall delay_slot
        9620    0x00 0x2c 0xf0 0x00 0x20 0x00 0x00 0x00 0x00 0xad 0x81 0x36                      NOPA;                         NOPB;                         NOPS;                         NOPX
.return_address
.no_stack_arguments
        9632    0x00 0x19 0xb8 0x00 0x01 0x04                                                                                                                                              JL #13168
.delay_slot
        9638    0x00 0x07 0xd0 0xd8 0x00 0x44                                                                                                                                              MOVXM p0, #515072
.delay_slot
        9644    0x00 0x07 0x92 0xc8 0x00 0x44                                                                                                                                              MOVXM p1, #496640
.delay_slot
        9650    0x1a 0x6c 0xc0 0xf8                                                                                                                                                                                      MOV p2, p6
.delay_slot
.swstall delay_slot
        9654    0x00 0x00                                                                        NOPX
.delay_slot
.swstall delay_slot
        9656    0x00 0x2c 0xf0 0x04 0x00 0x00 0x1c 0x22                                          NOPA;                                                                                                                                                           NOPV
.return_address
.no_stack_arguments
        9664    0x06 0x00 0x00 0x00 0x06 0x6a 0x00 0x00 0x40 0xba                                MOVA r0, #48;                                                                             JL #13136
.delay_slot
        9674    0x10 0x02 0x05 0x18                                                                                                                                                        MOVX r1, #1
.delay_slot
.swstall delay_slot
        9678    0x00 0x00                                                                        NOPX
.delay_slot
.swstall delay_slot
        9680    0x00 0x00                                                                        NOPX
.delay_slot
.swstall delay_slot
        9682    0x00 0x00                                                                        NOPX
.delay_slot
.swstall delay_slot
        9684    0x00 0x2c 0xf0 0x00 0x20 0x00 0x00 0x00 0x00 0xad 0x81 0x36                      NOPA;                         NOPB;                         NOPS;                         NOPX
.return_address
.no_stack_arguments
        9696    0x06 0x20 0x00 0x00 0x06 0x66 0x00 0x00 0x40 0xba                                MOVA r0, #49;                                                                             JL #13104
.delay_slot
        9706    0x17 0xc2 0xfd 0x18                                                                                                                                                        MOVX r1, #-1
.delay_slot
.swstall delay_slot
        9710    0x00 0x00                                                                        NOPX
.delay_slot
.swstall delay_slot
        9712    0x00 0x00                                                                        NOPX
.delay_slot
.swstall delay_slot
        9714    0x00 0x00                                                                        NOPX
.delay_slot
.swstall delay_slot
        9716    0x00 0x2c 0xf0 0x00 0x20 0x00 0x00 0x00 0x00 0xad 0x81 0x36                      NOPA;                         NOPB;                         NOPS;                         NOPX
.return_address
.no_stack_arguments
        9728    0x00 0x19 0xb8 0x00 0x01 0x04                                                                                                                                              JL #13168
.delay_slot
        9734    0x00 0x07 0xc0 0xd4 0x00 0x44                                                                                                                                              MOVXM p0, #510464
.delay_slot
        9740    0x00 0x07 0x92 0xc8 0x00 0x44                                                                                                                                              MOVXM p1, #496640
.delay_slot
        9746    0x1a 0x6c 0xc0 0xf8                                                                                                                                                                                      MOV p2, p6
.delay_slot
.swstall delay_slot
        9750    0x00 0x00                                                                        NOPX
.delay_slot
.swstall delay_slot
        9752    0x00 0x2c 0xf0 0x04 0x00 0x00 0x1c 0x22                                          NOPA;                                                                                                                                                           NOPV
.return_address
.no_stack_arguments
        9760    0x06 0x00 0x00 0x00 0x06 0x6a 0x00 0x00 0x40 0xba                                MOVA r0, #48;                                                                             JL #13136
.delay_slot
        9770    0x10 0x02 0x05 0x18                                                                                                                                                        MOVX r1, #1
.delay_slot
.swstall delay_slot
        9774    0x00 0x00                                                                        NOPX
.delay_slot
.swstall delay_slot
        9776    0x00 0x00                                                                        NOPX
.delay_slot
.swstall delay_slot
        9778    0x00 0x00                                                                        NOPX
.delay_slot
.swstall delay_slot
        9780    0x00 0x2c 0xf0 0x00 0x20 0x00 0x00 0x00 0x00 0xad 0x81 0x36                      NOPA;                         NOPB;                         NOPS;                         NOPX
.return_address
.no_stack_arguments
        9792    0x06 0x20 0x00 0x00 0x06 0x66 0x00 0x00 0x40 0xba                                MOVA r0, #49;                                                                             JL #13104
.delay_slot
        9802    0x17 0xc2 0xfd 0x18                                                                                                                                                        MOVX r1, #-1
.delay_slot
.swstall delay_slot
        9806    0x00 0x00                                                                        NOPX
.delay_slot
.swstall delay_slot
        9808    0x00 0x00                                                                        NOPX
.delay_slot
.swstall delay_slot
        9810    0x00 0x00                                                                        NOPX
.delay_slot
.swstall delay_slot
        9812    0x00 0x2c 0xf0 0x00 0x20 0x00 0x00 0x00 0x00 0xad 0x81 0x36                      NOPA;                         NOPB;                         NOPS;                         NOPX
.return_address
.no_stack_arguments
        9824    0x00 0x19 0xb8 0x00 0x01 0x04                                                                                                                                              JL #13168
.delay_slot
        9830    0x00 0x07 0xd0 0xd8 0x00 0x44                                                                                                                                              MOVXM p0, #515072
.delay_slot
        9836    0x00 0x07 0x92 0xc8 0x00 0x44                                                                                                                                              MOVXM p1, #496640
.delay_slot
        9842    0x1a 0x6c 0xc0 0xf8                                                                                                                                                                                      MOV p2, p6
.delay_slot
.swstall delay_slot
        9846    0x00 0x00                                                                        NOPX
.delay_slot
.swstall delay_slot
        9848    0x00 0x2c 0xf0 0x04 0x00 0x00 0x1c 0x22                                          NOPA;                                                                                                                                                           NOPV
.return_address
.no_stack_arguments
        9856    0x06 0x00 0x00 0x00 0x06 0x6a 0x00 0x00 0x40 0xba                                MOVA r0, #48;                                                                             JL #13136
.delay_slot
        9866    0x10 0x02 0x05 0x18                                                                                                                                                        MOVX r1, #1
.delay_slot
.swstall delay_slot
        9870    0x00 0x00                                                                        NOPX
.delay_slot
.swstall delay_slot
        9872    0x00 0x00                                                                        NOPX
.delay_slot
.swstall delay_slot
        9874    0x00 0x00                                                                        NOPX
.delay_slot
.swstall delay_slot
        9876    0x00 0x2c 0xf0 0x00 0x20 0x00 0x00 0x00 0x00 0xad 0x81 0x36                      NOPA;                         NOPB;                         NOPS;                         NOPX
.return_address
.no_stack_arguments
        9888    0x06 0x20 0x00 0x00 0x06 0x66 0x00 0x00 0x40 0xba                                MOVA r0, #49;                                                                             JL #13104
.delay_slot
        9898    0x17 0xc2 0xfd 0x18                                                                                                                                                        MOVX r1, #-1
.delay_slot
.swstall delay_slot
        9902    0x00 0x00                                                                        NOPX
.delay_slot
.swstall delay_slot
        9904    0x00 0x00                                                                        NOPX
.delay_slot
.swstall delay_slot
        9906    0x00 0x00                                                                        NOPX
.delay_slot
.swstall delay_slot
        9908    0x00 0x2c 0xf0 0x00 0x20 0x00 0x00 0x00 0x00 0xad 0x81 0x36                      NOPA;                         NOPB;                         NOPS;                         NOPX
.return_address
.no_stack_arguments
        9920    0x00 0x19 0xb8 0x00 0x01 0x04                                                                                                                                              JL #13168
.delay_slot
        9926    0x00 0x07 0xc0 0xd4 0x00 0x44                                                                                                                                              MOVXM p0, #510464
.delay_slot
        9932    0x00 0x07 0x92 0xc8 0x00 0x44                                                                                                                                              MOVXM p1, #496640
.delay_slot
        9938    0x1a 0x6c 0xc0 0xf8                                                                                                                                                                                      MOV p2, p6
.delay_slot
.swstall delay_slot
        9942    0x00 0x00                                                                        NOPX
.delay_slot
.swstall delay_slot
        9944    0x00 0x2c 0xf0 0x04 0x00 0x00 0x1c 0x22                                          NOPA;                                                                                                                                                           NOPV
.return_address
.no_stack_arguments
        9952    0x06 0x00 0x00 0x00 0x06 0x6a 0x00 0x00 0x40 0xba                                MOVA r0, #48;                                                                             JL #13136
.delay_slot
        9962    0x10 0x02 0x05 0x18                                                                                                                                                        MOVX r1, #1
.delay_slot
.swstall delay_slot
        9966    0x00 0x00                                                                        NOPX
.delay_slot
.swstall delay_slot
        9968    0x00 0x00                                                                        NOPX
.delay_slot
.swstall delay_slot
        9970    0x00 0x00                                                                        NOPX
.delay_slot
.swstall delay_slot
        9972    0x00 0x2c 0xf0 0x00 0x20 0x00 0x00 0x00 0x00 0xad 0x81 0x36                      NOPA;                         NOPB;                         NOPS;                         NOPX
.return_address
.no_stack_arguments
        9984    0x00 0x19 0x98 0x00 0x01 0x04                                                                                                                                              JL #13104
.delay_slot
        9990    0x06 0x20 0x00 0x00 0x00 0x0b 0xb1 0x40 0x10 0xba                                MOVA r0, #49;                                                                             MOVXM p7, #8832
.delay_slot
       10000    0x17 0xc2 0xfd 0x18                                                                                                                                                        MOVX r1, #-1
.delay_slot
.swstall delay_slot
       10004    0x00 0x00                                                                        NOPX
.delay_slot
.swstall delay_slot
       10006    0x00 0x00                                                                        NOPX
.delay_slot
.swstall delay_slot
       10008    0x00 0x2c 0xf0 0x04 0x00 0x00 0x1c 0x22                                          NOPA;                                                                                                                                                           NOPV
.return_address
.no_stack_arguments
       10016    0x00 0x19 0xb8 0x00 0x01 0x04                                                                                                                                              JL #13168
.delay_slot
       10022    0x00 0x07 0xd0 0xd8 0x00 0x44                                                                                                                                              MOVXM p0, #515072
.delay_slot
       10028    0x00 0x07 0x92 0xc8 0x00 0x44                                                                                                                                              MOVXM p1, #496640
.delay_slot
       10034    0x1a 0x6c 0xc0 0xf8                                                                                                                                                                                      MOV p2, p6
.delay_slot
.swstall delay_slot
       10038    0x00 0x00                                                                        NOPX
.delay_slot
.swstall delay_slot
       10040    0x00 0x2c 0xf0 0x04 0x00 0x00 0x1c 0x22                                          NOPA;                                                                                                                                                           NOPV
.return_address
.no_stack_arguments
       10048    0x06 0x00 0x00 0x00 0x06 0x6a 0x00 0x00 0x40 0xba                                MOVA r0, #48;                                                                             JL #13136
.delay_slot
       10058    0x10 0x02 0x05 0x18                                                                                                                                                        MOVX r1, #1
.delay_slot
.swstall delay_slot
       10062    0x00 0x00                                                                        NOPX
.delay_slot
.swstall delay_slot
       10064    0x00 0x00                                                                        NOPX
.delay_slot
.swstall delay_slot
       10066    0x00 0x00                                                                        NOPX
.delay_slot
.swstall delay_slot
       10068    0x00 0x2c 0xf0 0x00 0x20 0x00 0x00 0x00 0x00 0xad 0x81 0x36                      NOPA;                         NOPB;                         NOPS;                         NOPX
.return_address
.no_stack_arguments
       10080    0x06 0x40 0x00 0x00 0x06 0x6a 0x00 0x00 0x40 0xba                                MOVA r0, #50;                                                                             JL #13136
.delay_slot
       10090    0x10 0x02 0x05 0x18                                                                                                                                                        MOVX r1, #1
.delay_slot
.swstall delay_slot
       10094    0x00 0x00                                                                        NOPX
.delay_slot
.swstall delay_slot
       10096    0x00 0x00                                                                        NOPX
.delay_slot
.swstall delay_slot
       10098    0x00 0x00                                                                        NOPX
.delay_slot
.swstall delay_slot
       10100    0x00 0x2c 0xf0 0x00 0x20 0x00 0x00 0x00 0x00 0xad 0x81 0x36                      NOPA;                         NOPB;                         NOPS;                         NOPX
.return_address
       10112    0x13 0x19 0xe0 0x18                                                                                                                                                        JNZD r12, r12, p7
.delay_slot
.swstall delay_slot
       10116    0x00 0x00                                                                        NOPX
.delay_slot
.swstall delay_slot
       10118    0x00 0x00                                                                        NOPX
.delay_slot
.swstall delay_slot
       10120    0x00 0x00                                                                        NOPX
.delay_slot
.swstall delay_slot
       10122    0x00 0x00                                                                        NOPX
.delay_slot
.swstall delay_slot
       10124    0x00 0x00                                                                        NOPX
.loop_nesting 1
.no_stack_arguments
       10126    0x06 0xa0 0x00 0x00 0x06 0x6a 0x00 0x00 0x40 0xba                                MOVA r0, #53;                                                                             JL #13136
.delay_slot
       10136    0x10 0x02 0x05 0x18                                                                                                                                                        MOVX r1, #1
.delay_slot
.swstall delay_slot
       10140    0x00 0x00                                                                        NOPX
.delay_slot
.swstall delay_slot
       10142    0x00 0x00                                                                        NOPX
.delay_slot
.swstall delay_slot
       10144    0x00 0x00                                                                        NOPX
.delay_slot
.swstall delay_slot
       10146    0x00 0x2c 0xf0 0x02 0xb6 0x00 0x00 0x40 0x1a 0x57 0x00 0x00 0x1c 0x2e            NOPA;                                                       NOPS;                                                       NOPM;                                   NOPV
.return_address
.no_stack_arguments
       10160    0x06 0x80 0x00 0x00 0x06 0x66 0x00 0x00 0x40 0xba                                MOVA r0, #52;                                                                             JL #13104
.delay_slot
       10170    0x17 0xc2 0xfd 0x18                                                                                                                                                        MOVX r1, #-1
.delay_slot
.swstall delay_slot
       10174    0x00 0x00                                                                        NOPX
.delay_slot
.swstall delay_slot
       10176    0x00 0x00                                                                        NOPX
.delay_slot
.swstall delay_slot
       10178    0x00 0x00                                                                        NOPX
.delay_slot
.swstall delay_slot
       10180    0x00 0x2c 0xf0 0x00 0x20 0x00 0x00 0x00 0x00 0xad 0x81 0x36                      NOPA;                         NOPB;                         NOPS;                         NOPX
.return_address
.no_stack_arguments
       10192    0x00 0x1b 0x78 0x00 0x01 0x04                                                                                                                                              JL #14064
.delay_slot
       10198    0x18 0x6c 0xc0 0xf8                                                                                                                                                                                      MOV p0, p6
.delay_slot
.swstall delay_slot
       10202    0x00 0x00                                                                        NOPX
.delay_slot
.swstall delay_slot
       10204    0x00 0x00                                                                        NOPX
.delay_slot
.swstall delay_slot
       10206    0x00 0x00                                                                        NOPX
.delay_slot
.swstall delay_slot
       10208    0x00 0x2c 0xf0 0x00 0x20 0x01 0x5b 0x00 0x00 0x00 0x01 0xa5 0x78 0x00 0x00 0xe1  NOPA;                         NOPB;                         NOPS;                         NOPX;                         NOPM;                                   NOPV
.return_address
       10224    0x00 0x2c 0xf0 0x00 0x20 0x01 0x5b 0x00 0xf1 0x28 0x01 0xa5 0x78 0x00 0x00 0xe1  NOPA;                         NOPB;                         NOPS;                         MOVX r15, #9;                 NOPM;                                   NOPV
.label TGT_Fcore_0_5_10016
.loop_nesting 2
.no_stack_arguments
       10240    0x06 0x60 0x00 0x00 0x06 0x66 0x00 0x00 0x40 0xba                                MOVA r0, #51;                                                                             JL #13104
.delay_slot
       10250    0x17 0xc2 0xfd 0x18                                                                                                                                                        MOVX r1, #-1
.delay_slot
.swstall delay_slot
       10254    0x00 0x00                                                                        NOPX
.delay_slot
.swstall delay_slot
       10256    0x00 0x00                                                                        NOPX
.delay_slot
.swstall delay_slot
       10258    0x00 0x00                                                                        NOPX
.delay_slot
.swstall delay_slot
       10260    0x00 0x2c 0xf0 0x00 0x20 0x00 0x00 0x00 0x00 0xad 0x81 0x36                      NOPA;                         NOPB;                         NOPS;                         NOPX
.return_address
.no_stack_arguments
       10272    0x06 0x20 0x00 0x00 0x06 0x66 0x00 0x00 0x40 0xba                                MOVA r0, #49;                                                                             JL #13104
.delay_slot
       10282    0x17 0xc2 0xfd 0x18                                                                                                                                                        MOVX r1, #-1
.delay_slot
.swstall delay_slot
       10286    0x00 0x00                                                                        NOPX
.delay_slot
.swstall delay_slot
       10288    0x00 0x00                                                                        NOPX
.delay_slot
.swstall delay_slot
       10290    0x00 0x00                                                                        NOPX
.delay_slot
.swstall delay_slot
       10292    0x00 0x2c 0xf0 0x00 0x20 0x00 0x00 0x00 0x00 0xad 0x81 0x36                      NOPA;                         NOPB;                         NOPS;                         NOPX
.return_address
.no_stack_arguments
       10304    0x00 0x19 0xb8 0x00 0x01 0x04                                                                                                                                              JL #13168
.delay_slot
       10310    0x00 0x07 0xc0 0xd4 0x00 0x44                                                                                                                                              MOVXM p0, #510464
.delay_slot
       10316    0x00 0x07 0x52 0xdc 0x00 0x44                                                                                                                                              MOVXM p1, #482816
.delay_slot
       10322    0xd0 0x91 0x60 0x01 0x36 0x60 0x70 0x02                                                                                                      MOVS p6, p1;                                                MOV p2, p6
.delay_slot
       10330    0x1f 0x64 0xc0 0xf8                                                                                                                                                                                      MOV p7, p2
.delay_slot
.swstall delay_slot
       10334    0x00 0x00                                                                        NOPX
.return_address
.no_stack_arguments
       10336    0x06 0x00 0x00 0x00 0x06 0x6a 0x00 0x00 0x40 0xba                                MOVA r0, #48;                                                                             JL #13136
.delay_slot
       10346    0x10 0x02 0x05 0x18                                                                                                                                                        MOVX r1, #1
.delay_slot
.swstall delay_slot
       10350    0x00 0x00                                                                        NOPX
.delay_slot
.swstall delay_slot
       10352    0x00 0x00                                                                        NOPX
.delay_slot
.swstall delay_slot
       10354    0x00 0x00                                                                        NOPX
.delay_slot
.swstall delay_slot
       10356    0x00 0x2c 0xf0 0x00 0x20 0x00 0x00 0x00 0x00 0xad 0x81 0x36                      NOPA;                         NOPB;                         NOPS;                         NOPX
.return_address
.no_stack_arguments
       10368    0x06 0x20 0x00 0x00 0x06 0x66 0x00 0x00 0x40 0xba                                MOVA r0, #49;                                                                             JL #13104
.delay_slot
       10378    0x17 0xc2 0xfd 0x18                                                                                                                                                        MOVX r1, #-1
.delay_slot
.swstall delay_slot
       10382    0x00 0x00                                                                        NOPX
.delay_slot
.swstall delay_slot
       10384    0x00 0x00                                                                        NOPX
.delay_slot
.swstall delay_slot
       10386    0x00 0x00                                                                        NOPX
.delay_slot
.swstall delay_slot
       10388    0x00 0x2c 0xf0 0x00 0x20 0x00 0x00 0x00 0x00 0xad 0x81 0x36                      NOPA;                         NOPB;                         NOPS;                         NOPX
.return_address
.no_stack_arguments
       10400    0x33 0x11 0x60 0x00 0x06 0x6e 0x00 0x00 0x41 0x3a                                                                                            MOVS p1, p6;                  JL #13168
.delay_slot
       10410    0x1a 0x6e 0xc0 0xf8                                                                                                                                                                                      MOV p2, p7
.delay_slot
       10414    0x00 0x07 0xd0 0xd8 0x00 0x44                                                                                                                                              MOVXM p0, #515072
.delay_slot
.swstall delay_slot
       10420    0x00 0x00                                                                        NOPX
.delay_slot
.swstall delay_slot
       10422    0x00 0x00                                                                        NOPX
.delay_slot
.swstall delay_slot
       10424    0x00 0x2c 0xf0 0x04 0x00 0x00 0x1c 0x22                                          NOPA;                                                                                                                                                           NOPV
.return_address
.no_stack_arguments
       10432    0x06 0x00 0x00 0x00 0x06 0x6a 0x00 0x00 0x40 0xba                                MOVA r0, #48;                                                                             JL #13136
.delay_slot
       10442    0x10 0x02 0x05 0x18                                                                                                                                                        MOVX r1, #1
.delay_slot
.swstall delay_slot
       10446    0x00 0x00                                                                        NOPX
.delay_slot
.swstall delay_slot
       10448    0x00 0x00                                                                        NOPX
.delay_slot
.swstall delay_slot
       10450    0x00 0x00                                                                        NOPX
.delay_slot
.swstall delay_slot
       10452    0x00 0x2c 0xf0 0x00 0x20 0x00 0x00 0x00 0x00 0xad 0x81 0x36                      NOPA;                         NOPB;                         NOPS;                         NOPX
.return_address
.no_stack_arguments
       10464    0x06 0x20 0x00 0x00 0x06 0x66 0x00 0x00 0x40 0xba                                MOVA r0, #49;                                                                             JL #13104
.delay_slot
       10474    0x17 0xc2 0xfd 0x18                                                                                                                                                        MOVX r1, #-1
.delay_slot
.swstall delay_slot
       10478    0x00 0x00                                                                        NOPX
.delay_slot
.swstall delay_slot
       10480    0x00 0x00                                                                        NOPX
.delay_slot
.swstall delay_slot
       10482    0x00 0x00                                                                        NOPX
.delay_slot
.swstall delay_slot
       10484    0x00 0x2c 0xf0 0x00 0x20 0x00 0x00 0x00 0x00 0xad 0x81 0x36                      NOPA;                         NOPB;                         NOPS;                         NOPX
.return_address
.no_stack_arguments
       10496    0x33 0x11 0x60 0x00 0x06 0x6e 0x00 0x00 0x41 0x3a                                                                                            MOVS p1, p6;                  JL #13168
.delay_slot
       10506    0x1a 0x6e 0xc0 0xf8                                                                                                                                                                                      MOV p2, p7
.delay_slot
       10510    0x00 0x07 0xc0 0xd4 0x00 0x44                                                                                                                                              MOVXM p0, #510464
.delay_slot
.swstall delay_slot
       10516    0x00 0x00                                                                        NOPX
.delay_slot
.swstall delay_slot
       10518    0x00 0x00                                                                        NOPX
.delay_slot
.swstall delay_slot
       10520    0x00 0x2c 0xf0 0x04 0x00 0x00 0x1c 0x22                                          NOPA;                                                                                                                                                           NOPV
.return_address
.no_stack_arguments
       10528    0x06 0x00 0x00 0x00 0x06 0x6a 0x00 0x00 0x40 0xba                                MOVA r0, #48;                                                                             JL #13136
.delay_slot
       10538    0x10 0x02 0x05 0x18                                                                                                                                                        MOVX r1, #1
.delay_slot
.swstall delay_slot
       10542    0x00 0x00                                                                        NOPX
.delay_slot
.swstall delay_slot
       10544    0x00 0x00                                                                        NOPX
.delay_slot
.swstall delay_slot
       10546    0x00 0x00                                                                        NOPX
.delay_slot
.swstall delay_slot
       10548    0x00 0x2c 0xf0 0x00 0x20 0x00 0x00 0x00 0x00 0xad 0x81 0x36                      NOPA;                         NOPB;                         NOPS;                         NOPX
.return_address
.no_stack_arguments
       10560    0x06 0x20 0x00 0x00 0x06 0x66 0x00 0x00 0x40 0xba                                MOVA r0, #49;                                                                             JL #13104
.delay_slot
       10570    0x17 0xc2 0xfd 0x18                                                                                                                                                        MOVX r1, #-1
.delay_slot
.swstall delay_slot
       10574    0x00 0x00                                                                        NOPX
.delay_slot
.swstall delay_slot
       10576    0x00 0x00                                                                        NOPX
.delay_slot
.swstall delay_slot
       10578    0x00 0x00                                                                        NOPX
.delay_slot
.swstall delay_slot
       10580    0x00 0x2c 0xf0 0x00 0x20 0x00 0x00 0x00 0x00 0xad 0x81 0x36                      NOPA;                         NOPB;                         NOPS;                         NOPX
.return_address
.no_stack_arguments
       10592    0x33 0x11 0x60 0x00 0x06 0x6e 0x00 0x00 0x41 0x3a                                                                                            MOVS p1, p6;                  JL #13168
.delay_slot
       10602    0x1a 0x6e 0xc0 0xf8                                                                                                                                                                                      MOV p2, p7
.delay_slot
       10606    0x00 0x07 0xd0 0xd8 0x00 0x44                                                                                                                                              MOVXM p0, #515072
.delay_slot
.swstall delay_slot
       10612    0x00 0x00                                                                        NOPX
.delay_slot
.swstall delay_slot
       10614    0x00 0x00                                                                        NOPX
.delay_slot
.swstall delay_slot
       10616    0x00 0x2c 0xf0 0x04 0x00 0x00 0x1c 0x22                                          NOPA;                                                                                                                                                           NOPV
.return_address
.no_stack_arguments
       10624    0x06 0x00 0x00 0x00 0x06 0x6a 0x00 0x00 0x40 0xba                                MOVA r0, #48;                                                                             JL #13136
.delay_slot
       10634    0x10 0x02 0x05 0x18                                                                                                                                                        MOVX r1, #1
.delay_slot
.swstall delay_slot
       10638    0x00 0x00                                                                        NOPX
.delay_slot
.swstall delay_slot
       10640    0x00 0x00                                                                        NOPX
.delay_slot
.swstall delay_slot
       10642    0x00 0x00                                                                        NOPX
.delay_slot
.swstall delay_slot
       10644    0x00 0x2c 0xf0 0x00 0x20 0x00 0x00 0x00 0x00 0xad 0x81 0x36                      NOPA;                         NOPB;                         NOPS;                         NOPX
.return_address
.no_stack_arguments
       10656    0x06 0x20 0x00 0x00 0x06 0x66 0x00 0x00 0x40 0xba                                MOVA r0, #49;                                                                             JL #13104
.delay_slot
       10666    0x17 0xc2 0xfd 0x18                                                                                                                                                        MOVX r1, #-1
.delay_slot
.swstall delay_slot
       10670    0x00 0x00                                                                        NOPX
.delay_slot
.swstall delay_slot
       10672    0x00 0x00                                                                        NOPX
.delay_slot
.swstall delay_slot
       10674    0x00 0x00                                                                        NOPX
.delay_slot
.swstall delay_slot
       10676    0x00 0x2c 0xf0 0x00 0x20 0x00 0x00 0x00 0x00 0xad 0x81 0x36                      NOPA;                         NOPB;                         NOPS;                         NOPX
.return_address
.no_stack_arguments
       10688    0x33 0x11 0x60 0x00 0x06 0x6e 0x00 0x00 0x41 0x3a                                                                                            MOVS p1, p6;                  JL #13168
.delay_slot
       10698    0x1a 0x6e 0xc0 0xf8                                                                                                                                                                                      MOV p2, p7
.delay_slot
       10702    0x00 0x07 0xc0 0xd4 0x00 0x44                                                                                                                                              MOVXM p0, #510464
.delay_slot
.swstall delay_slot
       10708    0x00 0x00                                                                        NOPX
.delay_slot
.swstall delay_slot
       10710    0x00 0x00                                                                        NOPX
.delay_slot
.swstall delay_slot
       10712    0x00 0x2c 0xf0 0x04 0x00 0x00 0x1c 0x22                                          NOPA;                                                                                                                                                           NOPV
.return_address
.no_stack_arguments
       10720    0x06 0x00 0x00 0x00 0x06 0x6a 0x00 0x00 0x40 0xba                                MOVA r0, #48;                                                                             JL #13136
.delay_slot
       10730    0x10 0x02 0x05 0x18                                                                                                                                                        MOVX r1, #1
.delay_slot
.swstall delay_slot
       10734    0x00 0x00                                                                        NOPX
.delay_slot
.swstall delay_slot
       10736    0x00 0x00                                                                        NOPX
.delay_slot
.swstall delay_slot
       10738    0x00 0x00                                                                        NOPX
.delay_slot
.swstall delay_slot
       10740    0x00 0x2c 0xf0 0x00 0x20 0x00 0x00 0x00 0x00 0xad 0x81 0x36                      NOPA;                         NOPB;                         NOPS;                         NOPX
.return_address
.no_stack_arguments
       10752    0x06 0x20 0x00 0x00 0x06 0x66 0x00 0x00 0x40 0xba                                MOVA r0, #49;                                                                             JL #13104
.delay_slot
       10762    0x17 0xc2 0xfd 0x18                                                                                                                                                        MOVX r1, #-1
.delay_slot
.swstall delay_slot
       10766    0x00 0x00                                                                        NOPX
.delay_slot
.swstall delay_slot
       10768    0x00 0x00                                                                        NOPX
.delay_slot
.swstall delay_slot
       10770    0x00 0x00                                                                        NOPX
.delay_slot
.swstall delay_slot
       10772    0x00 0x2c 0xf0 0x00 0x20 0x00 0x00 0x00 0x00 0xad 0x81 0x36                      NOPA;                         NOPB;                         NOPS;                         NOPX
.return_address
.no_stack_arguments
       10784    0x53 0x91 0x60 0x00 0x06 0x6e 0x00 0x00 0x41 0x3a                                                                                            MOVS p2, p7;                  JL #13168
.delay_slot
       10794    0x33 0x11 0x60 0x00 0x01 0xf4 0x36 0x00 0x11 0x3a                                                                                            MOVS p1, p6;                  MOVXM p0, #515072
.delay_slot
       10804    0x1e 0x64 0xc0 0xf8                                                                                                                                                                                      MOV p6, p2
.delay_slot
.swstall delay_slot
       10808    0x00 0x00                                                                        NOPX
.delay_slot
.swstall delay_slot
       10810    0x00 0x00                                                                        NOPX
.delay_slot
.swstall delay_slot
       10812    0x00 0x01 0x67 0x98                                                              NOPA
.return_address
.no_stack_arguments
       10816    0x06 0x00 0x00 0x00 0x06 0x6a 0x00 0x00 0x40 0xba                                MOVA r0, #48;                                                                             JL #13136
.delay_slot
       10826    0x10 0x02 0x05 0x18                                                                                                                                                        MOVX r1, #1
.delay_slot
.swstall delay_slot
       10830    0x00 0x00                                                                        NOPX
.delay_slot
.swstall delay_slot
       10832    0x00 0x00                                                                        NOPX
.delay_slot
.swstall delay_slot
       10834    0x00 0x00                                                                        NOPX
.delay_slot
.swstall delay_slot
       10836    0x00 0x2c 0xf0 0x00 0x20 0x00 0x00 0x00 0x00 0xad 0x81 0x36                      NOPA;                         NOPB;                         NOPS;                         NOPX
.return_address
.no_stack_arguments
       10848    0x06 0x40 0x00 0x00 0x06 0x6a 0x00 0x00 0x40 0xba                                MOVA r0, #50;                                                                             JL #13136
.delay_slot
       10858    0x10 0x02 0x05 0x18                                                                                                                                                        MOVX r1, #1
.delay_slot
.swstall delay_slot
       10862    0x00 0x00                                                                        NOPX
.delay_slot
.swstall delay_slot
       10864    0x00 0x00                                                                        NOPX
.delay_slot
.swstall delay_slot
       10866    0x00 0x00                                                                        NOPX
.delay_slot
.swstall delay_slot
       10868    0x00 0x2c 0xf0 0x00 0x20 0x00 0x00 0x00 0x00 0xad 0x81 0x36                      NOPA;                         NOPB;                         NOPS;                         NOPX
.return_address
.no_stack_arguments
       10880    0x06 0x60 0x00 0x00 0x06 0x66 0x00 0x00 0x40 0xba                                MOVA r0, #51;                                                                             JL #13104
.delay_slot
       10890    0x17 0xc2 0xfd 0x18                                                                                                                                                        MOVX r1, #-1
.delay_slot
.swstall delay_slot
       10894    0x00 0x00                                                                        NOPX
.delay_slot
.swstall delay_slot
       10896    0x00 0x00                                                                        NOPX
.delay_slot
.swstall delay_slot
       10898    0x00 0x00                                                                        NOPX
.delay_slot
.swstall delay_slot
       10900    0x00 0x2c 0xf0 0x00 0x20 0x00 0x00 0x00 0x00 0xad 0x81 0x36                      NOPA;                         NOPB;                         NOPS;                         NOPX
.return_address
.no_stack_arguments
       10912    0x06 0x20 0x00 0x00 0x06 0x66 0x00 0x00 0x40 0xba                                MOVA r0, #49;                                                                             JL #13104
.delay_slot
       10922    0x17 0xc2 0xfd 0x18                                                                                                                                                        MOVX r1, #-1
.delay_slot
.swstall delay_slot
       10926    0x00 0x00                                                                        NOPX
.delay_slot
.swstall delay_slot
       10928    0x00 0x00                                                                        NOPX
.delay_slot
.swstall delay_slot
       10930    0x00 0x00                                                                        NOPX
.delay_slot
.swstall delay_slot
       10932    0x00 0x2c 0xf0 0x00 0x20 0x00 0x00 0x00 0x00 0xad 0x81 0x36                      NOPA;                         NOPB;                         NOPS;                         NOPX
.return_address
.no_stack_arguments
       10944    0x00 0x19 0xb8 0x00 0x01 0x04                                                                                                                                              JL #13168
.delay_slot
       10950    0x00 0x07 0xc0 0xd4 0x00 0x44                                                                                                                                              MOVXM p0, #510464
.delay_slot
       10956    0x00 0x07 0x92 0xc8 0x00 0x44                                                                                                                                              MOVXM p1, #496640
.delay_slot
       10962    0x1a 0x6c 0xc0 0xf8                                                                                                                                                                                      MOV p2, p6
.delay_slot
.swstall delay_slot
       10966    0x00 0x00                                                                        NOPX
.delay_slot
.swstall delay_slot
       10968    0x00 0x2c 0xf0 0x04 0x00 0x00 0x1c 0x22                                          NOPA;                                                                                                                                                           NOPV
.return_address
.no_stack_arguments
       10976    0x06 0x00 0x00 0x00 0x06 0x6a 0x00 0x00 0x40 0xba                                MOVA r0, #48;                                                                             JL #13136
.delay_slot
       10986    0x10 0x02 0x05 0x18                                                                                                                                                        MOVX r1, #1
.delay_slot
.swstall delay_slot
       10990    0x00 0x00                                                                        NOPX
.delay_slot
.swstall delay_slot
       10992    0x00 0x00                                                                        NOPX
.delay_slot
.swstall delay_slot
       10994    0x00 0x00                                                                        NOPX
.delay_slot
.swstall delay_slot
       10996    0x00 0x2c 0xf0 0x00 0x20 0x00 0x00 0x00 0x00 0xad 0x81 0x36                      NOPA;                         NOPB;                         NOPS;                         NOPX
.return_address
.no_stack_arguments
       11008    0x06 0x20 0x00 0x00 0x06 0x66 0x00 0x00 0x40 0xba                                MOVA r0, #49;                                                                             JL #13104
.delay_slot
       11018    0x17 0xc2 0xfd 0x18                                                                                                                                                        MOVX r1, #-1
.delay_slot
.swstall delay_slot
       11022    0x00 0x00                                                                        NOPX
.delay_slot
.swstall delay_slot
       11024    0x00 0x00                                                                        NOPX
.delay_slot
.swstall delay_slot
       11026    0x00 0x00                                                                        NOPX
.delay_slot
.swstall delay_slot
       11028    0x00 0x2c 0xf0 0x00 0x20 0x00 0x00 0x00 0x00 0xad 0x81 0x36                      NOPA;                         NOPB;                         NOPS;                         NOPX
.return_address
.no_stack_arguments
       11040    0x00 0x19 0xb8 0x00 0x01 0x04                                                                                                                                              JL #13168
.delay_slot
       11046    0x00 0x07 0xd0 0xd8 0x00 0x44                                                                                                                                              MOVXM p0, #515072
.delay_slot
       11052    0x00 0x07 0x92 0xc8 0x00 0x44                                                                                                                                              MOVXM p1, #496640
.delay_slot
       11058    0x1a 0x6c 0xc0 0xf8                                                                                                                                                                                      MOV p2, p6
.delay_slot
.swstall delay_slot
       11062    0x00 0x00                                                                        NOPX
.delay_slot
.swstall delay_slot
       11064    0x00 0x2c 0xf0 0x04 0x00 0x00 0x1c 0x22                                          NOPA;                                                                                                                                                           NOPV
.return_address
.no_stack_arguments
       11072    0x06 0x00 0x00 0x00 0x06 0x6a 0x00 0x00 0x40 0xba                                MOVA r0, #48;                                                                             JL #13136
.delay_slot
       11082    0x10 0x02 0x05 0x18                                                                                                                                                        MOVX r1, #1
.delay_slot
.swstall delay_slot
       11086    0x00 0x00                                                                        NOPX
.delay_slot
.swstall delay_slot
       11088    0x00 0x00                                                                        NOPX
.delay_slot
.swstall delay_slot
       11090    0x00 0x00                                                                        NOPX
.delay_slot
.swstall delay_slot
       11092    0x00 0x2c 0xf0 0x00 0x20 0x00 0x00 0x00 0x00 0xad 0x81 0x36                      NOPA;                         NOPB;                         NOPS;                         NOPX
.return_address
.no_stack_arguments
       11104    0x06 0x20 0x00 0x00 0x06 0x66 0x00 0x00 0x40 0xba                                MOVA r0, #49;                                                                             JL #13104
.delay_slot
       11114    0x17 0xc2 0xfd 0x18                                                                                                                                                        MOVX r1, #-1
.delay_slot
.swstall delay_slot
       11118    0x00 0x00                                                                        NOPX
.delay_slot
.swstall delay_slot
       11120    0x00 0x00                                                                        NOPX
.delay_slot
.swstall delay_slot
       11122    0x00 0x00                                                                        NOPX
.delay_slot
.swstall delay_slot
       11124    0x00 0x2c 0xf0 0x00 0x20 0x00 0x00 0x00 0x00 0xad 0x81 0x36                      NOPA;                         NOPB;                         NOPS;                         NOPX
.return_address
.no_stack_arguments
       11136    0x00 0x19 0xb8 0x00 0x01 0x04                                                                                                                                              JL #13168
.delay_slot
       11142    0x00 0x07 0xc0 0xd4 0x00 0x44                                                                                                                                              MOVXM p0, #510464
.delay_slot
       11148    0x00 0x07 0x92 0xc8 0x00 0x44                                                                                                                                              MOVXM p1, #496640
.delay_slot
       11154    0x1a 0x6c 0xc0 0xf8                                                                                                                                                                                      MOV p2, p6
.delay_slot
.swstall delay_slot
       11158    0x00 0x00                                                                        NOPX
.delay_slot
.swstall delay_slot
       11160    0x00 0x2c 0xf0 0x04 0x00 0x00 0x1c 0x22                                          NOPA;                                                                                                                                                           NOPV
.return_address
.no_stack_arguments
       11168    0x06 0x00 0x00 0x00 0x06 0x6a 0x00 0x00 0x40 0xba                                MOVA r0, #48;                                                                             JL #13136
.delay_slot
       11178    0x10 0x02 0x05 0x18                                                                                                                                                        MOVX r1, #1
.delay_slot
.swstall delay_slot
       11182    0x00 0x00                                                                        NOPX
.delay_slot
.swstall delay_slot
       11184    0x00 0x00                                                                        NOPX
.delay_slot
.swstall delay_slot
       11186    0x00 0x00                                                                        NOPX
.delay_slot
.swstall delay_slot
       11188    0x00 0x2c 0xf0 0x00 0x20 0x00 0x00 0x00 0x00 0xad 0x81 0x36                      NOPA;                         NOPB;                         NOPS;                         NOPX
.return_address
.no_stack_arguments
       11200    0x06 0x20 0x00 0x00 0x06 0x66 0x00 0x00 0x40 0xba                                MOVA r0, #49;                                                                             JL #13104
.delay_slot
       11210    0x17 0xc2 0xfd 0x18                                                                                                                                                        MOVX r1, #-1
.delay_slot
.swstall delay_slot
       11214    0x00 0x00                                                                        NOPX
.delay_slot
.swstall delay_slot
       11216    0x00 0x00                                                                        NOPX
.delay_slot
.swstall delay_slot
       11218    0x00 0x00                                                                        NOPX
.delay_slot
.swstall delay_slot
       11220    0x00 0x2c 0xf0 0x00 0x20 0x00 0x00 0x00 0x00 0xad 0x81 0x36                      NOPA;                         NOPB;                         NOPS;                         NOPX
.return_address
.no_stack_arguments
       11232    0x00 0x19 0xb8 0x00 0x01 0x04                                                                                                                                              JL #13168
.delay_slot
       11238    0x00 0x07 0xd0 0xd8 0x00 0x44                                                                                                                                              MOVXM p0, #515072
.delay_slot
       11244    0x00 0x07 0x92 0xc8 0x00 0x44                                                                                                                                              MOVXM p1, #496640
.delay_slot
       11250    0x1a 0x6c 0xc0 0xf8                                                                                                                                                                                      MOV p2, p6
.delay_slot
.swstall delay_slot
       11254    0x00 0x00                                                                        NOPX
.delay_slot
.swstall delay_slot
       11256    0x00 0x2c 0xf0 0x04 0x00 0x00 0x1c 0x22                                          NOPA;                                                                                                                                                           NOPV
.return_address
.no_stack_arguments
       11264    0x06 0x00 0x00 0x00 0x06 0x6a 0x00 0x00 0x40 0xba                                MOVA r0, #48;                                                                             JL #13136
.delay_slot
       11274    0x10 0x02 0x05 0x18                                                                                                                                                        MOVX r1, #1
.delay_slot
.swstall delay_slot
       11278    0x00 0x00                                                                        NOPX
.delay_slot
.swstall delay_slot
       11280    0x00 0x00                                                                        NOPX
.delay_slot
.swstall delay_slot
       11282    0x00 0x00                                                                        NOPX
.delay_slot
.swstall delay_slot
       11284    0x00 0x2c 0xf0 0x00 0x20 0x00 0x00 0x00 0x00 0xad 0x81 0x36                      NOPA;                         NOPB;                         NOPS;                         NOPX
.return_address
.no_stack_arguments
       11296    0x06 0x20 0x00 0x00 0x06 0x66 0x00 0x00 0x40 0xba                                MOVA r0, #49;                                                                             JL #13104
.delay_slot
       11306    0x17 0xc2 0xfd 0x18                                                                                                                                                        MOVX r1, #-1
.delay_slot
.swstall delay_slot
       11310    0x00 0x00                                                                        NOPX
.delay_slot
.swstall delay_slot
       11312    0x00 0x00                                                                        NOPX
.delay_slot
.swstall delay_slot
       11314    0x00 0x00                                                                        NOPX
.delay_slot
.swstall delay_slot
       11316    0x00 0x2c 0xf0 0x00 0x20 0x00 0x00 0x00 0x00 0xad 0x81 0x36                      NOPA;                         NOPB;                         NOPS;                         NOPX
.return_address
.no_stack_arguments
       11328    0x00 0x19 0xb8 0x00 0x01 0x04                                                                                                                                              JL #13168
.delay_slot
       11334    0x00 0x07 0xc0 0xd4 0x00 0x44                                                                                                                                              MOVXM p0, #510464
.delay_slot
       11340    0x00 0x07 0x92 0xc8 0x00 0x44                                                                                                                                              MOVXM p1, #496640
.delay_slot
       11346    0x1a 0x6c 0xc0 0xf8                                                                                                                                                                                      MOV p2, p6
.delay_slot
.swstall delay_slot
       11350    0x00 0x00                                                                        NOPX
.delay_slot
.swstall delay_slot
       11352    0x00 0x2c 0xf0 0x04 0x00 0x00 0x1c 0x22                                          NOPA;                                                                                                                                                           NOPV
.return_address
.no_stack_arguments
       11360    0x06 0x00 0x00 0x00 0x06 0x6a 0x00 0x00 0x40 0xba                                MOVA r0, #48;                                                                             JL #13136
.delay_slot
       11370    0x10 0x02 0x05 0x18                                                                                                                                                        MOVX r1, #1
.delay_slot
.swstall delay_slot
       11374    0x00 0x00                                                                        NOPX
.delay_slot
.swstall delay_slot
       11376    0x00 0x00                                                                        NOPX
.delay_slot
.swstall delay_slot
       11378    0x00 0x00                                                                        NOPX
.delay_slot
.swstall delay_slot
       11380    0x00 0x2c 0xf0 0x00 0x20 0x00 0x00 0x00 0x00 0xad 0x81 0x36                      NOPA;                         NOPB;                         NOPS;                         NOPX
.return_address
.no_stack_arguments
       11392    0x00 0x19 0x98 0x00 0x01 0x04                                                                                                                                              JL #13104
.delay_slot
       11398    0x06 0x20 0x00 0x00 0x00 0x0b 0xb4 0x00 0x10 0xba                                MOVA r0, #49;                                                                             MOVXM p7, #10240
.delay_slot
       11408    0x17 0xc2 0xfd 0x18                                                                                                                                                        MOVX r1, #-1
.delay_slot
.swstall delay_slot
       11412    0x00 0x00                                                                        NOPX
.delay_slot
.swstall delay_slot
       11414    0x00 0x00                                                                        NOPX
.delay_slot
.swstall delay_slot
       11416    0x00 0x2c 0xf0 0x04 0x00 0x00 0x1c 0x22                                          NOPA;                                                                                                                                                           NOPV
.return_address
.no_stack_arguments
       11424    0x00 0x19 0xb8 0x00 0x01 0x04                                                                                                                                              JL #13168
.delay_slot
       11430    0x00 0x07 0xd0 0xd8 0x00 0x44                                                                                                                                              MOVXM p0, #515072
.delay_slot
       11436    0x00 0x07 0x92 0xc8 0x00 0x44                                                                                                                                              MOVXM p1, #496640
.delay_slot
       11442    0x1a 0x6c 0xc0 0xf8                                                                                                                                                                                      MOV p2, p6
.delay_slot
.swstall delay_slot
       11446    0x00 0x00                                                                        NOPX
.delay_slot
.swstall delay_slot
       11448    0x00 0x2c 0xf0 0x04 0x00 0x00 0x1c 0x22                                          NOPA;                                                                                                                                                           NOPV
.return_address
.no_stack_arguments
       11456    0x06 0x00 0x00 0x00 0x06 0x6a 0x00 0x00 0x40 0xba                                MOVA r0, #48;                                                                             JL #13136
.delay_slot
       11466    0x10 0x02 0x05 0x18                                                                                                                                                        MOVX r1, #1
.delay_slot
.swstall delay_slot
       11470    0x00 0x00                                                                        NOPX
.delay_slot
.swstall delay_slot
       11472    0x00 0x00                                                                        NOPX
.delay_slot
.swstall delay_slot
       11474    0x00 0x00                                                                        NOPX
.delay_slot
.swstall delay_slot
       11476    0x00 0x2c 0xf0 0x00 0x20 0x00 0x00 0x00 0x00 0xad 0x81 0x36                      NOPA;                         NOPB;                         NOPS;                         NOPX
.return_address
.no_stack_arguments
       11488    0x06 0x40 0x00 0x00 0x06 0x6a 0x00 0x00 0x40 0xba                                MOVA r0, #50;                                                                             JL #13136
.delay_slot
       11498    0x10 0x02 0x05 0x18                                                                                                                                                        MOVX r1, #1
.delay_slot
.swstall delay_slot
       11502    0x00 0x00                                                                        NOPX
.delay_slot
.swstall delay_slot
       11504    0x00 0x00                                                                        NOPX
.delay_slot
.swstall delay_slot
       11506    0x00 0x00                                                                        NOPX
.delay_slot
.swstall delay_slot
       11508    0x00 0x2c 0xf0 0x00 0x20 0x00 0x00 0x00 0x00 0xad 0x81 0x36                      NOPA;                         NOPB;                         NOPS;                         NOPX
.return_address
       11520    0x13 0xdf 0xe0 0x18                                                                                                                                                        JNZD r15, r15, p7
.delay_slot
.swstall delay_slot
       11524    0x00 0x00                                                                        NOPX
.delay_slot
.swstall delay_slot
       11526    0x00 0x00                                                                        NOPX
.delay_slot
.swstall delay_slot
       11528    0x00 0x00                                                                        NOPX
.delay_slot
.swstall delay_slot
       11530    0x00 0x00                                                                        NOPX
.delay_slot
.swstall delay_slot
       11532    0x00 0x00                                                                        NOPX
.loop_nesting 1
.no_stack_arguments
       11534    0x06 0xa0 0x00 0x00 0x06 0x6a 0x00 0x00 0x40 0xba                                MOVA r0, #53;                                                                             JL #13136
.delay_slot
       11544    0x10 0x02 0x05 0x18                                                                                                                                                        MOVX r1, #1
.delay_slot
.swstall delay_slot
       11548    0x00 0x00                                                                        NOPX
.delay_slot
.swstall delay_slot
       11550    0x00 0x00                                                                        NOPX
.delay_slot
.swstall delay_slot
       11552    0x00 0x00                                                                        NOPX
.delay_slot
.swstall delay_slot
       11554    0x00 0x2c 0xf0 0x02 0xb6 0x00 0x00 0x40 0x1a 0x57 0x00 0x00 0x1c 0x2e            NOPA;                                                       NOPS;                                                       NOPM;                                   NOPV
.return_address
.no_stack_arguments
       11568    0x06 0x80 0x00 0x00 0x06 0x66 0x00 0x00 0x40 0xba                                MOVA r0, #52;                                                                             JL #13104
.delay_slot
       11578    0x17 0xc2 0xfd 0x18                                                                                                                                                        MOVX r1, #-1
.delay_slot
.swstall delay_slot
       11582    0x00 0x00                                                                        NOPX
.delay_slot
.swstall delay_slot
       11584    0x00 0x00                                                                        NOPX
.delay_slot
.swstall delay_slot
       11586    0x00 0x00                                                                        NOPX
.delay_slot
.swstall delay_slot
       11588    0x00 0x2c 0xf0 0x00 0x20 0x00 0x00 0x00 0x00 0xad 0x81 0x36                      NOPA;                         NOPB;                         NOPS;                         NOPX
.return_address
.no_stack_arguments
       11600    0x00 0x1b 0x78 0x00 0x01 0x04                                                                                                                                              JL #14064
.delay_slot
       11606    0x00 0x07 0x0e 0xda 0x00 0x44                                                                                                                                              MOVXM p7, #462080
.delay_slot
       11612    0x18 0x6c 0xc0 0xf8                                                                                                                                                                                      MOV p0, p6
.delay_slot
.swstall delay_slot
       11616    0x00 0x00                                                                        NOPX
.delay_slot
.swstall delay_slot
       11618    0x00 0x00                                                                        NOPX
.delay_slot
.swstall delay_slot
       11620    0x00 0x2c 0xf0 0x00 0x20 0x00 0x00 0x00 0x00 0xad 0x81 0x36                      NOPA;                         NOPB;                         NOPS;                         NOPX
.return_address
       11632    0x00 0x2c 0xf0 0x00 0x20 0x01 0x5b 0x00 0xc1 0x28 0x01 0xa5 0x78 0x00 0x00 0xe1  NOPA;                         NOPB;                         NOPS;                         MOVX r12, #9;                 NOPM;                                   NOPV
.label TGT_Fcore_0_5_11424
.loop_nesting 2
.no_stack_arguments
       11648    0x06 0x60 0x00 0x00 0x06 0x66 0x00 0x00 0x40 0xba                                MOVA r0, #51;                                                                             JL #13104
.delay_slot
       11658    0x17 0xc2 0xfd 0x18                                                                                                                                                        MOVX r1, #-1
.delay_slot
.swstall delay_slot
       11662    0x00 0x00                                                                        NOPX
.delay_slot
.swstall delay_slot
       11664    0x00 0x00                                                                        NOPX
.delay_slot
.swstall delay_slot
       11666    0x00 0x00                                                                        NOPX
.delay_slot
.swstall delay_slot
       11668    0x00 0x2c 0xf0 0x00 0x20 0x00 0x00 0x00 0x00 0xad 0x81 0x36                      NOPA;                         NOPB;                         NOPS;                         NOPX
.return_address
.no_stack_arguments
       11680    0x06 0x20 0x00 0x00 0x06 0x66 0x00 0x00 0x40 0xba                                MOVA r0, #49;                                                                             JL #13104
.delay_slot
       11690    0x17 0xc2 0xfd 0x18                                                                                                                                                        MOVX r1, #-1
.delay_slot
.swstall delay_slot
       11694    0x00 0x00                                                                        NOPX
.delay_slot
.swstall delay_slot
       11696    0x00 0x00                                                                        NOPX
.delay_slot
.swstall delay_slot
       11698    0x00 0x00                                                                        NOPX
.delay_slot
.swstall delay_slot
       11700    0x00 0x2c 0xf0 0x00 0x20 0x00 0x00 0x00 0x00 0xad 0x81 0x36                      NOPA;                         NOPB;                         NOPS;                         NOPX
.return_address
.no_stack_arguments
       11712    0x53 0x91 0x60 0x00 0x06 0x6e 0x00 0x00 0x41 0x3a                                                                                            MOVS p2, p7;                  JL #13168
.delay_slot
       11722    0x00 0x07 0x52 0xdc 0x00 0x44                                                                                                                                              MOVXM p1, #482816
.delay_slot
       11728    0x00 0x07 0xc0 0xd4 0x00 0x44                                                                                                                                              MOVXM p0, #510464
.delay_slot
       11734    0x1e 0x62 0xc0 0xf8                                                                                                                                                                                      MOV p6, p1
.delay_slot
.swstall delay_slot
       11738    0x00 0x00                                                                        NOPX
.delay_slot
.swstall delay_slot
       11740    0x00 0x01 0x67 0x98                                                              NOPA
.return_address
.no_stack_arguments
       11744    0x06 0x00 0x00 0x00 0x06 0x6a 0x00 0x00 0x40 0xba                                MOVA r0, #48;                                                                             JL #13136
.delay_slot
       11754    0x10 0x02 0x05 0x18                                                                                                                                                        MOVX r1, #1
.delay_slot
.swstall delay_slot
       11758    0x00 0x00                                                                        NOPX
.delay_slot
.swstall delay_slot
       11760    0x00 0x00                                                                        NOPX
.delay_slot
.swstall delay_slot
       11762    0x00 0x00                                                                        NOPX
.delay_slot
.swstall delay_slot
       11764    0x00 0x2c 0xf0 0x00 0x20 0x00 0x00 0x00 0x00 0xad 0x81 0x36                      NOPA;                         NOPB;                         NOPS;                         NOPX
.return_address
.no_stack_arguments
       11776    0x06 0x20 0x00 0x00 0x06 0x66 0x00 0x00 0x40 0xba                                MOVA r0, #49;                                                                             JL #13104
.delay_slot
       11786    0x17 0xc2 0xfd 0x18                                                                                                                                                        MOVX r1, #-1
.delay_slot
.swstall delay_slot
       11790    0x00 0x00                                                                        NOPX
.delay_slot
.swstall delay_slot
       11792    0x00 0x00                                                                        NOPX
.delay_slot
.swstall delay_slot
       11794    0x00 0x00                                                                        NOPX
.delay_slot
.swstall delay_slot
       11796    0x00 0x2c 0xf0 0x00 0x20 0x00 0x00 0x00 0x00 0xad 0x81 0x36                      NOPA;                         NOPB;                         NOPS;                         NOPX
.return_address
.no_stack_arguments
       11808    0x33 0x11 0x60 0x00 0x06 0x6e 0x00 0x00 0x41 0x3a                                                                                            MOVS p1, p6;                  JL #13168
.delay_slot
       11818    0x1a 0x6e 0xc0 0xf8                                                                                                                                                                                      MOV p2, p7
.delay_slot
       11822    0x00 0x07 0xd0 0xd8 0x00 0x44                                                                                                                                              MOVXM p0, #515072
.delay_slot
.swstall delay_slot
       11828    0x00 0x00                                                                        NOPX
.delay_slot
.swstall delay_slot
       11830    0x00 0x00                                                                        NOPX
.delay_slot
.swstall delay_slot
       11832    0x00 0x2c 0xf0 0x04 0x00 0x00 0x1c 0x22                                          NOPA;                                                                                                                                                           NOPV
.return_address
.no_stack_arguments
       11840    0x06 0x00 0x00 0x00 0x06 0x6a 0x00 0x00 0x40 0xba                                MOVA r0, #48;                                                                             JL #13136
.delay_slot
       11850    0x10 0x02 0x05 0x18                                                                                                                                                        MOVX r1, #1
.delay_slot
.swstall delay_slot
       11854    0x00 0x00                                                                        NOPX
.delay_slot
.swstall delay_slot
       11856    0x00 0x00                                                                        NOPX
.delay_slot
.swstall delay_slot
       11858    0x00 0x00                                                                        NOPX
.delay_slot
.swstall delay_slot
       11860    0x00 0x2c 0xf0 0x00 0x20 0x00 0x00 0x00 0x00 0xad 0x81 0x36                      NOPA;                         NOPB;                         NOPS;                         NOPX
.return_address
.no_stack_arguments
       11872    0x06 0x20 0x00 0x00 0x06 0x66 0x00 0x00 0x40 0xba                                MOVA r0, #49;                                                                             JL #13104
.delay_slot
       11882    0x17 0xc2 0xfd 0x18                                                                                                                                                        MOVX r1, #-1
.delay_slot
.swstall delay_slot
       11886    0x00 0x00                                                                        NOPX
.delay_slot
.swstall delay_slot
       11888    0x00 0x00                                                                        NOPX
.delay_slot
.swstall delay_slot
       11890    0x00 0x00                                                                        NOPX
.delay_slot
.swstall delay_slot
       11892    0x00 0x2c 0xf0 0x00 0x20 0x00 0x00 0x00 0x00 0xad 0x81 0x36                      NOPA;                         NOPB;                         NOPS;                         NOPX
.return_address
.no_stack_arguments
       11904    0x33 0x11 0x60 0x00 0x06 0x6e 0x00 0x00 0x41 0x3a                                                                                            MOVS p1, p6;                  JL #13168
.delay_slot
       11914    0x1a 0x6e 0xc0 0xf8                                                                                                                                                                                      MOV p2, p7
.delay_slot
       11918    0x00 0x07 0xc0 0xd4 0x00 0x44                                                                                                                                              MOVXM p0, #510464
.delay_slot
.swstall delay_slot
       11924    0x00 0x00                                                                        NOPX
.delay_slot
.swstall delay_slot
       11926    0x00 0x00                                                                        NOPX
.delay_slot
.swstall delay_slot
       11928    0x00 0x2c 0xf0 0x04 0x00 0x00 0x1c 0x22                                          NOPA;                                                                                                                                                           NOPV
.return_address
.no_stack_arguments
       11936    0x06 0x00 0x00 0x00 0x06 0x6a 0x00 0x00 0x40 0xba                                MOVA r0, #48;                                                                             JL #13136
.delay_slot
       11946    0x10 0x02 0x05 0x18                                                                                                                                                        MOVX r1, #1
.delay_slot
.swstall delay_slot
       11950    0x00 0x00                                                                        NOPX
.delay_slot
.swstall delay_slot
       11952    0x00 0x00                                                                        NOPX
.delay_slot
.swstall delay_slot
       11954    0x00 0x00                                                                        NOPX
.delay_slot
.swstall delay_slot
       11956    0x00 0x2c 0xf0 0x00 0x20 0x00 0x00 0x00 0x00 0xad 0x81 0x36                      NOPA;                         NOPB;                         NOPS;                         NOPX
.return_address
.no_stack_arguments
       11968    0x06 0x20 0x00 0x00 0x06 0x66 0x00 0x00 0x40 0xba                                MOVA r0, #49;                                                                             JL #13104
.delay_slot
       11978    0x17 0xc2 0xfd 0x18                                                                                                                                                        MOVX r1, #-1
.delay_slot
.swstall delay_slot
       11982    0x00 0x00                                                                        NOPX
.delay_slot
.swstall delay_slot
       11984    0x00 0x00                                                                        NOPX
.delay_slot
.swstall delay_slot
       11986    0x00 0x00                                                                        NOPX
.delay_slot
.swstall delay_slot
       11988    0x00 0x2c 0xf0 0x00 0x20 0x00 0x00 0x00 0x00 0xad 0x81 0x36                      NOPA;                         NOPB;                         NOPS;                         NOPX
.return_address
.no_stack_arguments
       12000    0x33 0x11 0x60 0x00 0x06 0x6e 0x00 0x00 0x41 0x3a                                                                                            MOVS p1, p6;                  JL #13168
.delay_slot
       12010    0x1a 0x6e 0xc0 0xf8                                                                                                                                                                                      MOV p2, p7
.delay_slot
       12014    0x00 0x07 0xd0 0xd8 0x00 0x44                                                                                                                                              MOVXM p0, #515072
.delay_slot
.swstall delay_slot
       12020    0x00 0x00                                                                        NOPX
.delay_slot
.swstall delay_slot
       12022    0x00 0x00                                                                        NOPX
.delay_slot
.swstall delay_slot
       12024    0x00 0x2c 0xf0 0x04 0x00 0x00 0x1c 0x22                                          NOPA;                                                                                                                                                           NOPV
.return_address
.no_stack_arguments
       12032    0x06 0x00 0x00 0x00 0x06 0x6a 0x00 0x00 0x40 0xba                                MOVA r0, #48;                                                                             JL #13136
.delay_slot
       12042    0x10 0x02 0x05 0x18                                                                                                                                                        MOVX r1, #1
.delay_slot
.swstall delay_slot
       12046    0x00 0x00                                                                        NOPX
.delay_slot
.swstall delay_slot
       12048    0x00 0x00                                                                        NOPX
.delay_slot
.swstall delay_slot
       12050    0x00 0x00                                                                        NOPX
.delay_slot
.swstall delay_slot
       12052    0x00 0x2c 0xf0 0x00 0x20 0x00 0x00 0x00 0x00 0xad 0x81 0x36                      NOPA;                         NOPB;                         NOPS;                         NOPX
.return_address
.no_stack_arguments
       12064    0x06 0x20 0x00 0x00 0x06 0x66 0x00 0x00 0x40 0xba                                MOVA r0, #49;                                                                             JL #13104
.delay_slot
       12074    0x17 0xc2 0xfd 0x18                                                                                                                                                        MOVX r1, #-1
.delay_slot
.swstall delay_slot
       12078    0x00 0x00                                                                        NOPX
.delay_slot
.swstall delay_slot
       12080    0x00 0x00                                                                        NOPX
.delay_slot
.swstall delay_slot
       12082    0x00 0x00                                                                        NOPX
.delay_slot
.swstall delay_slot
       12084    0x00 0x2c 0xf0 0x00 0x20 0x00 0x00 0x00 0x00 0xad 0x81 0x36                      NOPA;                         NOPB;                         NOPS;                         NOPX
.return_address
.no_stack_arguments
       12096    0x33 0x11 0x60 0x00 0x06 0x6e 0x00 0x00 0x41 0x3a                                                                                            MOVS p1, p6;                  JL #13168
.delay_slot
       12106    0x1a 0x6e 0xc0 0xf8                                                                                                                                                                                      MOV p2, p7
.delay_slot
       12110    0x00 0x07 0xc0 0xd4 0x00 0x44                                                                                                                                              MOVXM p0, #510464
.delay_slot
.swstall delay_slot
       12116    0x00 0x00                                                                        NOPX
.delay_slot
.swstall delay_slot
       12118    0x00 0x00                                                                        NOPX
.delay_slot
.swstall delay_slot
       12120    0x00 0x2c 0xf0 0x04 0x00 0x00 0x1c 0x22                                          NOPA;                                                                                                                                                           NOPV
.return_address
.no_stack_arguments
       12128    0x06 0x00 0x00 0x00 0x06 0x6a 0x00 0x00 0x40 0xba                                MOVA r0, #48;                                                                             JL #13136
.delay_slot
       12138    0x10 0x02 0x05 0x18                                                                                                                                                        MOVX r1, #1
.delay_slot
.swstall delay_slot
       12142    0x00 0x00                                                                        NOPX
.delay_slot
.swstall delay_slot
       12144    0x00 0x00                                                                        NOPX
.delay_slot
.swstall delay_slot
       12146    0x00 0x00                                                                        NOPX
.delay_slot
.swstall delay_slot
       12148    0x00 0x2c 0xf0 0x00 0x20 0x00 0x00 0x00 0x00 0xad 0x81 0x36                      NOPA;                         NOPB;                         NOPS;                         NOPX
.return_address
.no_stack_arguments
       12160    0x06 0x20 0x00 0x00 0x06 0x66 0x00 0x00 0x40 0xba                                MOVA r0, #49;                                                                             JL #13104
.delay_slot
       12170    0x17 0xc2 0xfd 0x18                                                                                                                                                        MOVX r1, #-1
.delay_slot
.swstall delay_slot
       12174    0x00 0x00                                                                        NOPX
.delay_slot
.swstall delay_slot
       12176    0x00 0x00                                                                        NOPX
.delay_slot
.swstall delay_slot
       12178    0x00 0x00                                                                        NOPX
.delay_slot
.swstall delay_slot
       12180    0x00 0x2c 0xf0 0x00 0x20 0x00 0x00 0x00 0x00 0xad 0x81 0x36                      NOPA;                         NOPB;                         NOPS;                         NOPX
.return_address
.no_stack_arguments
       12192    0x53 0x91 0x60 0x00 0x06 0x6e 0x00 0x00 0x41 0x3a                                                                                            MOVS p2, p7;                  JL #13168
.delay_slot
       12202    0x33 0x11 0x60 0x00 0x01 0xf4 0x36 0x00 0x11 0x3a                                                                                            MOVS p1, p6;                  MOVXM p0, #515072
.delay_slot
       12212    0x1e 0x64 0xc0 0xf8                                                                                                                                                                                      MOV p6, p2
.delay_slot
.swstall delay_slot
       12216    0x00 0x00                                                                        NOPX
.delay_slot
.swstall delay_slot
       12218    0x00 0x00                                                                        NOPX
.delay_slot
.swstall delay_slot
       12220    0x00 0x01 0x67 0x98                                                              NOPA
.return_address
.no_stack_arguments
       12224    0x06 0x00 0x00 0x00 0x06 0x6a 0x00 0x00 0x40 0xba                                MOVA r0, #48;                                                                             JL #13136
.delay_slot
       12234    0x10 0x02 0x05 0x18                                                                                                                                                        MOVX r1, #1
.delay_slot
.swstall delay_slot
       12238    0x00 0x00                                                                        NOPX
.delay_slot
.swstall delay_slot
       12240    0x00 0x00                                                                        NOPX
.delay_slot
.swstall delay_slot
       12242    0x00 0x00                                                                        NOPX
.delay_slot
.swstall delay_slot
       12244    0x00 0x2c 0xf0 0x00 0x20 0x00 0x00 0x00 0x00 0xad 0x81 0x36                      NOPA;                         NOPB;                         NOPS;                         NOPX
.return_address
.no_stack_arguments
       12256    0x06 0x40 0x00 0x00 0x06 0x6a 0x00 0x00 0x40 0xba                                MOVA r0, #50;                                                                             JL #13136
.delay_slot
       12266    0x10 0x02 0x05 0x18                                                                                                                                                        MOVX r1, #1
.delay_slot
.swstall delay_slot
       12270    0x00 0x00                                                                        NOPX
.delay_slot
.swstall delay_slot
       12272    0x00 0x00                                                                        NOPX
.delay_slot
.swstall delay_slot
       12274    0x00 0x00                                                                        NOPX
.delay_slot
.swstall delay_slot
       12276    0x00 0x2c 0xf0 0x00 0x20 0x00 0x00 0x00 0x00 0xad 0x81 0x36                      NOPA;                         NOPB;                         NOPS;                         NOPX
.return_address
.no_stack_arguments
       12288    0x06 0x60 0x00 0x00 0x06 0x66 0x00 0x00 0x40 0xba                                MOVA r0, #51;                                                                             JL #13104
.delay_slot
       12298    0x17 0xc2 0xfd 0x18                                                                                                                                                        MOVX r1, #-1
.delay_slot
.swstall delay_slot
       12302    0x00 0x00                                                                        NOPX
.delay_slot
.swstall delay_slot
       12304    0x00 0x00                                                                        NOPX
.delay_slot
.swstall delay_slot
       12306    0x00 0x00                                                                        NOPX
.delay_slot
.swstall delay_slot
       12308    0x00 0x2c 0xf0 0x00 0x20 0x00 0x00 0x00 0x00 0xad 0x81 0x36                      NOPA;                         NOPB;                         NOPS;                         NOPX
.return_address
.no_stack_arguments
       12320    0x06 0x20 0x00 0x00 0x06 0x66 0x00 0x00 0x40 0xba                                MOVA r0, #49;                                                                             JL #13104
.delay_slot
       12330    0x17 0xc2 0xfd 0x18                                                                                                                                                        MOVX r1, #-1
.delay_slot
.swstall delay_slot
       12334    0x00 0x00                                                                        NOPX
.delay_slot
.swstall delay_slot
       12336    0x00 0x00                                                                        NOPX
.delay_slot
.swstall delay_slot
       12338    0x00 0x00                                                                        NOPX
.delay_slot
.swstall delay_slot
       12340    0x00 0x2c 0xf0 0x00 0x20 0x00 0x00 0x00 0x00 0xad 0x81 0x36                      NOPA;                         NOPB;                         NOPS;                         NOPX
.return_address
.no_stack_arguments
       12352    0x00 0x19 0xb8 0x00 0x01 0x04                                                                                                                                              JL #13168
.delay_slot
       12358    0x00 0x07 0xc0 0xd4 0x00 0x44                                                                                                                                              MOVXM p0, #510464
.delay_slot
       12364    0x00 0x07 0x92 0xc8 0x00 0x44                                                                                                                                              MOVXM p1, #496640
.delay_slot
       12370    0x1a 0x6c 0xc0 0xf8                                                                                                                                                                                      MOV p2, p6
.delay_slot
.swstall delay_slot
       12374    0x00 0x00                                                                        NOPX
.delay_slot
.swstall delay_slot
       12376    0x00 0x2c 0xf0 0x04 0x00 0x00 0x1c 0x22                                          NOPA;                                                                                                                                                           NOPV
.return_address
.no_stack_arguments
       12384    0x06 0x00 0x00 0x00 0x06 0x6a 0x00 0x00 0x40 0xba                                MOVA r0, #48;                                                                             JL #13136
.delay_slot
       12394    0x10 0x02 0x05 0x18                                                                                                                                                        MOVX r1, #1
.delay_slot
.swstall delay_slot
       12398    0x00 0x00                                                                        NOPX
.delay_slot
.swstall delay_slot
       12400    0x00 0x00                                                                        NOPX
.delay_slot
.swstall delay_slot
       12402    0x00 0x00                                                                        NOPX
.delay_slot
.swstall delay_slot
       12404    0x00 0x2c 0xf0 0x00 0x20 0x00 0x00 0x00 0x00 0xad 0x81 0x36                      NOPA;                         NOPB;                         NOPS;                         NOPX
.return_address
.no_stack_arguments
       12416    0x06 0x20 0x00 0x00 0x06 0x66 0x00 0x00 0x40 0xba                                MOVA r0, #49;                                                                             JL #13104
.delay_slot
       12426    0x17 0xc2 0xfd 0x18                                                                                                                                                        MOVX r1, #-1
.delay_slot
.swstall delay_slot
       12430    0x00 0x00                                                                        NOPX
.delay_slot
.swstall delay_slot
       12432    0x00 0x00                                                                        NOPX
.delay_slot
.swstall delay_slot
       12434    0x00 0x00                                                                        NOPX
.delay_slot
.swstall delay_slot
       12436    0x00 0x2c 0xf0 0x00 0x20 0x00 0x00 0x00 0x00 0xad 0x81 0x36                      NOPA;                         NOPB;                         NOPS;                         NOPX
.return_address
.no_stack_arguments
       12448    0x00 0x19 0xb8 0x00 0x01 0x04                                                                                                                                              JL #13168
.delay_slot
       12454    0x00 0x07 0xd0 0xd8 0x00 0x44                                                                                                                                              MOVXM p0, #515072
.delay_slot
       12460    0x00 0x07 0x92 0xc8 0x00 0x44                                                                                                                                              MOVXM p1, #496640
.delay_slot
       12466    0x1a 0x6c 0xc0 0xf8                                                                                                                                                                                      MOV p2, p6
.delay_slot
.swstall delay_slot
       12470    0x00 0x00                                                                        NOPX
.delay_slot
.swstall delay_slot
       12472    0x00 0x2c 0xf0 0x04 0x00 0x00 0x1c 0x22                                          NOPA;                                                                                                                                                           NOPV
.return_address
.no_stack_arguments
       12480    0x06 0x00 0x00 0x00 0x06 0x6a 0x00 0x00 0x40 0xba                                MOVA r0, #48;                                                                             JL #13136
.delay_slot
       12490    0x10 0x02 0x05 0x18                                                                                                                                                        MOVX r1, #1
.delay_slot
.swstall delay_slot
       12494    0x00 0x00                                                                        NOPX
.delay_slot
.swstall delay_slot
       12496    0x00 0x00                                                                        NOPX
.delay_slot
.swstall delay_slot
       12498    0x00 0x00                                                                        NOPX
.delay_slot
.swstall delay_slot
       12500    0x00 0x2c 0xf0 0x00 0x20 0x00 0x00 0x00 0x00 0xad 0x81 0x36                      NOPA;                         NOPB;                         NOPS;                         NOPX
.return_address
.no_stack_arguments
       12512    0x06 0x20 0x00 0x00 0x06 0x66 0x00 0x00 0x40 0xba                                MOVA r0, #49;                                                                             JL #13104
.delay_slot
       12522    0x17 0xc2 0xfd 0x18                                                                                                                                                        MOVX r1, #-1
.delay_slot
.swstall delay_slot
       12526    0x00 0x00                                                                        NOPX
.delay_slot
.swstall delay_slot
       12528    0x00 0x00                                                                        NOPX
.delay_slot
.swstall delay_slot
       12530    0x00 0x00                                                                        NOPX
.delay_slot
.swstall delay_slot
       12532    0x00 0x2c 0xf0 0x00 0x20 0x00 0x00 0x00 0x00 0xad 0x81 0x36                      NOPA;                         NOPB;                         NOPS;                         NOPX
.return_address
.no_stack_arguments
       12544    0x00 0x19 0xb8 0x00 0x01 0x04                                                                                                                                              JL #13168
.delay_slot
       12550    0x00 0x07 0xc0 0xd4 0x00 0x44                                                                                                                                              MOVXM p0, #510464
.delay_slot
       12556    0x00 0x07 0x92 0xc8 0x00 0x44                                                                                                                                              MOVXM p1, #496640
.delay_slot
       12562    0x1a 0x6c 0xc0 0xf8                                                                                                                                                                                      MOV p2, p6
.delay_slot
.swstall delay_slot
       12566    0x00 0x00                                                                        NOPX
.delay_slot
.swstall delay_slot
       12568    0x00 0x2c 0xf0 0x04 0x00 0x00 0x1c 0x22                                          NOPA;                                                                                                                                                           NOPV
.return_address
.no_stack_arguments
       12576    0x06 0x00 0x00 0x00 0x06 0x6a 0x00 0x00 0x40 0xba                                MOVA r0, #48;                                                                             JL #13136
.delay_slot
       12586    0x10 0x02 0x05 0x18                                                                                                                                                        MOVX r1, #1
.delay_slot
.swstall delay_slot
       12590    0x00 0x00                                                                        NOPX
.delay_slot
.swstall delay_slot
       12592    0x00 0x00                                                                        NOPX
.delay_slot
.swstall delay_slot
       12594    0x00 0x00                                                                        NOPX
.delay_slot
.swstall delay_slot
       12596    0x00 0x2c 0xf0 0x00 0x20 0x00 0x00 0x00 0x00 0xad 0x81 0x36                      NOPA;                         NOPB;                         NOPS;                         NOPX
.return_address
.no_stack_arguments
       12608    0x06 0x20 0x00 0x00 0x06 0x66 0x00 0x00 0x40 0xba                                MOVA r0, #49;                                                                             JL #13104
.delay_slot
       12618    0x17 0xc2 0xfd 0x18                                                                                                                                                        MOVX r1, #-1
.delay_slot
.swstall delay_slot
       12622    0x00 0x00                                                                        NOPX
.delay_slot
.swstall delay_slot
       12624    0x00 0x00                                                                        NOPX
.delay_slot
.swstall delay_slot
       12626    0x00 0x00                                                                        NOPX
.delay_slot
.swstall delay_slot
       12628    0x00 0x2c 0xf0 0x00 0x20 0x00 0x00 0x00 0x00 0xad 0x81 0x36                      NOPA;                         NOPB;                         NOPS;                         NOPX
.return_address
.no_stack_arguments
       12640    0x00 0x19 0xb8 0x00 0x01 0x04                                                                                                                                              JL #13168
.delay_slot
       12646    0x00 0x07 0xd0 0xd8 0x00 0x44                                                                                                                                              MOVXM p0, #515072
.delay_slot
       12652    0x00 0x07 0x92 0xc8 0x00 0x44                                                                                                                                              MOVXM p1, #496640
.delay_slot
       12658    0x1a 0x6c 0xc0 0xf8                                                                                                                                                                                      MOV p2, p6
.delay_slot
.swstall delay_slot
       12662    0x00 0x00                                                                        NOPX
.delay_slot
.swstall delay_slot
       12664    0x00 0x2c 0xf0 0x04 0x00 0x00 0x1c 0x22                                          NOPA;                                                                                                                                                           NOPV
.return_address
.no_stack_arguments
       12672    0x06 0x00 0x00 0x00 0x06 0x6a 0x00 0x00 0x40 0xba                                MOVA r0, #48;                                                                             JL #13136
.delay_slot
       12682    0x10 0x02 0x05 0x18                                                                                                                                                        MOVX r1, #1
.delay_slot
.swstall delay_slot
       12686    0x00 0x00                                                                        NOPX
.delay_slot
.swstall delay_slot
       12688    0x00 0x00                                                                        NOPX
.delay_slot
.swstall delay_slot
       12690    0x00 0x00                                                                        NOPX
.delay_slot
.swstall delay_slot
       12692    0x00 0x2c 0xf0 0x00 0x20 0x00 0x00 0x00 0x00 0xad 0x81 0x36                      NOPA;                         NOPB;                         NOPS;                         NOPX
.return_address
.no_stack_arguments
       12704    0x06 0x20 0x00 0x00 0x06 0x66 0x00 0x00 0x40 0xba                                MOVA r0, #49;                                                                             JL #13104
.delay_slot
       12714    0x17 0xc2 0xfd 0x18                                                                                                                                                        MOVX r1, #-1
.delay_slot
.swstall delay_slot
       12718    0x00 0x00                                                                        NOPX
.delay_slot
.swstall delay_slot
       12720    0x00 0x00                                                                        NOPX
.delay_slot
.swstall delay_slot
       12722    0x00 0x00                                                                        NOPX
.delay_slot
.swstall delay_slot
       12724    0x00 0x2c 0xf0 0x00 0x20 0x00 0x00 0x00 0x00 0xad 0x81 0x36                      NOPA;                         NOPB;                         NOPS;                         NOPX
.return_address
.no_stack_arguments
       12736    0x00 0x19 0xb8 0x00 0x01 0x04                                                                                                                                              JL #13168
.delay_slot
       12742    0x00 0x07 0xc0 0xd4 0x00 0x44                                                                                                                                              MOVXM p0, #510464
.delay_slot
       12748    0x00 0x07 0x92 0xc8 0x00 0x44                                                                                                                                              MOVXM p1, #496640
.delay_slot
       12754    0x1a 0x6c 0xc0 0xf8                                                                                                                                                                                      MOV p2, p6
.delay_slot
.swstall delay_slot
       12758    0x00 0x00                                                                        NOPX
.delay_slot
.swstall delay_slot
       12760    0x00 0x2c 0xf0 0x04 0x00 0x00 0x1c 0x22                                          NOPA;                                                                                                                                                           NOPV
.return_address
.no_stack_arguments
       12768    0x06 0x00 0x00 0x00 0x06 0x6a 0x00 0x00 0x40 0xba                                MOVA r0, #48;                                                                             JL #13136
.delay_slot
       12778    0x10 0x02 0x05 0x18                                                                                                                                                        MOVX r1, #1
.delay_slot
.swstall delay_slot
       12782    0x00 0x00                                                                        NOPX
.delay_slot
.swstall delay_slot
       12784    0x00 0x00                                                                        NOPX
.delay_slot
.swstall delay_slot
       12786    0x00 0x00                                                                        NOPX
.delay_slot
.swstall delay_slot
       12788    0x00 0x2c 0xf0 0x00 0x20 0x00 0x00 0x00 0x00 0xad 0x81 0x36                      NOPA;                         NOPB;                         NOPS;                         NOPX
.return_address
.no_stack_arguments
       12800    0x00 0x19 0x98 0x00 0x01 0x04                                                                                                                                              JL #13104
.delay_slot
       12806    0x06 0x20 0x00 0x00 0x00 0x0b 0x36 0xc0 0x10 0xba                                MOVA r0, #49;                                                                             MOVXM p6, #11648
.delay_slot
       12816    0x17 0xc2 0xfd 0x18                                                                                                                                                        MOVX r1, #-1
.delay_slot
.swstall delay_slot
       12820    0x00 0x00                                                                        NOPX
.delay_slot
.swstall delay_slot
       12822    0x00 0x00                                                                        NOPX
.delay_slot
.swstall delay_slot
       12824    0x00 0x2c 0xf0 0x04 0x00 0x00 0x1c 0x22                                          NOPA;                                                                                                                                                           NOPV
.return_address
.no_stack_arguments
       12832    0x00 0x19 0xb8 0x00 0x01 0x04                                                                                                                                              JL #13168
.delay_slot
       12838    0x00 0x07 0xd0 0xd8 0x00 0x44                                                                                                                                              MOVXM p0, #515072
.delay_slot
       12844    0x00 0x07 0x92 0xc8 0x00 0x44                                                                                                                                              MOVXM p1, #496640
.delay_slot
       12850    0x1a 0x6e 0xc0 0xf8                                                                                                                                                                                      MOV p2, p7
.delay_slot
.swstall delay_slot
       12854    0x00 0x00                                                                        NOPX
.delay_slot
.swstall delay_slot
       12856    0x00 0x2c 0xf0 0x04 0x00 0x00 0x1c 0x22                                          NOPA;                                                                                                                                                           NOPV
.return_address
.no_stack_arguments
       12864    0x06 0x00 0x00 0x00 0x06 0x6a 0x00 0x00 0x40 0xba                                MOVA r0, #48;                                                                             JL #13136
.delay_slot
       12874    0x10 0x02 0x05 0x18                                                                                                                                                        MOVX r1, #1
.delay_slot
.swstall delay_slot
       12878    0x00 0x00                                                                        NOPX
.delay_slot
.swstall delay_slot
       12880    0x00 0x00                                                                        NOPX
.delay_slot
.swstall delay_slot
       12882    0x00 0x00                                                                        NOPX
.delay_slot
.swstall delay_slot
       12884    0x00 0x2c 0xf0 0x00 0x20 0x00 0x00 0x00 0x00 0xad 0x81 0x36                      NOPA;                         NOPB;                         NOPS;                         NOPX
.return_address
.no_stack_arguments
       12896    0x06 0x40 0x00 0x00 0x06 0x6a 0x00 0x00 0x40 0xba                                MOVA r0, #50;                                                                             JL #13136
.delay_slot
       12906    0x10 0x02 0x05 0x18                                                                                                                                                        MOVX r1, #1
.delay_slot
.swstall delay_slot
       12910    0x00 0x00                                                                        NOPX
.delay_slot
.swstall delay_slot
       12912    0x00 0x00                                                                        NOPX
.delay_slot
.swstall delay_slot
       12914    0x00 0x00                                                                        NOPX
.delay_slot
.swstall delay_slot
       12916    0x00 0x2c 0xf0 0x00 0x20 0x00 0x00 0x00 0x00 0xad 0x81 0x36                      NOPA;                         NOPB;                         NOPS;                         NOPX
.return_address
       12928    0x13 0x19 0xa0 0x18                                                                                                                                                        JNZD r12, r12, p6
.delay_slot
.swstall delay_slot
       12932    0x00 0x00                                                                        NOPX
.delay_slot
.swstall delay_slot
       12934    0x00 0x00                                                                        NOPX
.delay_slot
.swstall delay_slot
       12936    0x00 0x00                                                                        NOPX
.delay_slot
.swstall delay_slot
       12938    0x00 0x00                                                                        NOPX
.delay_slot
.swstall delay_slot
       12940    0x00 0x00                                                                        NOPX
.loop_nesting 1
.no_stack_arguments
       12942    0x06 0xa0 0x00 0x00 0x06 0x6a 0x00 0x00 0x40 0xba                                MOVA r0, #53;                                                                             JL #13136
.delay_slot
       12952    0x10 0x02 0x05 0x18                                                                                                                                                        MOVX r1, #1
.delay_slot
.swstall delay_slot
       12956    0x00 0x00                                                                        NOPX
.delay_slot
.swstall delay_slot
       12958    0x00 0x00                                                                        NOPX
.delay_slot
.swstall delay_slot
       12960    0x00 0x00                                                                        NOPX
.delay_slot
.swstall delay_slot
       12962    0x00 0x2c 0xf0 0x02 0xb6 0x00 0x00 0x40 0x1a 0x57 0x00 0x00 0x1c 0x2e            NOPA;                                                       NOPS;                                                       NOPM;                                   NOPV
.return_address
       12976    0xfa 0x46 0x20 0x3f 0x27 0xca 0x08 0x00 0x58 0xba                                LDA r17, [sp, #-48];                                                                      MOVX r18, #-2;                MOV r16, #0
       12986    0x44 0xa5 0x9d 0x20 0x01 0x64                                                                                                                                              LTU r18, r8, r18;             MOV r26, #0
       12992    0x00 0x00                                                                        NOPX
       12994    0x00 0x00                                                                        NOPX
       12996    0x00 0x00                                                                        NOPX
       12998    0x00 0x00                                                                        NOPX
       13000    0x00 0x00                                                                        NOPX
       13002    0x14 0x66 0xd0 0x18                                                                                                                                                        EQZ r19, r17
       13006    0x14 0xe5 0x24 0x98                                                                                                                                                        AND r18, r19, r18
       13010    0x14 0xa1 0x05 0x98                                                                                                                                                        OR r16, r18, r16
       13014    0x80 0x00 0x98 0x40 0x01 0x84                                                                                                                                              JNZ r16, #304
.delay_slot
       13020    0x12 0x10 0x07 0x18                                                                                                                                                        ADD r8, r8, #1
.delay_slot
       13024    0x14 0x63 0xa2 0x98                                                                                                                                                        ADC r17, r17, r26
.delay_slot
.swstall delay_slot
       13028    0x00 0x00                                                                        NOPX
.delay_slot
.swstall delay_slot
       13030    0x00 0x00                                                                        NOPX
.delay_slot
.swstall delay_slot
       13032    0x00 0x00                                                                        NOPX
.loop_nesting 0
       13034    0x07 0xd4 0x39 0x18                                                              LDA lr, [sp, #-44]
       13038    0x07 0xd9 0x11 0x18                                                              LDA r8, [sp, #-40]
       13042    0x07 0xdd 0x91 0x18                                                              LDA r12, [sp, #-36]
       13046    0x07 0xe1 0xb1 0x18                                                              LDA r13, [sp, #-32]
       13050    0x07 0xe9 0xd1 0x18                                                              LDA r14, [sp, #-24]
       13054    0x07 0xf1 0xf1 0x18                                                              LDA r15, [sp, #-16]
       13058    0x07 0xf5 0x31 0x18                                                              LDA r9, [sp, #-12]
       13062    0x07 0xf9 0x51 0x18                                                              LDA r10, [sp, #-8]
       13066    0x07 0xfd 0x71 0x18                                                              LDA r11, [sp, #-4]
       13070    0x07 0xe7 0x19 0x18                                                              LDA p6, [sp, #-28]
       13074    0x07 0xef 0x99 0x18                                                              LDA p7, [sp, #-20]
       13078    0x10 0x28 0x00 0x18                                                                                                                                                        RET lr
.delay_slot
       13082    0xff 0xf8 0x00 0x00 0x01 0xc4                                                                                                                                              PADDXM [sp], #-64
.delay_slot
.swstall delay_slot
       13088    0x00 0x00                                                                        NOPX
.delay_slot
.swstall delay_slot
       13090    0x00 0x00                                                                        NOPX
.delay_slot
.swstall delay_slot
       13092    0x00 0x00                                                                        NOPX
.delay_slot
.swstall delay_slot
       13094    0x00 0x00                                                                        NOPX
.label core_0_5__end

.text_segment PM  13104
.label llvm___aie2p___acquire
.function_start
       13104    0x10 0x12 0x18 0x18                                                                                                                                                        ACQ r0, r1
       13108    0x10 0x28 0x00 0x18                                                                                                                                                        RET lr
.delay_slot
.swstall delay_slot
       13112    0x00 0x00                                                                        NOPX
.delay_slot
.swstall delay_slot
       13114    0x00 0x00                                                                        NOPX
.delay_slot
.swstall delay_slot
       13116    0x00 0x00                                                                        NOPX
.delay_slot
.swstall delay_slot
       13118    0x00 0x00                                                                        NOPX
.delay_slot
.swstall delay_slot
       13120    0x00 0x00                                                                        NOPX
.label llvm___aie2p___acquire__end

.text_segment PM  13136
.label llvm___aie2p___release
.function_start
       13136    0x10 0x10 0x18 0x18                                                                                                                                                        REL r0, r1
       13140    0x10 0x28 0x00 0x18                                                                                                                                                        RET lr
.delay_slot
.swstall delay_slot
       13144    0x00 0x00                                                                        NOPX
.delay_slot
.swstall delay_slot
       13146    0x00 0x00                                                                        NOPX
.delay_slot
.swstall delay_slot
       13148    0x00 0x00                                                                        NOPX
.delay_slot
.swstall delay_slot
       13150    0x00 0x00                                                                        NOPX
.delay_slot
.swstall delay_slot
       13152    0x00 0x00                                                                        NOPX
.label llvm___aie2p___release__end

.text_segment PM  13168
.label matmul_vectorized_bfp16
.function_start
       13168    0x00 0xa2 0x00 0x00 0x01 0xf9 0xb7 0x00 0x10 0xba                                MOVA r2, #5;                                                                              MOVXM p3, #519680
       13178    0x60 0xca 0xd0 0x00 0x80 0x00 0x88 0x40 0x58 0xba                                LDA r18, [p3];                                                                            EVENT #0;                     MOV r4, #64
       13188    0x61 0x93 0x00 0x00 0x00 0x0c 0x7a 0x18 0x10 0xba                                MOVA r19, #780;                                                                           MOVXM ls, #13360
       13198    0x00 0x15 0x00 0x00 0x00 0x0d 0xbb 0x58 0x10 0xba                                MOVA r21, #0;                                                                             MOVXM le, #14000
       13208    0x00 0x18 0x00 0x00 0x04 0x00 0x00 0x00 0x70 0xba                                MOVA r24, #0;                                                                             PADDXM [sp], #128
       13218    0x01 0x03 0x24 0x20 0xe5 0xe4                                                                                                                                              MOVX r4, #6;                  VBCST.8 x4, r4
       13224    0x1a 0xe0 0x72 0xf8                                                                                                                                                                                      VBCST.8 x5, r24
       13228    0x80 0x40 0x20 0xa0 0x20 0x44                                                                                                                                              MOVXM r1, #-2143281136
       13234    0x96 0xc4 0xf1 0x32 0x01 0x24                                                                                                                                              EQ r27, r18, r2;              ADD.NC r2, r18, #1
       13240    0x12 0x02 0x00 0x05 0x4c 0x12 0x2a 0x60 0x78 0xba                                MOVA r2, #144;                                                                            SEL.EQZ r20, r2, r24, r27;    MOV r17, p2
       13250    0x60 0xd2 0x30 0x02 0x01 0x00 0x09 0x00 0x91 0x3a                                                                                            ST r20, [p3];                 MOVXM r0, #134480385
       13260    0x1c 0x2a 0x04 0x38                                                                                                                                                                                      VSEL.8 x8, x5, x4, r1:r0
       13264    0x00 0x07 0xe8 0xdc 0x08 0x44                                                                                                                                              MOVXM p4, #519684
       13270    0x80 0x9c 0x50 0x1f 0xdf 0xdc 0x6f 0xbf 0x90 0xba                                LDA.s8 r7, [p4];                                                                          MOVXM r3, #2139062143
       13280    0x1c 0x03 0x9c 0xf8                                                                                                                                                                                      MOV el8, r3
       13284    0x20 0xd0 0x28 0x87 0x39 0xe4                                                                                                                                              MOVX r3, #288;                MOV eh8, r3
       13290    0x00 0x00 0x0a 0x3b 0x00 0x44                                                                                                                                              MOVXM r20, #3456
       13296    0x00 0x32 0x00 0x25 0x1a 0x30 0x08 0x60 0x78 0xba                                MOVA r18, #1;                                                                             MAC r17, r17, r18, r20;       MOV r0, p0
       13306    0x18 0x52 0xc0 0xf8                                                                                                                                                                                      MOV r1, p1
       13310    0x00 0x00 0x36 0xc8 0x20 0x44                                                                                                                                              MOVXM p3, #13328
       13316    0x00 0x2c 0xf3 0xf5 0x00 0x2c                                                    NOPA;                                                                                     MOVX crRnd, r7
       13322    0x00 0x00 0x03 0xb2 0x00 0x44                                                                                                                                              MOVXM r7, #2304
.label TGT_Fmatmul_vectorized_bfp16_160
.loop_nesting 1
       13328    0x00 0xc5 0x40 0x2b 0x42 0x7e 0xe8 0x10 0x78 0xba                                MOVA lc, #6;                                                                              MUL r20, r21, r4;             MOV r23, r0
       13338    0x3d 0xea 0xca 0xa0 0x01 0x64                                                                                                                                              MAC r23, r23, r7, r21;        MOV r21, #0
       13344    0x10 0xe9 0x4f 0x98                                                                                                                                                        MUL r20, r3, r20
       13348    0x00 0x2c 0xf0 0x00 0x20 0x01 0x5b 0x00 0x25 0xd0 0x70 0xf6                      NOPA;                         NOPB;                         NOPS;                                                       MOV dn0, r23
.label ZLS_Fmatmul_vectorized_bfp16_192
.loop_nesting 2
.begin_of_loop
       13360    0x00 0x00                                                                        NOPX
       13362    0x10 0xad 0x40 0x98                                                                                                                                                        ADD r22, r2, r20
       13366    0x06 0x00 0x20 0xd1 0xb2 0xa4                                                                                                                                              MOVX r24, #0;                 ADD.NC p0, r17, r22
       13372    0x3c 0x14 0x14 0x18                                                                                            VLDB.FILL.512 [p0, lf0, r24]
       13376    0x04 0x05 0xa8 0x01 0x90 0x08 0xb5 0x42 0xa8 0x3a                                                              VLDB.POP.576 ex11, [p0, lf0, r24];                          MOVX r25, #0;                 ADD.NC p1, r21, r1
       13386    0x22 0x81 0x74 0x05 0x28 0x3c                                                    VLDA.FILL.512 [p1, lf1, r25]; VLDB.POP.576 ex10, [p0, lf0, r24]
       13392    0x06 0x00 0xa8 0x01 0x80 0x08 0x30 0x40 0x78 0x3a                                                              VLDB.POP.576 ex1, [p1, lf1, r25];                           MOVX r24, #0;                 MOV p0, dn0
       13402    0xa0 0x19 0x78 0x28 0x28 0x3c                                                    VLDA.POP.576 ex3, [p1, lf1, r25];VLDB.FILL.512 [p0, lf0, r24]
       13408    0xa0 0x29 0x74 0x00 0x28 0x3c                                                    VLDA.POP.576 ex5, [p1, lf1, r25];VLDB.POP.576 ex0, [p0, lf0, r24]
.aggressive_scheduled_block_id 1
.aggressive_scheduled_block_id first
       13414    0xa0 0x39 0x74 0x01 0x28 0x3c                                                    VLDA.POP.576 ex7, [p1, lf1, r25];VLDB.POP.576 ex2, [p0, lf0, r24]
.aggressive_scheduled_block_id 1
.noswbrkpt
       13420    0x3b 0x00 0x54 0x18                                                                                            VLDB.POP.576 ex1, [p1, lf1, r25]
.aggressive_scheduled_block_id 1
.nohwbrkpt
.noswbrkpt
       13424    0x00 0x91 0x62 0x01 0x14 0x01 0x34 0x68 0xa6 0xba                                                              VLDB.POP.576 ex4, [p0, lf0, r24];MOVS dc0, p1;                                            ADD.NC p2, r17, r20
.aggressive_scheduled_block_id 1
.nohwbrkpt
.noswbrkpt
       13434    0x31 0x11 0x64 0x03 0x28 0x01 0x90 0x0b 0x6e 0x50 0x78 0x36                                                    VLDB.POP.576 ex6, [p0, lf0, r24];MOVS p1, p2;               MOVX r25, #0;                 MOV r27, r25
.aggressive_scheduled_block_id 1
.nohwbrkpt
.noswbrkpt
       13446    0x3d 0x14 0x14 0x18                                                                                            VLDB.FILL.512 [p1, lf1, r25]
.aggressive_scheduled_block_id 1
.nohwbrkpt
.noswbrkpt
       13450    0x03 0x01 0x94 0x00 0x99 0xf7 0x09 0x62                                                                        VLDB.POP.576 ex6, [p1, lf1, r25];                                                                                                 VMUL.f dm1, ex11, ex8, r19
.aggressive_scheduled_block_id 1
.nohwbrkpt
.noswbrkpt
       13458    0x03 0x00 0x94 0x00 0x9b 0xf5 0x09 0x62                                                                        VLDB.POP.576 ex2, [p1, lf1, r25];                                                                                                 VMUL.f dm3, ex10, ex8, r19
.aggressive_scheduled_block_id 1
.nohwbrkpt
.noswbrkpt
       13466    0x00 0x00                                                                        NOPX
.aggressive_scheduled_block_id 1
.nohwbrkpt
.noswbrkpt
       13468    0x04 0x82 0x5c 0xe6 0x99 0x24 0x29 0x62                                                                                                                                                                  VMOV ex9, ex1;                          VMAC.f dm1, dm1, ex2, ex1, r19
.aggressive_scheduled_block_id 1
.nohwbrkpt
.noswbrkpt
       13476    0xff 0xdd 0x60 0x02 0x9b 0x64 0x69 0x62                                                                                                      VST lfl1, [sp, #-64];                                                                               VMAC.f dm3, dm3, ex2, ex3, r19
.aggressive_scheduled_block_id 1
.nohwbrkpt
.noswbrkpt
       13484    0x0f 0xfa 0x6b 0x18                                                                                                                          VST lfh1, [sp, #-128]
.aggressive_scheduled_block_id 1
.nohwbrkpt
.noswbrkpt
       13488    0x99 0x2c 0xa9 0x48                                                                                                                                                                                                                              VMAC.f dm1, dm1, ex6, ex5, r19
.aggressive_scheduled_block_id 1
.nohwbrkpt
.noswbrkpt
       13492    0x02 0x00 0x14 0x00 0x9b 0x6c 0xe9 0x62                                                                        VLDB.POP.576 ex0, [p0, lf0, r24];                                                                                                 VMAC.f dm3, dm3, ex6, ex7, r19
.aggressive_scheduled_block_id 1
.nohwbrkpt
.noswbrkpt
       13500    0xff 0x48 0xf2 0x00 0x94 0x1d 0x98 0xed 0x09 0x4a                                VLDA lfh1, [sp, #-128];       VLDB.POP.576 ex2, [p0, lf0, r24];                                                                                                 VMUL.f dm0, ex6, ex8, r19
.aggressive_scheduled_block_id 1
.nohwbrkpt
.noswbrkpt
       13510    0xff 0xd8 0xf3 0x00 0x96 0x00 0x00 0x72 0xed 0x07 0x9a 0xe5 0x09 0x6e            VLDA lfl1, [sp, #-64];                                      MOVS p1, dc0;                                               MOV r25, r27;                           VMUL.f dm2, ex2, ex8, r19
.aggressive_scheduled_block_id 1
.nohwbrkpt
.noswbrkpt
       13524    0x3b 0x00 0xd4 0x18                                                                                            VLDB.POP.576 ex3, [p1, lf1, r25]
.aggressive_scheduled_block_id 1
.nohwbrkpt
.noswbrkpt
       13528    0x02 0x01 0x14 0x00 0x98 0x01 0x29 0x62                                                                        VLDB.POP.576 ex4, [p0, lf0, r24];                                                                                                 VMAC.f dm0, dm0, ex0, ex9, r19
.aggressive_scheduled_block_id 1
.nohwbrkpt
.noswbrkpt
       13536    0xa0 0x29 0x72 0x01 0x94 0x1d 0x9a 0x40 0x69 0x4a                                VLDA.POP.576 ex5, [p1, lf1, r25];VLDB.POP.576 ex6, [p0, lf0, r24];                                                                                              VMAC.f dm2, dm2, ex0, ex3, r19
.aggressive_scheduled_block_id 1
.nohwbrkpt
.noswbrkpt
       13546    0x00 0x00                                                                        NOPX
.aggressive_scheduled_block_id 1
.nohwbrkpt
.noswbrkpt
       13548    0xa0 0x39 0x74 0x14 0x14 0x1d 0x98 0x08 0xa9 0x4a                                VLDA.POP.576 ex7, [p1, lf1, r25];VLDB.FILL.512 [p0, lf0, r24];                                                                                                  VMAC.f dm0, dm0, ex4, ex5, r19
.aggressive_scheduled_block_id 1
.nohwbrkpt
.noswbrkpt
       13558    0x22 0x81 0x72 0x00 0x14 0x1d 0x9a 0x48 0xe9 0x4a                                VLDA.FILL.512 [p1, lf1, r25]; VLDB.POP.576 ex0, [p0, lf0, r24];                                                                                                 VMAC.f dm2, dm2, ex4, ex7, r19
.aggressive_scheduled_block_id 1
.nohwbrkpt
.noswbrkpt
       13568    0xa0 0x09 0x72 0x00 0x94 0x1d 0x99 0x24 0x29 0x4a                                VLDA.POP.576 ex1, [p1, lf1, r25];VLDB.POP.576 ex2, [p0, lf0, r24];                                                                                              VMAC.f dm1, dm1, ex2, ex1, r19
.aggressive_scheduled_block_id 1
.nohwbrkpt
.noswbrkpt
       13578    0x98 0x00 0x29 0x48                                                                                                                                                                                                                              VMAC.f dm0, dm0, ex0, ex1, r19
.aggressive_scheduled_block_id 1
.nohwbrkpt
.noswbrkpt
       13582    0x03 0x00 0xd4 0x00 0x9a 0x40 0x69 0x62                                                                        VLDB.POP.576 ex3, [p1, lf1, r25];                                                                                                 VMAC.f dm2, dm2, ex0, ex3, r19
.aggressive_scheduled_block_id 1
.nohwbrkpt
.noswbrkpt
       13590    0x02 0x01 0x14 0x00 0x9b 0x64 0x69 0x62                                                                        VLDB.POP.576 ex4, [p0, lf0, r24];                                                                                                 VMAC.f dm3, dm3, ex2, ex3, r19
.aggressive_scheduled_block_id 1
.nohwbrkpt
.noswbrkpt
       13598    0xa0 0x29 0x72 0x01 0x94 0x1d 0x99 0x2c 0xa9 0x4a                                VLDA.POP.576 ex5, [p1, lf1, r25];VLDB.POP.576 ex6, [p0, lf0, r24];                                                                                              VMAC.f dm1, dm1, ex6, ex5, r19
.aggressive_scheduled_block_id 1
.nohwbrkpt
.noswbrkpt
       13608    0x98 0x08 0xa9 0x48                                                                                                                                                                                                                              VMAC.f dm0, dm0, ex4, ex5, r19
.aggressive_scheduled_block_id 1
.nohwbrkpt
.noswbrkpt
       13612    0x03 0x01 0xd4 0x00 0x9a 0x48 0xe9 0x62                                                                        VLDB.POP.576 ex7, [p1, lf1, r25];                                                                                                 VMAC.f dm2, dm2, ex4, ex7, r19
.aggressive_scheduled_block_id 1
.nohwbrkpt
.noswbrkpt
       13620    0x02 0x00 0x14 0x00 0x9b 0x6c 0xe9 0x62                                                                        VLDB.POP.576 ex0, [p0, lf0, r24];                                                                                                 VMAC.f dm3, dm3, ex6, ex7, r19
.aggressive_scheduled_block_id 1
.nohwbrkpt
.noswbrkpt
       13628    0xa0 0x09 0x72 0x00 0x94 0x1d 0x99 0x24 0x29 0x4a                                VLDA.POP.576 ex1, [p1, lf1, r25];VLDB.POP.576 ex2, [p0, lf0, r24];                                                                                              VMAC.f dm1, dm1, ex2, ex1, r19
.aggressive_scheduled_block_id 1
.nohwbrkpt
.noswbrkpt
       13638    0x98 0x00 0x29 0x48                                                                                                                                                                                                                              VMAC.f dm0, dm0, ex0, ex1, r19
.aggressive_scheduled_block_id 1
.nohwbrkpt
.noswbrkpt
       13642    0x03 0x00 0xd4 0x00 0x9a 0x40 0x69 0x62                                                                        VLDB.POP.576 ex3, [p1, lf1, r25];                                                                                                 VMAC.f dm2, dm2, ex0, ex3, r19
.aggressive_scheduled_block_id 1
.nohwbrkpt
.noswbrkpt
       13650    0x02 0x01 0x14 0x00 0x9b 0x64 0x69 0x62                                                                        VLDB.POP.576 ex4, [p0, lf0, r24];                                                                                                 VMAC.f dm3, dm3, ex2, ex3, r19
.aggressive_scheduled_block_id 1
.nohwbrkpt
.noswbrkpt
       13658    0xa0 0x29 0x72 0x01 0x94 0x1d 0x99 0x2c 0xa9 0x4a                                VLDA.POP.576 ex5, [p1, lf1, r25];VLDB.POP.576 ex6, [p0, lf0, r24];                                                                                              VMAC.f dm1, dm1, ex6, ex5, r19
.aggressive_scheduled_block_id 1
.nohwbrkpt
.noswbrkpt
       13668    0x98 0x08 0xa9 0x48                                                                                                                                                                                                                              VMAC.f dm0, dm0, ex4, ex5, r19
.aggressive_scheduled_block_id 1
.nohwbrkpt
.noswbrkpt
       13672    0xa0 0x39 0x74 0x14 0x14 0x1d 0x9a 0x48 0xe9 0x4a                                VLDA.POP.576 ex7, [p1, lf1, r25];VLDB.FILL.512 [p0, lf0, r24];                                                                                                  VMAC.f dm2, dm2, ex4, ex7, r19
.aggressive_scheduled_block_id 1
.nohwbrkpt
.noswbrkpt
       13682    0x22 0x81 0x72 0x00 0x14 0x1d 0x9b 0x6c 0xe9 0x4a                                VLDA.FILL.512 [p1, lf1, r25]; VLDB.POP.576 ex0, [p0, lf0, r24];                                                                                                 VMAC.f dm3, dm3, ex6, ex7, r19
.aggressive_scheduled_block_id 1
.nohwbrkpt
.noswbrkpt
       13692    0xa0 0x09 0x72 0x00 0x94 0x1d 0x99 0x24 0x29 0x4a                                VLDA.POP.576 ex1, [p1, lf1, r25];VLDB.POP.576 ex2, [p0, lf0, r24];                                                                                              VMAC.f dm1, dm1, ex2, ex1, r19
.aggressive_scheduled_block_id 1
.nohwbrkpt
.noswbrkpt
       13702    0x98 0x00 0x29 0x48                                                                                                                                                                                                                              VMAC.f dm0, dm0, ex0, ex1, r19
.aggressive_scheduled_block_id 1
.nohwbrkpt
.noswbrkpt
       13706    0x03 0x00 0xd4 0x00 0x9a 0x40 0x69 0x62                                                                        VLDB.POP.576 ex3, [p1, lf1, r25];                                                                                                 VMAC.f dm2, dm2, ex0, ex3, r19
.aggressive_scheduled_block_id 1
.nohwbrkpt
.noswbrkpt
       13714    0x02 0x01 0x14 0x00 0x9b 0x64 0x69 0x62                                                                        VLDB.POP.576 ex4, [p0, lf0, r24];                                                                                                 VMAC.f dm3, dm3, ex2, ex3, r19
.aggressive_scheduled_block_id 1
.nohwbrkpt
.noswbrkpt
       13722    0xa0 0x29 0x72 0x01 0x94 0x1d 0x99 0x2c 0xa9 0x4a                                VLDA.POP.576 ex5, [p1, lf1, r25];VLDB.POP.576 ex6, [p0, lf0, r24];                                                                                              VMAC.f dm1, dm1, ex6, ex5, r19
.aggressive_scheduled_block_id 1
.nohwbrkpt
.noswbrkpt
       13732    0x98 0x08 0xa9 0x48                                                                                                                                                                                                                              VMAC.f dm0, dm0, ex4, ex5, r19
.aggressive_scheduled_block_id 1
.nohwbrkpt
.noswbrkpt
       13736    0x03 0x01 0xd4 0x00 0x9a 0x48 0xe9 0x62                                                                        VLDB.POP.576 ex7, [p1, lf1, r25];                                                                                                 VMAC.f dm2, dm2, ex4, ex7, r19
.aggressive_scheduled_block_id 1
.nohwbrkpt
.noswbrkpt
       13744    0x02 0x00 0x14 0x00 0x9b 0x6c 0xe9 0x62                                                                        VLDB.POP.576 ex0, [p0, lf0, r24];                                                                                                 VMAC.f dm3, dm3, ex6, ex7, r19
.aggressive_scheduled_block_id 1
.nohwbrkpt
.noswbrkpt
       13752    0xa0 0x09 0x72 0x00 0x94 0x1d 0x99 0x24 0x29 0x4a                                VLDA.POP.576 ex1, [p1, lf1, r25];VLDB.POP.576 ex2, [p0, lf0, r24];                                                                                              VMAC.f dm1, dm1, ex2, ex1, r19
.aggressive_scheduled_block_id 1
.nohwbrkpt
.noswbrkpt
       13762    0x98 0x00 0x29 0x48                                                                                                                                                                                                                              VMAC.f dm0, dm0, ex0, ex1, r19
.aggressive_scheduled_block_id 1
.nohwbrkpt
.noswbrkpt
       13766    0x03 0x00 0xd4 0x00 0x9a 0x40 0x69 0x62                                                                        VLDB.POP.576 ex3, [p1, lf1, r25];                                                                                                 VMAC.f dm2, dm2, ex0, ex3, r19
.aggressive_scheduled_block_id 1
.nohwbrkpt
.noswbrkpt
       13774    0x02 0x01 0x14 0x00 0x9b 0x64 0x69 0x62                                                                        VLDB.POP.576 ex4, [p0, lf0, r24];                                                                                                 VMAC.f dm3, dm3, ex2, ex3, r19
.aggressive_scheduled_block_id 1
.nohwbrkpt
.noswbrkpt
       13782    0xa0 0x29 0x72 0x01 0x94 0x1d 0x99 0x2c 0xa9 0x4a                                VLDA.POP.576 ex5, [p1, lf1, r25];VLDB.POP.576 ex6, [p0, lf0, r24];                                                                                              VMAC.f dm1, dm1, ex6, ex5, r19
.aggressive_scheduled_block_id 1
.nohwbrkpt
.noswbrkpt
       13792    0x98 0x08 0xa9 0x48                                                                                                                                                                                                                              VMAC.f dm0, dm0, ex4, ex5, r19
.aggressive_scheduled_block_id 1
.nohwbrkpt
.noswbrkpt
       13796    0xa0 0x39 0x74 0x14 0x14 0x1d 0x9a 0x48 0xe9 0x4a                                VLDA.POP.576 ex7, [p1, lf1, r25];VLDB.FILL.512 [p0, lf0, r24];                                                                                                  VMAC.f dm2, dm2, ex4, ex7, r19
.aggressive_scheduled_block_id 1
.nohwbrkpt
.noswbrkpt
       13806    0x22 0x81 0x72 0x00 0x14 0x1d 0x9b 0x6c 0xe9 0x4a                                VLDA.FILL.512 [p1, lf1, r25]; VLDB.POP.576 ex0, [p0, lf0, r24];                                                                                                 VMAC.f dm3, dm3, ex6, ex7, r19
.aggressive_scheduled_block_id 1
.nohwbrkpt
.noswbrkpt
       13816    0xa0 0x09 0x72 0x00 0x94 0x1d 0x99 0x24 0x29 0x4a                                VLDA.POP.576 ex1, [p1, lf1, r25];VLDB.POP.576 ex2, [p0, lf0, r24];                                                                                              VMAC.f dm1, dm1, ex2, ex1, r19
.aggressive_scheduled_block_id 1
.nohwbrkpt
.noswbrkpt
       13826    0x98 0x00 0x29 0x48                                                                                                                                                                                                                              VMAC.f dm0, dm0, ex0, ex1, r19
.aggressive_scheduled_block_id 1
.nohwbrkpt
.noswbrkpt
       13830    0x03 0x00 0xd4 0x00 0x9a 0x40 0x69 0x62                                                                        VLDB.POP.576 ex3, [p1, lf1, r25];                                                                                                 VMAC.f dm2, dm2, ex0, ex3, r19
.aggressive_scheduled_block_id 1
.nohwbrkpt
.noswbrkpt
       13838    0x9b 0x64 0x69 0x48                                                                                                                                                                                                                              VMAC.f dm3, dm3, ex2, ex3, r19
.aggressive_scheduled_block_id 1
.noswbrkpt
       13842    0xa0 0x29 0x72 0x01 0x14 0x1d 0x99 0x2c 0xa9 0x4a                                VLDA.POP.576 ex5, [p1, lf1, r25];VLDB.POP.576 ex4, [p0, lf0, r24];                                                                                              VMAC.f dm1, dm1, ex6, ex5, r19
.aggressive_scheduled_block_id 1
.nohwbrkpt
.noswbrkpt
       13852    0x02 0x01 0x94 0x00 0x98 0x08 0xa9 0x62                                                                        VLDB.POP.576 ex6, [p0, lf0, r24];                                                                                                 VMAC.f dm0, dm0, ex4, ex5, r19
.aggressive_scheduled_block_id 1
.nohwbrkpt
.noswbrkpt
       13860    0x03 0x01 0xd4 0x00 0x9a 0x48 0xe9 0x62                                                                        VLDB.POP.576 ex7, [p1, lf1, r25];                                                                                                 VMAC.f dm2, dm2, ex4, ex7, r19
.aggressive_scheduled_block_id 1
.nohwbrkpt
.noswbrkpt
       13868    0xa0 0x09 0x72 0x00 0x14 0x1d 0x9b 0x6c 0xe9 0x4a                                VLDA.POP.576 ex1, [p1, lf1, r25];VLDB.POP.576 ex0, [p0, lf0, r24];                                                                                              VMAC.f dm3, dm3, ex6, ex7, r19
.aggressive_scheduled_block_id 1
.nohwbrkpt
.noswbrkpt
       13878    0x99 0x24 0x29 0x48                                                                                                                                                                                                                              VMAC.f dm1, dm1, ex2, ex1, r19
.aggressive_scheduled_block_id 1
.nohwbrkpt
.noswbrkpt
       13882    0x80 0x11 0x73 0x00 0xd4 0x1d 0x98 0x00 0x29 0x4a                                VLDA.POP.576 ex2, [p0, lf0, r24];VLDB.POP.576 ex3, [p1, lf1, r25];                                                                                              VMAC.f dm0, dm0, ex0, ex1, r19
.aggressive_scheduled_block_id 1
.nohwbrkpt
.noswbrkpt
       13892    0xa0 0x29 0x72 0x01 0x14 0x1d 0x9a 0x40 0x69 0x4a                                VLDA.POP.576 ex5, [p1, lf1, r25];VLDB.POP.576 ex4, [p0, lf0, r24];                                                                                              VMAC.f dm2, dm2, ex0, ex3, r19
.aggressive_scheduled_block_id 1
.nohwbrkpt
.noswbrkpt
       13902    0x9b 0x64 0x69 0x48                                                                                                                                                                                                                              VMAC.f dm3, dm3, ex2, ex3, r19
.aggressive_scheduled_block_id 1
.nohwbrkpt
.noswbrkpt
       13906    0x03 0x01 0xd4 0x00 0x98 0x08 0xa9 0x62                                                                        VLDB.POP.576 ex7, [p1, lf1, r25];                                                                                                 VMAC.f dm0, dm0, ex4, ex5, r19
.aggressive_scheduled_block_id 1
.nohwbrkpt
.noswbrkpt
       13914    0x99 0x2c 0xa9 0x48                                                                                                                                                                                                                              VMAC.f dm1, dm1, ex6, ex5, r19
.aggressive_scheduled_block_id 1
.nohwbrkpt
.noswbrkpt
       13918    0x02 0x01 0x94 0x00 0x9a 0x48 0xe9 0x62                                                                        VLDB.POP.576 ex6, [p0, lf0, r24];                                                                                                 VMAC.f dm2, dm2, ex4, ex7, r19
.aggressive_scheduled_block_id 1
.nohwbrkpt
.noswbrkpt
       13926    0x98 0x00 0x29 0x48                                                                                                                                                                                                                              VMAC.f dm0, dm0, ex0, ex1, r19
.aggressive_scheduled_block_id 1
.aggressive_scheduled_block_id last
.nohwbrkpt
.noswbrkpt
       13930    0x9b 0x6c 0xe9 0x48                                                                                                                                                                                                                              VMAC.f dm3, dm3, ex6, ex7, r19
       13934    0x9a 0x40 0x69 0x48                                                                                                                                                                                                                              VMAC.f dm2, dm2, ex0, ex3, r19
       13938    0x98 0x08 0xa9 0x48                                                                                                                                                                                                                              VMAC.f dm0, dm0, ex4, ex5, r19
       13942    0x99 0x24 0x29 0x48                                                                                                                                                                                                                              VMAC.f dm1, dm1, ex2, ex1, r19
       13946    0x9a 0x48 0xe9 0x48                                                                                                                                                                                                                              VMAC.f dm2, dm2, ex4, ex7, r19
       13950    0x9b 0x64 0x69 0x48                                                                                                                                                                                                                              VMAC.f dm3, dm3, ex2, ex3, r19
       13954    0x99 0x2c 0xa9 0x48                                                                                                                                                                                                                              VMAC.f dm1, dm1, ex6, ex5, r19
       13958    0x10 0x34 0x01 0x18                                                                                                                                                        MOVX r26, #0
       13962    0xb0 0x00 0x60 0x02 0x9b 0x6c 0xe9 0x62                                                                                                      VST.PUSH.576.CONV.bfp16ebs8.fp32 dm0, [p2, sf, r26];                                                VMAC.f dm3, dm3, ex6, ex7, r19
       13970    0x09 0x00 0x03 0x18                                                                                                                          VST.FLUSH.512.CONV [p2, sf, r26]
       13974    0x0d 0x81 0x03 0x18                                                                                                                          VST.PUSH.576.CONV.bfp16ebs8.fp32 dm2, [p2, sf, r26]
       13978    0x09 0x00 0x03 0x18                                                                                                                          VST.FLUSH.512.CONV [p2, sf, r26]
       13982    0x0d 0x80 0x83 0x18                                                                                                                          VST.PUSH.576.CONV.bfp16ebs8.fp32 dm1, [p2, sf, r26]
       13986    0x09 0x00 0x03 0x18                                                                                                                          VST.FLUSH.512.CONV [p2, sf, r26]
       13990    0x00 0x2c 0xf5 0x81 0x83 0x00 0x00 0x00 0x00 0x7a                                NOPA;                                                       VST.PUSH.576.CONV.bfp16ebs8.fp32 dm3, [p2, sf, r26];NOPX
.label ZLE_Fmatmul_vectorized_bfp16_832
.end_of_loop
       14000    0x00 0x2c 0xf0 0x00 0x21 0x00 0x03 0x2d 0x41 0x06 0xa9 0xea 0xa8 0x00 0x00 0xe1  NOPA;                         NOPB;                         VST.FLUSH.512.CONV [p2, sf, r26];ADD r20, r22, r2;          ADD.NC r21, r7, r21;                    NOPV
.loop_nesting 1
       14016    0x14 0xa4 0xe0 0x18                                                                                                                                                        JNZD r18, r18, p3
.delay_slot
       14020    0x10 0x2a 0x05 0x18                                                                                                                                                        MOVX r21, #1
.delay_slot
.swstall delay_slot
       14024    0x00 0x00                                                                        NOPX
.delay_slot
.swstall delay_slot
       14026    0x00 0x00                                                                        NOPX
.delay_slot
.swstall delay_slot
       14028    0x00 0x00                                                                        NOPX
.delay_slot
.swstall delay_slot
       14030    0x00 0x00                                                                        NOPX
.loop_nesting 0
       14032    0x10 0x28 0x00 0x18                                                                                                                                                        RET lr
.delay_slot
       14036    0xff 0xf0 0x00 0x00 0x01 0xc4                                                                                                                                              PADDXM [sp], #-128
.delay_slot
.swstall delay_slot
       14042    0x00 0x00                                                                        NOPX
.delay_slot
.swstall delay_slot
       14044    0x00 0x00                                                                        NOPX
.delay_slot
.swstall delay_slot
       14046    0x00 0x00                                                                        NOPX
.delay_slot
.swstall delay_slot
       14048    0x00 0x00                                                                        NOPX
.label matmul_vectorized_bfp16__end

.text_segment PM  14064
.label zero_kernel
.function_start
       14064    0x24 0x05 0x40 0x00 0x22 0x80 0x8b 0x00 0x01 0xf8 0x37 0x02 0x10 0x07 0x00 0xe9  MOVA lc, #288;                NOPB;                         MOVS p2, p0;                  MOVXM p0, #519684;                                                    VCLR dm0
       14080    0x00 0x80 0x50 0x00 0x00 0x0c 0x7b 0xb8 0x10 0xba                                LDA.s8 r0, [p0];                                                                          MOVXM ls, #14192
       14090    0x00 0x1a 0x00 0x00 0x00 0x0d 0xbb 0xc0 0x10 0xba                                MOVA r26, #0;                                                                             MOVXM le, #14208
       14100    0x00 0x2c 0xf0 0x00 0x20 0x00 0x00 0x00 0x00 0xad 0x81 0x36                      NOPA;                         NOPB;                         NOPS;                         NOPX
       14112    0x00 0x2c 0xf0 0x00 0x20 0x01 0x5b 0x00 0x00 0x00 0x01 0xa5 0x78 0x00 0x00 0xe1  NOPA;                         NOPB;                         NOPS;                         NOPX;                         NOPM;                                   NOPV
       14128    0x00 0x2c 0xf0 0x00 0x20 0x01 0x5b 0x00 0x00 0x00 0x01 0xa5 0x78 0x00 0x00 0xe1  NOPA;                         NOPB;                         NOPS;                         NOPX;                         NOPM;                                   NOPV
       14144    0x00 0x2c 0xf0 0x00 0x20 0x01 0x5b 0x00 0x00 0x00 0x01 0xa5 0x78 0x00 0x00 0xe1  NOPA;                         NOPB;                         NOPS;                         NOPX;                         NOPM;                                   NOPV
       14160    0x00 0x2c 0xf0 0x00 0x20 0x01 0x5b 0x00 0x00 0x00 0x01 0xa5 0x78 0x00 0x00 0xe1  NOPA;                         NOPB;                         NOPS;                         NOPX;                         NOPM;                                   NOPV
       14176    0x00 0x2c 0xf0 0x00 0x20 0x01 0x5b 0x01 0xd4 0x00 0x01 0xa5 0x78 0x00 0x00 0xe1  NOPA;                         NOPB;                         NOPS;                         MOVX crRnd, r0;               NOPM;                                   NOPV
.label ZLS_Fzero_kernel_128
.loop_nesting 1
.begin_of_loop
       14192    0x00 0x2c 0xf0 0x00 0x25 0x80 0x03 0x00 0x00 0x00 0x01 0xa5 0x78 0x00 0x00 0xe1  NOPA;                         NOPB;                         VST.PUSH.576.CONV.bfp16ebs8.fp32 dm0, [p2, sf, r26];NOPX;   NOPM;                                   NOPV
.label ZLE_Fzero_kernel_144
.end_of_loop
       14208    0x00 0x2c 0xf0 0x00 0x21 0x00 0x03 0x00 0x00 0x00 0x01 0xa5 0x78 0x00 0x00 0xe1  NOPA;                         NOPB;                         VST.FLUSH.512.CONV [p2, sf, r26];NOPX;                      NOPM;                                   NOPV
.loop_nesting 0
       14224    0x10 0x28 0x00 0x18                                                                                                                                                        RET lr
.delay_slot
.swstall delay_slot
       14228    0x00 0x00                                                                        NOPX
.delay_slot
.swstall delay_slot
       14230    0x00 0x00                                                                        NOPX
.delay_slot
.swstall delay_slot
       14232    0x00 0x00                                                                        NOPX
.delay_slot
.swstall delay_slot
       14234    0x00 0x00                                                                        NOPX
.delay_slot
.swstall delay_slot
       14236    0x00 0x00                                                                        NOPX
.label zero_kernel__end

.text_segment PM  14240
.label _fini
.function_start
       14240    0x00 0x08 0x00 0x00 0x01 0xc4                                                                                                                                              PADDXM [sp], #64
       14246    0xff 0x3a 0xb0 0x00 0x00 0x02 0x08 0x00 0x11 0x3a                                                                                            ST r14, [sp, #-8];            MOVXM r16, #0
       14256    0xfe 0xf3 0xb0 0x00 0x00 0x01 0xc8 0x00 0x11 0x3a                                                                                            ST p7, [sp, #-12];            MOVXM r14, #0
       14266    0x74 0x20 0xfe 0xd0 0x41 0xe4                                                                                                                                              EQ r16, r14, r16;             MOV p7, r16
       14272    0x80 0x1c 0x10 0x40 0x01 0x84                                                                                                                                              JNZ r16, #14368
.delay_slot
       14278    0x0f 0xfd 0xf5 0x98                                                                                                                          ST r15, [sp, #-4]
.delay_slot
       14282    0x0f 0xf0 0x3d 0x98                                                                                                                          ST lr, [sp, #-16]
.delay_slot
.swstall delay_slot
       14286    0x00 0x00                                                                        NOPX
.delay_slot
.swstall delay_slot
       14288    0x00 0x00                                                                        NOPX
.delay_slot
.swstall delay_slot
       14290    0x00 0x2c 0xf0 0x02 0xb6 0x00 0x00 0x40 0x1a 0x57 0x00 0x00 0x1c 0x2e            NOPA;                                                       NOPS;                                                       NOPM;                                   NOPV
.label TGT_F_fini_64
.loop_nesting 1
       14304    0x07 0x1c 0x1e 0x98                                                              LDA p0, [p7], #4
       14308    0x00 0x00                                                                        NOPX
       14310    0x00 0x00                                                                        NOPX
       14312    0x00 0x00                                                                        NOPX
       14314    0x00 0x00                                                                        NOPX
       14316    0x00 0x00                                                                        NOPX
       14318    0x00 0x00                                                                        NOPX
.no_stack_arguments
       14320    0x10 0x30 0x00 0x18                                                                                                                                                        JL p0
.delay_slot
       14324    0x1b 0xde 0xc0 0xf8                                                                                                                                                                                      MOV r15, p7
.delay_slot
.swstall delay_slot
       14328    0x00 0x00                                                                        NOPX
.delay_slot
.swstall delay_slot
       14330    0x00 0x00                                                                        NOPX
.delay_slot
.swstall delay_slot
       14332    0x00 0x00                                                                        NOPX
.delay_slot
.swstall delay_slot
       14334    0x00 0x00                                                                        NOPX
.return_address
       14336    0x13 0xe0 0xe8 0x98                                                                                                                                                        NE r16, r15, r14
       14340    0x80 0x1b 0xf0 0x40 0x01 0x84                                                                                                                                              JNZ r16, #14304
.delay_slot
.swstall delay_slot
       14346    0x00 0x00                                                                        NOPX
.delay_slot
.swstall delay_slot
       14348    0x00 0x00                                                                        NOPX
.delay_slot
.swstall delay_slot
       14350    0x00 0x00                                                                        NOPX
.delay_slot
.swstall delay_slot
       14352    0x00 0x00                                                                        NOPX
.delay_slot
.swstall delay_slot
       14354    0x00 0x2c 0xf0 0x02 0xb6 0x00 0x00 0x40 0x1a 0x57 0x00 0x00 0x1c 0x2e            NOPA;                                                       NOPS;                                                       NOPM;                                   NOPV
.label TGT_F_fini_128
.loop_nesting 0
       14368    0x07 0xf0 0x39 0x18                                                              LDA lr, [sp, #-16]
       14372    0x07 0xf9 0xd1 0x18                                                              LDA r14, [sp, #-8]
       14376    0x07 0xfd 0xf1 0x18                                                              LDA r15, [sp, #-4]
       14380    0x07 0xf7 0x99 0x18                                                              LDA p7, [sp, #-12]
       14384    0x00 0x00                                                                        NOPX
       14386    0x00 0x00                                                                        NOPX
       14388    0x00 0x00                                                                        NOPX
       14390    0x10 0x28 0x00 0x18                                                                                                                                                        RET lr
.delay_slot
       14394    0xff 0xf8 0x00 0x00 0x01 0xc4                                                                                                                                              PADDXM [sp], #-64
.delay_slot
.swstall delay_slot
       14400    0x00 0x00                                                                        NOPX
.delay_slot
.swstall delay_slot
       14402    0x00 0x00                                                                        NOPX
.delay_slot
.swstall delay_slot
       14404    0x00 0x00                                                                        NOPX
.delay_slot
.swstall delay_slot
       14406    0x00 0x00                                                                        NOPX
.label _fini__end

.text_segment PM  14416
.label __cxa_finalize
.function_start
       14416    0xff 0xa1 0x00 0x00 0x02 0x00 0x00 0x00 0x70 0xba                                MOVA r1, #-3;                                                                             PADDXM [sp], #64
       14426    0xfa 0x82 0xb0 0x00 0x41 0x08 0x6d 0xe0 0x79 0x3a                                                                                            ST r0, [sp, #-44];            MOVX r4, #8;                  MOV r3, packSign1
       14436    0xfb 0x0e 0xb0 0x00 0x6e 0x30 0x70 0x02                                                                                                      ST r3, [sp, #-40];                                          MOV r3, unpackSign1
       14444    0xfc 0x0e 0xb0 0x00 0x6a 0x30 0x70 0x02                                                                                                      ST r3, [sp, #-32];                                          MOV r3, unpackSign0
       14452    0xfc 0x8e 0xb0 0x00 0x6c 0x70 0x70 0x02                                                                                                      ST r3, [sp, #-28];                                          MOV r3, crSRSMode
       14460    0xfd 0x8e 0xb0 0x00 0x6b 0xb0 0x70 0x02                                                                                                      ST r3, [sp, #-20];                                          MOV r3, crPackSize
       14468    0xfe 0x8e 0xb0 0x00 0x01 0xf8 0x37 0x14 0x11 0x3a                                                                                            ST r3, [sp, #-12];            MOVXM p0, #519720
       14478    0x00 0x8a 0xd7 0xdc 0x3d 0x80 0x6a 0x70 0x72 0xba                                LDA r2, [p0];                                               ST lr, [sp, #-36];                                          MOV r3, crSat
       14488    0xff 0x8e 0xb0 0x00 0x69 0x70 0x70 0x02                                                                                                      ST r3, [sp, #-4];                                           MOV r3, crUnpackSize
       14496    0x00 0x92 0x30 0x01 0x4c 0x30 0x70 0x02                                                                                                      ST r4, [p0];                                                MOV r10, upsSign1
       14504    0xff 0x0e 0xb0 0x01 0x08 0x30 0x70 0x02                                                                                                      ST r3, [sp, #-8];                                           MOV r8, upsSign0
       14512    0x1b 0x1a 0x60 0xf8                                                                                                                                                                                      MOV r12, vaddSign1
       14516    0x1a 0x52 0x60 0xf8                                                                                                                                                                                      MOV r9, vaddSign0
       14520    0x1a 0xdf 0xc0 0xf8                                                                                                                                                                                      MOV r11, srsSign1
       14524    0x10 0xbc 0x66 0xaf 0x81 0xe4                                                                                                                                              ADD r2, r2, #-8;              MOV r13, srsSign0
       14530    0x13 0x83 0xd0 0xbe 0xc1 0xe4                                                                                                                                              ASHL r14, r2, r1;             MOV r1, crRnd
       14536    0xfe 0x06 0xb0 0x00 0x2e 0x70 0x70 0x02                                                                                                      ST r1, [sp, #-16];                                          MOV r1, crUPSMode
       14544    0xfd 0x06 0xb0 0x01 0xe9 0xe0 0x70 0x02                                                                                                      ST r1, [sp, #-24];                                          MOV r15, packSign0
       14552    0x00 0x07 0xe0 0xbc 0x10 0x44                                                                                                                                              MOVXM r1, #519688
       14558    0x1e 0x60 0x89 0x58                                                                                                                                                                                      ADD.NC p6, r1, r2
       14562    0x00 0x2c 0xf0 0x00 0x20 0x00 0x01 0xf6 0x8f 0x02 0x00 0x2b 0x60 0x7e            NOPA;                         NOPB;                         NOPS;                         MOVXM p7, #14576
.label TGT_F__cxa_finalize_160
.loop_nesting 1
       14576    0x06 0x1c 0x9e 0x98                                                              LDA p1, [p6], #4
       14580    0x06 0xdc 0x1e 0x98                                                              LDA p0, [p6], #-12
       14584    0x00 0x00                                                                        NOPX
       14586    0x00 0x00                                                                        NOPX
       14588    0x00 0x00                                                                        NOPX
       14590    0x00 0x00                                                                        NOPX
       14592    0x00 0x00                                                                        NOPX
.no_stack_arguments
       14594    0x10 0x30 0x40 0x18                                                                                                                                                        JL p1
.delay_slot
.swstall delay_slot
       14598    0x00 0x00                                                                        NOPX
.delay_slot
.swstall delay_slot
       14600    0x00 0x00                                                                        NOPX
.delay_slot
.swstall delay_slot
       14602    0x00 0x00                                                                        NOPX
.delay_slot
.swstall delay_slot
       14604    0x00 0x00                                                                        NOPX
.delay_slot
.swstall delay_slot
       14606    0x00 0x00                                                                        NOPX
.return_address
       14608    0x13 0x9d 0xe0 0x18                                                                                                                                                        JNZD r14, r14, p7
.delay_slot
.swstall delay_slot
       14612    0x00 0x00                                                                        NOPX
.delay_slot
.swstall delay_slot
       14614    0x00 0x00                                                                        NOPX
.delay_slot
.swstall delay_slot
       14616    0x00 0x00                                                                        NOPX
.delay_slot
.swstall delay_slot
       14618    0x00 0x00                                                                        NOPX
.delay_slot
.swstall delay_slot
       14620    0x00 0x00                                                                        NOPX
.loop_nesting 0
       14622    0xfb 0x87 0x20 0x15 0xea 0x02 0x9b 0x10 0x78 0xba                                LDA lr, [sp, #-36];                                                                       MOVX upsSign1, r10;           MOV vaddSign1, r12
       14632    0xfb 0x06 0x20 0x11 0xca 0x00 0x9a 0x50 0x78 0xba                                LDA r1, [sp, #-40];                                                                       MOVX upsSign0, r8;            MOV vaddSign0, r9
       14642    0xfc 0x0a 0x20 0x17 0xe6 0x00 0xf3 0xd0 0x78 0xba                                LDA r2, [sp, #-32];                                                                       MOVX srsSign1, r11;           MOV packSign0, r15
       14652    0xfd 0x82 0x26 0xf1 0x80 0x2c                                                    LDA r0, [sp, #-20];                                                                       MOVX srsSign0, r13
       14658    0x07 0xe4 0xb1 0x18                                                              LDA r5, [sp, #-28]
       14662    0x07 0xf4 0x71 0x18                                                              LDA r3, [sp, #-12]
       14666    0x07 0xfc 0x91 0x18                                                              LDA r4, [sp, #-4]
       14670    0x07 0xf8 0xd1 0x18                                                              LDA r6, [sp, #-8]
       14674    0xfe 0x06 0x20 0xf8 0x80 0x2c                                                    LDA r1, [sp, #-16];                                                                       MOVX packSign1, r1
       14680    0xfd 0x0a 0x21 0x7b 0x80 0x2c                                                    LDA r2, [sp, #-24];                                                                       MOVX unpackSign1, r2
       14686    0xfa 0x82 0x20 0x76 0x00 0x2c                                                    LDA r0, [sp, #-44];                                                                       MOVX crSRSMode, r0
       14692    0x05 0x00 0x04 0x65 0x41 0xe4                                                                                                                                              RET lr;                       MOV unpackSign0, r5
.delay_slot
       14698    0xff 0xf8 0x00 0x00 0x01 0xc4                                                                                                                                              PADDXM [sp], #-64
.delay_slot
       14704    0x1f 0x40 0x04 0xe4 0x41 0xe4                                                                                                                                              MOVX crPackSize, r3;          MOV crSat, r4
.delay_slot
       14710    0x11 0xbc 0x80 0x18                                                                                                                                                        MOVX crUnpackSize, r6
.delay_slot
       14714    0x10 0x7a 0x80 0x18                                                                                                                                                        MOVX crRnd, r1
.delay_slot
       14718    0x10 0xbc 0x00 0x18                                                                                                                                                        MOVX crUPSMode, r2
.label __cxa_finalize__end

.bss_segment DMb 519680	    4

.bss_segment DMb 519684	    1

.data_segment DMb 519688
.label _ZL7atexits
	0xa0
	0x37
	0x0
	0x0
	0x0
	0x0
	0x0
	0x0
	0x0
	0x0
	0x0
	0x0
	0x0
	0x0
	0x0
	0x0
	0x0
	0x0
	0x0
	0x0
	0x0
	0x0
	0x0
	0x0
	0x0
	0x0
	0x0
	0x0
	0x0
	0x0
	0x0
	0x0
.label _ZL10atexit_cnt
	0x8
	0x0
	0x0
	0x0

.stack DM_stack 458752 462080
