
// File generated by darts version V-2024.06#8be6237c82#250729, Sun Jun 28 22:36:56 2026
// Copyright 2014-2024 Synopsys, Inc. All rights reserved.
// darts -I/home/bcloud/torch2aie/toolchain/aietools/data/aie2p/lib -d -h -I/home/bcloud/torch2aie/toolchain/aietools/include -I/home/bcloud/torch2aie/toolchain/aietools/data/aie2p/lib/runtime_cxx/libcxx-lite/include -I/home/bcloud/torch2aie/toolchain/aietools/data/aie2p/lib/runtime_cxx/libs/libcxx-16/include -I/home/bcloud/torch2aie/toolchain/aietools/data/aie2p/lib/runtime_cxx/libs/libcxxabi-16/include -I/home/bcloud/torch2aie/toolchain/aietools/data/aie2p/lib/runtime/include -D__AIENGINE__ -D__AIE_ARCH__=21 -D__AIEARCH__=21 -D__tct_tgt__=250729 -L +Ihex +nanno +u /home/bcloud/torch2aie/examples/gemm_asymmetric_tile_buffering/config2/build_40col/aie_10col.mlir.prj/main_core_0_2.elf me

// Release: ipp V-2024.06-TGT-250729

.text_segment PM      0
.entry_point
.label __AIE_ARCH_MODEL_VERSION__21011400__inlined__1__me_basic___main_init_
.label _main_init
.function_start
           0    0x00 0x07 0x09 0xe0 0x00 0x44                                                                                                                                              MOVXM sp, #458752
           6    0x00 0x00 0x04 0x20 0x00 0x44                                                                                                                                              MOVXM r8, #0
          12    0x00 0x00 0x08 0x20 0x00 0x44                                                                                                                                              MOVXM r16, #0
          18    0x12 0x21 0x07 0x98                                                                                                                                                        EQ r16, r8, r16
          22    0x80 0x00 0x40 0x40 0x01 0x84                                                                                                                                              JNZ r16, #128
.delay_slot
.swstall delay_slot
          28    0x00 0x00                                                                        NOPX
.delay_slot
.swstall delay_slot
          30    0x00 0x00                                                                        NOPX
.delay_slot
.swstall delay_slot
          32    0x00 0x00                                                                        NOPX
.delay_slot
.swstall delay_slot
          34    0x00 0x00                                                                        NOPX
.delay_slot
.swstall delay_slot
          36    0x00 0x00                                                                        NOPX
          38    0x00 0x2c 0xf7 0x80 0x8b 0x01 0x28 0x50 0x72 0xba                                NOPA;                                                       MOVS p7, p0;                                                MOV r9, r1
          48    0x00 0x2c 0xf0 0x00 0x20 0x01 0x5b 0x3f 0xff 0xff 0x37 0xfe 0x10 0x00 0x00 0xe1  NOPA;                         NOPB;                         NOPS;                         MOVXM p6, #-4;                                                        NOPV
.label TGT_F_main_init_64
.loop_nesting 1
          64    0xdf 0x83 0xd5 0x39 0x81 0xd4                                                    LDA p0, [p6], #-4;                                                                                                      MOV r10, p6
          70    0x00 0x00                                                                        NOPX
          72    0x00 0x00                                                                        NOPX
          74    0x00 0x00                                                                        NOPX
          76    0x00 0x00                                                                        NOPX
          78    0x00 0x00                                                                        NOPX
          80    0x00 0x00                                                                        NOPX
.no_stack_arguments
          82    0x10 0x30 0x00 0x18                                                                                                                                                        JL p0
.delay_slot
.swstall delay_slot
          86    0x00 0x00                                                                        NOPX
.delay_slot
.swstall delay_slot
          88    0x00 0x00                                                                        NOPX
.delay_slot
.swstall delay_slot
          90    0x00 0x00                                                                        NOPX
.delay_slot
.swstall delay_slot
          92    0x00 0x00                                                                        NOPX
.delay_slot
.swstall delay_slot
          94    0x00 0x00                                                                        NOPX
.return_address
          96    0x12 0xa0 0x88 0x98                                                                                                                                                        NE r16, r10, r8
         100    0x80 0x00 0x20 0x40 0x01 0x84                                                                                                                                              JNZ r16, #64
.delay_slot
.swstall delay_slot
         106    0x00 0x00                                                                        NOPX
.delay_slot
.swstall delay_slot
         108    0x00 0x00                                                                        NOPX
.delay_slot
.swstall delay_slot
         110    0x00 0x00                                                                        NOPX
.delay_slot
.swstall delay_slot
         112    0x00 0x00                                                                        NOPX
.delay_slot
.swstall delay_slot
         114    0x00 0x00                                                                        NOPX
.loop_nesting 0
         116    0x00 0x2c 0xf0 0x00 0x20 0x9c 0x8b 0x00 0x2a 0x50 0x70 0xf6                      NOPA;                         NOPB;                         MOVS p0, p7;                                                MOV r1, r9
.label TGT_F_main_init_128
.no_stack_arguments
         128    0x00 0x00 0x70 0x00 0x01 0x04                                                                                                                                              JL #224
.delay_slot
.swstall delay_slot
         134    0x00 0x00                                                                        NOPX
.delay_slot
.swstall delay_slot
         136    0x00 0x00                                                                        NOPX
.delay_slot
.swstall delay_slot
         138    0x00 0x00                                                                        NOPX
.delay_slot
.swstall delay_slot
         140    0x00 0x00                                                                        NOPX
.delay_slot
.swstall delay_slot
         142    0x00 0x00                                                                        NOPX
.return_address
.no_stack_arguments
         144    0x00 0x0b 0x80 0x00 0x01 0x04                                                                                                                                              JL #5888
.delay_slot
         150    0x18 0x60 0x00 0xb8                                                                                                                                                                                      MOV p0, #0
.delay_slot
.swstall delay_slot
         154    0x00 0x00                                                                        NOPX
.delay_slot
.swstall delay_slot
         156    0x00 0x00                                                                        NOPX
.delay_slot
.swstall delay_slot
         158    0x00 0x00                                                                        NOPX
.delay_slot
.swstall delay_slot
         160    0x00 0x2c 0xf0 0x00 0x20 0x01 0x5b 0x00 0x00 0x00 0x01 0xa5 0x78 0x00 0x00 0xe1  NOPA;                         NOPB;                         NOPS;                         NOPX;                         NOPM;                                   NOPV
.return_address
.swstall chess_separator_scheduler
         176    0x00 0x00                                                                        NOPX
.swstall chess_separator_scheduler
         178    0x00 0x00                                                                        NOPX
.swstall chess_separator_scheduler
         180    0x00 0x00                                                                        NOPX
.swstall chess_separator_scheduler
         182    0x00 0x00                                                                        NOPX
.swstall chess_separator_scheduler
         184    0x00 0x00                                                                        NOPX
.swstall chess_separator_scheduler
         186    0x00 0x00                                                                        NOPX
         188    0x10 0x08 0x00 0x18                                                                                                                                                        DONE
.swstall chess_separator_scheduler
         192    0x00 0x00                                                                        NOPX
.swstall chess_separator_scheduler
         194    0x00 0x00                                                                        NOPX
.swstall chess_separator_scheduler
         196    0x00 0x00                                                                        NOPX
.swstall chess_separator_scheduler
         198    0x00 0x00                                                                        NOPX
.swstall chess_separator_scheduler
         200    0x00 0x00                                                                        NOPX
.swstall chess_separator_scheduler
         202    0x00 0x00                                                                        NOPX
.swstall for_chess_exit
.exit
         204    0x00 0x01 0x67 0x98                                                              NOPA
.label TGT_F_main_init_208
.loop_nesting 1
         208    0x00 0x00 0x68 0x00 0x00 0x84                                                                                                                                              J #208
.delay_slot
.swstall delay_slot
         214    0x00 0x00                                                                        NOPX
.delay_slot
.swstall delay_slot
         216    0x00 0x00                                                                        NOPX
.delay_slot
.swstall delay_slot
         218    0x00 0x00                                                                        NOPX
.delay_slot
.swstall delay_slot
         220    0x00 0x00                                                                        NOPX
.delay_slot
.swstall delay_slot
         222    0x00 0x00                                                                        NOPX
.label _main_init__end
.label core_0_2
.function_start
         224    0x00 0x18 0x02 0x9c 0x8b 0x00 0x02 0x00 0x00 0x00 0x70 0x76                      MOVA r24, #0;                                               MOVS p2, p7;                  PADDXM [sp], #64
         236    0x00 0x13 0x07 0xd3 0x15 0x80 0x01 0xfb 0xb2 0x80 0x10 0x76                      MOVA r19, #0;                                               ST r24, [sp, #-48];           MOVXM p7, #517376
         248    0xe3 0xe2 0x30 0x00 0x0b 0xd0 0x70 0x02                                                                                                      ST r24, [p7], #4;                                           MOV r0, r15
         256    0xe0 0xe2 0x30 0x00 0xe0 0x28 0x4b 0x90 0x79 0x3a                                                                                            ST r24, [p7];                 MOVX r14, #1;                 MOV r2, r14
         266    0xff 0x82 0xb0 0x00 0x8b 0x50 0x70 0x02                                                                                                      ST r0, [sp, #-4];                                           MOV r4, r13
         274    0xff 0x0a 0xb0 0x00 0x2b 0x10 0x70 0x02                                                                                                      ST r2, [sp, #-8];                                           MOV r1, r12
         282    0xfe 0x92 0xb0 0x00 0xaa 0xd0 0x70 0x02                                                                                                      ST r4, [sp, #-12];                                          MOV r5, r11
         290    0xfe 0x06 0xb0 0x00 0x6a 0x90 0x70 0x02                                                                                                      ST r1, [sp, #-16];                                          MOV r3, r10
         298    0xfd 0x16 0xb0 0x00 0x01 0xf5 0x49 0x80 0x11 0x3a                                                                                            ST r5, [sp, #-24];            MOVXM r10, #512768
         308    0xfc 0x0e 0xb0 0x00 0x01 0xf1 0x68 0x80 0x11 0x3a                                                                                            ST r3, [sp, #-32];            MOVXM r11, #508160
         318    0x0f 0xdd 0x35 0x98                                                                                                                          ST r9, [sp, #-36]
         322    0x0f 0xd9 0x15 0x98                                                                                                                          ST r8, [sp, #-40]
         326    0x0f 0xed 0x1d 0x98                                                                                                                          ST p2, [sp, #-20]
         330    0x0f 0xe7 0x1d 0x98                                                                                                                          ST p6, [sp, #-28]
         334    0x0f 0xd4 0x3d 0x98                                                                                                                          ST lr, [sp, #-44]
         338    0x00 0x2c 0xfe 0x2e 0x23 0x00 0x00 0x40 0x1a 0x57 0x00 0x00 0x1c 0x2e            NOPA;                                                       ST r24, [p7, #4];                                           NOPM;                                   NOPV
.label TGT_Fcore_0_2_128
.loop_nesting 1
.no_stack_arguments
         352    0xff 0xe1 0x00 0x00 0x02 0x3c 0x00 0x00 0x40 0xba                                MOVA r1, #-1;                                                                             JL #4576
.delay_slot
         362    0x10 0x00 0xd1 0x18                                                                                                                                                        MOVX r0, #52
.delay_slot
         366    0x0f 0xce 0x75 0x98                                                                                                                          ST r19, [sp, #-52]
.delay_slot
.swstall delay_slot
         370    0x00 0x00                                                                        NOPX
.delay_slot
.swstall delay_slot
         372    0x00 0x00                                                                        NOPX
.delay_slot
.swstall delay_slot
         374    0x00 0x2c 0xf0 0x00 0x10 0x00 0x01 0xa5 0x7e 0xba                                NOPA;                         NOPB;                                                                                     NOPM
.return_address
.no_stack_arguments
         384    0x00 0x0a 0xd0 0x00 0x01 0x04                                                                                                                                              JL #5536
.delay_slot
         390    0x00 0x07 0x00 0xc8 0x00 0x44                                                                                                                                              MOVXM p0, #459776
.delay_slot
.swstall delay_slot
         396    0x00 0x00                                                                        NOPX
.delay_slot
.swstall delay_slot
         398    0x00 0x00                                                                        NOPX
.delay_slot
.swstall delay_slot
         400    0x00 0x00                                                                        NOPX
.delay_slot
.swstall delay_slot
         402    0x00 0x2c 0xf0 0x02 0xb6 0x00 0x00 0x40 0x1a 0x57 0x00 0x00 0x1c 0x2e            NOPA;                                                       NOPS;                                                       NOPM;                                   NOPV
.return_address
         416    0x00 0x2c 0xf0 0x00 0x20 0x01 0x5b 0x00 0x83 0xe8 0x2f 0xff 0x58 0x00 0x00 0xe1  NOPA;                         NOPB;                         NOPS;                         MOVX r8, #31;                 MOV r1, #-1;                            NOPV
.label TGT_Fcore_0_2_208
.loop_nesting 2
.no_stack_arguments
         432    0x00 0x08 0xf0 0x00 0x01 0x04                                                                                                                                              JL #4576
.delay_slot
         438    0x10 0x00 0xcd 0x18                                                                                                                                                        MOVX r0, #51
.delay_slot
.swstall delay_slot
         442    0x00 0x00                                                                        NOPX
.delay_slot
.swstall delay_slot
         444    0x00 0x00                                                                        NOPX
.delay_slot
.swstall delay_slot
         446    0x00 0x00                                                                        NOPX
.delay_slot
.swstall delay_slot
         448    0x00 0x2c 0xf0 0x00 0x20 0x01 0x5b 0x00 0x00 0x00 0x01 0xa5 0x78 0x00 0x00 0xe1  NOPA;                         NOPB;                         NOPS;                         NOPX;                         NOPM;                                   NOPV
.return_address
         464    0xe0 0xca 0xd0 0x3e 0x17 0xe8 0x08 0x31 0x58 0xba                                LDA r18, [p7];                                                                            MOVX r1, #-1;                 MOV r0, #49
         474    0x00 0x00                                                                        NOPX
         476    0x00 0x00                                                                        NOPX
.no_stack_arguments
         478    0x00 0x08 0xf0 0x00 0x01 0x04                                                                                                                                              JL #4576
.delay_slot
         484    0x00 0x07 0x88 0x36 0x00 0x44                                                                                                                                              MOVXM r16, #494336
.delay_slot
         490    0x00 0x07 0x58 0xaa 0x00 0x44                                                                                                                                              MOVXM r17, #480512
.delay_slot
.swstall delay_slot
         496    0x00 0x00                                                                        NOPX
.delay_slot
         498    0x13 0xb7 0x27 0x98                                                                                                                                                        EQ r27, r14, r18
.delay_slot
         502    0x00 0x2c 0xf0 0x01 0x5b 0x00 0x04 0x5f 0x02 0x7a                                NOPA;                                                       NOPS;                         SEL.EQZ r15, r17, r16, r27
.return_address
         512    0xe2 0xc2 0xd2 0xcf 0x41 0xd4                                                    LDA r16, [p7, #4];                                                                                                      MOV p1, r15
         518    0x1e 0x62 0xc0 0xf8                                                                                                                                                                                      MOV p6, p1
         522    0x00 0x00                                                                        NOPX
         524    0x00 0x00                                                                        NOPX
.no_stack_arguments
         526    0x00 0x09 0x10 0x00 0x01 0x04                                                                                                                                              JL #4640
.delay_slot
         532    0x00 0x07 0x04 0xc8 0x00 0x44                                                                                                                                              MOVXM p2, #459776
.delay_slot
.swstall delay_slot
         538    0x00 0x00                                                                        NOPX
.delay_slot
         540    0x13 0xb7 0x07 0x98                                                                                                                                                        EQ r27, r14, r16
.delay_slot
         544    0x12 0xe0 0xa2 0x18                                                                                                                                                        SEL.EQZ r16, r11, r10, r27
.delay_slot
         548    0x00 0x2c 0xf0 0x00 0x20 0x01 0x5b 0x00 0x34 0x10 0x70 0xf6                      NOPA;                         NOPB;                         NOPS;                                                       MOV p0, r16
.return_address
.no_stack_arguments
         560    0x06 0x00 0x00 0x00 0x02 0x40 0x00 0x00 0x40 0xba                                MOVA r0, #48;                                                                             JL #4608
.delay_slot
         570    0x10 0x02 0x05 0x18                                                                                                                                                        MOVX r1, #1
.delay_slot
         574    0x10 0x1a 0x05 0x18                                                                                                                                                        MOVX r13, #1
.delay_slot
.swstall delay_slot
         578    0x00 0x00                                                                        NOPX
.delay_slot
.swstall delay_slot
         580    0x00 0x00                                                                        NOPX
.delay_slot
.swstall delay_slot
         582    0x00 0x2c 0xf0 0x00 0x10 0x00 0x01 0xa5 0x7e 0xba                                NOPA;                         NOPB;                                                                                     NOPM
.return_address
         592    0xe2 0xc2 0xd0 0x3e 0x17 0xe8 0x08 0x31 0x58 0xba                                LDA r16, [p7, #4];                                                                        MOVX r1, #-1;                 MOV r0, #49
         602    0x00 0x00                                                                        NOPX
         604    0x00 0x00                                                                        NOPX
         606    0x00 0x00                                                                        NOPX
         608    0x00 0x00                                                                        NOPX
.no_stack_arguments
         610    0x00 0x08 0xf0 0x00 0x01 0x04                                                                                                                                              JL #4576
.delay_slot
.swstall delay_slot
         616    0x00 0x00                                                                        NOPX
.delay_slot
         618    0x14 0x20 0x07 0x18                                                                                                                                                        ADD r16, r16, #1
.delay_slot
         622    0x6e 0xe1 0x58 0xb0 0xfe 0x24                                                                                                                                              LT r27, r13, r16;             ADD.NC r17, r16, #-2
.delay_slot
         628    0x14 0x21 0x12 0x18                                                                                                                                                        SEL.EQZ r16, r16, r17, r27
.delay_slot
         632    0xe2 0xc2 0x30 0x00 0x01 0xa5 0x70 0x02                                                                                                      ST r16, [p7, #4];                                           NOPM
.return_address
         640    0xe2 0xc2 0xd2 0xd9 0x81 0xd4                                                    LDA r16, [p7, #4];                                                                                                      MOV p1, p6
         646    0x00 0x00                                                                        NOPX
         648    0x00 0x00                                                                        NOPX
         650    0x00 0x00                                                                        NOPX
.no_stack_arguments
         652    0x00 0x09 0x10 0x00 0x01 0x04                                                                                                                                              JL #4640
.delay_slot
         658    0x00 0x07 0x04 0xc8 0x00 0x44                                                                                                                                              MOVXM p2, #459776
.delay_slot
.swstall delay_slot
         664    0x00 0x00                                                                        NOPX
.delay_slot
         666    0x13 0x77 0x07 0x98                                                                                                                                                        EQ r27, r13, r16
.delay_slot
         670    0x12 0xe0 0xa2 0x18                                                                                                                                                        SEL.EQZ r16, r11, r10, r27
.delay_slot
         674    0x00 0x2c 0xf0 0x02 0xb6 0x00 0x00 0x43 0x41 0x07 0x00 0x00 0x1c 0x2e            NOPA;                                                       NOPS;                                                       MOV p0, r16;                            NOPV
.return_address
.no_stack_arguments
         688    0x06 0x00 0x00 0x00 0x02 0x40 0x00 0x00 0x40 0xba                                MOVA r0, #48;                                                                             JL #4608
.delay_slot
         698    0x10 0x02 0x05 0x18                                                                                                                                                        MOVX r1, #1
.delay_slot
.swstall delay_slot
         702    0x00 0x00                                                                        NOPX
.delay_slot
.swstall delay_slot
         704    0x00 0x00                                                                        NOPX
.delay_slot
.swstall delay_slot
         706    0x00 0x00                                                                        NOPX
.delay_slot
.swstall delay_slot
         708    0x00 0x2c 0xf0 0x00 0x20 0x00 0x00 0x00 0x00 0xad 0x81 0x36                      NOPA;                         NOPB;                         NOPS;                         NOPX
.return_address
         720    0xe2 0xc2 0xd0 0x3e 0x17 0xe8 0x08 0x31 0x58 0xba                                LDA r16, [p7, #4];                                                                        MOVX r1, #-1;                 MOV r0, #49
         730    0x00 0x00                                                                        NOPX
         732    0x00 0x00                                                                        NOPX
         734    0x00 0x00                                                                        NOPX
         736    0x00 0x00                                                                        NOPX
.no_stack_arguments
         738    0x00 0x08 0xf0 0x00 0x01 0x04                                                                                                                                              JL #4576
.delay_slot
.swstall delay_slot
         744    0x00 0x00                                                                        NOPX
.delay_slot
         746    0x14 0x20 0x07 0x18                                                                                                                                                        ADD r16, r16, #1
.delay_slot
         750    0x6e 0xe1 0x58 0xb0 0xfe 0x24                                                                                                                                              LT r27, r13, r16;             ADD.NC r17, r16, #-2
.delay_slot
         756    0x14 0x21 0x12 0x18                                                                                                                                                        SEL.EQZ r16, r16, r17, r27
.delay_slot
         760    0xe2 0xc2 0x30 0x00 0x01 0xa5 0x70 0x02                                                                                                      ST r16, [p7, #4];                                           NOPM
.return_address
         768    0xe2 0xc2 0xd2 0xd9 0x81 0xd4                                                    LDA r16, [p7, #4];                                                                                                      MOV p1, p6
         774    0x00 0x00                                                                        NOPX
         776    0x00 0x00                                                                        NOPX
         778    0x00 0x00                                                                        NOPX
.no_stack_arguments
         780    0x00 0x09 0x10 0x00 0x01 0x04                                                                                                                                              JL #4640
.delay_slot
         786    0x00 0x07 0x04 0xc8 0x00 0x44                                                                                                                                              MOVXM p2, #459776
.delay_slot
.swstall delay_slot
         792    0x00 0x00                                                                        NOPX
.delay_slot
         794    0x13 0x77 0x07 0x98                                                                                                                                                        EQ r27, r13, r16
.delay_slot
         798    0x12 0xe0 0xa2 0x18                                                                                                                                                        SEL.EQZ r16, r11, r10, r27
.delay_slot
         802    0x00 0x2c 0xf0 0x02 0xb6 0x00 0x00 0x43 0x41 0x07 0x00 0x00 0x1c 0x2e            NOPA;                                                       NOPS;                                                       MOV p0, r16;                            NOPV
.return_address
.no_stack_arguments
         816    0x06 0x00 0x00 0x00 0x02 0x40 0x00 0x00 0x40 0xba                                MOVA r0, #48;                                                                             JL #4608
.delay_slot
         826    0x10 0x02 0x05 0x18                                                                                                                                                        MOVX r1, #1
.delay_slot
.swstall delay_slot
         830    0x00 0x00                                                                        NOPX
.delay_slot
.swstall delay_slot
         832    0x00 0x00                                                                        NOPX
.delay_slot
.swstall delay_slot
         834    0x00 0x00                                                                        NOPX
.delay_slot
.swstall delay_slot
         836    0x00 0x2c 0xf0 0x00 0x20 0x00 0x00 0x00 0x00 0xad 0x81 0x36                      NOPA;                         NOPB;                         NOPS;                         NOPX
.return_address
         848    0xe2 0xc2 0xd0 0x3e 0x17 0xe8 0x08 0x31 0x58 0xba                                LDA r16, [p7, #4];                                                                        MOVX r1, #-1;                 MOV r0, #49
         858    0x00 0x00                                                                        NOPX
         860    0x00 0x00                                                                        NOPX
         862    0x00 0x00                                                                        NOPX
         864    0x00 0x00                                                                        NOPX
.no_stack_arguments
         866    0x00 0x08 0xf0 0x00 0x01 0x04                                                                                                                                              JL #4576
.delay_slot
.swstall delay_slot
         872    0x00 0x00                                                                        NOPX
.delay_slot
         874    0x14 0x20 0x07 0x18                                                                                                                                                        ADD r16, r16, #1
.delay_slot
         878    0x6e 0xe1 0x58 0xb0 0xfe 0x24                                                                                                                                              LT r27, r13, r16;             ADD.NC r17, r16, #-2
.delay_slot
         884    0x14 0x21 0x12 0x18                                                                                                                                                        SEL.EQZ r16, r16, r17, r27
.delay_slot
         888    0xe2 0xc2 0x30 0x00 0x01 0xa5 0x70 0x02                                                                                                      ST r16, [p7, #4];                                           NOPM
.return_address
         896    0xe2 0xc2 0xd2 0xd9 0x81 0xd4                                                    LDA r16, [p7, #4];                                                                                                      MOV p1, p6
         902    0x00 0x00                                                                        NOPX
         904    0x00 0x00                                                                        NOPX
         906    0x00 0x00                                                                        NOPX
.no_stack_arguments
         908    0x00 0x09 0x10 0x00 0x01 0x04                                                                                                                                              JL #4640
.delay_slot
         914    0x00 0x07 0x04 0xc8 0x00 0x44                                                                                                                                              MOVXM p2, #459776
.delay_slot
.swstall delay_slot
         920    0x00 0x00                                                                        NOPX
.delay_slot
         922    0x13 0x77 0x07 0x98                                                                                                                                                        EQ r27, r13, r16
.delay_slot
         926    0x12 0xe0 0xa2 0x18                                                                                                                                                        SEL.EQZ r16, r11, r10, r27
.delay_slot
         930    0x00 0x2c 0xf0 0x02 0xb6 0x00 0x00 0x43 0x41 0x07 0x00 0x00 0x1c 0x2e            NOPA;                                                       NOPS;                                                       MOV p0, r16;                            NOPV
.return_address
.no_stack_arguments
         944    0x06 0x00 0x00 0x00 0x02 0x40 0x00 0x00 0x40 0xba                                MOVA r0, #48;                                                                             JL #4608
.delay_slot
         954    0x10 0x02 0x05 0x18                                                                                                                                                        MOVX r1, #1
.delay_slot
.swstall delay_slot
         958    0x00 0x00                                                                        NOPX
.delay_slot
.swstall delay_slot
         960    0x00 0x00                                                                        NOPX
.delay_slot
.swstall delay_slot
         962    0x00 0x00                                                                        NOPX
.delay_slot
.swstall delay_slot
         964    0x00 0x2c 0xf0 0x00 0x20 0x00 0x00 0x00 0x00 0xad 0x81 0x36                      NOPA;                         NOPB;                         NOPS;                         NOPX
.return_address
         976    0xe2 0xc2 0xd0 0x3e 0x17 0xe8 0x08 0x31 0x58 0xba                                LDA r16, [p7, #4];                                                                        MOVX r1, #-1;                 MOV r0, #49
         986    0x00 0x00                                                                        NOPX
         988    0x00 0x00                                                                        NOPX
         990    0x00 0x00                                                                        NOPX
         992    0x00 0x00                                                                        NOPX
.no_stack_arguments
         994    0x00 0x08 0xf0 0x00 0x01 0x04                                                                                                                                              JL #4576
.delay_slot
.swstall delay_slot
        1000    0x00 0x00                                                                        NOPX
.delay_slot
        1002    0x14 0x20 0x07 0x18                                                                                                                                                        ADD r16, r16, #1
.delay_slot
        1006    0x6e 0xe1 0x58 0xb0 0xfe 0x24                                                                                                                                              LT r27, r13, r16;             ADD.NC r17, r16, #-2
.delay_slot
        1012    0x14 0x21 0x12 0x18                                                                                                                                                        SEL.EQZ r16, r16, r17, r27
.delay_slot
        1016    0xe2 0xc2 0x30 0x00 0x01 0xa5 0x70 0x02                                                                                                      ST r16, [p7, #4];                                           NOPM
.return_address
        1024    0xe2 0xc2 0xd2 0xd9 0x81 0xd4                                                    LDA r16, [p7, #4];                                                                                                      MOV p1, p6
        1030    0x00 0x00                                                                        NOPX
        1032    0x00 0x00                                                                        NOPX
        1034    0x00 0x00                                                                        NOPX
.no_stack_arguments
        1036    0x00 0x09 0x10 0x00 0x01 0x04                                                                                                                                              JL #4640
.delay_slot
        1042    0x00 0x07 0x04 0xc8 0x00 0x44                                                                                                                                              MOVXM p2, #459776
.delay_slot
.swstall delay_slot
        1048    0x00 0x00                                                                        NOPX
.delay_slot
        1050    0x13 0x77 0x07 0x98                                                                                                                                                        EQ r27, r13, r16
.delay_slot
        1054    0x12 0xe0 0xa2 0x18                                                                                                                                                        SEL.EQZ r16, r11, r10, r27
.delay_slot
        1058    0x00 0x2c 0xf0 0x02 0xb6 0x00 0x00 0x43 0x41 0x07 0x00 0x00 0x1c 0x2e            NOPA;                                                       NOPS;                                                       MOV p0, r16;                            NOPV
.return_address
.no_stack_arguments
        1072    0x06 0x00 0x00 0x00 0x02 0x40 0x00 0x00 0x40 0xba                                MOVA r0, #48;                                                                             JL #4608
.delay_slot
        1082    0x10 0x02 0x05 0x18                                                                                                                                                        MOVX r1, #1
.delay_slot
.swstall delay_slot
        1086    0x00 0x00                                                                        NOPX
.delay_slot
.swstall delay_slot
        1088    0x00 0x00                                                                        NOPX
.delay_slot
.swstall delay_slot
        1090    0x00 0x00                                                                        NOPX
.delay_slot
.swstall delay_slot
        1092    0x00 0x2c 0xf0 0x00 0x20 0x00 0x00 0x00 0x00 0xad 0x81 0x36                      NOPA;                         NOPB;                         NOPS;                         NOPX
.return_address
        1104    0xe2 0xc2 0xd0 0x3e 0x17 0xe8 0x08 0x31 0x58 0xba                                LDA r16, [p7, #4];                                                                        MOVX r1, #-1;                 MOV r0, #49
        1114    0x00 0x00                                                                        NOPX
        1116    0x00 0x00                                                                        NOPX
        1118    0x00 0x00                                                                        NOPX
        1120    0x00 0x00                                                                        NOPX
.no_stack_arguments
        1122    0x00 0x08 0xf0 0x00 0x01 0x04                                                                                                                                              JL #4576
.delay_slot
.swstall delay_slot
        1128    0x00 0x00                                                                        NOPX
.delay_slot
        1130    0x14 0x20 0x07 0x18                                                                                                                                                        ADD r16, r16, #1
.delay_slot
        1134    0x6e 0xe1 0x58 0xb0 0xfe 0x24                                                                                                                                              LT r27, r13, r16;             ADD.NC r17, r16, #-2
.delay_slot
        1140    0x14 0x21 0x12 0x18                                                                                                                                                        SEL.EQZ r16, r16, r17, r27
.delay_slot
        1144    0xe2 0xc2 0x30 0x00 0x01 0xa5 0x70 0x02                                                                                                      ST r16, [p7, #4];                                           NOPM
.return_address
        1152    0xe2 0xc2 0xd2 0xd9 0x81 0xd4                                                    LDA r16, [p7, #4];                                                                                                      MOV p1, p6
        1158    0x00 0x00                                                                        NOPX
        1160    0x00 0x00                                                                        NOPX
        1162    0x00 0x00                                                                        NOPX
.no_stack_arguments
        1164    0x00 0x09 0x10 0x00 0x01 0x04                                                                                                                                              JL #4640
.delay_slot
        1170    0x00 0x07 0x04 0xc8 0x00 0x44                                                                                                                                              MOVXM p2, #459776
.delay_slot
.swstall delay_slot
        1176    0x00 0x00                                                                        NOPX
.delay_slot
        1178    0x13 0x77 0x07 0x98                                                                                                                                                        EQ r27, r13, r16
.delay_slot
        1182    0x12 0xe0 0xa2 0x18                                                                                                                                                        SEL.EQZ r16, r11, r10, r27
.delay_slot
        1186    0x00 0x2c 0xf0 0x02 0xb6 0x00 0x00 0x43 0x41 0x07 0x00 0x00 0x1c 0x2e            NOPA;                                                       NOPS;                                                       MOV p0, r16;                            NOPV
.return_address
.no_stack_arguments
        1200    0x06 0x00 0x00 0x00 0x02 0x40 0x00 0x00 0x40 0xba                                MOVA r0, #48;                                                                             JL #4608
.delay_slot
        1210    0x10 0x02 0x05 0x18                                                                                                                                                        MOVX r1, #1
.delay_slot
        1214    0x10 0x18 0x05 0x18                                                                                                                                                        MOVX r12, #1
.delay_slot
.swstall delay_slot
        1218    0x00 0x00                                                                        NOPX
.delay_slot
.swstall delay_slot
        1220    0x00 0x00                                                                        NOPX
.delay_slot
.swstall delay_slot
        1222    0x00 0x2c 0xf0 0x00 0x10 0x00 0x01 0xa5 0x7e 0xba                                NOPA;                         NOPB;                                                                                     NOPM
.return_address
        1232    0xe2 0xc2 0xd0 0x00 0x06 0x48 0x28 0x01 0x58 0xba                                LDA r16, [p7, #4];                                                                        MOVX r0, #50;                 MOV r1, #1
        1242    0x10 0x1c 0x05 0x18                                                                                                                                                        MOVX r14, #1
        1246    0x00 0x00                                                                        NOPX
        1248    0x00 0x00                                                                        NOPX
        1250    0x00 0x00                                                                        NOPX
.no_stack_arguments
        1252    0x00 0x09 0x00 0x00 0x01 0x04                                                                                                                                              JL #4608
.delay_slot
.swstall delay_slot
        1258    0x00 0x00                                                                        NOPX
.delay_slot
        1260    0x14 0x20 0x07 0x18                                                                                                                                                        ADD r16, r16, #1
.delay_slot
        1264    0x66 0xe1 0x58 0xb0 0xfe 0x24                                                                                                                                              LT r27, r12, r16;             ADD.NC r17, r16, #-2
.delay_slot
        1270    0x14 0x21 0x12 0x18                                                                                                                                                        SEL.EQZ r16, r16, r17, r27
.delay_slot
        1274    0x00 0x2c 0xfe 0x2c 0x23 0x0c                                                    NOPA;                                                       ST r16, [p7, #4]
.return_address
        1280    0xe0 0xc2 0xd0 0x00 0x00 0x03 0x30 0xd8 0x10 0xba                                LDA r16, [p7];                                                                            MOVXM p6, #432
        1290    0x17 0xc2 0xfd 0x18                                                                                                                                                        MOVX r1, #-1
        1294    0x00 0x00                                                                        NOPX
        1296    0x00 0x00                                                                        NOPX
        1298    0x00 0x00                                                                        NOPX
        1300    0x12 0x11 0xa0 0x18                                                                                                                                                        JNZD r8, r8, p6
.delay_slot
.swstall delay_slot
        1304    0x00 0x00                                                                        NOPX
.delay_slot
        1306    0x14 0x20 0x07 0x18                                                                                                                                                        ADD r16, r16, #1
.delay_slot
        1310    0x76 0xe1 0x58 0xb0 0xfe 0x24                                                                                                                                              LT r27, r14, r16;             ADD.NC r17, r16, #-2
.delay_slot
        1316    0x14 0x21 0x12 0x18                                                                                                                                                        SEL.EQZ r16, r16, r17, r27
.delay_slot
        1320    0x0f 0x06 0x11 0x98                                                                                                                          ST r16, [p7]
.loop_nesting 1
.no_stack_arguments
        1324    0x00 0x21 0x00 0x00 0x02 0x40 0x00 0x00 0x40 0xba                                MOVA r1, #1;                                                                              JL #4608
.delay_slot
        1334    0x02 0x40 0xa8 0x3d 0x81 0xe4                                                                                                                                              MOVX r9, #1;                  MOV r16, p7
.delay_slot
        1340    0x10 0x00 0xd5 0x18                                                                                                                                                        MOVX r0, #53
.delay_slot
        1344    0x1a 0x18 0x7e 0x18                                                                                                                                                                                      ADD.NC r8, r16, #-4
.delay_slot
.swstall delay_slot
        1348    0x00 0x00                                                                        NOPX
.delay_slot
.swstall delay_slot
        1350    0x00 0x2c 0xf0 0x00 0x10 0x00 0x01 0xa5 0x7e 0xba                                NOPA;                         NOPB;                                                                                     NOPM
.return_address
        1360    0xfe 0xc2 0xd0 0x00 0x06 0x88 0x2f 0xff 0x58 0xba                                LDA r16, [p7, #-4];                                                                       MOVX r0, #52;                 MOV r1, #-1
        1370    0x00 0x00                                                                        NOPX
        1372    0x00 0x00                                                                        NOPX
        1374    0x00 0x00                                                                        NOPX
.no_stack_arguments
        1376    0x00 0x08 0xf0 0x00 0x01 0x04                                                                                                                                              JL #4576
.delay_slot
        1382    0x7f 0xff 0xf8 0xbf 0xfc 0x44                                                                                                                                              MOVXM r17, #2147483646
.delay_slot
.swstall delay_slot
        1388    0x00 0x00                                                                        NOPX
.delay_slot
        1390    0x14 0x63 0x0c 0x98                                                                                                                                                        LTU r17, r17, r16
.delay_slot
        1394    0x14 0x61 0x00 0x98                                                                                                                                                        ADD r16, r17, r16
.delay_slot
        1398    0x00 0x2c 0xf7 0xf6 0x11 0x80 0x00 0x00 0x00 0x7a                                NOPA;                                                       ST r16, [p7, #-4];            NOPX
.return_address
.no_stack_arguments
        1408    0x00 0x0a 0xd0 0x00 0x01 0x04                                                                                                                                              JL #5536
.delay_slot
        1414    0x00 0x07 0x00 0xc8 0x00 0x44                                                                                                                                              MOVXM p0, #459776
.delay_slot
.swstall delay_slot
        1420    0x00 0x00                                                                        NOPX
.delay_slot
.swstall delay_slot
        1422    0x00 0x00                                                                        NOPX
.delay_slot
.swstall delay_slot
        1424    0x00 0x00                                                                        NOPX
.delay_slot
.swstall delay_slot
        1426    0x00 0x2c 0xf0 0x02 0xb6 0x00 0x00 0x40 0x1a 0x57 0x00 0x00 0x1c 0x2e            NOPA;                                                       NOPS;                                                       NOPM;                                   NOPV
.return_address
        1440    0x00 0x2c 0xf0 0x00 0x27 0xc9 0x15 0x80 0x83 0xe8 0x2f 0xff 0x58 0x00 0x00 0xe1  NOPA;                         NOPB;                         ST r8, [sp, #-56];            MOVX r8, #31;                 MOV r1, #-1;                            NOPV
.label TGT_Fcore_0_2_1232
.loop_nesting 2
.no_stack_arguments
        1456    0x00 0x08 0xf0 0x00 0x01 0x04                                                                                                                                              JL #4576
.delay_slot
        1462    0x10 0x00 0xcd 0x18                                                                                                                                                        MOVX r0, #51
.delay_slot
.swstall delay_slot
        1466    0x00 0x00                                                                        NOPX
.delay_slot
.swstall delay_slot
        1468    0x00 0x00                                                                        NOPX
.delay_slot
.swstall delay_slot
        1470    0x00 0x00                                                                        NOPX
.delay_slot
.swstall delay_slot
        1472    0x00 0x2c 0xf0 0x00 0x20 0x01 0x5b 0x00 0x00 0x00 0x01 0xa5 0x78 0x00 0x00 0xe1  NOPA;                         NOPB;                         NOPS;                         NOPX;                         NOPM;                                   NOPV
.return_address
        1488    0xe0 0xca 0xd0 0x3e 0x17 0xe8 0x08 0x31 0x58 0xba                                LDA r18, [p7];                                                                            MOVX r1, #-1;                 MOV r0, #49
        1498    0x00 0x00                                                                        NOPX
        1500    0x00 0x00                                                                        NOPX
.no_stack_arguments
        1502    0x00 0x08 0xf0 0x00 0x01 0x04                                                                                                                                              JL #4576
.delay_slot
        1508    0x00 0x07 0x88 0x36 0x00 0x44                                                                                                                                              MOVXM r16, #494336
.delay_slot
        1514    0x00 0x07 0x58 0xaa 0x00 0x44                                                                                                                                              MOVXM r17, #480512
.delay_slot
.swstall delay_slot
        1520    0x00 0x00                                                                        NOPX
.delay_slot
        1522    0x12 0x77 0x27 0x98                                                                                                                                                        EQ r27, r9, r18
.delay_slot
        1526    0x00 0x2c 0xf0 0x01 0x5b 0x00 0x04 0x5f 0x02 0x7a                                NOPA;                                                       NOPS;                         SEL.EQZ r15, r17, r16, r27
.return_address
        1536    0xe2 0xc2 0xd2 0xcf 0x41 0xd4                                                    LDA r16, [p7, #4];                                                                                                      MOV p1, r15
        1542    0x1e 0x62 0xc0 0xf8                                                                                                                                                                                      MOV p6, p1
        1546    0x00 0x00                                                                        NOPX
        1548    0x00 0x00                                                                        NOPX
.no_stack_arguments
        1550    0x00 0x09 0x10 0x00 0x01 0x04                                                                                                                                              JL #4640
.delay_slot
        1556    0x00 0x07 0x04 0xc8 0x00 0x44                                                                                                                                              MOVXM p2, #459776
.delay_slot
.swstall delay_slot
        1562    0x00 0x00                                                                        NOPX
.delay_slot
        1564    0x12 0x77 0x07 0x98                                                                                                                                                        EQ r27, r9, r16
.delay_slot
        1568    0x12 0xe0 0xa2 0x18                                                                                                                                                        SEL.EQZ r16, r11, r10, r27
.delay_slot
        1572    0x00 0x2c 0xf0 0x00 0x20 0x01 0x5b 0x00 0x34 0x10 0x70 0xf6                      NOPA;                         NOPB;                         NOPS;                                                       MOV p0, r16
.return_address
.no_stack_arguments
        1584    0x06 0x00 0x00 0x00 0x02 0x40 0x00 0x00 0x40 0xba                                MOVA r0, #48;                                                                             JL #4608
.delay_slot
        1594    0x10 0x02 0x05 0x18                                                                                                                                                        MOVX r1, #1
.delay_slot
        1598    0x10 0x1a 0x05 0x18                                                                                                                                                        MOVX r13, #1
.delay_slot
.swstall delay_slot
        1602    0x00 0x00                                                                        NOPX
.delay_slot
.swstall delay_slot
        1604    0x00 0x00                                                                        NOPX
.delay_slot
.swstall delay_slot
        1606    0x00 0x2c 0xf0 0x00 0x10 0x00 0x01 0xa5 0x7e 0xba                                NOPA;                         NOPB;                                                                                     NOPM
.return_address
        1616    0xe2 0xc2 0xd0 0x3e 0x17 0xe8 0x08 0x31 0x58 0xba                                LDA r16, [p7, #4];                                                                        MOVX r1, #-1;                 MOV r0, #49
        1626    0x00 0x00                                                                        NOPX
        1628    0x00 0x00                                                                        NOPX
        1630    0x00 0x00                                                                        NOPX
        1632    0x00 0x00                                                                        NOPX
.no_stack_arguments
        1634    0x00 0x08 0xf0 0x00 0x01 0x04                                                                                                                                              JL #4576
.delay_slot
.swstall delay_slot
        1640    0x00 0x00                                                                        NOPX
.delay_slot
        1642    0x14 0x20 0x07 0x18                                                                                                                                                        ADD r16, r16, #1
.delay_slot
        1646    0x6e 0xe1 0x58 0xb0 0xfe 0x24                                                                                                                                              LT r27, r13, r16;             ADD.NC r17, r16, #-2
.delay_slot
        1652    0x14 0x21 0x12 0x18                                                                                                                                                        SEL.EQZ r16, r16, r17, r27
.delay_slot
        1656    0xe2 0xc2 0x30 0x00 0x01 0xa5 0x70 0x02                                                                                                      ST r16, [p7, #4];                                           NOPM
.return_address
        1664    0xe2 0xc2 0xd2 0xd9 0x81 0xd4                                                    LDA r16, [p7, #4];                                                                                                      MOV p1, p6
        1670    0x00 0x00                                                                        NOPX
        1672    0x00 0x00                                                                        NOPX
        1674    0x00 0x00                                                                        NOPX
.no_stack_arguments
        1676    0x00 0x09 0x10 0x00 0x01 0x04                                                                                                                                              JL #4640
.delay_slot
        1682    0x00 0x07 0x04 0xc8 0x00 0x44                                                                                                                                              MOVXM p2, #459776
.delay_slot
.swstall delay_slot
        1688    0x00 0x00                                                                        NOPX
.delay_slot
        1690    0x13 0x77 0x07 0x98                                                                                                                                                        EQ r27, r13, r16
.delay_slot
        1694    0x12 0xe0 0xa2 0x18                                                                                                                                                        SEL.EQZ r16, r11, r10, r27
.delay_slot
        1698    0x00 0x2c 0xf0 0x02 0xb6 0x00 0x00 0x43 0x41 0x07 0x00 0x00 0x1c 0x2e            NOPA;                                                       NOPS;                                                       MOV p0, r16;                            NOPV
.return_address
.no_stack_arguments
        1712    0x06 0x00 0x00 0x00 0x02 0x40 0x00 0x00 0x40 0xba                                MOVA r0, #48;                                                                             JL #4608
.delay_slot
        1722    0x10 0x02 0x05 0x18                                                                                                                                                        MOVX r1, #1
.delay_slot
.swstall delay_slot
        1726    0x00 0x00                                                                        NOPX
.delay_slot
.swstall delay_slot
        1728    0x00 0x00                                                                        NOPX
.delay_slot
.swstall delay_slot
        1730    0x00 0x00                                                                        NOPX
.delay_slot
.swstall delay_slot
        1732    0x00 0x2c 0xf0 0x00 0x20 0x00 0x00 0x00 0x00 0xad 0x81 0x36                      NOPA;                         NOPB;                         NOPS;                         NOPX
.return_address
        1744    0xe2 0xc2 0xd0 0x3e 0x17 0xe8 0x08 0x31 0x58 0xba                                LDA r16, [p7, #4];                                                                        MOVX r1, #-1;                 MOV r0, #49
        1754    0x00 0x00                                                                        NOPX
        1756    0x00 0x00                                                                        NOPX
        1758    0x00 0x00                                                                        NOPX
        1760    0x00 0x00                                                                        NOPX
.no_stack_arguments
        1762    0x00 0x08 0xf0 0x00 0x01 0x04                                                                                                                                              JL #4576
.delay_slot
.swstall delay_slot
        1768    0x00 0x00                                                                        NOPX
.delay_slot
        1770    0x14 0x20 0x07 0x18                                                                                                                                                        ADD r16, r16, #1
.delay_slot
        1774    0x6e 0xe1 0x58 0xb0 0xfe 0x24                                                                                                                                              LT r27, r13, r16;             ADD.NC r17, r16, #-2
.delay_slot
        1780    0x14 0x21 0x12 0x18                                                                                                                                                        SEL.EQZ r16, r16, r17, r27
.delay_slot
        1784    0xe2 0xc2 0x30 0x00 0x01 0xa5 0x70 0x02                                                                                                      ST r16, [p7, #4];                                           NOPM
.return_address
        1792    0xe2 0xc2 0xd2 0xd9 0x81 0xd4                                                    LDA r16, [p7, #4];                                                                                                      MOV p1, p6
        1798    0x00 0x00                                                                        NOPX
        1800    0x00 0x00                                                                        NOPX
        1802    0x00 0x00                                                                        NOPX
.no_stack_arguments
        1804    0x00 0x09 0x10 0x00 0x01 0x04                                                                                                                                              JL #4640
.delay_slot
        1810    0x00 0x07 0x04 0xc8 0x00 0x44                                                                                                                                              MOVXM p2, #459776
.delay_slot
.swstall delay_slot
        1816    0x00 0x00                                                                        NOPX
.delay_slot
        1818    0x13 0x77 0x07 0x98                                                                                                                                                        EQ r27, r13, r16
.delay_slot
        1822    0x12 0xe0 0xa2 0x18                                                                                                                                                        SEL.EQZ r16, r11, r10, r27
.delay_slot
        1826    0x00 0x2c 0xf0 0x02 0xb6 0x00 0x00 0x43 0x41 0x07 0x00 0x00 0x1c 0x2e            NOPA;                                                       NOPS;                                                       MOV p0, r16;                            NOPV
.return_address
.no_stack_arguments
        1840    0x06 0x00 0x00 0x00 0x02 0x40 0x00 0x00 0x40 0xba                                MOVA r0, #48;                                                                             JL #4608
.delay_slot
        1850    0x10 0x02 0x05 0x18                                                                                                                                                        MOVX r1, #1
.delay_slot
.swstall delay_slot
        1854    0x00 0x00                                                                        NOPX
.delay_slot
.swstall delay_slot
        1856    0x00 0x00                                                                        NOPX
.delay_slot
.swstall delay_slot
        1858    0x00 0x00                                                                        NOPX
.delay_slot
.swstall delay_slot
        1860    0x00 0x2c 0xf0 0x00 0x20 0x00 0x00 0x00 0x00 0xad 0x81 0x36                      NOPA;                         NOPB;                         NOPS;                         NOPX
.return_address
        1872    0xe2 0xc2 0xd0 0x3e 0x17 0xe8 0x08 0x31 0x58 0xba                                LDA r16, [p7, #4];                                                                        MOVX r1, #-1;                 MOV r0, #49
        1882    0x00 0x00                                                                        NOPX
        1884    0x00 0x00                                                                        NOPX
        1886    0x00 0x00                                                                        NOPX
        1888    0x00 0x00                                                                        NOPX
.no_stack_arguments
        1890    0x00 0x08 0xf0 0x00 0x01 0x04                                                                                                                                              JL #4576
.delay_slot
.swstall delay_slot
        1896    0x00 0x00                                                                        NOPX
.delay_slot
        1898    0x14 0x20 0x07 0x18                                                                                                                                                        ADD r16, r16, #1
.delay_slot
        1902    0x6e 0xe1 0x58 0xb0 0xfe 0x24                                                                                                                                              LT r27, r13, r16;             ADD.NC r17, r16, #-2
.delay_slot
        1908    0x14 0x21 0x12 0x18                                                                                                                                                        SEL.EQZ r16, r16, r17, r27
.delay_slot
        1912    0xe2 0xc2 0x30 0x00 0x01 0xa5 0x70 0x02                                                                                                      ST r16, [p7, #4];                                           NOPM
.return_address
        1920    0xe2 0xc2 0xd2 0xd9 0x81 0xd4                                                    LDA r16, [p7, #4];                                                                                                      MOV p1, p6
        1926    0x00 0x00                                                                        NOPX
        1928    0x00 0x00                                                                        NOPX
        1930    0x00 0x00                                                                        NOPX
.no_stack_arguments
        1932    0x00 0x09 0x10 0x00 0x01 0x04                                                                                                                                              JL #4640
.delay_slot
        1938    0x00 0x07 0x04 0xc8 0x00 0x44                                                                                                                                              MOVXM p2, #459776
.delay_slot
.swstall delay_slot
        1944    0x00 0x00                                                                        NOPX
.delay_slot
        1946    0x13 0x77 0x07 0x98                                                                                                                                                        EQ r27, r13, r16
.delay_slot
        1950    0x12 0xe0 0xa2 0x18                                                                                                                                                        SEL.EQZ r16, r11, r10, r27
.delay_slot
        1954    0x00 0x2c 0xf0 0x02 0xb6 0x00 0x00 0x43 0x41 0x07 0x00 0x00 0x1c 0x2e            NOPA;                                                       NOPS;                                                       MOV p0, r16;                            NOPV
.return_address
.no_stack_arguments
        1968    0x06 0x00 0x00 0x00 0x02 0x40 0x00 0x00 0x40 0xba                                MOVA r0, #48;                                                                             JL #4608
.delay_slot
        1978    0x10 0x02 0x05 0x18                                                                                                                                                        MOVX r1, #1
.delay_slot
.swstall delay_slot
        1982    0x00 0x00                                                                        NOPX
.delay_slot
.swstall delay_slot
        1984    0x00 0x00                                                                        NOPX
.delay_slot
.swstall delay_slot
        1986    0x00 0x00                                                                        NOPX
.delay_slot
.swstall delay_slot
        1988    0x00 0x2c 0xf0 0x00 0x20 0x00 0x00 0x00 0x00 0xad 0x81 0x36                      NOPA;                         NOPB;                         NOPS;                         NOPX
.return_address
        2000    0xe2 0xc2 0xd0 0x3e 0x17 0xe8 0x08 0x31 0x58 0xba                                LDA r16, [p7, #4];                                                                        MOVX r1, #-1;                 MOV r0, #49
        2010    0x00 0x00                                                                        NOPX
        2012    0x00 0x00                                                                        NOPX
        2014    0x00 0x00                                                                        NOPX
        2016    0x00 0x00                                                                        NOPX
.no_stack_arguments
        2018    0x00 0x08 0xf0 0x00 0x01 0x04                                                                                                                                              JL #4576
.delay_slot
.swstall delay_slot
        2024    0x00 0x00                                                                        NOPX
.delay_slot
        2026    0x14 0x20 0x07 0x18                                                                                                                                                        ADD r16, r16, #1
.delay_slot
        2030    0x6e 0xe1 0x58 0xb0 0xfe 0x24                                                                                                                                              LT r27, r13, r16;             ADD.NC r17, r16, #-2
.delay_slot
        2036    0x14 0x21 0x12 0x18                                                                                                                                                        SEL.EQZ r16, r16, r17, r27
.delay_slot
        2040    0xe2 0xc2 0x30 0x00 0x01 0xa5 0x70 0x02                                                                                                      ST r16, [p7, #4];                                           NOPM
.return_address
        2048    0xe2 0xc2 0xd2 0xd9 0x81 0xd4                                                    LDA r16, [p7, #4];                                                                                                      MOV p1, p6
        2054    0x00 0x00                                                                        NOPX
        2056    0x00 0x00                                                                        NOPX
        2058    0x00 0x00                                                                        NOPX
.no_stack_arguments
        2060    0x00 0x09 0x10 0x00 0x01 0x04                                                                                                                                              JL #4640
.delay_slot
        2066    0x00 0x07 0x04 0xc8 0x00 0x44                                                                                                                                              MOVXM p2, #459776
.delay_slot
.swstall delay_slot
        2072    0x00 0x00                                                                        NOPX
.delay_slot
        2074    0x13 0x77 0x07 0x98                                                                                                                                                        EQ r27, r13, r16
.delay_slot
        2078    0x12 0xe0 0xa2 0x18                                                                                                                                                        SEL.EQZ r16, r11, r10, r27
.delay_slot
        2082    0x00 0x2c 0xf0 0x02 0xb6 0x00 0x00 0x43 0x41 0x07 0x00 0x00 0x1c 0x2e            NOPA;                                                       NOPS;                                                       MOV p0, r16;                            NOPV
.return_address
.no_stack_arguments
        2096    0x06 0x00 0x00 0x00 0x02 0x40 0x00 0x00 0x40 0xba                                MOVA r0, #48;                                                                             JL #4608
.delay_slot
        2106    0x10 0x02 0x05 0x18                                                                                                                                                        MOVX r1, #1
.delay_slot
.swstall delay_slot
        2110    0x00 0x00                                                                        NOPX
.delay_slot
.swstall delay_slot
        2112    0x00 0x00                                                                        NOPX
.delay_slot
.swstall delay_slot
        2114    0x00 0x00                                                                        NOPX
.delay_slot
.swstall delay_slot
        2116    0x00 0x2c 0xf0 0x00 0x20 0x00 0x00 0x00 0x00 0xad 0x81 0x36                      NOPA;                         NOPB;                         NOPS;                         NOPX
.return_address
        2128    0xe2 0xc2 0xd0 0x3e 0x17 0xe8 0x08 0x31 0x58 0xba                                LDA r16, [p7, #4];                                                                        MOVX r1, #-1;                 MOV r0, #49
        2138    0x00 0x00                                                                        NOPX
        2140    0x00 0x00                                                                        NOPX
        2142    0x00 0x00                                                                        NOPX
        2144    0x00 0x00                                                                        NOPX
.no_stack_arguments
        2146    0x00 0x08 0xf0 0x00 0x01 0x04                                                                                                                                              JL #4576
.delay_slot
.swstall delay_slot
        2152    0x00 0x00                                                                        NOPX
.delay_slot
        2154    0x14 0x20 0x07 0x18                                                                                                                                                        ADD r16, r16, #1
.delay_slot
        2158    0x6e 0xe1 0x58 0xb0 0xfe 0x24                                                                                                                                              LT r27, r13, r16;             ADD.NC r17, r16, #-2
.delay_slot
        2164    0x14 0x21 0x12 0x18                                                                                                                                                        SEL.EQZ r16, r16, r17, r27
.delay_slot
        2168    0xe2 0xc2 0x30 0x00 0x01 0xa5 0x70 0x02                                                                                                      ST r16, [p7, #4];                                           NOPM
.return_address
        2176    0xe2 0xc2 0xd2 0xd9 0x81 0xd4                                                    LDA r16, [p7, #4];                                                                                                      MOV p1, p6
        2182    0x00 0x00                                                                        NOPX
        2184    0x00 0x00                                                                        NOPX
        2186    0x00 0x00                                                                        NOPX
.no_stack_arguments
        2188    0x00 0x09 0x10 0x00 0x01 0x04                                                                                                                                              JL #4640
.delay_slot
        2194    0x00 0x07 0x04 0xc8 0x00 0x44                                                                                                                                              MOVXM p2, #459776
.delay_slot
.swstall delay_slot
        2200    0x00 0x00                                                                        NOPX
.delay_slot
        2202    0x13 0x77 0x07 0x98                                                                                                                                                        EQ r27, r13, r16
.delay_slot
        2206    0x12 0xe0 0xa2 0x18                                                                                                                                                        SEL.EQZ r16, r11, r10, r27
.delay_slot
        2210    0x00 0x2c 0xf0 0x02 0xb6 0x00 0x00 0x43 0x41 0x07 0x00 0x00 0x1c 0x2e            NOPA;                                                       NOPS;                                                       MOV p0, r16;                            NOPV
.return_address
.no_stack_arguments
        2224    0x06 0x00 0x00 0x00 0x02 0x40 0x00 0x00 0x40 0xba                                MOVA r0, #48;                                                                             JL #4608
.delay_slot
        2234    0x10 0x02 0x05 0x18                                                                                                                                                        MOVX r1, #1
.delay_slot
        2238    0x10 0x12 0x05 0x18                                                                                                                                                        MOVX r9, #1
.delay_slot
.swstall delay_slot
        2242    0x00 0x00                                                                        NOPX
.delay_slot
.swstall delay_slot
        2244    0x00 0x00                                                                        NOPX
.delay_slot
.swstall delay_slot
        2246    0x00 0x2c 0xf0 0x00 0x10 0x00 0x01 0xa5 0x7e 0xba                                NOPA;                         NOPB;                                                                                     NOPM
.return_address
        2256    0xe2 0xc2 0xd0 0x00 0x06 0x48 0x28 0x01 0x58 0xba                                LDA r16, [p7, #4];                                                                        MOVX r0, #50;                 MOV r1, #1
        2266    0x00 0x00                                                                        NOPX
        2268    0x00 0x00                                                                        NOPX
        2270    0x00 0x00                                                                        NOPX
        2272    0x00 0x00                                                                        NOPX
.no_stack_arguments
        2274    0x00 0x09 0x00 0x00 0x01 0x04                                                                                                                                              JL #4608
.delay_slot
.swstall delay_slot
        2280    0x00 0x00                                                                        NOPX
.delay_slot
        2282    0x14 0x20 0x07 0x18                                                                                                                                                        ADD r16, r16, #1
.delay_slot
        2286    0x4e 0xe1 0x58 0xb0 0xfe 0x24                                                                                                                                              LT r27, r9, r16;              ADD.NC r17, r16, #-2
.delay_slot
        2292    0x14 0x21 0x12 0x18                                                                                                                                                        SEL.EQZ r16, r16, r17, r27
.delay_slot
        2296    0xe2 0xc2 0x30 0x00 0x01 0xa5 0x70 0x02                                                                                                      ST r16, [p7, #4];                                           NOPM
.return_address
        2304    0xe0 0xc2 0xd0 0x00 0x00 0x03 0x32 0xd8 0x10 0xba                                LDA r16, [p7];                                                                            MOVXM p6, #1456
        2314    0x17 0xc2 0xfd 0x18                                                                                                                                                        MOVX r1, #-1
        2318    0x00 0x00                                                                        NOPX
        2320    0x00 0x00                                                                        NOPX
        2322    0x00 0x00                                                                        NOPX
        2324    0x12 0x11 0xa0 0x18                                                                                                                                                        JNZD r8, r8, p6
.delay_slot
.swstall delay_slot
        2328    0x00 0x00                                                                        NOPX
.delay_slot
        2330    0x14 0x20 0x07 0x18                                                                                                                                                        ADD r16, r16, #1
.delay_slot
        2334    0x4e 0xe1 0x58 0xb0 0xfe 0x24                                                                                                                                              LT r27, r9, r16;              ADD.NC r17, r16, #-2
.delay_slot
        2340    0x14 0x21 0x12 0x18                                                                                                                                                        SEL.EQZ r16, r16, r17, r27
.delay_slot
        2344    0x0f 0x06 0x11 0x98                                                                                                                          ST r16, [p7]
.loop_nesting 1
.no_stack_arguments
        2348    0x06 0xa0 0x00 0x00 0x02 0x40 0x00 0x00 0x40 0xba                                MOVA r0, #53;                                                                             JL #4608
.delay_slot
        2358    0x10 0x02 0x05 0x18                                                                                                                                                        MOVX r1, #1
.delay_slot
.swstall delay_slot
        2362    0x00 0x00                                                                        NOPX
.delay_slot
.swstall delay_slot
        2364    0x00 0x00                                                                        NOPX
.delay_slot
.swstall delay_slot
        2366    0x00 0x00                                                                        NOPX
.delay_slot
.swstall delay_slot
        2368    0x00 0x2c 0xf0 0x00 0x20 0x01 0x5b 0x00 0x00 0x00 0x01 0xa5 0x78 0x00 0x00 0xe1  NOPA;                         NOPB;                         NOPS;                         NOPX;                         NOPM;                                   NOPV
.return_address
        2384    0xfe 0xc2 0xd0 0x00 0x06 0x88 0x2f 0xff 0x58 0xba                                LDA r16, [p7, #-4];                                                                       MOVX r0, #52;                 MOV r1, #-1
        2394    0x00 0x00                                                                        NOPX
        2396    0x00 0x00                                                                        NOPX
        2398    0x00 0x00                                                                        NOPX
.no_stack_arguments
        2400    0x00 0x08 0xf0 0x00 0x01 0x04                                                                                                                                              JL #4576
.delay_slot
        2406    0x7f 0xff 0xf8 0xbf 0xfc 0x44                                                                                                                                              MOVXM r17, #2147483646
.delay_slot
.swstall delay_slot
        2412    0x00 0x00                                                                        NOPX
.delay_slot
        2414    0x14 0x63 0x0c 0x98                                                                                                                                                        LTU r17, r17, r16
.delay_slot
        2418    0x14 0x61 0x00 0x98                                                                                                                                                        ADD r16, r17, r16
.delay_slot
        2422    0x00 0x2c 0xf7 0xf6 0x11 0x80 0x00 0x00 0x00 0x7a                                NOPA;                                                       ST r16, [p7, #-4];            NOPX
.return_address
.no_stack_arguments
        2432    0x00 0x0a 0xd0 0x00 0x01 0x04                                                                                                                                              JL #5536
.delay_slot
        2438    0x00 0x07 0x00 0xc8 0x00 0x44                                                                                                                                              MOVXM p0, #459776
.delay_slot
.swstall delay_slot
        2444    0x00 0x00                                                                        NOPX
.delay_slot
.swstall delay_slot
        2446    0x00 0x00                                                                        NOPX
.delay_slot
.swstall delay_slot
        2448    0x00 0x00                                                                        NOPX
.delay_slot
.swstall delay_slot
        2450    0x00 0x2c 0xf0 0x02 0xb6 0x00 0x00 0x40 0x1a 0x57 0x00 0x00 0x1c 0x2e            NOPA;                                                       NOPS;                                                       NOPM;                                   NOPV
.return_address
        2464    0x00 0x2c 0xf0 0x00 0x20 0x01 0x5b 0x00 0x83 0xe8 0x2f 0xff 0x58 0x00 0x00 0xe1  NOPA;                         NOPB;                         NOPS;                         MOVX r8, #31;                 MOV r1, #-1;                            NOPV
.label TGT_Fcore_0_2_2256
.loop_nesting 2
.no_stack_arguments
        2480    0x00 0x08 0xf0 0x00 0x01 0x04                                                                                                                                              JL #4576
.delay_slot
        2486    0x10 0x00 0xcd 0x18                                                                                                                                                        MOVX r0, #51
.delay_slot
.swstall delay_slot
        2490    0x00 0x00                                                                        NOPX
.delay_slot
.swstall delay_slot
        2492    0x00 0x00                                                                        NOPX
.delay_slot
.swstall delay_slot
        2494    0x00 0x00                                                                        NOPX
.delay_slot
.swstall delay_slot
        2496    0x00 0x2c 0xf0 0x00 0x20 0x01 0x5b 0x00 0x00 0x00 0x01 0xa5 0x78 0x00 0x00 0xe1  NOPA;                         NOPB;                         NOPS;                         NOPX;                         NOPM;                                   NOPV
.return_address
        2512    0xe0 0xca 0xd0 0x3e 0x17 0xe8 0x08 0x31 0x58 0xba                                LDA r18, [p7];                                                                            MOVX r1, #-1;                 MOV r0, #49
        2522    0x00 0x00                                                                        NOPX
        2524    0x00 0x00                                                                        NOPX
.no_stack_arguments
        2526    0x00 0x08 0xf0 0x00 0x01 0x04                                                                                                                                              JL #4576
.delay_slot
        2532    0x00 0x07 0x88 0x36 0x00 0x44                                                                                                                                              MOVXM r16, #494336
.delay_slot
        2538    0x00 0x07 0x58 0xaa 0x00 0x44                                                                                                                                              MOVXM r17, #480512
.delay_slot
.swstall delay_slot
        2544    0x00 0x00                                                                        NOPX
.delay_slot
        2546    0x12 0x77 0x27 0x98                                                                                                                                                        EQ r27, r9, r18
.delay_slot
        2550    0x00 0x2c 0xf0 0x01 0x5b 0x00 0x04 0x5f 0x02 0x7a                                NOPA;                                                       NOPS;                         SEL.EQZ r15, r17, r16, r27
.return_address
        2560    0xe2 0xc2 0xd2 0xcf 0x41 0xd4                                                    LDA r16, [p7, #4];                                                                                                      MOV p1, r15
        2566    0x1e 0x62 0xc0 0xf8                                                                                                                                                                                      MOV p6, p1
        2570    0x00 0x00                                                                        NOPX
        2572    0x00 0x00                                                                        NOPX
.no_stack_arguments
        2574    0x00 0x09 0x10 0x00 0x01 0x04                                                                                                                                              JL #4640
.delay_slot
        2580    0x00 0x07 0x04 0xc8 0x00 0x44                                                                                                                                              MOVXM p2, #459776
.delay_slot
.swstall delay_slot
        2586    0x00 0x00                                                                        NOPX
.delay_slot
        2588    0x12 0x77 0x07 0x98                                                                                                                                                        EQ r27, r9, r16
.delay_slot
        2592    0x12 0xe0 0xa2 0x18                                                                                                                                                        SEL.EQZ r16, r11, r10, r27
.delay_slot
        2596    0x00 0x2c 0xf0 0x00 0x20 0x01 0x5b 0x00 0x34 0x10 0x70 0xf6                      NOPA;                         NOPB;                         NOPS;                                                       MOV p0, r16
.return_address
.no_stack_arguments
        2608    0x06 0x00 0x00 0x00 0x02 0x40 0x00 0x00 0x40 0xba                                MOVA r0, #48;                                                                             JL #4608
.delay_slot
        2618    0x10 0x02 0x05 0x18                                                                                                                                                        MOVX r1, #1
.delay_slot
        2622    0x10 0x1a 0x05 0x18                                                                                                                                                        MOVX r13, #1
.delay_slot
.swstall delay_slot
        2626    0x00 0x00                                                                        NOPX
.delay_slot
.swstall delay_slot
        2628    0x00 0x00                                                                        NOPX
.delay_slot
.swstall delay_slot
        2630    0x00 0x2c 0xf0 0x00 0x10 0x00 0x01 0xa5 0x7e 0xba                                NOPA;                         NOPB;                                                                                     NOPM
.return_address
        2640    0xe2 0xc2 0xd0 0x3e 0x17 0xe8 0x08 0x31 0x58 0xba                                LDA r16, [p7, #4];                                                                        MOVX r1, #-1;                 MOV r0, #49
        2650    0x00 0x00                                                                        NOPX
        2652    0x00 0x00                                                                        NOPX
        2654    0x00 0x00                                                                        NOPX
        2656    0x00 0x00                                                                        NOPX
.no_stack_arguments
        2658    0x00 0x08 0xf0 0x00 0x01 0x04                                                                                                                                              JL #4576
.delay_slot
.swstall delay_slot
        2664    0x00 0x00                                                                        NOPX
.delay_slot
        2666    0x14 0x20 0x07 0x18                                                                                                                                                        ADD r16, r16, #1
.delay_slot
        2670    0x6e 0xe1 0x58 0xb0 0xfe 0x24                                                                                                                                              LT r27, r13, r16;             ADD.NC r17, r16, #-2
.delay_slot
        2676    0x14 0x21 0x12 0x18                                                                                                                                                        SEL.EQZ r16, r16, r17, r27
.delay_slot
        2680    0xe2 0xc2 0x30 0x00 0x01 0xa5 0x70 0x02                                                                                                      ST r16, [p7, #4];                                           NOPM
.return_address
        2688    0xe2 0xc2 0xd2 0xd9 0x81 0xd4                                                    LDA r16, [p7, #4];                                                                                                      MOV p1, p6
        2694    0x00 0x00                                                                        NOPX
        2696    0x00 0x00                                                                        NOPX
        2698    0x00 0x00                                                                        NOPX
.no_stack_arguments
        2700    0x00 0x09 0x10 0x00 0x01 0x04                                                                                                                                              JL #4640
.delay_slot
        2706    0x00 0x07 0x04 0xc8 0x00 0x44                                                                                                                                              MOVXM p2, #459776
.delay_slot
.swstall delay_slot
        2712    0x00 0x00                                                                        NOPX
.delay_slot
        2714    0x13 0x77 0x07 0x98                                                                                                                                                        EQ r27, r13, r16
.delay_slot
        2718    0x12 0xe0 0xa2 0x18                                                                                                                                                        SEL.EQZ r16, r11, r10, r27
.delay_slot
        2722    0x00 0x2c 0xf0 0x02 0xb6 0x00 0x00 0x43 0x41 0x07 0x00 0x00 0x1c 0x2e            NOPA;                                                       NOPS;                                                       MOV p0, r16;                            NOPV
.return_address
.no_stack_arguments
        2736    0x06 0x00 0x00 0x00 0x02 0x40 0x00 0x00 0x40 0xba                                MOVA r0, #48;                                                                             JL #4608
.delay_slot
        2746    0x10 0x02 0x05 0x18                                                                                                                                                        MOVX r1, #1
.delay_slot
.swstall delay_slot
        2750    0x00 0x00                                                                        NOPX
.delay_slot
.swstall delay_slot
        2752    0x00 0x00                                                                        NOPX
.delay_slot
.swstall delay_slot
        2754    0x00 0x00                                                                        NOPX
.delay_slot
.swstall delay_slot
        2756    0x00 0x2c 0xf0 0x00 0x20 0x00 0x00 0x00 0x00 0xad 0x81 0x36                      NOPA;                         NOPB;                         NOPS;                         NOPX
.return_address
        2768    0xe2 0xc2 0xd0 0x3e 0x17 0xe8 0x08 0x31 0x58 0xba                                LDA r16, [p7, #4];                                                                        MOVX r1, #-1;                 MOV r0, #49
        2778    0x00 0x00                                                                        NOPX
        2780    0x00 0x00                                                                        NOPX
        2782    0x00 0x00                                                                        NOPX
        2784    0x00 0x00                                                                        NOPX
.no_stack_arguments
        2786    0x00 0x08 0xf0 0x00 0x01 0x04                                                                                                                                              JL #4576
.delay_slot
.swstall delay_slot
        2792    0x00 0x00                                                                        NOPX
.delay_slot
        2794    0x14 0x20 0x07 0x18                                                                                                                                                        ADD r16, r16, #1
.delay_slot
        2798    0x6e 0xe1 0x58 0xb0 0xfe 0x24                                                                                                                                              LT r27, r13, r16;             ADD.NC r17, r16, #-2
.delay_slot
        2804    0x14 0x21 0x12 0x18                                                                                                                                                        SEL.EQZ r16, r16, r17, r27
.delay_slot
        2808    0xe2 0xc2 0x30 0x00 0x01 0xa5 0x70 0x02                                                                                                      ST r16, [p7, #4];                                           NOPM
.return_address
        2816    0xe2 0xc2 0xd2 0xd9 0x81 0xd4                                                    LDA r16, [p7, #4];                                                                                                      MOV p1, p6
        2822    0x00 0x00                                                                        NOPX
        2824    0x00 0x00                                                                        NOPX
        2826    0x00 0x00                                                                        NOPX
.no_stack_arguments
        2828    0x00 0x09 0x10 0x00 0x01 0x04                                                                                                                                              JL #4640
.delay_slot
        2834    0x00 0x07 0x04 0xc8 0x00 0x44                                                                                                                                              MOVXM p2, #459776
.delay_slot
.swstall delay_slot
        2840    0x00 0x00                                                                        NOPX
.delay_slot
        2842    0x13 0x77 0x07 0x98                                                                                                                                                        EQ r27, r13, r16
.delay_slot
        2846    0x12 0xe0 0xa2 0x18                                                                                                                                                        SEL.EQZ r16, r11, r10, r27
.delay_slot
        2850    0x00 0x2c 0xf0 0x02 0xb6 0x00 0x00 0x43 0x41 0x07 0x00 0x00 0x1c 0x2e            NOPA;                                                       NOPS;                                                       MOV p0, r16;                            NOPV
.return_address
.no_stack_arguments
        2864    0x06 0x00 0x00 0x00 0x02 0x40 0x00 0x00 0x40 0xba                                MOVA r0, #48;                                                                             JL #4608
.delay_slot
        2874    0x10 0x02 0x05 0x18                                                                                                                                                        MOVX r1, #1
.delay_slot
.swstall delay_slot
        2878    0x00 0x00                                                                        NOPX
.delay_slot
.swstall delay_slot
        2880    0x00 0x00                                                                        NOPX
.delay_slot
.swstall delay_slot
        2882    0x00 0x00                                                                        NOPX
.delay_slot
.swstall delay_slot
        2884    0x00 0x2c 0xf0 0x00 0x20 0x00 0x00 0x00 0x00 0xad 0x81 0x36                      NOPA;                         NOPB;                         NOPS;                         NOPX
.return_address
        2896    0xe2 0xc2 0xd0 0x3e 0x17 0xe8 0x08 0x31 0x58 0xba                                LDA r16, [p7, #4];                                                                        MOVX r1, #-1;                 MOV r0, #49
        2906    0x00 0x00                                                                        NOPX
        2908    0x00 0x00                                                                        NOPX
        2910    0x00 0x00                                                                        NOPX
        2912    0x00 0x00                                                                        NOPX
.no_stack_arguments
        2914    0x00 0x08 0xf0 0x00 0x01 0x04                                                                                                                                              JL #4576
.delay_slot
.swstall delay_slot
        2920    0x00 0x00                                                                        NOPX
.delay_slot
        2922    0x14 0x20 0x07 0x18                                                                                                                                                        ADD r16, r16, #1
.delay_slot
        2926    0x6e 0xe1 0x58 0xb0 0xfe 0x24                                                                                                                                              LT r27, r13, r16;             ADD.NC r17, r16, #-2
.delay_slot
        2932    0x14 0x21 0x12 0x18                                                                                                                                                        SEL.EQZ r16, r16, r17, r27
.delay_slot
        2936    0xe2 0xc2 0x30 0x00 0x01 0xa5 0x70 0x02                                                                                                      ST r16, [p7, #4];                                           NOPM
.return_address
        2944    0xe2 0xc2 0xd2 0xd9 0x81 0xd4                                                    LDA r16, [p7, #4];                                                                                                      MOV p1, p6
        2950    0x00 0x00                                                                        NOPX
        2952    0x00 0x00                                                                        NOPX
        2954    0x00 0x00                                                                        NOPX
.no_stack_arguments
        2956    0x00 0x09 0x10 0x00 0x01 0x04                                                                                                                                              JL #4640
.delay_slot
        2962    0x00 0x07 0x04 0xc8 0x00 0x44                                                                                                                                              MOVXM p2, #459776
.delay_slot
.swstall delay_slot
        2968    0x00 0x00                                                                        NOPX
.delay_slot
        2970    0x13 0x77 0x07 0x98                                                                                                                                                        EQ r27, r13, r16
.delay_slot
        2974    0x12 0xe0 0xa2 0x18                                                                                                                                                        SEL.EQZ r16, r11, r10, r27
.delay_slot
        2978    0x00 0x2c 0xf0 0x02 0xb6 0x00 0x00 0x43 0x41 0x07 0x00 0x00 0x1c 0x2e            NOPA;                                                       NOPS;                                                       MOV p0, r16;                            NOPV
.return_address
.no_stack_arguments
        2992    0x06 0x00 0x00 0x00 0x02 0x40 0x00 0x00 0x40 0xba                                MOVA r0, #48;                                                                             JL #4608
.delay_slot
        3002    0x10 0x02 0x05 0x18                                                                                                                                                        MOVX r1, #1
.delay_slot
.swstall delay_slot
        3006    0x00 0x00                                                                        NOPX
.delay_slot
.swstall delay_slot
        3008    0x00 0x00                                                                        NOPX
.delay_slot
.swstall delay_slot
        3010    0x00 0x00                                                                        NOPX
.delay_slot
.swstall delay_slot
        3012    0x00 0x2c 0xf0 0x00 0x20 0x00 0x00 0x00 0x00 0xad 0x81 0x36                      NOPA;                         NOPB;                         NOPS;                         NOPX
.return_address
        3024    0xe2 0xc2 0xd0 0x3e 0x17 0xe8 0x08 0x31 0x58 0xba                                LDA r16, [p7, #4];                                                                        MOVX r1, #-1;                 MOV r0, #49
        3034    0x00 0x00                                                                        NOPX
        3036    0x00 0x00                                                                        NOPX
        3038    0x00 0x00                                                                        NOPX
        3040    0x00 0x00                                                                        NOPX
.no_stack_arguments
        3042    0x00 0x08 0xf0 0x00 0x01 0x04                                                                                                                                              JL #4576
.delay_slot
.swstall delay_slot
        3048    0x00 0x00                                                                        NOPX
.delay_slot
        3050    0x14 0x20 0x07 0x18                                                                                                                                                        ADD r16, r16, #1
.delay_slot
        3054    0x6e 0xe1 0x58 0xb0 0xfe 0x24                                                                                                                                              LT r27, r13, r16;             ADD.NC r17, r16, #-2
.delay_slot
        3060    0x14 0x21 0x12 0x18                                                                                                                                                        SEL.EQZ r16, r16, r17, r27
.delay_slot
        3064    0xe2 0xc2 0x30 0x00 0x01 0xa5 0x70 0x02                                                                                                      ST r16, [p7, #4];                                           NOPM
.return_address
        3072    0xe2 0xc2 0xd2 0xd9 0x81 0xd4                                                    LDA r16, [p7, #4];                                                                                                      MOV p1, p6
        3078    0x00 0x00                                                                        NOPX
        3080    0x00 0x00                                                                        NOPX
        3082    0x00 0x00                                                                        NOPX
.no_stack_arguments
        3084    0x00 0x09 0x10 0x00 0x01 0x04                                                                                                                                              JL #4640
.delay_slot
        3090    0x00 0x07 0x04 0xc8 0x00 0x44                                                                                                                                              MOVXM p2, #459776
.delay_slot
.swstall delay_slot
        3096    0x00 0x00                                                                        NOPX
.delay_slot
        3098    0x13 0x77 0x07 0x98                                                                                                                                                        EQ r27, r13, r16
.delay_slot
        3102    0x12 0xe0 0xa2 0x18                                                                                                                                                        SEL.EQZ r16, r11, r10, r27
.delay_slot
        3106    0x00 0x2c 0xf0 0x02 0xb6 0x00 0x00 0x43 0x41 0x07 0x00 0x00 0x1c 0x2e            NOPA;                                                       NOPS;                                                       MOV p0, r16;                            NOPV
.return_address
.no_stack_arguments
        3120    0x06 0x00 0x00 0x00 0x02 0x40 0x00 0x00 0x40 0xba                                MOVA r0, #48;                                                                             JL #4608
.delay_slot
        3130    0x10 0x02 0x05 0x18                                                                                                                                                        MOVX r1, #1
.delay_slot
.swstall delay_slot
        3134    0x00 0x00                                                                        NOPX
.delay_slot
.swstall delay_slot
        3136    0x00 0x00                                                                        NOPX
.delay_slot
.swstall delay_slot
        3138    0x00 0x00                                                                        NOPX
.delay_slot
.swstall delay_slot
        3140    0x00 0x2c 0xf0 0x00 0x20 0x00 0x00 0x00 0x00 0xad 0x81 0x36                      NOPA;                         NOPB;                         NOPS;                         NOPX
.return_address
        3152    0xe2 0xc2 0xd0 0x3e 0x17 0xe8 0x08 0x31 0x58 0xba                                LDA r16, [p7, #4];                                                                        MOVX r1, #-1;                 MOV r0, #49
        3162    0x00 0x00                                                                        NOPX
        3164    0x00 0x00                                                                        NOPX
        3166    0x00 0x00                                                                        NOPX
        3168    0x00 0x00                                                                        NOPX
.no_stack_arguments
        3170    0x00 0x08 0xf0 0x00 0x01 0x04                                                                                                                                              JL #4576
.delay_slot
.swstall delay_slot
        3176    0x00 0x00                                                                        NOPX
.delay_slot
        3178    0x14 0x20 0x07 0x18                                                                                                                                                        ADD r16, r16, #1
.delay_slot
        3182    0x6e 0xe1 0x58 0xb0 0xfe 0x24                                                                                                                                              LT r27, r13, r16;             ADD.NC r17, r16, #-2
.delay_slot
        3188    0x14 0x21 0x12 0x18                                                                                                                                                        SEL.EQZ r16, r16, r17, r27
.delay_slot
        3192    0xe2 0xc2 0x30 0x00 0x01 0xa5 0x70 0x02                                                                                                      ST r16, [p7, #4];                                           NOPM
.return_address
        3200    0xe2 0xc2 0xd2 0xd9 0x81 0xd4                                                    LDA r16, [p7, #4];                                                                                                      MOV p1, p6
        3206    0x00 0x00                                                                        NOPX
        3208    0x00 0x00                                                                        NOPX
        3210    0x00 0x00                                                                        NOPX
.no_stack_arguments
        3212    0x00 0x09 0x10 0x00 0x01 0x04                                                                                                                                              JL #4640
.delay_slot
        3218    0x00 0x07 0x04 0xc8 0x00 0x44                                                                                                                                              MOVXM p2, #459776
.delay_slot
.swstall delay_slot
        3224    0x00 0x00                                                                        NOPX
.delay_slot
        3226    0x13 0x77 0x07 0x98                                                                                                                                                        EQ r27, r13, r16
.delay_slot
        3230    0x12 0xe0 0xa2 0x18                                                                                                                                                        SEL.EQZ r16, r11, r10, r27
.delay_slot
        3234    0x00 0x2c 0xf0 0x02 0xb6 0x00 0x00 0x43 0x41 0x07 0x00 0x00 0x1c 0x2e            NOPA;                                                       NOPS;                                                       MOV p0, r16;                            NOPV
.return_address
.no_stack_arguments
        3248    0x06 0x00 0x00 0x00 0x02 0x40 0x00 0x00 0x40 0xba                                MOVA r0, #48;                                                                             JL #4608
.delay_slot
        3258    0x10 0x02 0x05 0x18                                                                                                                                                        MOVX r1, #1
.delay_slot
        3262    0x10 0x12 0x05 0x18                                                                                                                                                        MOVX r9, #1
.delay_slot
.swstall delay_slot
        3266    0x00 0x00                                                                        NOPX
.delay_slot
.swstall delay_slot
        3268    0x00 0x00                                                                        NOPX
.delay_slot
.swstall delay_slot
        3270    0x00 0x2c 0xf0 0x00 0x10 0x00 0x01 0xa5 0x7e 0xba                                NOPA;                         NOPB;                                                                                     NOPM
.return_address
        3280    0xe2 0xc2 0xd0 0x00 0x06 0x48 0x28 0x01 0x58 0xba                                LDA r16, [p7, #4];                                                                        MOVX r0, #50;                 MOV r1, #1
        3290    0x00 0x00                                                                        NOPX
        3292    0x00 0x00                                                                        NOPX
        3294    0x00 0x00                                                                        NOPX
        3296    0x00 0x00                                                                        NOPX
.no_stack_arguments
        3298    0x00 0x09 0x00 0x00 0x01 0x04                                                                                                                                              JL #4608
.delay_slot
.swstall delay_slot
        3304    0x00 0x00                                                                        NOPX
.delay_slot
        3306    0x14 0x20 0x07 0x18                                                                                                                                                        ADD r16, r16, #1
.delay_slot
        3310    0x4e 0xe1 0x58 0xb0 0xfe 0x24                                                                                                                                              LT r27, r9, r16;              ADD.NC r17, r16, #-2
.delay_slot
        3316    0x14 0x21 0x12 0x18                                                                                                                                                        SEL.EQZ r16, r16, r17, r27
.delay_slot
        3320    0xe2 0xc2 0x30 0x00 0x01 0xa5 0x70 0x02                                                                                                      ST r16, [p7, #4];                                           NOPM
.return_address
        3328    0xe0 0xc2 0xd0 0x00 0x00 0x03 0x34 0xd8 0x10 0xba                                LDA r16, [p7];                                                                            MOVXM p6, #2480
        3338    0x17 0xc2 0xfd 0x18                                                                                                                                                        MOVX r1, #-1
        3342    0x00 0x00                                                                        NOPX
        3344    0x00 0x00                                                                        NOPX
        3346    0x00 0x00                                                                        NOPX
        3348    0x12 0x11 0xa0 0x18                                                                                                                                                        JNZD r8, r8, p6
.delay_slot
.swstall delay_slot
        3352    0x00 0x00                                                                        NOPX
.delay_slot
        3354    0x14 0x20 0x07 0x18                                                                                                                                                        ADD r16, r16, #1
.delay_slot
        3358    0x4e 0xe1 0x58 0xb0 0xfe 0x24                                                                                                                                              LT r27, r9, r16;              ADD.NC r17, r16, #-2
.delay_slot
        3364    0x14 0x21 0x12 0x18                                                                                                                                                        SEL.EQZ r16, r16, r17, r27
.delay_slot
        3368    0x0f 0x06 0x11 0x98                                                                                                                          ST r16, [p7]
.loop_nesting 1
.no_stack_arguments
        3372    0x06 0xa0 0x00 0x00 0x02 0x40 0x00 0x00 0x40 0xba                                MOVA r0, #53;                                                                             JL #4608
.delay_slot
        3382    0x10 0x02 0x05 0x18                                                                                                                                                        MOVX r1, #1
.delay_slot
        3386    0x10 0x1c 0x05 0x18                                                                                                                                                        MOVX r14, #1
.delay_slot
.swstall delay_slot
        3390    0x00 0x00                                                                        NOPX
.delay_slot
.swstall delay_slot
        3392    0x00 0x00                                                                        NOPX
.delay_slot
.swstall delay_slot
        3394    0x00 0x2c 0xf0 0x02 0xb6 0x00 0x00 0x40 0x1a 0x57 0x00 0x00 0x1c 0x2e            NOPA;                                                       NOPS;                                                       NOPM;                                   NOPV
.return_address
        3408    0xfe 0xc2 0xd0 0x00 0x06 0x88 0x2f 0xff 0x58 0xba                                LDA r16, [p7, #-4];                                                                       MOVX r0, #52;                 MOV r1, #-1
        3418    0x00 0x00                                                                        NOPX
        3420    0x00 0x00                                                                        NOPX
        3422    0x00 0x00                                                                        NOPX
.no_stack_arguments
        3424    0x00 0x08 0xf0 0x00 0x01 0x04                                                                                                                                              JL #4576
.delay_slot
        3430    0x7f 0xff 0xf8 0xbf 0xfc 0x44                                                                                                                                              MOVXM r17, #2147483646
.delay_slot
.swstall delay_slot
        3436    0x00 0x00                                                                        NOPX
.delay_slot
        3438    0x14 0x63 0x0c 0x98                                                                                                                                                        LTU r17, r17, r16
.delay_slot
        3442    0x14 0x61 0x00 0x98                                                                                                                                                        ADD r16, r17, r16
.delay_slot
        3446    0x00 0x2c 0xf7 0xf6 0x11 0x80 0x00 0x00 0x00 0x7a                                NOPA;                                                       ST r16, [p7, #-4];            NOPX
.return_address
.no_stack_arguments
        3456    0x00 0x0a 0xd0 0x00 0x01 0x04                                                                                                                                              JL #5536
.delay_slot
        3462    0x00 0x07 0x00 0xc8 0x00 0x44                                                                                                                                              MOVXM p0, #459776
.delay_slot
.swstall delay_slot
        3468    0x00 0x00                                                                        NOPX
.delay_slot
.swstall delay_slot
        3470    0x00 0x00                                                                        NOPX
.delay_slot
.swstall delay_slot
        3472    0x00 0x00                                                                        NOPX
.delay_slot
.swstall delay_slot
        3474    0x00 0x2c 0xf0 0x02 0xb6 0x00 0x00 0x40 0x1a 0x57 0x00 0x00 0x1c 0x2e            NOPA;                                                       NOPS;                                                       NOPM;                                   NOPV
.return_address
        3488    0x00 0x2c 0xf0 0x00 0x20 0x01 0x5b 0x00 0x83 0xe8 0x2f 0xff 0x58 0x00 0x00 0xe1  NOPA;                         NOPB;                         NOPS;                         MOVX r8, #31;                 MOV r1, #-1;                            NOPV
.label TGT_Fcore_0_2_3280
.loop_nesting 2
.no_stack_arguments
        3504    0x00 0x08 0xf0 0x00 0x01 0x04                                                                                                                                              JL #4576
.delay_slot
        3510    0x10 0x00 0xcd 0x18                                                                                                                                                        MOVX r0, #51
.delay_slot
.swstall delay_slot
        3514    0x00 0x00                                                                        NOPX
.delay_slot
.swstall delay_slot
        3516    0x00 0x00                                                                        NOPX
.delay_slot
.swstall delay_slot
        3518    0x00 0x00                                                                        NOPX
.delay_slot
.swstall delay_slot
        3520    0x00 0x2c 0xf0 0x00 0x20 0x01 0x5b 0x00 0x00 0x00 0x01 0xa5 0x78 0x00 0x00 0xe1  NOPA;                         NOPB;                         NOPS;                         NOPX;                         NOPM;                                   NOPV
.return_address
        3536    0xe0 0xca 0xd0 0x3e 0x17 0xe8 0x08 0x31 0x58 0xba                                LDA r18, [p7];                                                                            MOVX r1, #-1;                 MOV r0, #49
        3546    0x00 0x00                                                                        NOPX
        3548    0x00 0x00                                                                        NOPX
.no_stack_arguments
        3550    0x00 0x08 0xf0 0x00 0x01 0x04                                                                                                                                              JL #4576
.delay_slot
        3556    0x00 0x07 0x88 0x36 0x00 0x44                                                                                                                                              MOVXM r16, #494336
.delay_slot
        3562    0x00 0x07 0x58 0xaa 0x00 0x44                                                                                                                                              MOVXM r17, #480512
.delay_slot
.swstall delay_slot
        3568    0x00 0x00                                                                        NOPX
.delay_slot
        3570    0x13 0xb7 0x27 0x98                                                                                                                                                        EQ r27, r14, r18
.delay_slot
        3574    0x00 0x2c 0xf0 0x01 0x5b 0x00 0x04 0x5f 0x02 0x7a                                NOPA;                                                       NOPS;                         SEL.EQZ r15, r17, r16, r27
.return_address
        3584    0xe2 0xc2 0xd2 0xcf 0x41 0xd4                                                    LDA r16, [p7, #4];                                                                                                      MOV p1, r15
        3590    0x1e 0x62 0xc0 0xf8                                                                                                                                                                                      MOV p6, p1
        3594    0x00 0x00                                                                        NOPX
        3596    0x00 0x00                                                                        NOPX
.no_stack_arguments
        3598    0x00 0x09 0x10 0x00 0x01 0x04                                                                                                                                              JL #4640
.delay_slot
        3604    0x00 0x07 0x04 0xc8 0x00 0x44                                                                                                                                              MOVXM p2, #459776
.delay_slot
.swstall delay_slot
        3610    0x00 0x00                                                                        NOPX
.delay_slot
        3612    0x13 0xb7 0x07 0x98                                                                                                                                                        EQ r27, r14, r16
.delay_slot
        3616    0x12 0xe0 0xa2 0x18                                                                                                                                                        SEL.EQZ r16, r11, r10, r27
.delay_slot
        3620    0x00 0x2c 0xf0 0x00 0x20 0x01 0x5b 0x00 0x34 0x10 0x70 0xf6                      NOPA;                         NOPB;                         NOPS;                                                       MOV p0, r16
.return_address
.no_stack_arguments
        3632    0x06 0x00 0x00 0x00 0x02 0x40 0x00 0x00 0x40 0xba                                MOVA r0, #48;                                                                             JL #4608
.delay_slot
        3642    0x10 0x02 0x05 0x18                                                                                                                                                        MOVX r1, #1
.delay_slot
        3646    0x10 0x1a 0x05 0x18                                                                                                                                                        MOVX r13, #1
.delay_slot
.swstall delay_slot
        3650    0x00 0x00                                                                        NOPX
.delay_slot
.swstall delay_slot
        3652    0x00 0x00                                                                        NOPX
.delay_slot
.swstall delay_slot
        3654    0x00 0x2c 0xf0 0x00 0x10 0x00 0x01 0xa5 0x7e 0xba                                NOPA;                         NOPB;                                                                                     NOPM
.return_address
        3664    0xe2 0xc2 0xd0 0x3e 0x17 0xe8 0x08 0x31 0x58 0xba                                LDA r16, [p7, #4];                                                                        MOVX r1, #-1;                 MOV r0, #49
        3674    0x00 0x00                                                                        NOPX
        3676    0x00 0x00                                                                        NOPX
        3678    0x00 0x00                                                                        NOPX
        3680    0x00 0x00                                                                        NOPX
.no_stack_arguments
        3682    0x00 0x08 0xf0 0x00 0x01 0x04                                                                                                                                              JL #4576
.delay_slot
.swstall delay_slot
        3688    0x00 0x00                                                                        NOPX
.delay_slot
        3690    0x14 0x20 0x07 0x18                                                                                                                                                        ADD r16, r16, #1
.delay_slot
        3694    0x6e 0xe1 0x58 0xb0 0xfe 0x24                                                                                                                                              LT r27, r13, r16;             ADD.NC r17, r16, #-2
.delay_slot
        3700    0x14 0x21 0x12 0x18                                                                                                                                                        SEL.EQZ r16, r16, r17, r27
.delay_slot
        3704    0xe2 0xc2 0x30 0x00 0x01 0xa5 0x70 0x02                                                                                                      ST r16, [p7, #4];                                           NOPM
.return_address
        3712    0xe2 0xc2 0xd2 0xd9 0x81 0xd4                                                    LDA r16, [p7, #4];                                                                                                      MOV p1, p6
        3718    0x00 0x00                                                                        NOPX
        3720    0x00 0x00                                                                        NOPX
        3722    0x00 0x00                                                                        NOPX
.no_stack_arguments
        3724    0x00 0x09 0x10 0x00 0x01 0x04                                                                                                                                              JL #4640
.delay_slot
        3730    0x00 0x07 0x04 0xc8 0x00 0x44                                                                                                                                              MOVXM p2, #459776
.delay_slot
.swstall delay_slot
        3736    0x00 0x00                                                                        NOPX
.delay_slot
        3738    0x13 0x77 0x07 0x98                                                                                                                                                        EQ r27, r13, r16
.delay_slot
        3742    0x12 0xe0 0xa2 0x18                                                                                                                                                        SEL.EQZ r16, r11, r10, r27
.delay_slot
        3746    0x00 0x2c 0xf0 0x02 0xb6 0x00 0x00 0x43 0x41 0x07 0x00 0x00 0x1c 0x2e            NOPA;                                                       NOPS;                                                       MOV p0, r16;                            NOPV
.return_address
.no_stack_arguments
        3760    0x06 0x00 0x00 0x00 0x02 0x40 0x00 0x00 0x40 0xba                                MOVA r0, #48;                                                                             JL #4608
.delay_slot
        3770    0x10 0x02 0x05 0x18                                                                                                                                                        MOVX r1, #1
.delay_slot
.swstall delay_slot
        3774    0x00 0x00                                                                        NOPX
.delay_slot
.swstall delay_slot
        3776    0x00 0x00                                                                        NOPX
.delay_slot
.swstall delay_slot
        3778    0x00 0x00                                                                        NOPX
.delay_slot
.swstall delay_slot
        3780    0x00 0x2c 0xf0 0x00 0x20 0x00 0x00 0x00 0x00 0xad 0x81 0x36                      NOPA;                         NOPB;                         NOPS;                         NOPX
.return_address
        3792    0xe2 0xc2 0xd0 0x3e 0x17 0xe8 0x08 0x31 0x58 0xba                                LDA r16, [p7, #4];                                                                        MOVX r1, #-1;                 MOV r0, #49
        3802    0x00 0x00                                                                        NOPX
        3804    0x00 0x00                                                                        NOPX
        3806    0x00 0x00                                                                        NOPX
        3808    0x00 0x00                                                                        NOPX
.no_stack_arguments
        3810    0x00 0x08 0xf0 0x00 0x01 0x04                                                                                                                                              JL #4576
.delay_slot
.swstall delay_slot
        3816    0x00 0x00                                                                        NOPX
.delay_slot
        3818    0x14 0x20 0x07 0x18                                                                                                                                                        ADD r16, r16, #1
.delay_slot
        3822    0x6e 0xe1 0x58 0xb0 0xfe 0x24                                                                                                                                              LT r27, r13, r16;             ADD.NC r17, r16, #-2
.delay_slot
        3828    0x14 0x21 0x12 0x18                                                                                                                                                        SEL.EQZ r16, r16, r17, r27
.delay_slot
        3832    0xe2 0xc2 0x30 0x00 0x01 0xa5 0x70 0x02                                                                                                      ST r16, [p7, #4];                                           NOPM
.return_address
        3840    0xe2 0xc2 0xd2 0xd9 0x81 0xd4                                                    LDA r16, [p7, #4];                                                                                                      MOV p1, p6
        3846    0x00 0x00                                                                        NOPX
        3848    0x00 0x00                                                                        NOPX
        3850    0x00 0x00                                                                        NOPX
.no_stack_arguments
        3852    0x00 0x09 0x10 0x00 0x01 0x04                                                                                                                                              JL #4640
.delay_slot
        3858    0x00 0x07 0x04 0xc8 0x00 0x44                                                                                                                                              MOVXM p2, #459776
.delay_slot
.swstall delay_slot
        3864    0x00 0x00                                                                        NOPX
.delay_slot
        3866    0x13 0x77 0x07 0x98                                                                                                                                                        EQ r27, r13, r16
.delay_slot
        3870    0x12 0xe0 0xa2 0x18                                                                                                                                                        SEL.EQZ r16, r11, r10, r27
.delay_slot
        3874    0x00 0x2c 0xf0 0x02 0xb6 0x00 0x00 0x43 0x41 0x07 0x00 0x00 0x1c 0x2e            NOPA;                                                       NOPS;                                                       MOV p0, r16;                            NOPV
.return_address
.no_stack_arguments
        3888    0x06 0x00 0x00 0x00 0x02 0x40 0x00 0x00 0x40 0xba                                MOVA r0, #48;                                                                             JL #4608
.delay_slot
        3898    0x10 0x02 0x05 0x18                                                                                                                                                        MOVX r1, #1
.delay_slot
.swstall delay_slot
        3902    0x00 0x00                                                                        NOPX
.delay_slot
.swstall delay_slot
        3904    0x00 0x00                                                                        NOPX
.delay_slot
.swstall delay_slot
        3906    0x00 0x00                                                                        NOPX
.delay_slot
.swstall delay_slot
        3908    0x00 0x2c 0xf0 0x00 0x20 0x00 0x00 0x00 0x00 0xad 0x81 0x36                      NOPA;                         NOPB;                         NOPS;                         NOPX
.return_address
        3920    0xe2 0xc2 0xd0 0x3e 0x17 0xe8 0x08 0x31 0x58 0xba                                LDA r16, [p7, #4];                                                                        MOVX r1, #-1;                 MOV r0, #49
        3930    0x00 0x00                                                                        NOPX
        3932    0x00 0x00                                                                        NOPX
        3934    0x00 0x00                                                                        NOPX
        3936    0x00 0x00                                                                        NOPX
.no_stack_arguments
        3938    0x00 0x08 0xf0 0x00 0x01 0x04                                                                                                                                              JL #4576
.delay_slot
.swstall delay_slot
        3944    0x00 0x00                                                                        NOPX
.delay_slot
        3946    0x14 0x20 0x07 0x18                                                                                                                                                        ADD r16, r16, #1
.delay_slot
        3950    0x6e 0xe1 0x58 0xb0 0xfe 0x24                                                                                                                                              LT r27, r13, r16;             ADD.NC r17, r16, #-2
.delay_slot
        3956    0x14 0x21 0x12 0x18                                                                                                                                                        SEL.EQZ r16, r16, r17, r27
.delay_slot
        3960    0xe2 0xc2 0x30 0x00 0x01 0xa5 0x70 0x02                                                                                                      ST r16, [p7, #4];                                           NOPM
.return_address
        3968    0xe2 0xc2 0xd2 0xd9 0x81 0xd4                                                    LDA r16, [p7, #4];                                                                                                      MOV p1, p6
        3974    0x00 0x00                                                                        NOPX
        3976    0x00 0x00                                                                        NOPX
        3978    0x00 0x00                                                                        NOPX
.no_stack_arguments
        3980    0x00 0x09 0x10 0x00 0x01 0x04                                                                                                                                              JL #4640
.delay_slot
        3986    0x00 0x07 0x04 0xc8 0x00 0x44                                                                                                                                              MOVXM p2, #459776
.delay_slot
.swstall delay_slot
        3992    0x00 0x00                                                                        NOPX
.delay_slot
        3994    0x13 0x77 0x07 0x98                                                                                                                                                        EQ r27, r13, r16
.delay_slot
        3998    0x12 0xe0 0xa2 0x18                                                                                                                                                        SEL.EQZ r16, r11, r10, r27
.delay_slot
        4002    0x00 0x2c 0xf0 0x02 0xb6 0x00 0x00 0x43 0x41 0x07 0x00 0x00 0x1c 0x2e            NOPA;                                                       NOPS;                                                       MOV p0, r16;                            NOPV
.return_address
.no_stack_arguments
        4016    0x06 0x00 0x00 0x00 0x02 0x40 0x00 0x00 0x40 0xba                                MOVA r0, #48;                                                                             JL #4608
.delay_slot
        4026    0x10 0x02 0x05 0x18                                                                                                                                                        MOVX r1, #1
.delay_slot
.swstall delay_slot
        4030    0x00 0x00                                                                        NOPX
.delay_slot
.swstall delay_slot
        4032    0x00 0x00                                                                        NOPX
.delay_slot
.swstall delay_slot
        4034    0x00 0x00                                                                        NOPX
.delay_slot
.swstall delay_slot
        4036    0x00 0x2c 0xf0 0x00 0x20 0x00 0x00 0x00 0x00 0xad 0x81 0x36                      NOPA;                         NOPB;                         NOPS;                         NOPX
.return_address
        4048    0xe2 0xc2 0xd0 0x3e 0x17 0xe8 0x08 0x31 0x58 0xba                                LDA r16, [p7, #4];                                                                        MOVX r1, #-1;                 MOV r0, #49
        4058    0x00 0x00                                                                        NOPX
        4060    0x00 0x00                                                                        NOPX
        4062    0x00 0x00                                                                        NOPX
        4064    0x00 0x00                                                                        NOPX
.no_stack_arguments
        4066    0x00 0x08 0xf0 0x00 0x01 0x04                                                                                                                                              JL #4576
.delay_slot
.swstall delay_slot
        4072    0x00 0x00                                                                        NOPX
.delay_slot
        4074    0x14 0x20 0x07 0x18                                                                                                                                                        ADD r16, r16, #1
.delay_slot
        4078    0x6e 0xe1 0x58 0xb0 0xfe 0x24                                                                                                                                              LT r27, r13, r16;             ADD.NC r17, r16, #-2
.delay_slot
        4084    0x14 0x21 0x12 0x18                                                                                                                                                        SEL.EQZ r16, r16, r17, r27
.delay_slot
        4088    0xe2 0xc2 0x30 0x00 0x01 0xa5 0x70 0x02                                                                                                      ST r16, [p7, #4];                                           NOPM
.return_address
        4096    0xe2 0xc2 0xd2 0xd9 0x81 0xd4                                                    LDA r16, [p7, #4];                                                                                                      MOV p1, p6
        4102    0x00 0x00                                                                        NOPX
        4104    0x00 0x00                                                                        NOPX
        4106    0x00 0x00                                                                        NOPX
.no_stack_arguments
        4108    0x00 0x09 0x10 0x00 0x01 0x04                                                                                                                                              JL #4640
.delay_slot
        4114    0x00 0x07 0x04 0xc8 0x00 0x44                                                                                                                                              MOVXM p2, #459776
.delay_slot
.swstall delay_slot
        4120    0x00 0x00                                                                        NOPX
.delay_slot
        4122    0x13 0x77 0x07 0x98                                                                                                                                                        EQ r27, r13, r16
.delay_slot
        4126    0x12 0xe0 0xa2 0x18                                                                                                                                                        SEL.EQZ r16, r11, r10, r27
.delay_slot
        4130    0x00 0x2c 0xf0 0x02 0xb6 0x00 0x00 0x43 0x41 0x07 0x00 0x00 0x1c 0x2e            NOPA;                                                       NOPS;                                                       MOV p0, r16;                            NOPV
.return_address
.no_stack_arguments
        4144    0x06 0x00 0x00 0x00 0x02 0x40 0x00 0x00 0x40 0xba                                MOVA r0, #48;                                                                             JL #4608
.delay_slot
        4154    0x10 0x02 0x05 0x18                                                                                                                                                        MOVX r1, #1
.delay_slot
        4158    0x10 0x1c 0x05 0x18                                                                                                                                                        MOVX r14, #1
.delay_slot
.swstall delay_slot
        4162    0x00 0x00                                                                        NOPX
.delay_slot
.swstall delay_slot
        4164    0x00 0x00                                                                        NOPX
.delay_slot
.swstall delay_slot
        4166    0x00 0x2c 0xf0 0x00 0x10 0x00 0x01 0xa5 0x7e 0xba                                NOPA;                         NOPB;                                                                                     NOPM
.return_address
        4176    0xe2 0xc2 0xd0 0x3e 0x17 0xe8 0x08 0x31 0x58 0xba                                LDA r16, [p7, #4];                                                                        MOVX r1, #-1;                 MOV r0, #49
        4186    0x00 0x00                                                                        NOPX
        4188    0x00 0x00                                                                        NOPX
        4190    0x00 0x00                                                                        NOPX
        4192    0x00 0x00                                                                        NOPX
.no_stack_arguments
        4194    0x00 0x08 0xf0 0x00 0x01 0x04                                                                                                                                              JL #4576
.delay_slot
.swstall delay_slot
        4200    0x00 0x00                                                                        NOPX
.delay_slot
        4202    0x14 0x20 0x07 0x18                                                                                                                                                        ADD r16, r16, #1
.delay_slot
        4206    0x76 0xe1 0x58 0xb0 0xfe 0x24                                                                                                                                              LT r27, r14, r16;             ADD.NC r17, r16, #-2
.delay_slot
        4212    0x14 0x21 0x12 0x18                                                                                                                                                        SEL.EQZ r16, r16, r17, r27
.delay_slot
        4216    0xe2 0xc2 0x30 0x00 0x01 0xa5 0x70 0x02                                                                                                      ST r16, [p7, #4];                                           NOPM
.return_address
        4224    0xe2 0xc2 0xd2 0xd9 0x81 0xd4                                                    LDA r16, [p7, #4];                                                                                                      MOV p1, p6
        4230    0x00 0x00                                                                        NOPX
        4232    0x00 0x00                                                                        NOPX
        4234    0x00 0x00                                                                        NOPX
.no_stack_arguments
        4236    0x00 0x09 0x10 0x00 0x01 0x04                                                                                                                                              JL #4640
.delay_slot
        4242    0x00 0x07 0x04 0xc8 0x00 0x44                                                                                                                                              MOVXM p2, #459776
.delay_slot
.swstall delay_slot
        4248    0x00 0x00                                                                        NOPX
.delay_slot
        4250    0x13 0xb7 0x07 0x98                                                                                                                                                        EQ r27, r14, r16
.delay_slot
        4254    0x12 0xe0 0xa2 0x18                                                                                                                                                        SEL.EQZ r16, r11, r10, r27
.delay_slot
        4258    0x00 0x2c 0xf0 0x02 0xb6 0x00 0x00 0x43 0x41 0x07 0x00 0x00 0x1c 0x2e            NOPA;                                                       NOPS;                                                       MOV p0, r16;                            NOPV
.return_address
.no_stack_arguments
        4272    0x06 0x00 0x00 0x00 0x02 0x40 0x00 0x00 0x40 0xba                                MOVA r0, #48;                                                                             JL #4608
.delay_slot
        4282    0x10 0x02 0x05 0x18                                                                                                                                                        MOVX r1, #1
.delay_slot
.swstall delay_slot
        4286    0x00 0x00                                                                        NOPX
.delay_slot
.swstall delay_slot
        4288    0x00 0x00                                                                        NOPX
.delay_slot
.swstall delay_slot
        4290    0x00 0x00                                                                        NOPX
.delay_slot
.swstall delay_slot
        4292    0x00 0x2c 0xf0 0x00 0x20 0x00 0x00 0x00 0x00 0xad 0x81 0x36                      NOPA;                         NOPB;                         NOPS;                         NOPX
.return_address
        4304    0xe2 0xc2 0xd0 0x00 0x06 0x48 0x28 0x01 0x58 0xba                                LDA r16, [p7, #4];                                                                        MOVX r0, #50;                 MOV r1, #1
        4314    0x00 0x00                                                                        NOPX
        4316    0x00 0x00                                                                        NOPX
        4318    0x00 0x00                                                                        NOPX
        4320    0x00 0x00                                                                        NOPX
.no_stack_arguments
        4322    0x00 0x09 0x00 0x00 0x01 0x04                                                                                                                                              JL #4608
.delay_slot
.swstall delay_slot
        4328    0x00 0x00                                                                        NOPX
.delay_slot
        4330    0x14 0x20 0x07 0x18                                                                                                                                                        ADD r16, r16, #1
.delay_slot
        4334    0x76 0xe1 0x58 0xb0 0xfe 0x24                                                                                                                                              LT r27, r14, r16;             ADD.NC r17, r16, #-2
.delay_slot
        4340    0x14 0x21 0x12 0x18                                                                                                                                                        SEL.EQZ r16, r16, r17, r27
.delay_slot
        4344    0xe2 0xc2 0x30 0x00 0x01 0xa5 0x70 0x02                                                                                                      ST r16, [p7, #4];                                           NOPM
.return_address
        4352    0xe0 0xc2 0xd0 0x00 0x00 0x03 0x36 0xd8 0x10 0xba                                LDA r16, [p7];                                                                            MOVXM p6, #3504
        4362    0x17 0xc2 0xfd 0x18                                                                                                                                                        MOVX r1, #-1
        4366    0x00 0x00                                                                        NOPX
        4368    0x00 0x00                                                                        NOPX
        4370    0x00 0x00                                                                        NOPX
        4372    0x12 0x11 0xa0 0x18                                                                                                                                                        JNZD r8, r8, p6
.delay_slot
.swstall delay_slot
        4376    0x00 0x00                                                                        NOPX
.delay_slot
        4378    0x14 0x20 0x07 0x18                                                                                                                                                        ADD r16, r16, #1
.delay_slot
        4382    0x76 0xe1 0x58 0xb0 0xfe 0x24                                                                                                                                              LT r27, r14, r16;             ADD.NC r17, r16, #-2
.delay_slot
        4388    0x14 0x21 0x12 0x18                                                                                                                                                        SEL.EQZ r16, r16, r17, r27
.delay_slot
        4392    0x0f 0x06 0x11 0x98                                                                                                                          ST r16, [p7]
.loop_nesting 1
.no_stack_arguments
        4396    0x06 0xa0 0x00 0x00 0x02 0x40 0x00 0x00 0x40 0xba                                MOVA r0, #53;                                                                             JL #4608
.delay_slot
        4406    0x10 0x02 0x05 0x18                                                                                                                                                        MOVX r1, #1
.delay_slot
.swstall delay_slot
        4410    0x00 0x00                                                                        NOPX
.delay_slot
.swstall delay_slot
        4412    0x00 0x00                                                                        NOPX
.delay_slot
.swstall delay_slot
        4414    0x00 0x00                                                                        NOPX
.delay_slot
.swstall delay_slot
        4416    0x00 0x2c 0xf0 0x00 0x20 0x01 0x5b 0x00 0x00 0x00 0x01 0xa5 0x78 0x00 0x00 0xe1  NOPA;                         NOPB;                         NOPS;                         NOPX;                         NOPM;                                   NOPV
.return_address
        4432    0xfa 0x46 0x20 0x3f 0x27 0xca 0x08 0x00 0x58 0xba                                LDA r17, [sp, #-48];                                                                      MOVX r18, #-2;                MOV r16, #0
        4442    0xf9 0xce 0x20 0x60 0x02 0x2c                                                    LDA r19, [sp, #-52];                                                                      MOVX r24, #0
        4448    0x07 0xf6 0xb6 0x98                                                              LDA r21, [p7, #-4]
        4452    0x07 0xcb 0x99 0x18                                                              LDA p7, [sp, #-56]
        4456    0x00 0x00                                                                        NOPX
        4458    0x00 0x00                                                                        NOPX
        4460    0x00 0x00                                                                        NOPX
        4462    0x14 0x65 0x2c 0x98                                                                                                                                                        LTU r18, r17, r18
        4466    0x14 0xec 0xd0 0x18                                                                                                                                                        EQZ r22, r19
        4470    0x15 0xa5 0x24 0x98                                                                                                                                                        AND r18, r22, r18
        4474    0x14 0xa1 0x05 0x98                                                                                                                                                        OR r16, r18, r16
        4478    0x80 0x00 0xb0 0x40 0x01 0x84                                                                                                                                              JNZ r16, #352
.delay_slot
        4484    0x7f 0xff 0xfa 0x3f 0xfc 0x44                                                                                                                                              MOVXM r20, #2147483646
.delay_slot
        4490    0x14 0x62 0x07 0x18                                                                                                                                                        ADD r17, r17, #1
.delay_slot
        4494    0xfa 0x46 0xba 0x46 0xb9 0x5c                                                                                                                ST r17, [sp, #-48];           LTU r17, r20, r21
.delay_slot
        4500    0x9c 0xf0 0x58 0xb5 0x8a 0xa4                                                                                                                                              ADC r19, r19, r24;            ADD.NC r17, r21, r17
.delay_slot
        4506    0x0f 0x1e 0x31 0x98                                                                                                                          ST r17, [p7], #4
.loop_nesting 0
        4510    0x07 0xd4 0x39 0x18                                                              LDA lr, [sp, #-44]
        4514    0x07 0xd9 0x11 0x18                                                              LDA r8, [sp, #-40]
        4518    0x07 0xdd 0x31 0x18                                                              LDA r9, [sp, #-36]
        4522    0x07 0xe1 0x51 0x18                                                              LDA r10, [sp, #-32]
        4526    0x07 0xe9 0x71 0x18                                                              LDA r11, [sp, #-24]
        4530    0x07 0xf1 0x91 0x18                                                              LDA r12, [sp, #-16]
        4534    0x07 0xf5 0xb1 0x18                                                              LDA r13, [sp, #-12]
        4538    0x07 0xf9 0xd1 0x18                                                              LDA r14, [sp, #-8]
        4542    0x07 0xfd 0xf1 0x18                                                              LDA r15, [sp, #-4]
        4546    0x07 0xe7 0x19 0x18                                                              LDA p6, [sp, #-28]
        4550    0x07 0xef 0x99 0x18                                                              LDA p7, [sp, #-20]
        4554    0x10 0x28 0x00 0x18                                                                                                                                                        RET lr
.delay_slot
        4558    0xff 0xf8 0x00 0x00 0x01 0xc4                                                                                                                                              PADDXM [sp], #-64
.delay_slot
.swstall delay_slot
        4564    0x00 0x00                                                                        NOPX
.delay_slot
.swstall delay_slot
        4566    0x00 0x00                                                                        NOPX
.delay_slot
.swstall delay_slot
        4568    0x00 0x00                                                                        NOPX
.delay_slot
.swstall delay_slot
        4570    0x00 0x00                                                                        NOPX
.label core_0_2__end

.text_segment PM   4576
.label llvm___aie2p___acquire
.function_start
        4576    0x10 0x12 0x18 0x18                                                                                                                                                        ACQ r0, r1
        4580    0x10 0x28 0x00 0x18                                                                                                                                                        RET lr
.delay_slot
.swstall delay_slot
        4584    0x00 0x00                                                                        NOPX
.delay_slot
.swstall delay_slot
        4586    0x00 0x00                                                                        NOPX
.delay_slot
.swstall delay_slot
        4588    0x00 0x00                                                                        NOPX
.delay_slot
.swstall delay_slot
        4590    0x00 0x00                                                                        NOPX
.delay_slot
.swstall delay_slot
        4592    0x00 0x00                                                                        NOPX
.label llvm___aie2p___acquire__end

.text_segment PM   4608
.label llvm___aie2p___release
.function_start
        4608    0x10 0x10 0x18 0x18                                                                                                                                                        REL r0, r1
        4612    0x10 0x28 0x00 0x18                                                                                                                                                        RET lr
.delay_slot
.swstall delay_slot
        4616    0x00 0x00                                                                        NOPX
.delay_slot
.swstall delay_slot
        4618    0x00 0x00                                                                        NOPX
.delay_slot
.swstall delay_slot
        4620    0x00 0x00                                                                        NOPX
.delay_slot
.swstall delay_slot
        4622    0x00 0x00                                                                        NOPX
.delay_slot
.swstall delay_slot
        4624    0x00 0x00                                                                        NOPX
.label llvm___aie2p___release__end

.text_segment PM   4640
.label matmul_vectorized_bfp16
.function_start
        4640    0x00 0xa2 0x00 0x00 0x01 0xf9 0xb2 0x86 0x10 0xba                                MOVA r2, #5;                                                                              MOVXM p3, #517388
        4650    0x60 0xca 0xd0 0x00 0x80 0x00 0x88 0x40 0x58 0xba                                LDA r18, [p3];                                                                            EVENT #0;                     MOV r4, #64
        4660    0x61 0x93 0x00 0x00 0x00 0x04 0x79 0x70 0x10 0xba                                MOVA r19, #780;                                                                           MOVXM ls, #4832
        4670    0x00 0x15 0x00 0x00 0x00 0x05 0xba 0xb0 0x10 0xba                                MOVA r21, #0;                                                                             MOVXM le, #5472
        4680    0x00 0x18 0x00 0x00 0x04 0x00 0x00 0x00 0x70 0xba                                MOVA r24, #0;                                                                             PADDXM [sp], #128
        4690    0x01 0x03 0x24 0x20 0xe5 0xe4                                                                                                                                              MOVX r4, #6;                  VBCST.8 x4, r4
        4696    0x1a 0xe0 0x72 0xf8                                                                                                                                                                                      VBCST.8 x5, r24
        4700    0x80 0x40 0x20 0xa0 0x20 0x44                                                                                                                                              MOVXM r1, #-2143281136
        4706    0x96 0xc4 0xf1 0x32 0x01 0x24                                                                                                                                              EQ r27, r18, r2;              ADD.NC r2, r18, #1
        4712    0x12 0x02 0x00 0x05 0x4c 0x12 0x2a 0x60 0x78 0xba                                MOVA r2, #144;                                                                            SEL.EQZ r20, r2, r24, r27;    MOV r17, p2
        4722    0x60 0xd2 0x30 0x02 0x01 0x00 0x09 0x00 0x91 0x3a                                                                                            ST r20, [p3];                 MOVXM r0, #134480385
        4732    0x1c 0x2a 0x04 0x38                                                                                                                                                                                      VSEL.8 x8, x5, x4, r1:r0
        4736    0x00 0x07 0xe8 0xca 0x20 0x44                                                                                                                                              MOVXM p4, #517392
        4742    0x80 0x9c 0x50 0x1f 0xdf 0xdc 0x6f 0xbf 0x90 0xba                                LDA.s8 r7, [p4];                                                                          MOVXM r3, #2139062143
        4752    0x1c 0x03 0x9c 0xf8                                                                                                                                                                                      MOV el8, r3
        4756    0x20 0xd0 0x28 0x87 0x39 0xe4                                                                                                                                              MOVX r3, #288;                MOV eh8, r3
        4762    0x00 0x00 0x0a 0x3b 0x00 0x44                                                                                                                                              MOVXM r20, #3456
        4768    0x00 0x32 0x00 0x25 0x1a 0x30 0x08 0x60 0x78 0xba                                MOVA r18, #1;                                                                             MAC r17, r17, r18, r20;       MOV r0, p0
        4778    0x18 0x52 0xc0 0xf8                                                                                                                                                                                      MOV r1, p1
        4782    0x00 0x00 0x16 0xc5 0x80 0x44                                                                                                                                              MOVXM p3, #4800
        4788    0x00 0x2c 0xf3 0xf5 0x00 0x2c                                                    NOPA;                                                                                     MOVX crRnd, r7
        4794    0x00 0x00 0x03 0xb2 0x00 0x44                                                                                                                                              MOVXM r7, #2304
.label TGT_Fmatmul_vectorized_bfp16_160
.loop_nesting 1
        4800    0x00 0xc5 0x40 0x2b 0x42 0x7e 0xe8 0x10 0x78 0xba                                MOVA lc, #6;                                                                              MUL r20, r21, r4;             MOV r23, r0
        4810    0x3d 0xea 0xca 0xa0 0x01 0x64                                                                                                                                              MAC r23, r23, r7, r21;        MOV r21, #0
        4816    0x10 0xe9 0x4f 0x98                                                                                                                                                        MUL r20, r3, r20
        4820    0x00 0x2c 0xf0 0x00 0x20 0x01 0x5b 0x00 0x25 0xd0 0x70 0xf6                      NOPA;                         NOPB;                         NOPS;                                                       MOV dn0, r23
.label ZLS_Fmatmul_vectorized_bfp16_192
.loop_nesting 2
.begin_of_loop
        4832    0x00 0x00                                                                        NOPX
        4834    0x10 0xad 0x40 0x98                                                                                                                                                        ADD r22, r2, r20
        4838    0x06 0x00 0x20 0xd1 0xb2 0xa4                                                                                                                                              MOVX r24, #0;                 ADD.NC p0, r17, r22
        4844    0x3c 0x14 0x14 0x18                                                                                            VLDB.FILL.512 [p0, lf0, r24]
        4848    0x04 0x05 0xa8 0x01 0x90 0x08 0xb5 0x42 0xa8 0x3a                                                              VLDB.POP.576 ex11, [p0, lf0, r24];                          MOVX r25, #0;                 ADD.NC p1, r21, r1
        4858    0x22 0x81 0x74 0x05 0x28 0x3c                                                    VLDA.FILL.512 [p1, lf1, r25]; VLDB.POP.576 ex10, [p0, lf0, r24]
        4864    0x06 0x00 0xa8 0x01 0x80 0x08 0x30 0x40 0x78 0x3a                                                              VLDB.POP.576 ex1, [p1, lf1, r25];                           MOVX r24, #0;                 MOV p0, dn0
        4874    0xa0 0x19 0x78 0x28 0x28 0x3c                                                    VLDA.POP.576 ex3, [p1, lf1, r25];VLDB.FILL.512 [p0, lf0, r24]
        4880    0xa0 0x29 0x74 0x00 0x28 0x3c                                                    VLDA.POP.576 ex5, [p1, lf1, r25];VLDB.POP.576 ex0, [p0, lf0, r24]
.aggressive_scheduled_block_id 1
.aggressive_scheduled_block_id first
        4886    0xa0 0x39 0x74 0x01 0x28 0x3c                                                    VLDA.POP.576 ex7, [p1, lf1, r25];VLDB.POP.576 ex2, [p0, lf0, r24]
.aggressive_scheduled_block_id 1
.noswbrkpt
        4892    0x3b 0x00 0x54 0x18                                                                                            VLDB.POP.576 ex1, [p1, lf1, r25]
.aggressive_scheduled_block_id 1
.nohwbrkpt
.noswbrkpt
        4896    0x00 0x91 0x62 0x01 0x14 0x01 0x34 0x68 0xa6 0xba                                                              VLDB.POP.576 ex4, [p0, lf0, r24];MOVS dc0, p1;                                            ADD.NC p2, r17, r20
.aggressive_scheduled_block_id 1
.nohwbrkpt
.noswbrkpt
        4906    0x31 0x11 0x64 0x03 0x28 0x01 0x90 0x0b 0x6e 0x50 0x78 0x36                                                    VLDB.POP.576 ex6, [p0, lf0, r24];MOVS p1, p2;               MOVX r25, #0;                 MOV r27, r25
.aggressive_scheduled_block_id 1
.nohwbrkpt
.noswbrkpt
        4918    0x3d 0x14 0x14 0x18                                                                                            VLDB.FILL.512 [p1, lf1, r25]
.aggressive_scheduled_block_id 1
.nohwbrkpt
.noswbrkpt
        4922    0x03 0x01 0x94 0x00 0x99 0xf7 0x09 0x62                                                                        VLDB.POP.576 ex6, [p1, lf1, r25];                                                                                                 VMUL.f dm1, ex11, ex8, r19
.aggressive_scheduled_block_id 1
.nohwbrkpt
.noswbrkpt
        4930    0x03 0x00 0x94 0x00 0x9b 0xf5 0x09 0x62                                                                        VLDB.POP.576 ex2, [p1, lf1, r25];                                                                                                 VMUL.f dm3, ex10, ex8, r19
.aggressive_scheduled_block_id 1
.nohwbrkpt
.noswbrkpt
        4938    0x00 0x00                                                                        NOPX
.aggressive_scheduled_block_id 1
.nohwbrkpt
.noswbrkpt
        4940    0x04 0x82 0x5c 0xe6 0x99 0x24 0x29 0x62                                                                                                                                                                  VMOV ex9, ex1;                          VMAC.f dm1, dm1, ex2, ex1, r19
.aggressive_scheduled_block_id 1
.nohwbrkpt
.noswbrkpt
        4948    0xff 0xdd 0x60 0x02 0x9b 0x64 0x69 0x62                                                                                                      VST lfl1, [sp, #-64];                                                                               VMAC.f dm3, dm3, ex2, ex3, r19
.aggressive_scheduled_block_id 1
.nohwbrkpt
.noswbrkpt
        4956    0x0f 0xfa 0x6b 0x18                                                                                                                          VST lfh1, [sp, #-128]
.aggressive_scheduled_block_id 1
.nohwbrkpt
.noswbrkpt
        4960    0x99 0x2c 0xa9 0x48                                                                                                                                                                                                                              VMAC.f dm1, dm1, ex6, ex5, r19
.aggressive_scheduled_block_id 1
.nohwbrkpt
.noswbrkpt
        4964    0x02 0x00 0x14 0x00 0x9b 0x6c 0xe9 0x62                                                                        VLDB.POP.576 ex0, [p0, lf0, r24];                                                                                                 VMAC.f dm3, dm3, ex6, ex7, r19
.aggressive_scheduled_block_id 1
.nohwbrkpt
.noswbrkpt
        4972    0xff 0x48 0xf2 0x00 0x94 0x1d 0x98 0xed 0x09 0x4a                                VLDA lfh1, [sp, #-128];       VLDB.POP.576 ex2, [p0, lf0, r24];                                                                                                 VMUL.f dm0, ex6, ex8, r19
.aggressive_scheduled_block_id 1
.nohwbrkpt
.noswbrkpt
        4982    0xff 0xd8 0xf3 0x00 0x96 0x00 0x00 0x72 0xed 0x07 0x9a 0xe5 0x09 0x6e            VLDA lfl1, [sp, #-64];                                      MOVS p1, dc0;                                               MOV r25, r27;                           VMUL.f dm2, ex2, ex8, r19
.aggressive_scheduled_block_id 1
.nohwbrkpt
.noswbrkpt
        4996    0x3b 0x00 0xd4 0x18                                                                                            VLDB.POP.576 ex3, [p1, lf1, r25]
.aggressive_scheduled_block_id 1
.nohwbrkpt
.noswbrkpt
        5000    0x02 0x01 0x14 0x00 0x98 0x01 0x29 0x62                                                                        VLDB.POP.576 ex4, [p0, lf0, r24];                                                                                                 VMAC.f dm0, dm0, ex0, ex9, r19
.aggressive_scheduled_block_id 1
.nohwbrkpt
.noswbrkpt
        5008    0xa0 0x29 0x72 0x01 0x94 0x1d 0x9a 0x40 0x69 0x4a                                VLDA.POP.576 ex5, [p1, lf1, r25];VLDB.POP.576 ex6, [p0, lf0, r24];                                                                                              VMAC.f dm2, dm2, ex0, ex3, r19
.aggressive_scheduled_block_id 1
.nohwbrkpt
.noswbrkpt
        5018    0x00 0x00                                                                        NOPX
.aggressive_scheduled_block_id 1
.nohwbrkpt
.noswbrkpt
        5020    0xa0 0x39 0x74 0x14 0x14 0x1d 0x98 0x08 0xa9 0x4a                                VLDA.POP.576 ex7, [p1, lf1, r25];VLDB.FILL.512 [p0, lf0, r24];                                                                                                  VMAC.f dm0, dm0, ex4, ex5, r19
.aggressive_scheduled_block_id 1
.nohwbrkpt
.noswbrkpt
        5030    0x22 0x81 0x72 0x00 0x14 0x1d 0x9a 0x48 0xe9 0x4a                                VLDA.FILL.512 [p1, lf1, r25]; VLDB.POP.576 ex0, [p0, lf0, r24];                                                                                                 VMAC.f dm2, dm2, ex4, ex7, r19
.aggressive_scheduled_block_id 1
.nohwbrkpt
.noswbrkpt
        5040    0xa0 0x09 0x72 0x00 0x94 0x1d 0x99 0x24 0x29 0x4a                                VLDA.POP.576 ex1, [p1, lf1, r25];VLDB.POP.576 ex2, [p0, lf0, r24];                                                                                              VMAC.f dm1, dm1, ex2, ex1, r19
.aggressive_scheduled_block_id 1
.nohwbrkpt
.noswbrkpt
        5050    0x98 0x00 0x29 0x48                                                                                                                                                                                                                              VMAC.f dm0, dm0, ex0, ex1, r19
.aggressive_scheduled_block_id 1
.nohwbrkpt
.noswbrkpt
        5054    0x03 0x00 0xd4 0x00 0x9a 0x40 0x69 0x62                                                                        VLDB.POP.576 ex3, [p1, lf1, r25];                                                                                                 VMAC.f dm2, dm2, ex0, ex3, r19
.aggressive_scheduled_block_id 1
.nohwbrkpt
.noswbrkpt
        5062    0x02 0x01 0x14 0x00 0x9b 0x64 0x69 0x62                                                                        VLDB.POP.576 ex4, [p0, lf0, r24];                                                                                                 VMAC.f dm3, dm3, ex2, ex3, r19
.aggressive_scheduled_block_id 1
.nohwbrkpt
.noswbrkpt
        5070    0xa0 0x29 0x72 0x01 0x94 0x1d 0x99 0x2c 0xa9 0x4a                                VLDA.POP.576 ex5, [p1, lf1, r25];VLDB.POP.576 ex6, [p0, lf0, r24];                                                                                              VMAC.f dm1, dm1, ex6, ex5, r19
.aggressive_scheduled_block_id 1
.nohwbrkpt
.noswbrkpt
        5080    0x98 0x08 0xa9 0x48                                                                                                                                                                                                                              VMAC.f dm0, dm0, ex4, ex5, r19
.aggressive_scheduled_block_id 1
.nohwbrkpt
.noswbrkpt
        5084    0x03 0x01 0xd4 0x00 0x9a 0x48 0xe9 0x62                                                                        VLDB.POP.576 ex7, [p1, lf1, r25];                                                                                                 VMAC.f dm2, dm2, ex4, ex7, r19
.aggressive_scheduled_block_id 1
.nohwbrkpt
.noswbrkpt
        5092    0x02 0x00 0x14 0x00 0x9b 0x6c 0xe9 0x62                                                                        VLDB.POP.576 ex0, [p0, lf0, r24];                                                                                                 VMAC.f dm3, dm3, ex6, ex7, r19
.aggressive_scheduled_block_id 1
.nohwbrkpt
.noswbrkpt
        5100    0xa0 0x09 0x72 0x00 0x94 0x1d 0x99 0x24 0x29 0x4a                                VLDA.POP.576 ex1, [p1, lf1, r25];VLDB.POP.576 ex2, [p0, lf0, r24];                                                                                              VMAC.f dm1, dm1, ex2, ex1, r19
.aggressive_scheduled_block_id 1
.nohwbrkpt
.noswbrkpt
        5110    0x98 0x00 0x29 0x48                                                                                                                                                                                                                              VMAC.f dm0, dm0, ex0, ex1, r19
.aggressive_scheduled_block_id 1
.nohwbrkpt
.noswbrkpt
        5114    0x03 0x00 0xd4 0x00 0x9a 0x40 0x69 0x62                                                                        VLDB.POP.576 ex3, [p1, lf1, r25];                                                                                                 VMAC.f dm2, dm2, ex0, ex3, r19
.aggressive_scheduled_block_id 1
.nohwbrkpt
.noswbrkpt
        5122    0x02 0x01 0x14 0x00 0x9b 0x64 0x69 0x62                                                                        VLDB.POP.576 ex4, [p0, lf0, r24];                                                                                                 VMAC.f dm3, dm3, ex2, ex3, r19
.aggressive_scheduled_block_id 1
.nohwbrkpt
.noswbrkpt
        5130    0xa0 0x29 0x72 0x01 0x94 0x1d 0x99 0x2c 0xa9 0x4a                                VLDA.POP.576 ex5, [p1, lf1, r25];VLDB.POP.576 ex6, [p0, lf0, r24];                                                                                              VMAC.f dm1, dm1, ex6, ex5, r19
.aggressive_scheduled_block_id 1
.nohwbrkpt
.noswbrkpt
        5140    0x98 0x08 0xa9 0x48                                                                                                                                                                                                                              VMAC.f dm0, dm0, ex4, ex5, r19
.aggressive_scheduled_block_id 1
.nohwbrkpt
.noswbrkpt
        5144    0xa0 0x39 0x74 0x14 0x14 0x1d 0x9a 0x48 0xe9 0x4a                                VLDA.POP.576 ex7, [p1, lf1, r25];VLDB.FILL.512 [p0, lf0, r24];                                                                                                  VMAC.f dm2, dm2, ex4, ex7, r19
.aggressive_scheduled_block_id 1
.nohwbrkpt
.noswbrkpt
        5154    0x22 0x81 0x72 0x00 0x14 0x1d 0x9b 0x6c 0xe9 0x4a                                VLDA.FILL.512 [p1, lf1, r25]; VLDB.POP.576 ex0, [p0, lf0, r24];                                                                                                 VMAC.f dm3, dm3, ex6, ex7, r19
.aggressive_scheduled_block_id 1
.nohwbrkpt
.noswbrkpt
        5164    0xa0 0x09 0x72 0x00 0x94 0x1d 0x99 0x24 0x29 0x4a                                VLDA.POP.576 ex1, [p1, lf1, r25];VLDB.POP.576 ex2, [p0, lf0, r24];                                                                                              VMAC.f dm1, dm1, ex2, ex1, r19
.aggressive_scheduled_block_id 1
.nohwbrkpt
.noswbrkpt
        5174    0x98 0x00 0x29 0x48                                                                                                                                                                                                                              VMAC.f dm0, dm0, ex0, ex1, r19
.aggressive_scheduled_block_id 1
.nohwbrkpt
.noswbrkpt
        5178    0x03 0x00 0xd4 0x00 0x9a 0x40 0x69 0x62                                                                        VLDB.POP.576 ex3, [p1, lf1, r25];                                                                                                 VMAC.f dm2, dm2, ex0, ex3, r19
.aggressive_scheduled_block_id 1
.nohwbrkpt
.noswbrkpt
        5186    0x02 0x01 0x14 0x00 0x9b 0x64 0x69 0x62                                                                        VLDB.POP.576 ex4, [p0, lf0, r24];                                                                                                 VMAC.f dm3, dm3, ex2, ex3, r19
.aggressive_scheduled_block_id 1
.nohwbrkpt
.noswbrkpt
        5194    0xa0 0x29 0x72 0x01 0x94 0x1d 0x99 0x2c 0xa9 0x4a                                VLDA.POP.576 ex5, [p1, lf1, r25];VLDB.POP.576 ex6, [p0, lf0, r24];                                                                                              VMAC.f dm1, dm1, ex6, ex5, r19
.aggressive_scheduled_block_id 1
.nohwbrkpt
.noswbrkpt
        5204    0x98 0x08 0xa9 0x48                                                                                                                                                                                                                              VMAC.f dm0, dm0, ex4, ex5, r19
.aggressive_scheduled_block_id 1
.nohwbrkpt
.noswbrkpt
        5208    0x03 0x01 0xd4 0x00 0x9a 0x48 0xe9 0x62                                                                        VLDB.POP.576 ex7, [p1, lf1, r25];                                                                                                 VMAC.f dm2, dm2, ex4, ex7, r19
.aggressive_scheduled_block_id 1
.nohwbrkpt
.noswbrkpt
        5216    0x02 0x00 0x14 0x00 0x9b 0x6c 0xe9 0x62                                                                        VLDB.POP.576 ex0, [p0, lf0, r24];                                                                                                 VMAC.f dm3, dm3, ex6, ex7, r19
.aggressive_scheduled_block_id 1
.nohwbrkpt
.noswbrkpt
        5224    0xa0 0x09 0x72 0x00 0x94 0x1d 0x99 0x24 0x29 0x4a                                VLDA.POP.576 ex1, [p1, lf1, r25];VLDB.POP.576 ex2, [p0, lf0, r24];                                                                                              VMAC.f dm1, dm1, ex2, ex1, r19
.aggressive_scheduled_block_id 1
.nohwbrkpt
.noswbrkpt
        5234    0x98 0x00 0x29 0x48                                                                                                                                                                                                                              VMAC.f dm0, dm0, ex0, ex1, r19
.aggressive_scheduled_block_id 1
.nohwbrkpt
.noswbrkpt
        5238    0x03 0x00 0xd4 0x00 0x9a 0x40 0x69 0x62                                                                        VLDB.POP.576 ex3, [p1, lf1, r25];                                                                                                 VMAC.f dm2, dm2, ex0, ex3, r19
.aggressive_scheduled_block_id 1
.nohwbrkpt
.noswbrkpt
        5246    0x02 0x01 0x14 0x00 0x9b 0x64 0x69 0x62                                                                        VLDB.POP.576 ex4, [p0, lf0, r24];                                                                                                 VMAC.f dm3, dm3, ex2, ex3, r19
.aggressive_scheduled_block_id 1
.nohwbrkpt
.noswbrkpt
        5254    0xa0 0x29 0x72 0x01 0x94 0x1d 0x99 0x2c 0xa9 0x4a                                VLDA.POP.576 ex5, [p1, lf1, r25];VLDB.POP.576 ex6, [p0, lf0, r24];                                                                                              VMAC.f dm1, dm1, ex6, ex5, r19
.aggressive_scheduled_block_id 1
.nohwbrkpt
.noswbrkpt
        5264    0x98 0x08 0xa9 0x48                                                                                                                                                                                                                              VMAC.f dm0, dm0, ex4, ex5, r19
.aggressive_scheduled_block_id 1
.nohwbrkpt
.noswbrkpt
        5268    0xa0 0x39 0x74 0x14 0x14 0x1d 0x9a 0x48 0xe9 0x4a                                VLDA.POP.576 ex7, [p1, lf1, r25];VLDB.FILL.512 [p0, lf0, r24];                                                                                                  VMAC.f dm2, dm2, ex4, ex7, r19
.aggressive_scheduled_block_id 1
.nohwbrkpt
.noswbrkpt
        5278    0x22 0x81 0x72 0x00 0x14 0x1d 0x9b 0x6c 0xe9 0x4a                                VLDA.FILL.512 [p1, lf1, r25]; VLDB.POP.576 ex0, [p0, lf0, r24];                                                                                                 VMAC.f dm3, dm3, ex6, ex7, r19
.aggressive_scheduled_block_id 1
.nohwbrkpt
.noswbrkpt
        5288    0xa0 0x09 0x72 0x00 0x94 0x1d 0x99 0x24 0x29 0x4a                                VLDA.POP.576 ex1, [p1, lf1, r25];VLDB.POP.576 ex2, [p0, lf0, r24];                                                                                              VMAC.f dm1, dm1, ex2, ex1, r19
.aggressive_scheduled_block_id 1
.nohwbrkpt
.noswbrkpt
        5298    0x98 0x00 0x29 0x48                                                                                                                                                                                                                              VMAC.f dm0, dm0, ex0, ex1, r19
.aggressive_scheduled_block_id 1
.nohwbrkpt
.noswbrkpt
        5302    0x03 0x00 0xd4 0x00 0x9a 0x40 0x69 0x62                                                                        VLDB.POP.576 ex3, [p1, lf1, r25];                                                                                                 VMAC.f dm2, dm2, ex0, ex3, r19
.aggressive_scheduled_block_id 1
.nohwbrkpt
.noswbrkpt
        5310    0x9b 0x64 0x69 0x48                                                                                                                                                                                                                              VMAC.f dm3, dm3, ex2, ex3, r19
.aggressive_scheduled_block_id 1
.noswbrkpt
        5314    0xa0 0x29 0x72 0x01 0x14 0x1d 0x99 0x2c 0xa9 0x4a                                VLDA.POP.576 ex5, [p1, lf1, r25];VLDB.POP.576 ex4, [p0, lf0, r24];                                                                                              VMAC.f dm1, dm1, ex6, ex5, r19
.aggressive_scheduled_block_id 1
.nohwbrkpt
.noswbrkpt
        5324    0x02 0x01 0x94 0x00 0x98 0x08 0xa9 0x62                                                                        VLDB.POP.576 ex6, [p0, lf0, r24];                                                                                                 VMAC.f dm0, dm0, ex4, ex5, r19
.aggressive_scheduled_block_id 1
.nohwbrkpt
.noswbrkpt
        5332    0x03 0x01 0xd4 0x00 0x9a 0x48 0xe9 0x62                                                                        VLDB.POP.576 ex7, [p1, lf1, r25];                                                                                                 VMAC.f dm2, dm2, ex4, ex7, r19
.aggressive_scheduled_block_id 1
.nohwbrkpt
.noswbrkpt
        5340    0xa0 0x09 0x72 0x00 0x14 0x1d 0x9b 0x6c 0xe9 0x4a                                VLDA.POP.576 ex1, [p1, lf1, r25];VLDB.POP.576 ex0, [p0, lf0, r24];                                                                                              VMAC.f dm3, dm3, ex6, ex7, r19
.aggressive_scheduled_block_id 1
.nohwbrkpt
.noswbrkpt
        5350    0x99 0x24 0x29 0x48                                                                                                                                                                                                                              VMAC.f dm1, dm1, ex2, ex1, r19
.aggressive_scheduled_block_id 1
.nohwbrkpt
.noswbrkpt
        5354    0x80 0x11 0x73 0x00 0xd4 0x1d 0x98 0x00 0x29 0x4a                                VLDA.POP.576 ex2, [p0, lf0, r24];VLDB.POP.576 ex3, [p1, lf1, r25];                                                                                              VMAC.f dm0, dm0, ex0, ex1, r19
.aggressive_scheduled_block_id 1
.nohwbrkpt
.noswbrkpt
        5364    0xa0 0x29 0x72 0x01 0x14 0x1d 0x9a 0x40 0x69 0x4a                                VLDA.POP.576 ex5, [p1, lf1, r25];VLDB.POP.576 ex4, [p0, lf0, r24];                                                                                              VMAC.f dm2, dm2, ex0, ex3, r19
.aggressive_scheduled_block_id 1
.nohwbrkpt
.noswbrkpt
        5374    0x9b 0x64 0x69 0x48                                                                                                                                                                                                                              VMAC.f dm3, dm3, ex2, ex3, r19
.aggressive_scheduled_block_id 1
.nohwbrkpt
.noswbrkpt
        5378    0x03 0x01 0xd4 0x00 0x98 0x08 0xa9 0x62                                                                        VLDB.POP.576 ex7, [p1, lf1, r25];                                                                                                 VMAC.f dm0, dm0, ex4, ex5, r19
.aggressive_scheduled_block_id 1
.nohwbrkpt
.noswbrkpt
        5386    0x99 0x2c 0xa9 0x48                                                                                                                                                                                                                              VMAC.f dm1, dm1, ex6, ex5, r19
.aggressive_scheduled_block_id 1
.nohwbrkpt
.noswbrkpt
        5390    0x02 0x01 0x94 0x00 0x9a 0x48 0xe9 0x62                                                                        VLDB.POP.576 ex6, [p0, lf0, r24];                                                                                                 VMAC.f dm2, dm2, ex4, ex7, r19
.aggressive_scheduled_block_id 1
.nohwbrkpt
.noswbrkpt
        5398    0x98 0x00 0x29 0x48                                                                                                                                                                                                                              VMAC.f dm0, dm0, ex0, ex1, r19
.aggressive_scheduled_block_id 1
.aggressive_scheduled_block_id last
.nohwbrkpt
.noswbrkpt
        5402    0x9b 0x6c 0xe9 0x48                                                                                                                                                                                                                              VMAC.f dm3, dm3, ex6, ex7, r19
        5406    0x9a 0x40 0x69 0x48                                                                                                                                                                                                                              VMAC.f dm2, dm2, ex0, ex3, r19
        5410    0x98 0x08 0xa9 0x48                                                                                                                                                                                                                              VMAC.f dm0, dm0, ex4, ex5, r19
        5414    0x99 0x24 0x29 0x48                                                                                                                                                                                                                              VMAC.f dm1, dm1, ex2, ex1, r19
        5418    0x9a 0x48 0xe9 0x48                                                                                                                                                                                                                              VMAC.f dm2, dm2, ex4, ex7, r19
        5422    0x9b 0x64 0x69 0x48                                                                                                                                                                                                                              VMAC.f dm3, dm3, ex2, ex3, r19
        5426    0x99 0x2c 0xa9 0x48                                                                                                                                                                                                                              VMAC.f dm1, dm1, ex6, ex5, r19
        5430    0x10 0x34 0x01 0x18                                                                                                                                                        MOVX r26, #0
        5434    0xb0 0x00 0x60 0x02 0x9b 0x6c 0xe9 0x62                                                                                                      VST.PUSH.576.CONV.bfp16ebs8.fp32 dm0, [p2, sf, r26];                                                VMAC.f dm3, dm3, ex6, ex7, r19
        5442    0x09 0x00 0x03 0x18                                                                                                                          VST.FLUSH.512.CONV [p2, sf, r26]
        5446    0x0d 0x81 0x03 0x18                                                                                                                          VST.PUSH.576.CONV.bfp16ebs8.fp32 dm2, [p2, sf, r26]
        5450    0x09 0x00 0x03 0x18                                                                                                                          VST.FLUSH.512.CONV [p2, sf, r26]
        5454    0x0d 0x80 0x83 0x18                                                                                                                          VST.PUSH.576.CONV.bfp16ebs8.fp32 dm1, [p2, sf, r26]
        5458    0x09 0x00 0x03 0x18                                                                                                                          VST.FLUSH.512.CONV [p2, sf, r26]
        5462    0x00 0x2c 0xf5 0x81 0x83 0x00 0x00 0x00 0x00 0x7a                                NOPA;                                                       VST.PUSH.576.CONV.bfp16ebs8.fp32 dm3, [p2, sf, r26];NOPX
.label ZLE_Fmatmul_vectorized_bfp16_832
.end_of_loop
        5472    0x00 0x2c 0xf0 0x00 0x21 0x00 0x03 0x2d 0x41 0x06 0xa9 0xea 0xa8 0x00 0x00 0xe1  NOPA;                         NOPB;                         VST.FLUSH.512.CONV [p2, sf, r26];ADD r20, r22, r2;          ADD.NC r21, r7, r21;                    NOPV
.loop_nesting 1
        5488    0x14 0xa4 0xe0 0x18                                                                                                                                                        JNZD r18, r18, p3
.delay_slot
        5492    0x10 0x2a 0x05 0x18                                                                                                                                                        MOVX r21, #1
.delay_slot
.swstall delay_slot
        5496    0x00 0x00                                                                        NOPX
.delay_slot
.swstall delay_slot
        5498    0x00 0x00                                                                        NOPX
.delay_slot
.swstall delay_slot
        5500    0x00 0x00                                                                        NOPX
.delay_slot
.swstall delay_slot
        5502    0x00 0x00                                                                        NOPX
.loop_nesting 0
        5504    0x10 0x28 0x00 0x18                                                                                                                                                        RET lr
.delay_slot
        5508    0xff 0xf0 0x00 0x00 0x01 0xc4                                                                                                                                              PADDXM [sp], #-128
.delay_slot
.swstall delay_slot
        5514    0x00 0x00                                                                        NOPX
.delay_slot
.swstall delay_slot
        5516    0x00 0x00                                                                        NOPX
.delay_slot
.swstall delay_slot
        5518    0x00 0x00                                                                        NOPX
.delay_slot
.swstall delay_slot
        5520    0x00 0x00                                                                        NOPX
.label matmul_vectorized_bfp16__end

.text_segment PM   5536
.label zero_kernel
.function_start
        5536    0x24 0x05 0x40 0x00 0x22 0x80 0x8b 0x00 0x01 0xf8 0x32 0x88 0x10 0x07 0x00 0xe9  MOVA lc, #288;                NOPB;                         MOVS p2, p0;                  MOVXM p0, #517392;                                                    VCLR dm0
        5552    0x00 0x80 0x50 0x00 0x00 0x04 0x7b 0x10 0x10 0xba                                LDA.s8 r0, [p0];                                                                          MOVXM ls, #5664
        5562    0x00 0x1a 0x00 0x00 0x00 0x05 0xbb 0x18 0x10 0xba                                MOVA r26, #0;                                                                             MOVXM le, #5680
        5572    0x00 0x2c 0xf0 0x00 0x20 0x00 0x00 0x00 0x00 0xad 0x81 0x36                      NOPA;                         NOPB;                         NOPS;                         NOPX
        5584    0x00 0x2c 0xf0 0x00 0x20 0x01 0x5b 0x00 0x00 0x00 0x01 0xa5 0x78 0x00 0x00 0xe1  NOPA;                         NOPB;                         NOPS;                         NOPX;                         NOPM;                                   NOPV
        5600    0x00 0x2c 0xf0 0x00 0x20 0x01 0x5b 0x00 0x00 0x00 0x01 0xa5 0x78 0x00 0x00 0xe1  NOPA;                         NOPB;                         NOPS;                         NOPX;                         NOPM;                                   NOPV
        5616    0x00 0x2c 0xf0 0x00 0x20 0x01 0x5b 0x00 0x00 0x00 0x01 0xa5 0x78 0x00 0x00 0xe1  NOPA;                         NOPB;                         NOPS;                         NOPX;                         NOPM;                                   NOPV
        5632    0x00 0x2c 0xf0 0x00 0x20 0x01 0x5b 0x00 0x00 0x00 0x01 0xa5 0x78 0x00 0x00 0xe1  NOPA;                         NOPB;                         NOPS;                         NOPX;                         NOPM;                                   NOPV
        5648    0x00 0x2c 0xf0 0x00 0x20 0x01 0x5b 0x01 0xd4 0x00 0x01 0xa5 0x78 0x00 0x00 0xe1  NOPA;                         NOPB;                         NOPS;                         MOVX crRnd, r0;               NOPM;                                   NOPV
.label ZLS_Fzero_kernel_128
.loop_nesting 1
.begin_of_loop
        5664    0x00 0x2c 0xf0 0x00 0x25 0x80 0x03 0x00 0x00 0x00 0x01 0xa5 0x78 0x00 0x00 0xe1  NOPA;                         NOPB;                         VST.PUSH.576.CONV.bfp16ebs8.fp32 dm0, [p2, sf, r26];NOPX;   NOPM;                                   NOPV
.label ZLE_Fzero_kernel_144
.end_of_loop
        5680    0x00 0x2c 0xf0 0x00 0x21 0x00 0x03 0x00 0x00 0x00 0x01 0xa5 0x78 0x00 0x00 0xe1  NOPA;                         NOPB;                         VST.FLUSH.512.CONV [p2, sf, r26];NOPX;                      NOPM;                                   NOPV
.loop_nesting 0
        5696    0x10 0x28 0x00 0x18                                                                                                                                                        RET lr
.delay_slot
.swstall delay_slot
        5700    0x00 0x00                                                                        NOPX
.delay_slot
.swstall delay_slot
        5702    0x00 0x00                                                                        NOPX
.delay_slot
.swstall delay_slot
        5704    0x00 0x00                                                                        NOPX
.delay_slot
.swstall delay_slot
        5706    0x00 0x00                                                                        NOPX
.delay_slot
.swstall delay_slot
        5708    0x00 0x00                                                                        NOPX
.label zero_kernel__end

.text_segment PM   5712
.label _fini
.function_start
        5712    0x00 0x08 0x00 0x00 0x01 0xc4                                                                                                                                              PADDXM [sp], #64
        5718    0xff 0x3a 0xb0 0x00 0x00 0x02 0x08 0x00 0x11 0x3a                                                                                            ST r14, [sp, #-8];            MOVXM r16, #0
        5728    0xfe 0xf3 0xb0 0x00 0x00 0x01 0xc8 0x00 0x11 0x3a                                                                                            ST p7, [sp, #-12];            MOVXM r14, #0
        5738    0x74 0x20 0xfe 0xd0 0x41 0xe4                                                                                                                                              EQ r16, r14, r16;             MOV p7, r16
        5744    0x80 0x0b 0x68 0x40 0x01 0x84                                                                                                                                              JNZ r16, #5840
.delay_slot
        5750    0x0f 0xfd 0xf5 0x98                                                                                                                          ST r15, [sp, #-4]
.delay_slot
        5754    0x0f 0xf0 0x3d 0x98                                                                                                                          ST lr, [sp, #-16]
.delay_slot
.swstall delay_slot
        5758    0x00 0x00                                                                        NOPX
.delay_slot
.swstall delay_slot
        5760    0x00 0x00                                                                        NOPX
.delay_slot
.swstall delay_slot
        5762    0x00 0x2c 0xf0 0x02 0xb6 0x00 0x00 0x40 0x1a 0x57 0x00 0x00 0x1c 0x2e            NOPA;                                                       NOPS;                                                       NOPM;                                   NOPV
.label TGT_F_fini_64
.loop_nesting 1
        5776    0x07 0x1c 0x1e 0x98                                                              LDA p0, [p7], #4
        5780    0x00 0x00                                                                        NOPX
        5782    0x00 0x00                                                                        NOPX
        5784    0x00 0x00                                                                        NOPX
        5786    0x00 0x00                                                                        NOPX
        5788    0x00 0x00                                                                        NOPX
        5790    0x00 0x00                                                                        NOPX
.no_stack_arguments
        5792    0x10 0x30 0x00 0x18                                                                                                                                                        JL p0
.delay_slot
        5796    0x1b 0xde 0xc0 0xf8                                                                                                                                                                                      MOV r15, p7
.delay_slot
.swstall delay_slot
        5800    0x00 0x00                                                                        NOPX
.delay_slot
.swstall delay_slot
        5802    0x00 0x00                                                                        NOPX
.delay_slot
.swstall delay_slot
        5804    0x00 0x00                                                                        NOPX
.delay_slot
.swstall delay_slot
        5806    0x00 0x00                                                                        NOPX
.return_address
        5808    0x13 0xe0 0xe8 0x98                                                                                                                                                        NE r16, r15, r14
        5812    0x80 0x0b 0x48 0x40 0x01 0x84                                                                                                                                              JNZ r16, #5776
.delay_slot
.swstall delay_slot
        5818    0x00 0x00                                                                        NOPX
.delay_slot
.swstall delay_slot
        5820    0x00 0x00                                                                        NOPX
.delay_slot
.swstall delay_slot
        5822    0x00 0x00                                                                        NOPX
.delay_slot
.swstall delay_slot
        5824    0x00 0x00                                                                        NOPX
.delay_slot
.swstall delay_slot
        5826    0x00 0x2c 0xf0 0x02 0xb6 0x00 0x00 0x40 0x1a 0x57 0x00 0x00 0x1c 0x2e            NOPA;                                                       NOPS;                                                       NOPM;                                   NOPV
.label TGT_F_fini_128
.loop_nesting 0
        5840    0x07 0xf0 0x39 0x18                                                              LDA lr, [sp, #-16]
        5844    0x07 0xf9 0xd1 0x18                                                              LDA r14, [sp, #-8]
        5848    0x07 0xfd 0xf1 0x18                                                              LDA r15, [sp, #-4]
        5852    0x07 0xf7 0x99 0x18                                                              LDA p7, [sp, #-12]
        5856    0x00 0x00                                                                        NOPX
        5858    0x00 0x00                                                                        NOPX
        5860    0x00 0x00                                                                        NOPX
        5862    0x10 0x28 0x00 0x18                                                                                                                                                        RET lr
.delay_slot
        5866    0xff 0xf8 0x00 0x00 0x01 0xc4                                                                                                                                              PADDXM [sp], #-64
.delay_slot
.swstall delay_slot
        5872    0x00 0x00                                                                        NOPX
.delay_slot
.swstall delay_slot
        5874    0x00 0x00                                                                        NOPX
.delay_slot
.swstall delay_slot
        5876    0x00 0x00                                                                        NOPX
.delay_slot
.swstall delay_slot
        5878    0x00 0x00                                                                        NOPX
.label _fini__end

.text_segment PM   5888
.label __cxa_finalize
.function_start
        5888    0xff 0xa1 0x00 0x00 0x02 0x00 0x00 0x00 0x70 0xba                                MOVA r1, #-3;                                                                             PADDXM [sp], #64
        5898    0xfa 0x82 0xb0 0x00 0x41 0x08 0x6d 0xe0 0x79 0x3a                                                                                            ST r0, [sp, #-44];            MOVX r4, #8;                  MOV r3, packSign1
        5908    0xfb 0x0e 0xb0 0x00 0x6e 0x30 0x70 0x02                                                                                                      ST r3, [sp, #-40];                                          MOV r3, unpackSign1
        5916    0xfc 0x0e 0xb0 0x00 0x6a 0x30 0x70 0x02                                                                                                      ST r3, [sp, #-32];                                          MOV r3, unpackSign0
        5924    0xfc 0x8e 0xb0 0x00 0x6c 0x70 0x70 0x02                                                                                                      ST r3, [sp, #-28];                                          MOV r3, crSRSMode
        5932    0xfd 0x8e 0xb0 0x00 0x6b 0xb0 0x70 0x02                                                                                                      ST r3, [sp, #-20];                                          MOV r3, crPackSize
        5940    0xfe 0x8e 0xb0 0x00 0x01 0xf8 0x32 0x9a 0x11 0x3a                                                                                            ST r3, [sp, #-12];            MOVXM p0, #517428
        5950    0x00 0x8a 0xd7 0xdc 0x3d 0x80 0x6a 0x70 0x72 0xba                                LDA r2, [p0];                                               ST lr, [sp, #-36];                                          MOV r3, crSat
        5960    0xff 0x8e 0xb0 0x00 0x69 0x70 0x70 0x02                                                                                                      ST r3, [sp, #-4];                                           MOV r3, crUnpackSize
        5968    0x00 0x92 0x30 0x01 0x4c 0x30 0x70 0x02                                                                                                      ST r4, [p0];                                                MOV r10, upsSign1
        5976    0xff 0x0e 0xb0 0x01 0x08 0x30 0x70 0x02                                                                                                      ST r3, [sp, #-8];                                           MOV r8, upsSign0
        5984    0x1b 0x1a 0x60 0xf8                                                                                                                                                                                      MOV r12, vaddSign1
        5988    0x1a 0x52 0x60 0xf8                                                                                                                                                                                      MOV r9, vaddSign0
        5992    0x1a 0xdf 0xc0 0xf8                                                                                                                                                                                      MOV r11, srsSign1
        5996    0x10 0xbc 0x66 0xaf 0x81 0xe4                                                                                                                                              ADD r2, r2, #-8;              MOV r13, srsSign0
        6002    0x13 0x83 0xd0 0xbe 0xc1 0xe4                                                                                                                                              ASHL r14, r2, r1;             MOV r1, crRnd
        6008    0xfe 0x06 0xb0 0x00 0x2e 0x70 0x70 0x02                                                                                                      ST r1, [sp, #-16];                                          MOV r1, crUPSMode
        6016    0xfd 0x06 0xb0 0x01 0xe9 0xe0 0x70 0x02                                                                                                      ST r1, [sp, #-24];                                          MOV r15, packSign0
        6024    0x00 0x07 0xe0 0xaa 0x28 0x44                                                                                                                                              MOVXM r1, #517396
        6030    0x1e 0x60 0x89 0x58                                                                                                                                                                                      ADD.NC p6, r1, r2
        6034    0x00 0x2c 0xf0 0x00 0x20 0x00 0x00 0xf6 0x7a 0x02 0x00 0x2b 0x60 0x7e            NOPA;                         NOPB;                         NOPS;                         MOVXM p7, #6048
.label TGT_F__cxa_finalize_160
.loop_nesting 1
        6048    0x06 0x1c 0x9e 0x98                                                              LDA p1, [p6], #4
        6052    0x06 0xdc 0x1e 0x98                                                              LDA p0, [p6], #-12
        6056    0x00 0x00                                                                        NOPX
        6058    0x00 0x00                                                                        NOPX
        6060    0x00 0x00                                                                        NOPX
        6062    0x00 0x00                                                                        NOPX
        6064    0x00 0x00                                                                        NOPX
.no_stack_arguments
        6066    0x10 0x30 0x40 0x18                                                                                                                                                        JL p1
.delay_slot
.swstall delay_slot
        6070    0x00 0x00                                                                        NOPX
.delay_slot
.swstall delay_slot
        6072    0x00 0x00                                                                        NOPX
.delay_slot
.swstall delay_slot
        6074    0x00 0x00                                                                        NOPX
.delay_slot
.swstall delay_slot
        6076    0x00 0x00                                                                        NOPX
.delay_slot
.swstall delay_slot
        6078    0x00 0x00                                                                        NOPX
.return_address
        6080    0x13 0x9d 0xe0 0x18                                                                                                                                                        JNZD r14, r14, p7
.delay_slot
.swstall delay_slot
        6084    0x00 0x00                                                                        NOPX
.delay_slot
.swstall delay_slot
        6086    0x00 0x00                                                                        NOPX
.delay_slot
.swstall delay_slot
        6088    0x00 0x00                                                                        NOPX
.delay_slot
.swstall delay_slot
        6090    0x00 0x00                                                                        NOPX
.delay_slot
.swstall delay_slot
        6092    0x00 0x00                                                                        NOPX
.loop_nesting 0
        6094    0xfb 0x87 0x20 0x15 0xea 0x02 0x9b 0x10 0x78 0xba                                LDA lr, [sp, #-36];                                                                       MOVX upsSign1, r10;           MOV vaddSign1, r12
        6104    0xfb 0x06 0x20 0x11 0xca 0x00 0x9a 0x50 0x78 0xba                                LDA r1, [sp, #-40];                                                                       MOVX upsSign0, r8;            MOV vaddSign0, r9
        6114    0xfc 0x0a 0x20 0x17 0xe6 0x00 0xf3 0xd0 0x78 0xba                                LDA r2, [sp, #-32];                                                                       MOVX srsSign1, r11;           MOV packSign0, r15
        6124    0xfd 0x82 0x26 0xf1 0x80 0x2c                                                    LDA r0, [sp, #-20];                                                                       MOVX srsSign0, r13
        6130    0x07 0xe4 0xb1 0x18                                                              LDA r5, [sp, #-28]
        6134    0x07 0xf4 0x71 0x18                                                              LDA r3, [sp, #-12]
        6138    0x07 0xfc 0x91 0x18                                                              LDA r4, [sp, #-4]
        6142    0x07 0xf8 0xd1 0x18                                                              LDA r6, [sp, #-8]
        6146    0xfe 0x06 0x20 0xf8 0x80 0x2c                                                    LDA r1, [sp, #-16];                                                                       MOVX packSign1, r1
        6152    0xfd 0x0a 0x21 0x7b 0x80 0x2c                                                    LDA r2, [sp, #-24];                                                                       MOVX unpackSign1, r2
        6158    0xfa 0x82 0x20 0x76 0x00 0x2c                                                    LDA r0, [sp, #-44];                                                                       MOVX crSRSMode, r0
        6164    0x05 0x00 0x04 0x65 0x41 0xe4                                                                                                                                              RET lr;                       MOV unpackSign0, r5
.delay_slot
        6170    0xff 0xf8 0x00 0x00 0x01 0xc4                                                                                                                                              PADDXM [sp], #-64
.delay_slot
        6176    0x1f 0x40 0x04 0xe4 0x41 0xe4                                                                                                                                              MOVX crPackSize, r3;          MOV crSat, r4
.delay_slot
        6182    0x11 0xbc 0x80 0x18                                                                                                                                                        MOVX crUnpackSize, r6
.delay_slot
        6186    0x10 0x7a 0x80 0x18                                                                                                                                                        MOVX crRnd, r1
.delay_slot
        6190    0x10 0xbc 0x00 0x18                                                                                                                                                        MOVX crUPSMode, r2
.label __cxa_finalize__end

.bss_segment DMb 517388	    4

.bss_segment DMb 517392	    1

.data_segment DMb 517396
.label _ZL7atexits
	0x50
	0x16
	0x0
	0x0
	0x0
	0x0
	0x0
	0x0
	0x0
	0x0
	0x0
	0x0
	0x0
	0x0
	0x0
	0x0
	0x0
	0x0
	0x0
	0x0
	0x0
	0x0
	0x0
	0x0
	0x0
	0x0
	0x0
	0x0
	0x0
	0x0
	0x0
	0x0
.label _ZL10atexit_cnt
	0x8
	0x0
	0x0
	0x0

.stack DM_stack 458752 459776
