
// File generated by darts version V-2024.06#8be6237c82#250729, Tue Jun 30 11:26:30 2026
// Copyright 2014-2024 Synopsys, Inc. All rights reserved.
// darts -I/home/bcloud/torch2aie/toolchain/aietools/data/aie2p/lib -d -h -I/home/bcloud/torch2aie/toolchain/aietools/include -I/home/bcloud/torch2aie/toolchain/aietools/data/aie2p/lib/runtime_cxx/libcxx-lite/include -I/home/bcloud/torch2aie/toolchain/aietools/data/aie2p/lib/runtime_cxx/libs/libcxx-16/include -I/home/bcloud/torch2aie/toolchain/aietools/data/aie2p/lib/runtime_cxx/libs/libcxxabi-16/include -I/home/bcloud/torch2aie/toolchain/aietools/data/aie2p/lib/runtime/include -D__AIENGINE__ -D__AIE_ARCH__=21 -D__AIEARCH__=21 -D__tct_tgt__=250729 -L +Ihex +nanno aie_768x2560x3072_192x128x96.mlir.prj/main_core_1_2.o me

// Release: ipp V-2024.06-TGT-250729
.undef global data _ZN12me_primitive11control_satE

.undef global data _ZN12me_primitive11control_rndE

.undef global data A_L2L1_0_1_cons_buff_1

.undef global data A_L2L1_0_1_cons_buff_0

.undef global data B_L2L1_1_0_cons_buff_1

.undef global data B_L2L1_1_0_cons_buff_0

.undef global data C_L1L2_1_0_buff_0

.text_segment_name
.text global 16 core_1_2
.function_start
	     0    0x13 0x91 0x60 0x00 0x02 0x00 0x00 0x00 0x71 0x3a                                                                                            MOVS p0, p7;                  PADDXM [sp], #64
	    10    0xff 0xa6 0xb0 0x00 0xb0 0x08 0x0a 0xd0 0x79 0x3a                                                                                            ST r9, [sp, #-4];             MOVX r11, #0;                 MOV r0, r11
	    20    0xfa 0x2e 0xb0 0x00 0x8b 0xd0 0x70 0x02                                                                                                      ST r11, [sp, #-48];                                         MOV r4, r15
	    28    0xff 0x22 0xb0 0x00 0x6b 0x90 0x70 0x02                                                                                                      ST r8, [sp, #-8];                                           MOV r3, r14
	    36    0xfe 0x92 0xb0 0x00 0x4b 0x50 0x70 0x02                                                                                                      ST r4, [sp, #-12];                                          MOV r2, r13
	    44    0xfe 0x0e 0xb0 0x00 0x2b 0x10 0x70 0x02                                                                                                      ST r3, [sp, #-16];                                          MOV r1, r12
	    52    0xfd 0x0a 0xb0 0x00 0x00 0x03 0xb0 0x00 0x11 0x3a                                                                                            ST r2, [sp, #-24];            MOVXM p7, #C_L1L2_1_0_buff_0
	    62    0x0f 0xe0 0x35 0x98                                                                                                                          ST r1, [sp, #-32]
	    66    0x0f 0xdc 0x15 0x98                                                                                                                          ST r0, [sp, #-36]
	    70    0x0f 0xd9 0x55 0x98                                                                                                                          ST r10, [sp, #-40]
	    74    0x0f 0xec 0x1d 0x98                                                                                                                          ST p0, [sp, #-20]
	    78    0x0f 0xe7 0x1d 0x98                                                                                                                          ST p6, [sp, #-28]
	    82    0x00 0x2c 0xff 0xa8 0x7b 0x00 0x00 0x40 0x1a 0x57 0x00 0x00 0x1c 0x2e            NOPA;                                                       ST lr, [sp, #-44];                                          NOPM;                                   NOPV
.label TGT_Fcore_1_2_96
.loop_nesting 1
.no_stack_arguments
	    96    0x06 0x80 0x00 0x00 0x00 0x00 0x00 0x00 0x40 0xba                                MOVA r0, #52;                                                                             JL #llvm___aie2p___acquire
.delay_slot
	   106    0x17 0xc2 0xfd 0x18                                                                                                                                                        MOVX r1, #-1
.delay_slot
.swstall delay_slot
	   110    0x00 0x00                                                                        NOPX
.delay_slot
.swstall delay_slot
	   112    0x00 0x00                                                                        NOPX
.delay_slot
.swstall delay_slot
	   114    0x00 0x00                                                                        NOPX
.delay_slot
.swstall delay_slot
	   116    0x00 0x2c 0xf0 0x00 0x20 0x00 0x00 0x00 0x00 0xad 0x81 0x36                      NOPA;                         NOPB;                         NOPS;                         NOPX
.return_address
.no_stack_arguments
	   128    0x00 0x00 0x00 0x00 0x01 0x04                                                                                                                                              JL #zero_kernel
.delay_slot
	   134    0x00 0x00 0x0c 0xc0 0x00 0x44                                                                                                                                              MOVXM p6, #C_L1L2_1_0_buff_0
.delay_slot
	   140    0x18 0x6e 0xc0 0xf8                                                                                                                                                                                      MOV p0, p7
.delay_slot
.swstall delay_slot
	   144    0x00 0x00                                                                        NOPX
.delay_slot
.swstall delay_slot
	   146    0x00 0x00                                                                        NOPX
.delay_slot
.swstall delay_slot
	   148    0x00 0x2c 0xf0 0x00 0x20 0x00 0x00 0x00 0x00 0xad 0x81 0x36                      NOPA;                         NOPB;                         NOPS;                         NOPX
.return_address
	   160    0x00 0x2c 0xf0 0x00 0x20 0x01 0x5b 0x00 0xa1 0x28 0x01 0xa5 0x78 0x00 0x00 0xe1  NOPA;                         NOPB;                         NOPS;                         MOVX r10, #9;                 NOPM;                                   NOPV
.label TGT_Fcore_1_2_176
.loop_nesting 2
.no_stack_arguments
	   176    0xff 0xe1 0x00 0x00 0x00 0x00 0x00 0x00 0x40 0xba                                MOVA r1, #-1;                                                                             JL #llvm___aie2p___acquire
.delay_slot
	   186    0x10 0x00 0xcd 0x18                                                                                                                                                        MOVX r0, #51
.delay_slot
.swstall delay_slot
	   190    0x00 0x00                                                                        NOPX
.delay_slot
.swstall delay_slot
	   192    0x00 0x00                                                                        NOPX
.delay_slot
.swstall delay_slot
	   194    0x00 0x00                                                                        NOPX
.delay_slot
.swstall delay_slot
	   196    0x00 0x2c 0xf0 0x00 0x20 0x00 0x00 0x00 0x00 0xad 0x81 0x36                      NOPA;                         NOPB;                         NOPS;                         NOPX
.return_address
.no_stack_arguments
	   208    0x06 0x20 0x00 0x00 0x00 0x00 0x00 0x00 0x40 0xba                                MOVA r0, #49;                                                                             JL #llvm___aie2p___acquire
.delay_slot
	   218    0x17 0xc2 0xfd 0x18                                                                                                                                                        MOVX r1, #-1
.delay_slot
.swstall delay_slot
	   222    0x00 0x00                                                                        NOPX
.delay_slot
.swstall delay_slot
	   224    0x00 0x00                                                                        NOPX
.delay_slot
.swstall delay_slot
	   226    0x00 0x00                                                                        NOPX
.delay_slot
.swstall delay_slot
	   228    0x00 0x2c 0xf0 0x00 0x20 0x00 0x00 0x00 0x00 0xad 0x81 0x36                      NOPA;                         NOPB;                         NOPS;                         NOPX
.return_address
.no_stack_arguments
	   240    0x00 0x00 0x00 0x00 0x01 0x04                                                                                                                                              JL #matmul_vectorized_bfp16
.delay_slot
	   246    0x00 0x00 0x00 0xc0 0x00 0x44                                                                                                                                              MOVXM p0, #A_L2L1_0_1_cons_buff_0
.delay_slot
	   252    0x00 0x00 0x02 0xc0 0x00 0x44                                                                                                                                              MOVXM p1, #B_L2L1_1_0_cons_buff_0
.delay_slot
	   258    0xd0 0x91 0x60 0x01 0x36 0x60 0x70 0x02                                                                                                      MOVS p6, p1;                                                MOV p2, p6
.delay_slot
	   266    0x1f 0x64 0xc0 0xf8                                                                                                                                                                                      MOV p7, p2
.delay_slot
.swstall delay_slot
	   270    0x00 0x00                                                                        NOPX
.return_address
.no_stack_arguments
	   272    0x06 0x00 0x00 0x00 0x00 0x00 0x00 0x00 0x40 0xba                                MOVA r0, #48;                                                                             JL #llvm___aie2p___release
.delay_slot
	   282    0x10 0x02 0x05 0x18                                                                                                                                                        MOVX r1, #1
.delay_slot
.swstall delay_slot
	   286    0x00 0x00                                                                        NOPX
.delay_slot
.swstall delay_slot
	   288    0x00 0x00                                                                        NOPX
.delay_slot
.swstall delay_slot
	   290    0x00 0x00                                                                        NOPX
.delay_slot
.swstall delay_slot
	   292    0x00 0x2c 0xf0 0x00 0x20 0x00 0x00 0x00 0x00 0xad 0x81 0x36                      NOPA;                         NOPB;                         NOPS;                         NOPX
.return_address
.no_stack_arguments
	   304    0x06 0x20 0x00 0x00 0x00 0x00 0x00 0x00 0x40 0xba                                MOVA r0, #49;                                                                             JL #llvm___aie2p___acquire
.delay_slot
	   314    0x17 0xc2 0xfd 0x18                                                                                                                                                        MOVX r1, #-1
.delay_slot
.swstall delay_slot
	   318    0x00 0x00                                                                        NOPX
.delay_slot
.swstall delay_slot
	   320    0x00 0x00                                                                        NOPX
.delay_slot
.swstall delay_slot
	   322    0x00 0x00                                                                        NOPX
.delay_slot
.swstall delay_slot
	   324    0x00 0x2c 0xf0 0x00 0x20 0x00 0x00 0x00 0x00 0xad 0x81 0x36                      NOPA;                         NOPB;                         NOPS;                         NOPX
.return_address
.no_stack_arguments
	   336    0x33 0x11 0x60 0x00 0x00 0x00 0x00 0x00 0x41 0x3a                                                                                            MOVS p1, p6;                  JL #matmul_vectorized_bfp16
.delay_slot
	   346    0x1a 0x6e 0xc0 0xf8                                                                                                                                                                                      MOV p2, p7
.delay_slot
	   350    0x00 0x00 0x00 0xc0 0x00 0x44                                                                                                                                              MOVXM p0, #A_L2L1_0_1_cons_buff_1
.delay_slot
.swstall delay_slot
	   356    0x00 0x00                                                                        NOPX
.delay_slot
.swstall delay_slot
	   358    0x00 0x00                                                                        NOPX
.delay_slot
.swstall delay_slot
	   360    0x00 0x2c 0xf0 0x04 0x00 0x00 0x1c 0x22                                          NOPA;                                                                                                                                                           NOPV
.return_address
.no_stack_arguments
	   368    0x06 0x00 0x00 0x00 0x00 0x00 0x00 0x00 0x40 0xba                                MOVA r0, #48;                                                                             JL #llvm___aie2p___release
.delay_slot
	   378    0x10 0x02 0x05 0x18                                                                                                                                                        MOVX r1, #1
.delay_slot
.swstall delay_slot
	   382    0x00 0x00                                                                        NOPX
.delay_slot
.swstall delay_slot
	   384    0x00 0x00                                                                        NOPX
.delay_slot
.swstall delay_slot
	   386    0x00 0x00                                                                        NOPX
.delay_slot
.swstall delay_slot
	   388    0x00 0x2c 0xf0 0x00 0x20 0x00 0x00 0x00 0x00 0xad 0x81 0x36                      NOPA;                         NOPB;                         NOPS;                         NOPX
.return_address
.no_stack_arguments
	   400    0x06 0x20 0x00 0x00 0x00 0x00 0x00 0x00 0x40 0xba                                MOVA r0, #49;                                                                             JL #llvm___aie2p___acquire
.delay_slot
	   410    0x17 0xc2 0xfd 0x18                                                                                                                                                        MOVX r1, #-1
.delay_slot
.swstall delay_slot
	   414    0x00 0x00                                                                        NOPX
.delay_slot
.swstall delay_slot
	   416    0x00 0x00                                                                        NOPX
.delay_slot
.swstall delay_slot
	   418    0x00 0x00                                                                        NOPX
.delay_slot
.swstall delay_slot
	   420    0x00 0x2c 0xf0 0x00 0x20 0x00 0x00 0x00 0x00 0xad 0x81 0x36                      NOPA;                         NOPB;                         NOPS;                         NOPX
.return_address
.no_stack_arguments
	   432    0x33 0x11 0x60 0x00 0x00 0x00 0x00 0x00 0x41 0x3a                                                                                            MOVS p1, p6;                  JL #matmul_vectorized_bfp16
.delay_slot
	   442    0x1a 0x6e 0xc0 0xf8                                                                                                                                                                                      MOV p2, p7
.delay_slot
	   446    0x00 0x00 0x00 0xc0 0x00 0x44                                                                                                                                              MOVXM p0, #A_L2L1_0_1_cons_buff_0
.delay_slot
.swstall delay_slot
	   452    0x00 0x00                                                                        NOPX
.delay_slot
.swstall delay_slot
	   454    0x00 0x00                                                                        NOPX
.delay_slot
.swstall delay_slot
	   456    0x00 0x2c 0xf0 0x04 0x00 0x00 0x1c 0x22                                          NOPA;                                                                                                                                                           NOPV
.return_address
.no_stack_arguments
	   464    0x06 0x00 0x00 0x00 0x00 0x00 0x00 0x00 0x40 0xba                                MOVA r0, #48;                                                                             JL #llvm___aie2p___release
.delay_slot
	   474    0x10 0x02 0x05 0x18                                                                                                                                                        MOVX r1, #1
.delay_slot
.swstall delay_slot
	   478    0x00 0x00                                                                        NOPX
.delay_slot
.swstall delay_slot
	   480    0x00 0x00                                                                        NOPX
.delay_slot
.swstall delay_slot
	   482    0x00 0x00                                                                        NOPX
.delay_slot
.swstall delay_slot
	   484    0x00 0x2c 0xf0 0x00 0x20 0x00 0x00 0x00 0x00 0xad 0x81 0x36                      NOPA;                         NOPB;                         NOPS;                         NOPX
.return_address
.no_stack_arguments
	   496    0x06 0x20 0x00 0x00 0x00 0x00 0x00 0x00 0x40 0xba                                MOVA r0, #49;                                                                             JL #llvm___aie2p___acquire
.delay_slot
	   506    0x17 0xc2 0xfd 0x18                                                                                                                                                        MOVX r1, #-1
.delay_slot
.swstall delay_slot
	   510    0x00 0x00                                                                        NOPX
.delay_slot
.swstall delay_slot
	   512    0x00 0x00                                                                        NOPX
.delay_slot
.swstall delay_slot
	   514    0x00 0x00                                                                        NOPX
.delay_slot
.swstall delay_slot
	   516    0x00 0x2c 0xf0 0x00 0x20 0x00 0x00 0x00 0x00 0xad 0x81 0x36                      NOPA;                         NOPB;                         NOPS;                         NOPX
.return_address
.no_stack_arguments
	   528    0x33 0x11 0x60 0x00 0x00 0x00 0x00 0x00 0x41 0x3a                                                                                            MOVS p1, p6;                  JL #matmul_vectorized_bfp16
.delay_slot
	   538    0x1a 0x6e 0xc0 0xf8                                                                                                                                                                                      MOV p2, p7
.delay_slot
	   542    0x00 0x00 0x00 0xc0 0x00 0x44                                                                                                                                              MOVXM p0, #A_L2L1_0_1_cons_buff_1
.delay_slot
.swstall delay_slot
	   548    0x00 0x00                                                                        NOPX
.delay_slot
.swstall delay_slot
	   550    0x00 0x00                                                                        NOPX
.delay_slot
.swstall delay_slot
	   552    0x00 0x2c 0xf0 0x04 0x00 0x00 0x1c 0x22                                          NOPA;                                                                                                                                                           NOPV
.return_address
.no_stack_arguments
	   560    0x06 0x00 0x00 0x00 0x00 0x00 0x00 0x00 0x40 0xba                                MOVA r0, #48;                                                                             JL #llvm___aie2p___release
.delay_slot
	   570    0x10 0x02 0x05 0x18                                                                                                                                                        MOVX r1, #1
.delay_slot
.swstall delay_slot
	   574    0x00 0x00                                                                        NOPX
.delay_slot
.swstall delay_slot
	   576    0x00 0x00                                                                        NOPX
.delay_slot
.swstall delay_slot
	   578    0x00 0x00                                                                        NOPX
.delay_slot
.swstall delay_slot
	   580    0x00 0x2c 0xf0 0x00 0x20 0x00 0x00 0x00 0x00 0xad 0x81 0x36                      NOPA;                         NOPB;                         NOPS;                         NOPX
.return_address
.no_stack_arguments
	   592    0x06 0x20 0x00 0x00 0x00 0x00 0x00 0x00 0x40 0xba                                MOVA r0, #49;                                                                             JL #llvm___aie2p___acquire
.delay_slot
	   602    0x17 0xc2 0xfd 0x18                                                                                                                                                        MOVX r1, #-1
.delay_slot
.swstall delay_slot
	   606    0x00 0x00                                                                        NOPX
.delay_slot
.swstall delay_slot
	   608    0x00 0x00                                                                        NOPX
.delay_slot
.swstall delay_slot
	   610    0x00 0x00                                                                        NOPX
.delay_slot
.swstall delay_slot
	   612    0x00 0x2c 0xf0 0x00 0x20 0x00 0x00 0x00 0x00 0xad 0x81 0x36                      NOPA;                         NOPB;                         NOPS;                         NOPX
.return_address
.no_stack_arguments
	   624    0x33 0x11 0x60 0x00 0x00 0x00 0x00 0x00 0x41 0x3a                                                                                            MOVS p1, p6;                  JL #matmul_vectorized_bfp16
.delay_slot
	   634    0x1a 0x6e 0xc0 0xf8                                                                                                                                                                                      MOV p2, p7
.delay_slot
	   638    0x00 0x00 0x00 0xc0 0x00 0x44                                                                                                                                              MOVXM p0, #A_L2L1_0_1_cons_buff_0
.delay_slot
.swstall delay_slot
	   644    0x00 0x00                                                                        NOPX
.delay_slot
.swstall delay_slot
	   646    0x00 0x00                                                                        NOPX
.delay_slot
.swstall delay_slot
	   648    0x00 0x2c 0xf0 0x04 0x00 0x00 0x1c 0x22                                          NOPA;                                                                                                                                                           NOPV
.return_address
.no_stack_arguments
	   656    0x06 0x00 0x00 0x00 0x00 0x00 0x00 0x00 0x40 0xba                                MOVA r0, #48;                                                                             JL #llvm___aie2p___release
.delay_slot
	   666    0x10 0x02 0x05 0x18                                                                                                                                                        MOVX r1, #1
.delay_slot
.swstall delay_slot
	   670    0x00 0x00                                                                        NOPX
.delay_slot
.swstall delay_slot
	   672    0x00 0x00                                                                        NOPX
.delay_slot
.swstall delay_slot
	   674    0x00 0x00                                                                        NOPX
.delay_slot
.swstall delay_slot
	   676    0x00 0x2c 0xf0 0x00 0x20 0x00 0x00 0x00 0x00 0xad 0x81 0x36                      NOPA;                         NOPB;                         NOPS;                         NOPX
.return_address
.no_stack_arguments
	   688    0x06 0x20 0x00 0x00 0x00 0x00 0x00 0x00 0x40 0xba                                MOVA r0, #49;                                                                             JL #llvm___aie2p___acquire
.delay_slot
	   698    0x17 0xc2 0xfd 0x18                                                                                                                                                        MOVX r1, #-1
.delay_slot
.swstall delay_slot
	   702    0x00 0x00                                                                        NOPX
.delay_slot
.swstall delay_slot
	   704    0x00 0x00                                                                        NOPX
.delay_slot
.swstall delay_slot
	   706    0x00 0x00                                                                        NOPX
.delay_slot
.swstall delay_slot
	   708    0x00 0x2c 0xf0 0x00 0x20 0x00 0x00 0x00 0x00 0xad 0x81 0x36                      NOPA;                         NOPB;                         NOPS;                         NOPX
.return_address
.no_stack_arguments
	   720    0x53 0x91 0x60 0x00 0x00 0x00 0x00 0x00 0x41 0x3a                                                                                            MOVS p2, p7;                  JL #matmul_vectorized_bfp16
.delay_slot
	   730    0x33 0x11 0x60 0x00 0x00 0x00 0x30 0x00 0x11 0x3a                                                                                            MOVS p1, p6;                  MOVXM p0, #A_L2L1_0_1_cons_buff_1
.delay_slot
	   740    0x1e 0x64 0xc0 0xf8                                                                                                                                                                                      MOV p6, p2
.delay_slot
.swstall delay_slot
	   744    0x00 0x00                                                                        NOPX
.delay_slot
.swstall delay_slot
	   746    0x00 0x00                                                                        NOPX
.delay_slot
.swstall delay_slot
	   748    0x00 0x01 0x67 0x98                                                              NOPA
.return_address
.no_stack_arguments
	   752    0x06 0x00 0x00 0x00 0x00 0x00 0x00 0x00 0x40 0xba                                MOVA r0, #48;                                                                             JL #llvm___aie2p___release
.delay_slot
	   762    0x10 0x02 0x05 0x18                                                                                                                                                        MOVX r1, #1
.delay_slot
.swstall delay_slot
	   766    0x00 0x00                                                                        NOPX
.delay_slot
.swstall delay_slot
	   768    0x00 0x00                                                                        NOPX
.delay_slot
.swstall delay_slot
	   770    0x00 0x00                                                                        NOPX
.delay_slot
.swstall delay_slot
	   772    0x00 0x2c 0xf0 0x00 0x20 0x00 0x00 0x00 0x00 0xad 0x81 0x36                      NOPA;                         NOPB;                         NOPS;                         NOPX
.return_address
.no_stack_arguments
	   784    0x00 0x21 0x00 0x00 0x00 0x00 0x00 0x00 0x40 0xba                                MOVA r1, #1;                                                                              JL #llvm___aie2p___release
.delay_slot
	   794    0x10 0x00 0xc9 0x18                                                                                                                                                        MOVX r0, #50
.delay_slot
.swstall delay_slot
	   798    0x00 0x00                                                                        NOPX
.delay_slot
.swstall delay_slot
	   800    0x00 0x00                                                                        NOPX
.delay_slot
.swstall delay_slot
	   802    0x00 0x00                                                                        NOPX
.delay_slot
.swstall delay_slot
	   804    0x00 0x2c 0xf0 0x00 0x20 0x00 0x00 0x00 0x00 0xad 0x81 0x36                      NOPA;                         NOPB;                         NOPS;                         NOPX
.return_address
.no_stack_arguments
	   816    0xff 0xe1 0x00 0x00 0x00 0x00 0x00 0x00 0x40 0xba                                MOVA r1, #-1;                                                                             JL #llvm___aie2p___acquire
.delay_slot
	   826    0x10 0x00 0xcd 0x18                                                                                                                                                        MOVX r0, #51
.delay_slot
.swstall delay_slot
	   830    0x00 0x00                                                                        NOPX
.delay_slot
.swstall delay_slot
	   832    0x00 0x00                                                                        NOPX
.delay_slot
.swstall delay_slot
	   834    0x00 0x00                                                                        NOPX
.delay_slot
.swstall delay_slot
	   836    0x00 0x2c 0xf0 0x00 0x20 0x00 0x00 0x00 0x00 0xad 0x81 0x36                      NOPA;                         NOPB;                         NOPS;                         NOPX
.return_address
.no_stack_arguments
	   848    0x06 0x20 0x00 0x00 0x00 0x00 0x00 0x00 0x40 0xba                                MOVA r0, #49;                                                                             JL #llvm___aie2p___acquire
.delay_slot
	   858    0x17 0xc2 0xfd 0x18                                                                                                                                                        MOVX r1, #-1
.delay_slot
.swstall delay_slot
	   862    0x00 0x00                                                                        NOPX
.delay_slot
.swstall delay_slot
	   864    0x00 0x00                                                                        NOPX
.delay_slot
.swstall delay_slot
	   866    0x00 0x00                                                                        NOPX
.delay_slot
.swstall delay_slot
	   868    0x00 0x2c 0xf0 0x00 0x20 0x00 0x00 0x00 0x00 0xad 0x81 0x36                      NOPA;                         NOPB;                         NOPS;                         NOPX
.return_address
.no_stack_arguments
	   880    0x00 0x00 0x00 0x00 0x01 0x04                                                                                                                                              JL #matmul_vectorized_bfp16
.delay_slot
	   886    0x00 0x00 0x00 0xc0 0x00 0x44                                                                                                                                              MOVXM p0, #A_L2L1_0_1_cons_buff_0
.delay_slot
	   892    0x00 0x00 0x02 0xc0 0x00 0x44                                                                                                                                              MOVXM p1, #B_L2L1_1_0_cons_buff_1
.delay_slot
	   898    0x1a 0x6c 0xc0 0xf8                                                                                                                                                                                      MOV p2, p6
.delay_slot
.swstall delay_slot
	   902    0x00 0x00                                                                        NOPX
.delay_slot
.swstall delay_slot
	   904    0x00 0x2c 0xf0 0x04 0x00 0x00 0x1c 0x22                                          NOPA;                                                                                                                                                           NOPV
.return_address
.no_stack_arguments
	   912    0x06 0x00 0x00 0x00 0x00 0x00 0x00 0x00 0x40 0xba                                MOVA r0, #48;                                                                             JL #llvm___aie2p___release
.delay_slot
	   922    0x10 0x02 0x05 0x18                                                                                                                                                        MOVX r1, #1
.delay_slot
.swstall delay_slot
	   926    0x00 0x00                                                                        NOPX
.delay_slot
.swstall delay_slot
	   928    0x00 0x00                                                                        NOPX
.delay_slot
.swstall delay_slot
	   930    0x00 0x00                                                                        NOPX
.delay_slot
.swstall delay_slot
	   932    0x00 0x2c 0xf0 0x00 0x20 0x00 0x00 0x00 0x00 0xad 0x81 0x36                      NOPA;                         NOPB;                         NOPS;                         NOPX
.return_address
.no_stack_arguments
	   944    0x06 0x20 0x00 0x00 0x00 0x00 0x00 0x00 0x40 0xba                                MOVA r0, #49;                                                                             JL #llvm___aie2p___acquire
.delay_slot
	   954    0x17 0xc2 0xfd 0x18                                                                                                                                                        MOVX r1, #-1
.delay_slot
.swstall delay_slot
	   958    0x00 0x00                                                                        NOPX
.delay_slot
.swstall delay_slot
	   960    0x00 0x00                                                                        NOPX
.delay_slot
.swstall delay_slot
	   962    0x00 0x00                                                                        NOPX
.delay_slot
.swstall delay_slot
	   964    0x00 0x2c 0xf0 0x00 0x20 0x00 0x00 0x00 0x00 0xad 0x81 0x36                      NOPA;                         NOPB;                         NOPS;                         NOPX
.return_address
.no_stack_arguments
	   976    0x00 0x00 0x00 0x00 0x01 0x04                                                                                                                                              JL #matmul_vectorized_bfp16
.delay_slot
	   982    0x00 0x00 0x00 0xc0 0x00 0x44                                                                                                                                              MOVXM p0, #A_L2L1_0_1_cons_buff_1
.delay_slot
	   988    0x00 0x00 0x02 0xc0 0x00 0x44                                                                                                                                              MOVXM p1, #B_L2L1_1_0_cons_buff_1
.delay_slot
	   994    0x1a 0x6c 0xc0 0xf8                                                                                                                                                                                      MOV p2, p6
.delay_slot
.swstall delay_slot
	   998    0x00 0x00                                                                        NOPX
.delay_slot
.swstall delay_slot
	  1000    0x00 0x2c 0xf0 0x04 0x00 0x00 0x1c 0x22                                          NOPA;                                                                                                                                                           NOPV
.return_address
.no_stack_arguments
	  1008    0x06 0x00 0x00 0x00 0x00 0x00 0x00 0x00 0x40 0xba                                MOVA r0, #48;                                                                             JL #llvm___aie2p___release
.delay_slot
	  1018    0x10 0x02 0x05 0x18                                                                                                                                                        MOVX r1, #1
.delay_slot
.swstall delay_slot
	  1022    0x00 0x00                                                                        NOPX
.delay_slot
.swstall delay_slot
	  1024    0x00 0x00                                                                        NOPX
.delay_slot
.swstall delay_slot
	  1026    0x00 0x00                                                                        NOPX
.delay_slot
.swstall delay_slot
	  1028    0x00 0x2c 0xf0 0x00 0x20 0x00 0x00 0x00 0x00 0xad 0x81 0x36                      NOPA;                         NOPB;                         NOPS;                         NOPX
.return_address
.no_stack_arguments
	  1040    0x06 0x20 0x00 0x00 0x00 0x00 0x00 0x00 0x40 0xba                                MOVA r0, #49;                                                                             JL #llvm___aie2p___acquire
.delay_slot
	  1050    0x17 0xc2 0xfd 0x18                                                                                                                                                        MOVX r1, #-1
.delay_slot
.swstall delay_slot
	  1054    0x00 0x00                                                                        NOPX
.delay_slot
.swstall delay_slot
	  1056    0x00 0x00                                                                        NOPX
.delay_slot
.swstall delay_slot
	  1058    0x00 0x00                                                                        NOPX
.delay_slot
.swstall delay_slot
	  1060    0x00 0x2c 0xf0 0x00 0x20 0x00 0x00 0x00 0x00 0xad 0x81 0x36                      NOPA;                         NOPB;                         NOPS;                         NOPX
.return_address
.no_stack_arguments
	  1072    0x00 0x00 0x00 0x00 0x01 0x04                                                                                                                                              JL #matmul_vectorized_bfp16
.delay_slot
	  1078    0x00 0x00 0x00 0xc0 0x00 0x44                                                                                                                                              MOVXM p0, #A_L2L1_0_1_cons_buff_0
.delay_slot
	  1084    0x00 0x00 0x02 0xc0 0x00 0x44                                                                                                                                              MOVXM p1, #B_L2L1_1_0_cons_buff_1
.delay_slot
	  1090    0x1a 0x6c 0xc0 0xf8                                                                                                                                                                                      MOV p2, p6
.delay_slot
.swstall delay_slot
	  1094    0x00 0x00                                                                        NOPX
.delay_slot
.swstall delay_slot
	  1096    0x00 0x2c 0xf0 0x04 0x00 0x00 0x1c 0x22                                          NOPA;                                                                                                                                                           NOPV
.return_address
.no_stack_arguments
	  1104    0x06 0x00 0x00 0x00 0x00 0x00 0x00 0x00 0x40 0xba                                MOVA r0, #48;                                                                             JL #llvm___aie2p___release
.delay_slot
	  1114    0x10 0x02 0x05 0x18                                                                                                                                                        MOVX r1, #1
.delay_slot
.swstall delay_slot
	  1118    0x00 0x00                                                                        NOPX
.delay_slot
.swstall delay_slot
	  1120    0x00 0x00                                                                        NOPX
.delay_slot
.swstall delay_slot
	  1122    0x00 0x00                                                                        NOPX
.delay_slot
.swstall delay_slot
	  1124    0x00 0x2c 0xf0 0x00 0x20 0x00 0x00 0x00 0x00 0xad 0x81 0x36                      NOPA;                         NOPB;                         NOPS;                         NOPX
.return_address
.no_stack_arguments
	  1136    0x06 0x20 0x00 0x00 0x00 0x00 0x00 0x00 0x40 0xba                                MOVA r0, #49;                                                                             JL #llvm___aie2p___acquire
.delay_slot
	  1146    0x17 0xc2 0xfd 0x18                                                                                                                                                        MOVX r1, #-1
.delay_slot
.swstall delay_slot
	  1150    0x00 0x00                                                                        NOPX
.delay_slot
.swstall delay_slot
	  1152    0x00 0x00                                                                        NOPX
.delay_slot
.swstall delay_slot
	  1154    0x00 0x00                                                                        NOPX
.delay_slot
.swstall delay_slot
	  1156    0x00 0x2c 0xf0 0x00 0x20 0x00 0x00 0x00 0x00 0xad 0x81 0x36                      NOPA;                         NOPB;                         NOPS;                         NOPX
.return_address
.no_stack_arguments
	  1168    0x00 0x00 0x00 0x00 0x01 0x04                                                                                                                                              JL #matmul_vectorized_bfp16
.delay_slot
	  1174    0x00 0x00 0x00 0xc0 0x00 0x44                                                                                                                                              MOVXM p0, #A_L2L1_0_1_cons_buff_1
.delay_slot
	  1180    0x00 0x00 0x02 0xc0 0x00 0x44                                                                                                                                              MOVXM p1, #B_L2L1_1_0_cons_buff_1
.delay_slot
	  1186    0x1a 0x6c 0xc0 0xf8                                                                                                                                                                                      MOV p2, p6
.delay_slot
.swstall delay_slot
	  1190    0x00 0x00                                                                        NOPX
.delay_slot
.swstall delay_slot
	  1192    0x00 0x2c 0xf0 0x04 0x00 0x00 0x1c 0x22                                          NOPA;                                                                                                                                                           NOPV
.return_address
.no_stack_arguments
	  1200    0x06 0x00 0x00 0x00 0x00 0x00 0x00 0x00 0x40 0xba                                MOVA r0, #48;                                                                             JL #llvm___aie2p___release
.delay_slot
	  1210    0x10 0x02 0x05 0x18                                                                                                                                                        MOVX r1, #1
.delay_slot
.swstall delay_slot
	  1214    0x00 0x00                                                                        NOPX
.delay_slot
.swstall delay_slot
	  1216    0x00 0x00                                                                        NOPX
.delay_slot
.swstall delay_slot
	  1218    0x00 0x00                                                                        NOPX
.delay_slot
.swstall delay_slot
	  1220    0x00 0x2c 0xf0 0x00 0x20 0x00 0x00 0x00 0x00 0xad 0x81 0x36                      NOPA;                         NOPB;                         NOPS;                         NOPX
.return_address
.no_stack_arguments
	  1232    0x06 0x20 0x00 0x00 0x00 0x00 0x00 0x00 0x40 0xba                                MOVA r0, #49;                                                                             JL #llvm___aie2p___acquire
.delay_slot
	  1242    0x17 0xc2 0xfd 0x18                                                                                                                                                        MOVX r1, #-1
.delay_slot
.swstall delay_slot
	  1246    0x00 0x00                                                                        NOPX
.delay_slot
.swstall delay_slot
	  1248    0x00 0x00                                                                        NOPX
.delay_slot
.swstall delay_slot
	  1250    0x00 0x00                                                                        NOPX
.delay_slot
.swstall delay_slot
	  1252    0x00 0x2c 0xf0 0x00 0x20 0x00 0x00 0x00 0x00 0xad 0x81 0x36                      NOPA;                         NOPB;                         NOPS;                         NOPX
.return_address
.no_stack_arguments
	  1264    0x00 0x00 0x00 0x00 0x01 0x04                                                                                                                                              JL #matmul_vectorized_bfp16
.delay_slot
	  1270    0x00 0x00 0x00 0xc0 0x00 0x44                                                                                                                                              MOVXM p0, #A_L2L1_0_1_cons_buff_0
.delay_slot
	  1276    0x00 0x00 0x02 0xc0 0x00 0x44                                                                                                                                              MOVXM p1, #B_L2L1_1_0_cons_buff_1
.delay_slot
	  1282    0x1a 0x6c 0xc0 0xf8                                                                                                                                                                                      MOV p2, p6
.delay_slot
.swstall delay_slot
	  1286    0x00 0x00                                                                        NOPX
.delay_slot
.swstall delay_slot
	  1288    0x00 0x2c 0xf0 0x04 0x00 0x00 0x1c 0x22                                          NOPA;                                                                                                                                                           NOPV
.return_address
.no_stack_arguments
	  1296    0x06 0x00 0x00 0x00 0x00 0x00 0x00 0x00 0x40 0xba                                MOVA r0, #48;                                                                             JL #llvm___aie2p___release
.delay_slot
	  1306    0x10 0x02 0x05 0x18                                                                                                                                                        MOVX r1, #1
.delay_slot
.swstall delay_slot
	  1310    0x00 0x00                                                                        NOPX
.delay_slot
.swstall delay_slot
	  1312    0x00 0x00                                                                        NOPX
.delay_slot
.swstall delay_slot
	  1314    0x00 0x00                                                                        NOPX
.delay_slot
.swstall delay_slot
	  1316    0x00 0x2c 0xf0 0x00 0x20 0x00 0x00 0x00 0x00 0xad 0x81 0x36                      NOPA;                         NOPB;                         NOPS;                         NOPX
.return_address
.no_stack_arguments
	  1328    0x00 0x00 0x00 0x00 0x01 0x04                                                                                                                                              JL #llvm___aie2p___acquire
.delay_slot
	  1334    0x06 0x20 0x00 0x00 0x00 0x03 0xb0 0x58 0x10 0xba                                MOVA r0, #49;                                                                             MOVXM p7, #(TGT_Fcore_1_2_176 + 0)
.delay_slot
	  1344    0x17 0xc2 0xfd 0x18                                                                                                                                                        MOVX r1, #-1
.delay_slot
.swstall delay_slot
	  1348    0x00 0x00                                                                        NOPX
.delay_slot
.swstall delay_slot
	  1350    0x00 0x00                                                                        NOPX
.delay_slot
.swstall delay_slot
	  1352    0x00 0x2c 0xf0 0x04 0x00 0x00 0x1c 0x22                                          NOPA;                                                                                                                                                           NOPV
.return_address
.no_stack_arguments
	  1360    0x00 0x00 0x00 0x00 0x01 0x04                                                                                                                                              JL #matmul_vectorized_bfp16
.delay_slot
	  1366    0x00 0x00 0x00 0xc0 0x00 0x44                                                                                                                                              MOVXM p0, #A_L2L1_0_1_cons_buff_1
.delay_slot
	  1372    0x00 0x00 0x02 0xc0 0x00 0x44                                                                                                                                              MOVXM p1, #B_L2L1_1_0_cons_buff_1
.delay_slot
	  1378    0x1a 0x6c 0xc0 0xf8                                                                                                                                                                                      MOV p2, p6
.delay_slot
.swstall delay_slot
	  1382    0x00 0x00                                                                        NOPX
.delay_slot
.swstall delay_slot
	  1384    0x00 0x2c 0xf0 0x04 0x00 0x00 0x1c 0x22                                          NOPA;                                                                                                                                                           NOPV
.return_address
.no_stack_arguments
	  1392    0x06 0x00 0x00 0x00 0x00 0x00 0x00 0x00 0x40 0xba                                MOVA r0, #48;                                                                             JL #llvm___aie2p___release
.delay_slot
	  1402    0x10 0x02 0x05 0x18                                                                                                                                                        MOVX r1, #1
.delay_slot
.swstall delay_slot
	  1406    0x00 0x00                                                                        NOPX
.delay_slot
.swstall delay_slot
	  1408    0x00 0x00                                                                        NOPX
.delay_slot
.swstall delay_slot
	  1410    0x00 0x00                                                                        NOPX
.delay_slot
.swstall delay_slot
	  1412    0x00 0x2c 0xf0 0x00 0x20 0x00 0x00 0x00 0x00 0xad 0x81 0x36                      NOPA;                         NOPB;                         NOPS;                         NOPX
.return_address
.no_stack_arguments
	  1424    0x00 0x21 0x00 0x00 0x00 0x00 0x00 0x00 0x40 0xba                                MOVA r1, #1;                                                                              JL #llvm___aie2p___release
.delay_slot
	  1434    0x10 0x00 0xc9 0x18                                                                                                                                                        MOVX r0, #50
.delay_slot
.swstall delay_slot
	  1438    0x00 0x00                                                                        NOPX
.delay_slot
.swstall delay_slot
	  1440    0x00 0x00                                                                        NOPX
.delay_slot
.swstall delay_slot
	  1442    0x00 0x00                                                                        NOPX
.delay_slot
.swstall delay_slot
	  1444    0x00 0x2c 0xf0 0x00 0x20 0x00 0x00 0x00 0x00 0xad 0x81 0x36                      NOPA;                         NOPB;                         NOPS;                         NOPX
.return_address
	  1456    0x12 0x95 0xe0 0x18                                                                                                                                                        JNZD r10, r10, p7
.delay_slot
.swstall delay_slot
	  1460    0x00 0x00                                                                        NOPX
.delay_slot
.swstall delay_slot
	  1462    0x00 0x00                                                                        NOPX
.delay_slot
.swstall delay_slot
	  1464    0x00 0x00                                                                        NOPX
.delay_slot
.swstall delay_slot
	  1466    0x00 0x00                                                                        NOPX
.delay_slot
.swstall delay_slot
	  1468    0x00 0x00                                                                        NOPX
.loop_nesting 1
.no_stack_arguments
	  1470    0x06 0xa0 0x00 0x00 0x00 0x00 0x00 0x00 0x40 0xba                                MOVA r0, #53;                                                                             JL #llvm___aie2p___release
.delay_slot
	  1480    0x10 0x02 0x05 0x18                                                                                                                                                        MOVX r1, #1
.delay_slot
.swstall delay_slot
	  1484    0x00 0x00                                                                        NOPX
.delay_slot
.swstall delay_slot
	  1486    0x00 0x00                                                                        NOPX
.delay_slot
.swstall delay_slot
	  1488    0x00 0x00                                                                        NOPX
.delay_slot
.swstall delay_slot
	  1490    0x00 0x2c 0xf0 0x02 0xb6 0x00 0x00 0x40 0x1a 0x57 0x00 0x00 0x1c 0x2e            NOPA;                                                       NOPS;                                                       NOPM;                                   NOPV
.return_address
.no_stack_arguments
	  1504    0x06 0x80 0x00 0x00 0x00 0x00 0x00 0x00 0x40 0xba                                MOVA r0, #52;                                                                             JL #llvm___aie2p___acquire
.delay_slot
	  1514    0x17 0xc2 0xfd 0x18                                                                                                                                                        MOVX r1, #-1
.delay_slot
.swstall delay_slot
	  1518    0x00 0x00                                                                        NOPX
.delay_slot
.swstall delay_slot
	  1520    0x00 0x00                                                                        NOPX
.delay_slot
.swstall delay_slot
	  1522    0x00 0x00                                                                        NOPX
.delay_slot
.swstall delay_slot
	  1524    0x00 0x2c 0xf0 0x00 0x20 0x00 0x00 0x00 0x00 0xad 0x81 0x36                      NOPA;                         NOPB;                         NOPS;                         NOPX
.return_address
.no_stack_arguments
	  1536    0x00 0x00 0x00 0x00 0x01 0x04                                                                                                                                              JL #zero_kernel
.delay_slot
	  1542    0x18 0x6c 0xc0 0xf8                                                                                                                                                                                      MOV p0, p6
.delay_slot
.swstall delay_slot
	  1546    0x00 0x00                                                                        NOPX
.delay_slot
.swstall delay_slot
	  1548    0x00 0x00                                                                        NOPX
.delay_slot
.swstall delay_slot
	  1550    0x00 0x00                                                                        NOPX
.delay_slot
.swstall delay_slot
	  1552    0x00 0x2c 0xf0 0x00 0x20 0x01 0x5b 0x00 0x00 0x00 0x01 0xa5 0x78 0x00 0x00 0xe1  NOPA;                         NOPB;                         NOPS;                         NOPX;                         NOPM;                                   NOPV
.return_address
	  1568    0x00 0x2c 0xf0 0x00 0x20 0x01 0x5b 0x00 0xa1 0x28 0x01 0xa5 0x78 0x00 0x00 0xe1  NOPA;                         NOPB;                         NOPS;                         MOVX r10, #9;                 NOPM;                                   NOPV
.label TGT_Fcore_1_2_1584
.loop_nesting 2
.no_stack_arguments
	  1584    0xff 0xe1 0x00 0x00 0x00 0x00 0x00 0x00 0x40 0xba                                MOVA r1, #-1;                                                                             JL #llvm___aie2p___acquire
.delay_slot
	  1594    0x10 0x00 0xcd 0x18                                                                                                                                                        MOVX r0, #51
.delay_slot
.swstall delay_slot
	  1598    0x00 0x00                                                                        NOPX
.delay_slot
.swstall delay_slot
	  1600    0x00 0x00                                                                        NOPX
.delay_slot
.swstall delay_slot
	  1602    0x00 0x00                                                                        NOPX
.delay_slot
.swstall delay_slot
	  1604    0x00 0x2c 0xf0 0x00 0x20 0x00 0x00 0x00 0x00 0xad 0x81 0x36                      NOPA;                         NOPB;                         NOPS;                         NOPX
.return_address
.no_stack_arguments
	  1616    0x06 0x20 0x00 0x00 0x00 0x00 0x00 0x00 0x40 0xba                                MOVA r0, #49;                                                                             JL #llvm___aie2p___acquire
.delay_slot
	  1626    0x17 0xc2 0xfd 0x18                                                                                                                                                        MOVX r1, #-1
.delay_slot
.swstall delay_slot
	  1630    0x00 0x00                                                                        NOPX
.delay_slot
.swstall delay_slot
	  1632    0x00 0x00                                                                        NOPX
.delay_slot
.swstall delay_slot
	  1634    0x00 0x00                                                                        NOPX
.delay_slot
.swstall delay_slot
	  1636    0x00 0x2c 0xf0 0x00 0x20 0x00 0x00 0x00 0x00 0xad 0x81 0x36                      NOPA;                         NOPB;                         NOPS;                         NOPX
.return_address
.no_stack_arguments
	  1648    0x00 0x00 0x00 0x00 0x01 0x04                                                                                                                                              JL #matmul_vectorized_bfp16
.delay_slot
	  1654    0x00 0x00 0x00 0xc0 0x00 0x44                                                                                                                                              MOVXM p0, #A_L2L1_0_1_cons_buff_0
.delay_slot
	  1660    0x00 0x00 0x02 0xc0 0x00 0x44                                                                                                                                              MOVXM p1, #B_L2L1_1_0_cons_buff_0
.delay_slot
	  1666    0xd0 0x91 0x60 0x01 0x36 0x60 0x70 0x02                                                                                                      MOVS p6, p1;                                                MOV p2, p6
.delay_slot
	  1674    0x1f 0x64 0xc0 0xf8                                                                                                                                                                                      MOV p7, p2
.delay_slot
.swstall delay_slot
	  1678    0x00 0x00                                                                        NOPX
.return_address
.no_stack_arguments
	  1680    0x06 0x00 0x00 0x00 0x00 0x00 0x00 0x00 0x40 0xba                                MOVA r0, #48;                                                                             JL #llvm___aie2p___release
.delay_slot
	  1690    0x10 0x02 0x05 0x18                                                                                                                                                        MOVX r1, #1
.delay_slot
.swstall delay_slot
	  1694    0x00 0x00                                                                        NOPX
.delay_slot
.swstall delay_slot
	  1696    0x00 0x00                                                                        NOPX
.delay_slot
.swstall delay_slot
	  1698    0x00 0x00                                                                        NOPX
.delay_slot
.swstall delay_slot
	  1700    0x00 0x2c 0xf0 0x00 0x20 0x00 0x00 0x00 0x00 0xad 0x81 0x36                      NOPA;                         NOPB;                         NOPS;                         NOPX
.return_address
.no_stack_arguments
	  1712    0x06 0x20 0x00 0x00 0x00 0x00 0x00 0x00 0x40 0xba                                MOVA r0, #49;                                                                             JL #llvm___aie2p___acquire
.delay_slot
	  1722    0x17 0xc2 0xfd 0x18                                                                                                                                                        MOVX r1, #-1
.delay_slot
.swstall delay_slot
	  1726    0x00 0x00                                                                        NOPX
.delay_slot
.swstall delay_slot
	  1728    0x00 0x00                                                                        NOPX
.delay_slot
.swstall delay_slot
	  1730    0x00 0x00                                                                        NOPX
.delay_slot
.swstall delay_slot
	  1732    0x00 0x2c 0xf0 0x00 0x20 0x00 0x00 0x00 0x00 0xad 0x81 0x36                      NOPA;                         NOPB;                         NOPS;                         NOPX
.return_address
.no_stack_arguments
	  1744    0x33 0x11 0x60 0x00 0x00 0x00 0x00 0x00 0x41 0x3a                                                                                            MOVS p1, p6;                  JL #matmul_vectorized_bfp16
.delay_slot
	  1754    0x1a 0x6e 0xc0 0xf8                                                                                                                                                                                      MOV p2, p7
.delay_slot
	  1758    0x00 0x00 0x00 0xc0 0x00 0x44                                                                                                                                              MOVXM p0, #A_L2L1_0_1_cons_buff_1
.delay_slot
.swstall delay_slot
	  1764    0x00 0x00                                                                        NOPX
.delay_slot
.swstall delay_slot
	  1766    0x00 0x00                                                                        NOPX
.delay_slot
.swstall delay_slot
	  1768    0x00 0x2c 0xf0 0x04 0x00 0x00 0x1c 0x22                                          NOPA;                                                                                                                                                           NOPV
.return_address
.no_stack_arguments
	  1776    0x06 0x00 0x00 0x00 0x00 0x00 0x00 0x00 0x40 0xba                                MOVA r0, #48;                                                                             JL #llvm___aie2p___release
.delay_slot
	  1786    0x10 0x02 0x05 0x18                                                                                                                                                        MOVX r1, #1
.delay_slot
.swstall delay_slot
	  1790    0x00 0x00                                                                        NOPX
.delay_slot
.swstall delay_slot
	  1792    0x00 0x00                                                                        NOPX
.delay_slot
.swstall delay_slot
	  1794    0x00 0x00                                                                        NOPX
.delay_slot
.swstall delay_slot
	  1796    0x00 0x2c 0xf0 0x00 0x20 0x00 0x00 0x00 0x00 0xad 0x81 0x36                      NOPA;                         NOPB;                         NOPS;                         NOPX
.return_address
.no_stack_arguments
	  1808    0x06 0x20 0x00 0x00 0x00 0x00 0x00 0x00 0x40 0xba                                MOVA r0, #49;                                                                             JL #llvm___aie2p___acquire
.delay_slot
	  1818    0x17 0xc2 0xfd 0x18                                                                                                                                                        MOVX r1, #-1
.delay_slot
.swstall delay_slot
	  1822    0x00 0x00                                                                        NOPX
.delay_slot
.swstall delay_slot
	  1824    0x00 0x00                                                                        NOPX
.delay_slot
.swstall delay_slot
	  1826    0x00 0x00                                                                        NOPX
.delay_slot
.swstall delay_slot
	  1828    0x00 0x2c 0xf0 0x00 0x20 0x00 0x00 0x00 0x00 0xad 0x81 0x36                      NOPA;                         NOPB;                         NOPS;                         NOPX
.return_address
.no_stack_arguments
	  1840    0x33 0x11 0x60 0x00 0x00 0x00 0x00 0x00 0x41 0x3a                                                                                            MOVS p1, p6;                  JL #matmul_vectorized_bfp16
.delay_slot
	  1850    0x1a 0x6e 0xc0 0xf8                                                                                                                                                                                      MOV p2, p7
.delay_slot
	  1854    0x00 0x00 0x00 0xc0 0x00 0x44                                                                                                                                              MOVXM p0, #A_L2L1_0_1_cons_buff_0
.delay_slot
.swstall delay_slot
	  1860    0x00 0x00                                                                        NOPX
.delay_slot
.swstall delay_slot
	  1862    0x00 0x00                                                                        NOPX
.delay_slot
.swstall delay_slot
	  1864    0x00 0x2c 0xf0 0x04 0x00 0x00 0x1c 0x22                                          NOPA;                                                                                                                                                           NOPV
.return_address
.no_stack_arguments
	  1872    0x06 0x00 0x00 0x00 0x00 0x00 0x00 0x00 0x40 0xba                                MOVA r0, #48;                                                                             JL #llvm___aie2p___release
.delay_slot
	  1882    0x10 0x02 0x05 0x18                                                                                                                                                        MOVX r1, #1
.delay_slot
.swstall delay_slot
	  1886    0x00 0x00                                                                        NOPX
.delay_slot
.swstall delay_slot
	  1888    0x00 0x00                                                                        NOPX
.delay_slot
.swstall delay_slot
	  1890    0x00 0x00                                                                        NOPX
.delay_slot
.swstall delay_slot
	  1892    0x00 0x2c 0xf0 0x00 0x20 0x00 0x00 0x00 0x00 0xad 0x81 0x36                      NOPA;                         NOPB;                         NOPS;                         NOPX
.return_address
.no_stack_arguments
	  1904    0x06 0x20 0x00 0x00 0x00 0x00 0x00 0x00 0x40 0xba                                MOVA r0, #49;                                                                             JL #llvm___aie2p___acquire
.delay_slot
	  1914    0x17 0xc2 0xfd 0x18                                                                                                                                                        MOVX r1, #-1
.delay_slot
.swstall delay_slot
	  1918    0x00 0x00                                                                        NOPX
.delay_slot
.swstall delay_slot
	  1920    0x00 0x00                                                                        NOPX
.delay_slot
.swstall delay_slot
	  1922    0x00 0x00                                                                        NOPX
.delay_slot
.swstall delay_slot
	  1924    0x00 0x2c 0xf0 0x00 0x20 0x00 0x00 0x00 0x00 0xad 0x81 0x36                      NOPA;                         NOPB;                         NOPS;                         NOPX
.return_address
.no_stack_arguments
	  1936    0x33 0x11 0x60 0x00 0x00 0x00 0x00 0x00 0x41 0x3a                                                                                            MOVS p1, p6;                  JL #matmul_vectorized_bfp16
.delay_slot
	  1946    0x1a 0x6e 0xc0 0xf8                                                                                                                                                                                      MOV p2, p7
.delay_slot
	  1950    0x00 0x00 0x00 0xc0 0x00 0x44                                                                                                                                              MOVXM p0, #A_L2L1_0_1_cons_buff_1
.delay_slot
.swstall delay_slot
	  1956    0x00 0x00                                                                        NOPX
.delay_slot
.swstall delay_slot
	  1958    0x00 0x00                                                                        NOPX
.delay_slot
.swstall delay_slot
	  1960    0x00 0x2c 0xf0 0x04 0x00 0x00 0x1c 0x22                                          NOPA;                                                                                                                                                           NOPV
.return_address
.no_stack_arguments
	  1968    0x06 0x00 0x00 0x00 0x00 0x00 0x00 0x00 0x40 0xba                                MOVA r0, #48;                                                                             JL #llvm___aie2p___release
.delay_slot
	  1978    0x10 0x02 0x05 0x18                                                                                                                                                        MOVX r1, #1
.delay_slot
.swstall delay_slot
	  1982    0x00 0x00                                                                        NOPX
.delay_slot
.swstall delay_slot
	  1984    0x00 0x00                                                                        NOPX
.delay_slot
.swstall delay_slot
	  1986    0x00 0x00                                                                        NOPX
.delay_slot
.swstall delay_slot
	  1988    0x00 0x2c 0xf0 0x00 0x20 0x00 0x00 0x00 0x00 0xad 0x81 0x36                      NOPA;                         NOPB;                         NOPS;                         NOPX
.return_address
.no_stack_arguments
	  2000    0x06 0x20 0x00 0x00 0x00 0x00 0x00 0x00 0x40 0xba                                MOVA r0, #49;                                                                             JL #llvm___aie2p___acquire
.delay_slot
	  2010    0x17 0xc2 0xfd 0x18                                                                                                                                                        MOVX r1, #-1
.delay_slot
.swstall delay_slot
	  2014    0x00 0x00                                                                        NOPX
.delay_slot
.swstall delay_slot
	  2016    0x00 0x00                                                                        NOPX
.delay_slot
.swstall delay_slot
	  2018    0x00 0x00                                                                        NOPX
.delay_slot
.swstall delay_slot
	  2020    0x00 0x2c 0xf0 0x00 0x20 0x00 0x00 0x00 0x00 0xad 0x81 0x36                      NOPA;                         NOPB;                         NOPS;                         NOPX
.return_address
.no_stack_arguments
	  2032    0x33 0x11 0x60 0x00 0x00 0x00 0x00 0x00 0x41 0x3a                                                                                            MOVS p1, p6;                  JL #matmul_vectorized_bfp16
.delay_slot
	  2042    0x1a 0x6e 0xc0 0xf8                                                                                                                                                                                      MOV p2, p7
.delay_slot
	  2046    0x00 0x00 0x00 0xc0 0x00 0x44                                                                                                                                              MOVXM p0, #A_L2L1_0_1_cons_buff_0
.delay_slot
.swstall delay_slot
	  2052    0x00 0x00                                                                        NOPX
.delay_slot
.swstall delay_slot
	  2054    0x00 0x00                                                                        NOPX
.delay_slot
.swstall delay_slot
	  2056    0x00 0x2c 0xf0 0x04 0x00 0x00 0x1c 0x22                                          NOPA;                                                                                                                                                           NOPV
.return_address
.no_stack_arguments
	  2064    0x06 0x00 0x00 0x00 0x00 0x00 0x00 0x00 0x40 0xba                                MOVA r0, #48;                                                                             JL #llvm___aie2p___release
.delay_slot
	  2074    0x10 0x02 0x05 0x18                                                                                                                                                        MOVX r1, #1
.delay_slot
.swstall delay_slot
	  2078    0x00 0x00                                                                        NOPX
.delay_slot
.swstall delay_slot
	  2080    0x00 0x00                                                                        NOPX
.delay_slot
.swstall delay_slot
	  2082    0x00 0x00                                                                        NOPX
.delay_slot
.swstall delay_slot
	  2084    0x00 0x2c 0xf0 0x00 0x20 0x00 0x00 0x00 0x00 0xad 0x81 0x36                      NOPA;                         NOPB;                         NOPS;                         NOPX
.return_address
.no_stack_arguments
	  2096    0x06 0x20 0x00 0x00 0x00 0x00 0x00 0x00 0x40 0xba                                MOVA r0, #49;                                                                             JL #llvm___aie2p___acquire
.delay_slot
	  2106    0x17 0xc2 0xfd 0x18                                                                                                                                                        MOVX r1, #-1
.delay_slot
.swstall delay_slot
	  2110    0x00 0x00                                                                        NOPX
.delay_slot
.swstall delay_slot
	  2112    0x00 0x00                                                                        NOPX
.delay_slot
.swstall delay_slot
	  2114    0x00 0x00                                                                        NOPX
.delay_slot
.swstall delay_slot
	  2116    0x00 0x2c 0xf0 0x00 0x20 0x00 0x00 0x00 0x00 0xad 0x81 0x36                      NOPA;                         NOPB;                         NOPS;                         NOPX
.return_address
.no_stack_arguments
	  2128    0x53 0x91 0x60 0x00 0x00 0x00 0x00 0x00 0x41 0x3a                                                                                            MOVS p2, p7;                  JL #matmul_vectorized_bfp16
.delay_slot
	  2138    0x33 0x11 0x60 0x00 0x00 0x00 0x30 0x00 0x11 0x3a                                                                                            MOVS p1, p6;                  MOVXM p0, #A_L2L1_0_1_cons_buff_1
.delay_slot
	  2148    0x1e 0x64 0xc0 0xf8                                                                                                                                                                                      MOV p6, p2
.delay_slot
.swstall delay_slot
	  2152    0x00 0x00                                                                        NOPX
.delay_slot
.swstall delay_slot
	  2154    0x00 0x00                                                                        NOPX
.delay_slot
.swstall delay_slot
	  2156    0x00 0x01 0x67 0x98                                                              NOPA
.return_address
.no_stack_arguments
	  2160    0x06 0x00 0x00 0x00 0x00 0x00 0x00 0x00 0x40 0xba                                MOVA r0, #48;                                                                             JL #llvm___aie2p___release
.delay_slot
	  2170    0x10 0x02 0x05 0x18                                                                                                                                                        MOVX r1, #1
.delay_slot
.swstall delay_slot
	  2174    0x00 0x00                                                                        NOPX
.delay_slot
.swstall delay_slot
	  2176    0x00 0x00                                                                        NOPX
.delay_slot
.swstall delay_slot
	  2178    0x00 0x00                                                                        NOPX
.delay_slot
.swstall delay_slot
	  2180    0x00 0x2c 0xf0 0x00 0x20 0x00 0x00 0x00 0x00 0xad 0x81 0x36                      NOPA;                         NOPB;                         NOPS;                         NOPX
.return_address
.no_stack_arguments
	  2192    0x00 0x21 0x00 0x00 0x00 0x00 0x00 0x00 0x40 0xba                                MOVA r1, #1;                                                                              JL #llvm___aie2p___release
.delay_slot
	  2202    0x10 0x00 0xc9 0x18                                                                                                                                                        MOVX r0, #50
.delay_slot
.swstall delay_slot
	  2206    0x00 0x00                                                                        NOPX
.delay_slot
.swstall delay_slot
	  2208    0x00 0x00                                                                        NOPX
.delay_slot
.swstall delay_slot
	  2210    0x00 0x00                                                                        NOPX
.delay_slot
.swstall delay_slot
	  2212    0x00 0x2c 0xf0 0x00 0x20 0x00 0x00 0x00 0x00 0xad 0x81 0x36                      NOPA;                         NOPB;                         NOPS;                         NOPX
.return_address
.no_stack_arguments
	  2224    0xff 0xe1 0x00 0x00 0x00 0x00 0x00 0x00 0x40 0xba                                MOVA r1, #-1;                                                                             JL #llvm___aie2p___acquire
.delay_slot
	  2234    0x10 0x00 0xcd 0x18                                                                                                                                                        MOVX r0, #51
.delay_slot
.swstall delay_slot
	  2238    0x00 0x00                                                                        NOPX
.delay_slot
.swstall delay_slot
	  2240    0x00 0x00                                                                        NOPX
.delay_slot
.swstall delay_slot
	  2242    0x00 0x00                                                                        NOPX
.delay_slot
.swstall delay_slot
	  2244    0x00 0x2c 0xf0 0x00 0x20 0x00 0x00 0x00 0x00 0xad 0x81 0x36                      NOPA;                         NOPB;                         NOPS;                         NOPX
.return_address
.no_stack_arguments
	  2256    0x06 0x20 0x00 0x00 0x00 0x00 0x00 0x00 0x40 0xba                                MOVA r0, #49;                                                                             JL #llvm___aie2p___acquire
.delay_slot
	  2266    0x17 0xc2 0xfd 0x18                                                                                                                                                        MOVX r1, #-1
.delay_slot
.swstall delay_slot
	  2270    0x00 0x00                                                                        NOPX
.delay_slot
.swstall delay_slot
	  2272    0x00 0x00                                                                        NOPX
.delay_slot
.swstall delay_slot
	  2274    0x00 0x00                                                                        NOPX
.delay_slot
.swstall delay_slot
	  2276    0x00 0x2c 0xf0 0x00 0x20 0x00 0x00 0x00 0x00 0xad 0x81 0x36                      NOPA;                         NOPB;                         NOPS;                         NOPX
.return_address
.no_stack_arguments
	  2288    0x00 0x00 0x00 0x00 0x01 0x04                                                                                                                                              JL #matmul_vectorized_bfp16
.delay_slot
	  2294    0x00 0x00 0x00 0xc0 0x00 0x44                                                                                                                                              MOVXM p0, #A_L2L1_0_1_cons_buff_0
.delay_slot
	  2300    0x00 0x00 0x02 0xc0 0x00 0x44                                                                                                                                              MOVXM p1, #B_L2L1_1_0_cons_buff_1
.delay_slot
	  2306    0x1a 0x6c 0xc0 0xf8                                                                                                                                                                                      MOV p2, p6
.delay_slot
.swstall delay_slot
	  2310    0x00 0x00                                                                        NOPX
.delay_slot
.swstall delay_slot
	  2312    0x00 0x2c 0xf0 0x04 0x00 0x00 0x1c 0x22                                          NOPA;                                                                                                                                                           NOPV
.return_address
.no_stack_arguments
	  2320    0x06 0x00 0x00 0x00 0x00 0x00 0x00 0x00 0x40 0xba                                MOVA r0, #48;                                                                             JL #llvm___aie2p___release
.delay_slot
	  2330    0x10 0x02 0x05 0x18                                                                                                                                                        MOVX r1, #1
.delay_slot
.swstall delay_slot
	  2334    0x00 0x00                                                                        NOPX
.delay_slot
.swstall delay_slot
	  2336    0x00 0x00                                                                        NOPX
.delay_slot
.swstall delay_slot
	  2338    0x00 0x00                                                                        NOPX
.delay_slot
.swstall delay_slot
	  2340    0x00 0x2c 0xf0 0x00 0x20 0x00 0x00 0x00 0x00 0xad 0x81 0x36                      NOPA;                         NOPB;                         NOPS;                         NOPX
.return_address
.no_stack_arguments
	  2352    0x06 0x20 0x00 0x00 0x00 0x00 0x00 0x00 0x40 0xba                                MOVA r0, #49;                                                                             JL #llvm___aie2p___acquire
.delay_slot
	  2362    0x17 0xc2 0xfd 0x18                                                                                                                                                        MOVX r1, #-1
.delay_slot
.swstall delay_slot
	  2366    0x00 0x00                                                                        NOPX
.delay_slot
.swstall delay_slot
	  2368    0x00 0x00                                                                        NOPX
.delay_slot
.swstall delay_slot
	  2370    0x00 0x00                                                                        NOPX
.delay_slot
.swstall delay_slot
	  2372    0x00 0x2c 0xf0 0x00 0x20 0x00 0x00 0x00 0x00 0xad 0x81 0x36                      NOPA;                         NOPB;                         NOPS;                         NOPX
.return_address
.no_stack_arguments
	  2384    0x00 0x00 0x00 0x00 0x01 0x04                                                                                                                                              JL #matmul_vectorized_bfp16
.delay_slot
	  2390    0x00 0x00 0x00 0xc0 0x00 0x44                                                                                                                                              MOVXM p0, #A_L2L1_0_1_cons_buff_1
.delay_slot
	  2396    0x00 0x00 0x02 0xc0 0x00 0x44                                                                                                                                              MOVXM p1, #B_L2L1_1_0_cons_buff_1
.delay_slot
	  2402    0x1a 0x6c 0xc0 0xf8                                                                                                                                                                                      MOV p2, p6
.delay_slot
.swstall delay_slot
	  2406    0x00 0x00                                                                        NOPX
.delay_slot
.swstall delay_slot
	  2408    0x00 0x2c 0xf0 0x04 0x00 0x00 0x1c 0x22                                          NOPA;                                                                                                                                                           NOPV
.return_address
.no_stack_arguments
	  2416    0x06 0x00 0x00 0x00 0x00 0x00 0x00 0x00 0x40 0xba                                MOVA r0, #48;                                                                             JL #llvm___aie2p___release
.delay_slot
	  2426    0x10 0x02 0x05 0x18                                                                                                                                                        MOVX r1, #1
.delay_slot
.swstall delay_slot
	  2430    0x00 0x00                                                                        NOPX
.delay_slot
.swstall delay_slot
	  2432    0x00 0x00                                                                        NOPX
.delay_slot
.swstall delay_slot
	  2434    0x00 0x00                                                                        NOPX
.delay_slot
.swstall delay_slot
	  2436    0x00 0x2c 0xf0 0x00 0x20 0x00 0x00 0x00 0x00 0xad 0x81 0x36                      NOPA;                         NOPB;                         NOPS;                         NOPX
.return_address
.no_stack_arguments
	  2448    0x06 0x20 0x00 0x00 0x00 0x00 0x00 0x00 0x40 0xba                                MOVA r0, #49;                                                                             JL #llvm___aie2p___acquire
.delay_slot
	  2458    0x17 0xc2 0xfd 0x18                                                                                                                                                        MOVX r1, #-1
.delay_slot
.swstall delay_slot
	  2462    0x00 0x00                                                                        NOPX
.delay_slot
.swstall delay_slot
	  2464    0x00 0x00                                                                        NOPX
.delay_slot
.swstall delay_slot
	  2466    0x00 0x00                                                                        NOPX
.delay_slot
.swstall delay_slot
	  2468    0x00 0x2c 0xf0 0x00 0x20 0x00 0x00 0x00 0x00 0xad 0x81 0x36                      NOPA;                         NOPB;                         NOPS;                         NOPX
.return_address
.no_stack_arguments
	  2480    0x00 0x00 0x00 0x00 0x01 0x04                                                                                                                                              JL #matmul_vectorized_bfp16
.delay_slot
	  2486    0x00 0x00 0x00 0xc0 0x00 0x44                                                                                                                                              MOVXM p0, #A_L2L1_0_1_cons_buff_0
.delay_slot
	  2492    0x00 0x00 0x02 0xc0 0x00 0x44                                                                                                                                              MOVXM p1, #B_L2L1_1_0_cons_buff_1
.delay_slot
	  2498    0x1a 0x6c 0xc0 0xf8                                                                                                                                                                                      MOV p2, p6
.delay_slot
.swstall delay_slot
	  2502    0x00 0x00                                                                        NOPX
.delay_slot
.swstall delay_slot
	  2504    0x00 0x2c 0xf0 0x04 0x00 0x00 0x1c 0x22                                          NOPA;                                                                                                                                                           NOPV
.return_address
.no_stack_arguments
	  2512    0x06 0x00 0x00 0x00 0x00 0x00 0x00 0x00 0x40 0xba                                MOVA r0, #48;                                                                             JL #llvm___aie2p___release
.delay_slot
	  2522    0x10 0x02 0x05 0x18                                                                                                                                                        MOVX r1, #1
.delay_slot
.swstall delay_slot
	  2526    0x00 0x00                                                                        NOPX
.delay_slot
.swstall delay_slot
	  2528    0x00 0x00                                                                        NOPX
.delay_slot
.swstall delay_slot
	  2530    0x00 0x00                                                                        NOPX
.delay_slot
.swstall delay_slot
	  2532    0x00 0x2c 0xf0 0x00 0x20 0x00 0x00 0x00 0x00 0xad 0x81 0x36                      NOPA;                         NOPB;                         NOPS;                         NOPX
.return_address
.no_stack_arguments
	  2544    0x06 0x20 0x00 0x00 0x00 0x00 0x00 0x00 0x40 0xba                                MOVA r0, #49;                                                                             JL #llvm___aie2p___acquire
.delay_slot
	  2554    0x17 0xc2 0xfd 0x18                                                                                                                                                        MOVX r1, #-1
.delay_slot
.swstall delay_slot
	  2558    0x00 0x00                                                                        NOPX
.delay_slot
.swstall delay_slot
	  2560    0x00 0x00                                                                        NOPX
.delay_slot
.swstall delay_slot
	  2562    0x00 0x00                                                                        NOPX
.delay_slot
.swstall delay_slot
	  2564    0x00 0x2c 0xf0 0x00 0x20 0x00 0x00 0x00 0x00 0xad 0x81 0x36                      NOPA;                         NOPB;                         NOPS;                         NOPX
.return_address
.no_stack_arguments
	  2576    0x00 0x00 0x00 0x00 0x01 0x04                                                                                                                                              JL #matmul_vectorized_bfp16
.delay_slot
	  2582    0x00 0x00 0x00 0xc0 0x00 0x44                                                                                                                                              MOVXM p0, #A_L2L1_0_1_cons_buff_1
.delay_slot
	  2588    0x00 0x00 0x02 0xc0 0x00 0x44                                                                                                                                              MOVXM p1, #B_L2L1_1_0_cons_buff_1
.delay_slot
	  2594    0x1a 0x6c 0xc0 0xf8                                                                                                                                                                                      MOV p2, p6
.delay_slot
.swstall delay_slot
	  2598    0x00 0x00                                                                        NOPX
.delay_slot
.swstall delay_slot
	  2600    0x00 0x2c 0xf0 0x04 0x00 0x00 0x1c 0x22                                          NOPA;                                                                                                                                                           NOPV
.return_address
.no_stack_arguments
	  2608    0x06 0x00 0x00 0x00 0x00 0x00 0x00 0x00 0x40 0xba                                MOVA r0, #48;                                                                             JL #llvm___aie2p___release
.delay_slot
	  2618    0x10 0x02 0x05 0x18                                                                                                                                                        MOVX r1, #1
.delay_slot
.swstall delay_slot
	  2622    0x00 0x00                                                                        NOPX
.delay_slot
.swstall delay_slot
	  2624    0x00 0x00                                                                        NOPX
.delay_slot
.swstall delay_slot
	  2626    0x00 0x00                                                                        NOPX
.delay_slot
.swstall delay_slot
	  2628    0x00 0x2c 0xf0 0x00 0x20 0x00 0x00 0x00 0x00 0xad 0x81 0x36                      NOPA;                         NOPB;                         NOPS;                         NOPX
.return_address
.no_stack_arguments
	  2640    0x06 0x20 0x00 0x00 0x00 0x00 0x00 0x00 0x40 0xba                                MOVA r0, #49;                                                                             JL #llvm___aie2p___acquire
.delay_slot
	  2650    0x17 0xc2 0xfd 0x18                                                                                                                                                        MOVX r1, #-1
.delay_slot
.swstall delay_slot
	  2654    0x00 0x00                                                                        NOPX
.delay_slot
.swstall delay_slot
	  2656    0x00 0x00                                                                        NOPX
.delay_slot
.swstall delay_slot
	  2658    0x00 0x00                                                                        NOPX
.delay_slot
.swstall delay_slot
	  2660    0x00 0x2c 0xf0 0x00 0x20 0x00 0x00 0x00 0x00 0xad 0x81 0x36                      NOPA;                         NOPB;                         NOPS;                         NOPX
.return_address
.no_stack_arguments
	  2672    0x00 0x00 0x00 0x00 0x01 0x04                                                                                                                                              JL #matmul_vectorized_bfp16
.delay_slot
	  2678    0x00 0x00 0x00 0xc0 0x00 0x44                                                                                                                                              MOVXM p0, #A_L2L1_0_1_cons_buff_0
.delay_slot
	  2684    0x00 0x00 0x02 0xc0 0x00 0x44                                                                                                                                              MOVXM p1, #B_L2L1_1_0_cons_buff_1
.delay_slot
	  2690    0x1a 0x6c 0xc0 0xf8                                                                                                                                                                                      MOV p2, p6
.delay_slot
.swstall delay_slot
	  2694    0x00 0x00                                                                        NOPX
.delay_slot
.swstall delay_slot
	  2696    0x00 0x2c 0xf0 0x04 0x00 0x00 0x1c 0x22                                          NOPA;                                                                                                                                                           NOPV
.return_address
.no_stack_arguments
	  2704    0x06 0x00 0x00 0x00 0x00 0x00 0x00 0x00 0x40 0xba                                MOVA r0, #48;                                                                             JL #llvm___aie2p___release
.delay_slot
	  2714    0x10 0x02 0x05 0x18                                                                                                                                                        MOVX r1, #1
.delay_slot
.swstall delay_slot
	  2718    0x00 0x00                                                                        NOPX
.delay_slot
.swstall delay_slot
	  2720    0x00 0x00                                                                        NOPX
.delay_slot
.swstall delay_slot
	  2722    0x00 0x00                                                                        NOPX
.delay_slot
.swstall delay_slot
	  2724    0x00 0x2c 0xf0 0x00 0x20 0x00 0x00 0x00 0x00 0xad 0x81 0x36                      NOPA;                         NOPB;                         NOPS;                         NOPX
.return_address
.no_stack_arguments
	  2736    0x00 0x00 0x00 0x00 0x01 0x04                                                                                                                                              JL #llvm___aie2p___acquire
.delay_slot
	  2742    0x06 0x20 0x00 0x00 0x00 0x03 0xb3 0x18 0x10 0xba                                MOVA r0, #49;                                                                             MOVXM p7, #(TGT_Fcore_1_2_1584 + 0)
.delay_slot
	  2752    0x17 0xc2 0xfd 0x18                                                                                                                                                        MOVX r1, #-1
.delay_slot
.swstall delay_slot
	  2756    0x00 0x00                                                                        NOPX
.delay_slot
.swstall delay_slot
	  2758    0x00 0x00                                                                        NOPX
.delay_slot
.swstall delay_slot
	  2760    0x00 0x2c 0xf0 0x04 0x00 0x00 0x1c 0x22                                          NOPA;                                                                                                                                                           NOPV
.return_address
.no_stack_arguments
	  2768    0x00 0x00 0x00 0x00 0x01 0x04                                                                                                                                              JL #matmul_vectorized_bfp16
.delay_slot
	  2774    0x00 0x00 0x00 0xc0 0x00 0x44                                                                                                                                              MOVXM p0, #A_L2L1_0_1_cons_buff_1
.delay_slot
	  2780    0x00 0x00 0x02 0xc0 0x00 0x44                                                                                                                                              MOVXM p1, #B_L2L1_1_0_cons_buff_1
.delay_slot
	  2786    0x1a 0x6c 0xc0 0xf8                                                                                                                                                                                      MOV p2, p6
.delay_slot
.swstall delay_slot
	  2790    0x00 0x00                                                                        NOPX
.delay_slot
.swstall delay_slot
	  2792    0x00 0x2c 0xf0 0x04 0x00 0x00 0x1c 0x22                                          NOPA;                                                                                                                                                           NOPV
.return_address
.no_stack_arguments
	  2800    0x06 0x00 0x00 0x00 0x00 0x00 0x00 0x00 0x40 0xba                                MOVA r0, #48;                                                                             JL #llvm___aie2p___release
.delay_slot
	  2810    0x10 0x02 0x05 0x18                                                                                                                                                        MOVX r1, #1
.delay_slot
.swstall delay_slot
	  2814    0x00 0x00                                                                        NOPX
.delay_slot
.swstall delay_slot
	  2816    0x00 0x00                                                                        NOPX
.delay_slot
.swstall delay_slot
	  2818    0x00 0x00                                                                        NOPX
.delay_slot
.swstall delay_slot
	  2820    0x00 0x2c 0xf0 0x00 0x20 0x00 0x00 0x00 0x00 0xad 0x81 0x36                      NOPA;                         NOPB;                         NOPS;                         NOPX
.return_address
.no_stack_arguments
	  2832    0x00 0x21 0x00 0x00 0x00 0x00 0x00 0x00 0x40 0xba                                MOVA r1, #1;                                                                              JL #llvm___aie2p___release
.delay_slot
	  2842    0x10 0x00 0xc9 0x18                                                                                                                                                        MOVX r0, #50
.delay_slot
.swstall delay_slot
	  2846    0x00 0x00                                                                        NOPX
.delay_slot
.swstall delay_slot
	  2848    0x00 0x00                                                                        NOPX
.delay_slot
.swstall delay_slot
	  2850    0x00 0x00                                                                        NOPX
.delay_slot
.swstall delay_slot
	  2852    0x00 0x2c 0xf0 0x00 0x20 0x00 0x00 0x00 0x00 0xad 0x81 0x36                      NOPA;                         NOPB;                         NOPS;                         NOPX
.return_address
	  2864    0x12 0x95 0xe0 0x18                                                                                                                                                        JNZD r10, r10, p7
.delay_slot
.swstall delay_slot
	  2868    0x00 0x00                                                                        NOPX
.delay_slot
.swstall delay_slot
	  2870    0x00 0x00                                                                        NOPX
.delay_slot
.swstall delay_slot
	  2872    0x00 0x00                                                                        NOPX
.delay_slot
.swstall delay_slot
	  2874    0x00 0x00                                                                        NOPX
.delay_slot
.swstall delay_slot
	  2876    0x00 0x00                                                                        NOPX
.loop_nesting 1
.no_stack_arguments
	  2878    0x06 0xa0 0x00 0x00 0x00 0x00 0x00 0x00 0x40 0xba                                MOVA r0, #53;                                                                             JL #llvm___aie2p___release
.delay_slot
	  2888    0x10 0x02 0x05 0x18                                                                                                                                                        MOVX r1, #1
.delay_slot
.swstall delay_slot
	  2892    0x00 0x00                                                                        NOPX
.delay_slot
.swstall delay_slot
	  2894    0x00 0x00                                                                        NOPX
.delay_slot
.swstall delay_slot
	  2896    0x00 0x00                                                                        NOPX
.delay_slot
.swstall delay_slot
	  2898    0x00 0x2c 0xf0 0x02 0xb6 0x00 0x00 0x40 0x1a 0x57 0x00 0x00 0x1c 0x2e            NOPA;                                                       NOPS;                                                       NOPM;                                   NOPV
.return_address
.no_stack_arguments
	  2912    0x06 0x80 0x00 0x00 0x00 0x00 0x00 0x00 0x40 0xba                                MOVA r0, #52;                                                                             JL #llvm___aie2p___acquire
.delay_slot
	  2922    0x17 0xc2 0xfd 0x18                                                                                                                                                        MOVX r1, #-1
.delay_slot
.swstall delay_slot
	  2926    0x00 0x00                                                                        NOPX
.delay_slot
.swstall delay_slot
	  2928    0x00 0x00                                                                        NOPX
.delay_slot
.swstall delay_slot
	  2930    0x00 0x00                                                                        NOPX
.delay_slot
.swstall delay_slot
	  2932    0x00 0x2c 0xf0 0x00 0x20 0x00 0x00 0x00 0x00 0xad 0x81 0x36                      NOPA;                         NOPB;                         NOPS;                         NOPX
.return_address
.no_stack_arguments
	  2944    0x00 0x00 0x00 0x00 0x01 0x04                                                                                                                                              JL #zero_kernel
.delay_slot
	  2950    0x18 0x6c 0xc0 0xf8                                                                                                                                                                                      MOV p0, p6
.delay_slot
.swstall delay_slot
	  2954    0x00 0x00                                                                        NOPX
.delay_slot
.swstall delay_slot
	  2956    0x00 0x00                                                                        NOPX
.delay_slot
.swstall delay_slot
	  2958    0x00 0x00                                                                        NOPX
.delay_slot
.swstall delay_slot
	  2960    0x00 0x2c 0xf0 0x00 0x20 0x01 0x5b 0x00 0x00 0x00 0x01 0xa5 0x78 0x00 0x00 0xe1  NOPA;                         NOPB;                         NOPS;                         NOPX;                         NOPM;                                   NOPV
.return_address
	  2976    0x00 0x2c 0xf0 0x00 0x20 0x01 0x5b 0x00 0xf1 0x28 0x01 0xa5 0x78 0x00 0x00 0xe1  NOPA;                         NOPB;                         NOPS;                         MOVX r15, #9;                 NOPM;                                   NOPV
.label TGT_Fcore_1_2_2992
.loop_nesting 2
.no_stack_arguments
	  2992    0xff 0xe1 0x00 0x00 0x00 0x00 0x00 0x00 0x40 0xba                                MOVA r1, #-1;                                                                             JL #llvm___aie2p___acquire
.delay_slot
	  3002    0x10 0x00 0xcd 0x18                                                                                                                                                        MOVX r0, #51
.delay_slot
.swstall delay_slot
	  3006    0x00 0x00                                                                        NOPX
.delay_slot
.swstall delay_slot
	  3008    0x00 0x00                                                                        NOPX
.delay_slot
.swstall delay_slot
	  3010    0x00 0x00                                                                        NOPX
.delay_slot
.swstall delay_slot
	  3012    0x00 0x2c 0xf0 0x00 0x20 0x00 0x00 0x00 0x00 0xad 0x81 0x36                      NOPA;                         NOPB;                         NOPS;                         NOPX
.return_address
.no_stack_arguments
	  3024    0x06 0x20 0x00 0x00 0x00 0x00 0x00 0x00 0x40 0xba                                MOVA r0, #49;                                                                             JL #llvm___aie2p___acquire
.delay_slot
	  3034    0x17 0xc2 0xfd 0x18                                                                                                                                                        MOVX r1, #-1
.delay_slot
.swstall delay_slot
	  3038    0x00 0x00                                                                        NOPX
.delay_slot
.swstall delay_slot
	  3040    0x00 0x00                                                                        NOPX
.delay_slot
.swstall delay_slot
	  3042    0x00 0x00                                                                        NOPX
.delay_slot
.swstall delay_slot
	  3044    0x00 0x2c 0xf0 0x00 0x20 0x00 0x00 0x00 0x00 0xad 0x81 0x36                      NOPA;                         NOPB;                         NOPS;                         NOPX
.return_address
.no_stack_arguments
	  3056    0x00 0x00 0x00 0x00 0x01 0x04                                                                                                                                              JL #matmul_vectorized_bfp16
.delay_slot
	  3062    0x00 0x00 0x00 0xc0 0x00 0x44                                                                                                                                              MOVXM p0, #A_L2L1_0_1_cons_buff_0
.delay_slot
	  3068    0x00 0x00 0x02 0xc0 0x00 0x44                                                                                                                                              MOVXM p1, #B_L2L1_1_0_cons_buff_0
.delay_slot
	  3074    0xd0 0x91 0x60 0x01 0x36 0x60 0x70 0x02                                                                                                      MOVS p6, p1;                                                MOV p2, p6
.delay_slot
	  3082    0x1f 0x64 0xc0 0xf8                                                                                                                                                                                      MOV p7, p2
.delay_slot
.swstall delay_slot
	  3086    0x00 0x00                                                                        NOPX
.return_address
.no_stack_arguments
	  3088    0x06 0x00 0x00 0x00 0x00 0x00 0x00 0x00 0x40 0xba                                MOVA r0, #48;                                                                             JL #llvm___aie2p___release
.delay_slot
	  3098    0x10 0x02 0x05 0x18                                                                                                                                                        MOVX r1, #1
.delay_slot
.swstall delay_slot
	  3102    0x00 0x00                                                                        NOPX
.delay_slot
.swstall delay_slot
	  3104    0x00 0x00                                                                        NOPX
.delay_slot
.swstall delay_slot
	  3106    0x00 0x00                                                                        NOPX
.delay_slot
.swstall delay_slot
	  3108    0x00 0x2c 0xf0 0x00 0x20 0x00 0x00 0x00 0x00 0xad 0x81 0x36                      NOPA;                         NOPB;                         NOPS;                         NOPX
.return_address
.no_stack_arguments
	  3120    0x06 0x20 0x00 0x00 0x00 0x00 0x00 0x00 0x40 0xba                                MOVA r0, #49;                                                                             JL #llvm___aie2p___acquire
.delay_slot
	  3130    0x17 0xc2 0xfd 0x18                                                                                                                                                        MOVX r1, #-1
.delay_slot
.swstall delay_slot
	  3134    0x00 0x00                                                                        NOPX
.delay_slot
.swstall delay_slot
	  3136    0x00 0x00                                                                        NOPX
.delay_slot
.swstall delay_slot
	  3138    0x00 0x00                                                                        NOPX
.delay_slot
.swstall delay_slot
	  3140    0x00 0x2c 0xf0 0x00 0x20 0x00 0x00 0x00 0x00 0xad 0x81 0x36                      NOPA;                         NOPB;                         NOPS;                         NOPX
.return_address
.no_stack_arguments
	  3152    0x33 0x11 0x60 0x00 0x00 0x00 0x00 0x00 0x41 0x3a                                                                                            MOVS p1, p6;                  JL #matmul_vectorized_bfp16
.delay_slot
	  3162    0x1a 0x6e 0xc0 0xf8                                                                                                                                                                                      MOV p2, p7
.delay_slot
	  3166    0x00 0x00 0x00 0xc0 0x00 0x44                                                                                                                                              MOVXM p0, #A_L2L1_0_1_cons_buff_1
.delay_slot
.swstall delay_slot
	  3172    0x00 0x00                                                                        NOPX
.delay_slot
.swstall delay_slot
	  3174    0x00 0x00                                                                        NOPX
.delay_slot
.swstall delay_slot
	  3176    0x00 0x2c 0xf0 0x04 0x00 0x00 0x1c 0x22                                          NOPA;                                                                                                                                                           NOPV
.return_address
.no_stack_arguments
	  3184    0x06 0x00 0x00 0x00 0x00 0x00 0x00 0x00 0x40 0xba                                MOVA r0, #48;                                                                             JL #llvm___aie2p___release
.delay_slot
	  3194    0x10 0x02 0x05 0x18                                                                                                                                                        MOVX r1, #1
.delay_slot
.swstall delay_slot
	  3198    0x00 0x00                                                                        NOPX
.delay_slot
.swstall delay_slot
	  3200    0x00 0x00                                                                        NOPX
.delay_slot
.swstall delay_slot
	  3202    0x00 0x00                                                                        NOPX
.delay_slot
.swstall delay_slot
	  3204    0x00 0x2c 0xf0 0x00 0x20 0x00 0x00 0x00 0x00 0xad 0x81 0x36                      NOPA;                         NOPB;                         NOPS;                         NOPX
.return_address
.no_stack_arguments
	  3216    0x06 0x20 0x00 0x00 0x00 0x00 0x00 0x00 0x40 0xba                                MOVA r0, #49;                                                                             JL #llvm___aie2p___acquire
.delay_slot
	  3226    0x17 0xc2 0xfd 0x18                                                                                                                                                        MOVX r1, #-1
.delay_slot
.swstall delay_slot
	  3230    0x00 0x00                                                                        NOPX
.delay_slot
.swstall delay_slot
	  3232    0x00 0x00                                                                        NOPX
.delay_slot
.swstall delay_slot
	  3234    0x00 0x00                                                                        NOPX
.delay_slot
.swstall delay_slot
	  3236    0x00 0x2c 0xf0 0x00 0x20 0x00 0x00 0x00 0x00 0xad 0x81 0x36                      NOPA;                         NOPB;                         NOPS;                         NOPX
.return_address
.no_stack_arguments
	  3248    0x33 0x11 0x60 0x00 0x00 0x00 0x00 0x00 0x41 0x3a                                                                                            MOVS p1, p6;                  JL #matmul_vectorized_bfp16
.delay_slot
	  3258    0x1a 0x6e 0xc0 0xf8                                                                                                                                                                                      MOV p2, p7
.delay_slot
	  3262    0x00 0x00 0x00 0xc0 0x00 0x44                                                                                                                                              MOVXM p0, #A_L2L1_0_1_cons_buff_0
.delay_slot
.swstall delay_slot
	  3268    0x00 0x00                                                                        NOPX
.delay_slot
.swstall delay_slot
	  3270    0x00 0x00                                                                        NOPX
.delay_slot
.swstall delay_slot
	  3272    0x00 0x2c 0xf0 0x04 0x00 0x00 0x1c 0x22                                          NOPA;                                                                                                                                                           NOPV
.return_address
.no_stack_arguments
	  3280    0x06 0x00 0x00 0x00 0x00 0x00 0x00 0x00 0x40 0xba                                MOVA r0, #48;                                                                             JL #llvm___aie2p___release
.delay_slot
	  3290    0x10 0x02 0x05 0x18                                                                                                                                                        MOVX r1, #1
.delay_slot
.swstall delay_slot
	  3294    0x00 0x00                                                                        NOPX
.delay_slot
.swstall delay_slot
	  3296    0x00 0x00                                                                        NOPX
.delay_slot
.swstall delay_slot
	  3298    0x00 0x00                                                                        NOPX
.delay_slot
.swstall delay_slot
	  3300    0x00 0x2c 0xf0 0x00 0x20 0x00 0x00 0x00 0x00 0xad 0x81 0x36                      NOPA;                         NOPB;                         NOPS;                         NOPX
.return_address
.no_stack_arguments
	  3312    0x06 0x20 0x00 0x00 0x00 0x00 0x00 0x00 0x40 0xba                                MOVA r0, #49;                                                                             JL #llvm___aie2p___acquire
.delay_slot
	  3322    0x17 0xc2 0xfd 0x18                                                                                                                                                        MOVX r1, #-1
.delay_slot
.swstall delay_slot
	  3326    0x00 0x00                                                                        NOPX
.delay_slot
.swstall delay_slot
	  3328    0x00 0x00                                                                        NOPX
.delay_slot
.swstall delay_slot
	  3330    0x00 0x00                                                                        NOPX
.delay_slot
.swstall delay_slot
	  3332    0x00 0x2c 0xf0 0x00 0x20 0x00 0x00 0x00 0x00 0xad 0x81 0x36                      NOPA;                         NOPB;                         NOPS;                         NOPX
.return_address
.no_stack_arguments
	  3344    0x33 0x11 0x60 0x00 0x00 0x00 0x00 0x00 0x41 0x3a                                                                                            MOVS p1, p6;                  JL #matmul_vectorized_bfp16
.delay_slot
	  3354    0x1a 0x6e 0xc0 0xf8                                                                                                                                                                                      MOV p2, p7
.delay_slot
	  3358    0x00 0x00 0x00 0xc0 0x00 0x44                                                                                                                                              MOVXM p0, #A_L2L1_0_1_cons_buff_1
.delay_slot
.swstall delay_slot
	  3364    0x00 0x00                                                                        NOPX
.delay_slot
.swstall delay_slot
	  3366    0x00 0x00                                                                        NOPX
.delay_slot
.swstall delay_slot
	  3368    0x00 0x2c 0xf0 0x04 0x00 0x00 0x1c 0x22                                          NOPA;                                                                                                                                                           NOPV
.return_address
.no_stack_arguments
	  3376    0x06 0x00 0x00 0x00 0x00 0x00 0x00 0x00 0x40 0xba                                MOVA r0, #48;                                                                             JL #llvm___aie2p___release
.delay_slot
	  3386    0x10 0x02 0x05 0x18                                                                                                                                                        MOVX r1, #1
.delay_slot
.swstall delay_slot
	  3390    0x00 0x00                                                                        NOPX
.delay_slot
.swstall delay_slot
	  3392    0x00 0x00                                                                        NOPX
.delay_slot
.swstall delay_slot
	  3394    0x00 0x00                                                                        NOPX
.delay_slot
.swstall delay_slot
	  3396    0x00 0x2c 0xf0 0x00 0x20 0x00 0x00 0x00 0x00 0xad 0x81 0x36                      NOPA;                         NOPB;                         NOPS;                         NOPX
.return_address
.no_stack_arguments
	  3408    0x06 0x20 0x00 0x00 0x00 0x00 0x00 0x00 0x40 0xba                                MOVA r0, #49;                                                                             JL #llvm___aie2p___acquire
.delay_slot
	  3418    0x17 0xc2 0xfd 0x18                                                                                                                                                        MOVX r1, #-1
.delay_slot
.swstall delay_slot
	  3422    0x00 0x00                                                                        NOPX
.delay_slot
.swstall delay_slot
	  3424    0x00 0x00                                                                        NOPX
.delay_slot
.swstall delay_slot
	  3426    0x00 0x00                                                                        NOPX
.delay_slot
.swstall delay_slot
	  3428    0x00 0x2c 0xf0 0x00 0x20 0x00 0x00 0x00 0x00 0xad 0x81 0x36                      NOPA;                         NOPB;                         NOPS;                         NOPX
.return_address
.no_stack_arguments
	  3440    0x33 0x11 0x60 0x00 0x00 0x00 0x00 0x00 0x41 0x3a                                                                                            MOVS p1, p6;                  JL #matmul_vectorized_bfp16
.delay_slot
	  3450    0x1a 0x6e 0xc0 0xf8                                                                                                                                                                                      MOV p2, p7
.delay_slot
	  3454    0x00 0x00 0x00 0xc0 0x00 0x44                                                                                                                                              MOVXM p0, #A_L2L1_0_1_cons_buff_0
.delay_slot
.swstall delay_slot
	  3460    0x00 0x00                                                                        NOPX
.delay_slot
.swstall delay_slot
	  3462    0x00 0x00                                                                        NOPX
.delay_slot
.swstall delay_slot
	  3464    0x00 0x2c 0xf0 0x04 0x00 0x00 0x1c 0x22                                          NOPA;                                                                                                                                                           NOPV
.return_address
.no_stack_arguments
	  3472    0x06 0x00 0x00 0x00 0x00 0x00 0x00 0x00 0x40 0xba                                MOVA r0, #48;                                                                             JL #llvm___aie2p___release
.delay_slot
	  3482    0x10 0x02 0x05 0x18                                                                                                                                                        MOVX r1, #1
.delay_slot
.swstall delay_slot
	  3486    0x00 0x00                                                                        NOPX
.delay_slot
.swstall delay_slot
	  3488    0x00 0x00                                                                        NOPX
.delay_slot
.swstall delay_slot
	  3490    0x00 0x00                                                                        NOPX
.delay_slot
.swstall delay_slot
	  3492    0x00 0x2c 0xf0 0x00 0x20 0x00 0x00 0x00 0x00 0xad 0x81 0x36                      NOPA;                         NOPB;                         NOPS;                         NOPX
.return_address
.no_stack_arguments
	  3504    0x06 0x20 0x00 0x00 0x00 0x00 0x00 0x00 0x40 0xba                                MOVA r0, #49;                                                                             JL #llvm___aie2p___acquire
.delay_slot
	  3514    0x17 0xc2 0xfd 0x18                                                                                                                                                        MOVX r1, #-1
.delay_slot
.swstall delay_slot
	  3518    0x00 0x00                                                                        NOPX
.delay_slot
.swstall delay_slot
	  3520    0x00 0x00                                                                        NOPX
.delay_slot
.swstall delay_slot
	  3522    0x00 0x00                                                                        NOPX
.delay_slot
.swstall delay_slot
	  3524    0x00 0x2c 0xf0 0x00 0x20 0x00 0x00 0x00 0x00 0xad 0x81 0x36                      NOPA;                         NOPB;                         NOPS;                         NOPX
.return_address
.no_stack_arguments
	  3536    0x53 0x91 0x60 0x00 0x00 0x00 0x00 0x00 0x41 0x3a                                                                                            MOVS p2, p7;                  JL #matmul_vectorized_bfp16
.delay_slot
	  3546    0x33 0x11 0x60 0x00 0x00 0x00 0x30 0x00 0x11 0x3a                                                                                            MOVS p1, p6;                  MOVXM p0, #A_L2L1_0_1_cons_buff_1
.delay_slot
	  3556    0x1e 0x64 0xc0 0xf8                                                                                                                                                                                      MOV p6, p2
.delay_slot
.swstall delay_slot
	  3560    0x00 0x00                                                                        NOPX
.delay_slot
.swstall delay_slot
	  3562    0x00 0x00                                                                        NOPX
.delay_slot
.swstall delay_slot
	  3564    0x00 0x01 0x67 0x98                                                              NOPA
.return_address
.no_stack_arguments
	  3568    0x06 0x00 0x00 0x00 0x00 0x00 0x00 0x00 0x40 0xba                                MOVA r0, #48;                                                                             JL #llvm___aie2p___release
.delay_slot
	  3578    0x10 0x02 0x05 0x18                                                                                                                                                        MOVX r1, #1
.delay_slot
.swstall delay_slot
	  3582    0x00 0x00                                                                        NOPX
.delay_slot
.swstall delay_slot
	  3584    0x00 0x00                                                                        NOPX
.delay_slot
.swstall delay_slot
	  3586    0x00 0x00                                                                        NOPX
.delay_slot
.swstall delay_slot
	  3588    0x00 0x2c 0xf0 0x00 0x20 0x00 0x00 0x00 0x00 0xad 0x81 0x36                      NOPA;                         NOPB;                         NOPS;                         NOPX
.return_address
.no_stack_arguments
	  3600    0x00 0x21 0x00 0x00 0x00 0x00 0x00 0x00 0x40 0xba                                MOVA r1, #1;                                                                              JL #llvm___aie2p___release
.delay_slot
	  3610    0x10 0x00 0xc9 0x18                                                                                                                                                        MOVX r0, #50
.delay_slot
.swstall delay_slot
	  3614    0x00 0x00                                                                        NOPX
.delay_slot
.swstall delay_slot
	  3616    0x00 0x00                                                                        NOPX
.delay_slot
.swstall delay_slot
	  3618    0x00 0x00                                                                        NOPX
.delay_slot
.swstall delay_slot
	  3620    0x00 0x2c 0xf0 0x00 0x20 0x00 0x00 0x00 0x00 0xad 0x81 0x36                      NOPA;                         NOPB;                         NOPS;                         NOPX
.return_address
.no_stack_arguments
	  3632    0xff 0xe1 0x00 0x00 0x00 0x00 0x00 0x00 0x40 0xba                                MOVA r1, #-1;                                                                             JL #llvm___aie2p___acquire
.delay_slot
	  3642    0x10 0x00 0xcd 0x18                                                                                                                                                        MOVX r0, #51
.delay_slot
.swstall delay_slot
	  3646    0x00 0x00                                                                        NOPX
.delay_slot
.swstall delay_slot
	  3648    0x00 0x00                                                                        NOPX
.delay_slot
.swstall delay_slot
	  3650    0x00 0x00                                                                        NOPX
.delay_slot
.swstall delay_slot
	  3652    0x00 0x2c 0xf0 0x00 0x20 0x00 0x00 0x00 0x00 0xad 0x81 0x36                      NOPA;                         NOPB;                         NOPS;                         NOPX
.return_address
.no_stack_arguments
	  3664    0x06 0x20 0x00 0x00 0x00 0x00 0x00 0x00 0x40 0xba                                MOVA r0, #49;                                                                             JL #llvm___aie2p___acquire
.delay_slot
	  3674    0x17 0xc2 0xfd 0x18                                                                                                                                                        MOVX r1, #-1
.delay_slot
.swstall delay_slot
	  3678    0x00 0x00                                                                        NOPX
.delay_slot
.swstall delay_slot
	  3680    0x00 0x00                                                                        NOPX
.delay_slot
.swstall delay_slot
	  3682    0x00 0x00                                                                        NOPX
.delay_slot
.swstall delay_slot
	  3684    0x00 0x2c 0xf0 0x00 0x20 0x00 0x00 0x00 0x00 0xad 0x81 0x36                      NOPA;                         NOPB;                         NOPS;                         NOPX
.return_address
.no_stack_arguments
	  3696    0x00 0x00 0x00 0x00 0x01 0x04                                                                                                                                              JL #matmul_vectorized_bfp16
.delay_slot
	  3702    0x00 0x00 0x00 0xc0 0x00 0x44                                                                                                                                              MOVXM p0, #A_L2L1_0_1_cons_buff_0
.delay_slot
	  3708    0x00 0x00 0x02 0xc0 0x00 0x44                                                                                                                                              MOVXM p1, #B_L2L1_1_0_cons_buff_1
.delay_slot
	  3714    0x1a 0x6c 0xc0 0xf8                                                                                                                                                                                      MOV p2, p6
.delay_slot
.swstall delay_slot
	  3718    0x00 0x00                                                                        NOPX
.delay_slot
.swstall delay_slot
	  3720    0x00 0x2c 0xf0 0x04 0x00 0x00 0x1c 0x22                                          NOPA;                                                                                                                                                           NOPV
.return_address
.no_stack_arguments
	  3728    0x06 0x00 0x00 0x00 0x00 0x00 0x00 0x00 0x40 0xba                                MOVA r0, #48;                                                                             JL #llvm___aie2p___release
.delay_slot
	  3738    0x10 0x02 0x05 0x18                                                                                                                                                        MOVX r1, #1
.delay_slot
.swstall delay_slot
	  3742    0x00 0x00                                                                        NOPX
.delay_slot
.swstall delay_slot
	  3744    0x00 0x00                                                                        NOPX
.delay_slot
.swstall delay_slot
	  3746    0x00 0x00                                                                        NOPX
.delay_slot
.swstall delay_slot
	  3748    0x00 0x2c 0xf0 0x00 0x20 0x00 0x00 0x00 0x00 0xad 0x81 0x36                      NOPA;                         NOPB;                         NOPS;                         NOPX
.return_address
.no_stack_arguments
	  3760    0x06 0x20 0x00 0x00 0x00 0x00 0x00 0x00 0x40 0xba                                MOVA r0, #49;                                                                             JL #llvm___aie2p___acquire
.delay_slot
	  3770    0x17 0xc2 0xfd 0x18                                                                                                                                                        MOVX r1, #-1
.delay_slot
.swstall delay_slot
	  3774    0x00 0x00                                                                        NOPX
.delay_slot
.swstall delay_slot
	  3776    0x00 0x00                                                                        NOPX
.delay_slot
.swstall delay_slot
	  3778    0x00 0x00                                                                        NOPX
.delay_slot
.swstall delay_slot
	  3780    0x00 0x2c 0xf0 0x00 0x20 0x00 0x00 0x00 0x00 0xad 0x81 0x36                      NOPA;                         NOPB;                         NOPS;                         NOPX
.return_address
.no_stack_arguments
	  3792    0x00 0x00 0x00 0x00 0x01 0x04                                                                                                                                              JL #matmul_vectorized_bfp16
.delay_slot
	  3798    0x00 0x00 0x00 0xc0 0x00 0x44                                                                                                                                              MOVXM p0, #A_L2L1_0_1_cons_buff_1
.delay_slot
	  3804    0x00 0x00 0x02 0xc0 0x00 0x44                                                                                                                                              MOVXM p1, #B_L2L1_1_0_cons_buff_1
.delay_slot
	  3810    0x1a 0x6c 0xc0 0xf8                                                                                                                                                                                      MOV p2, p6
.delay_slot
.swstall delay_slot
	  3814    0x00 0x00                                                                        NOPX
.delay_slot
.swstall delay_slot
	  3816    0x00 0x2c 0xf0 0x04 0x00 0x00 0x1c 0x22                                          NOPA;                                                                                                                                                           NOPV
.return_address
.no_stack_arguments
	  3824    0x06 0x00 0x00 0x00 0x00 0x00 0x00 0x00 0x40 0xba                                MOVA r0, #48;                                                                             JL #llvm___aie2p___release
.delay_slot
	  3834    0x10 0x02 0x05 0x18                                                                                                                                                        MOVX r1, #1
.delay_slot
.swstall delay_slot
	  3838    0x00 0x00                                                                        NOPX
.delay_slot
.swstall delay_slot
	  3840    0x00 0x00                                                                        NOPX
.delay_slot
.swstall delay_slot
	  3842    0x00 0x00                                                                        NOPX
.delay_slot
.swstall delay_slot
	  3844    0x00 0x2c 0xf0 0x00 0x20 0x00 0x00 0x00 0x00 0xad 0x81 0x36                      NOPA;                         NOPB;                         NOPS;                         NOPX
.return_address
.no_stack_arguments
	  3856    0x06 0x20 0x00 0x00 0x00 0x00 0x00 0x00 0x40 0xba                                MOVA r0, #49;                                                                             JL #llvm___aie2p___acquire
.delay_slot
	  3866    0x17 0xc2 0xfd 0x18                                                                                                                                                        MOVX r1, #-1
.delay_slot
.swstall delay_slot
	  3870    0x00 0x00                                                                        NOPX
.delay_slot
.swstall delay_slot
	  3872    0x00 0x00                                                                        NOPX
.delay_slot
.swstall delay_slot
	  3874    0x00 0x00                                                                        NOPX
.delay_slot
.swstall delay_slot
	  3876    0x00 0x2c 0xf0 0x00 0x20 0x00 0x00 0x00 0x00 0xad 0x81 0x36                      NOPA;                         NOPB;                         NOPS;                         NOPX
.return_address
.no_stack_arguments
	  3888    0x00 0x00 0x00 0x00 0x01 0x04                                                                                                                                              JL #matmul_vectorized_bfp16
.delay_slot
	  3894    0x00 0x00 0x00 0xc0 0x00 0x44                                                                                                                                              MOVXM p0, #A_L2L1_0_1_cons_buff_0
.delay_slot
	  3900    0x00 0x00 0x02 0xc0 0x00 0x44                                                                                                                                              MOVXM p1, #B_L2L1_1_0_cons_buff_1
.delay_slot
	  3906    0x1a 0x6c 0xc0 0xf8                                                                                                                                                                                      MOV p2, p6
.delay_slot
.swstall delay_slot
	  3910    0x00 0x00                                                                        NOPX
.delay_slot
.swstall delay_slot
	  3912    0x00 0x2c 0xf0 0x04 0x00 0x00 0x1c 0x22                                          NOPA;                                                                                                                                                           NOPV
.return_address
.no_stack_arguments
	  3920    0x06 0x00 0x00 0x00 0x00 0x00 0x00 0x00 0x40 0xba                                MOVA r0, #48;                                                                             JL #llvm___aie2p___release
.delay_slot
	  3930    0x10 0x02 0x05 0x18                                                                                                                                                        MOVX r1, #1
.delay_slot
.swstall delay_slot
	  3934    0x00 0x00                                                                        NOPX
.delay_slot
.swstall delay_slot
	  3936    0x00 0x00                                                                        NOPX
.delay_slot
.swstall delay_slot
	  3938    0x00 0x00                                                                        NOPX
.delay_slot
.swstall delay_slot
	  3940    0x00 0x2c 0xf0 0x00 0x20 0x00 0x00 0x00 0x00 0xad 0x81 0x36                      NOPA;                         NOPB;                         NOPS;                         NOPX
.return_address
.no_stack_arguments
	  3952    0x06 0x20 0x00 0x00 0x00 0x00 0x00 0x00 0x40 0xba                                MOVA r0, #49;                                                                             JL #llvm___aie2p___acquire
.delay_slot
	  3962    0x17 0xc2 0xfd 0x18                                                                                                                                                        MOVX r1, #-1
.delay_slot
.swstall delay_slot
	  3966    0x00 0x00                                                                        NOPX
.delay_slot
.swstall delay_slot
	  3968    0x00 0x00                                                                        NOPX
.delay_slot
.swstall delay_slot
	  3970    0x00 0x00                                                                        NOPX
.delay_slot
.swstall delay_slot
	  3972    0x00 0x2c 0xf0 0x00 0x20 0x00 0x00 0x00 0x00 0xad 0x81 0x36                      NOPA;                         NOPB;                         NOPS;                         NOPX
.return_address
.no_stack_arguments
	  3984    0x00 0x00 0x00 0x00 0x01 0x04                                                                                                                                              JL #matmul_vectorized_bfp16
.delay_slot
	  3990    0x00 0x00 0x00 0xc0 0x00 0x44                                                                                                                                              MOVXM p0, #A_L2L1_0_1_cons_buff_1
.delay_slot
	  3996    0x00 0x00 0x02 0xc0 0x00 0x44                                                                                                                                              MOVXM p1, #B_L2L1_1_0_cons_buff_1
.delay_slot
	  4002    0x1a 0x6c 0xc0 0xf8                                                                                                                                                                                      MOV p2, p6
.delay_slot
.swstall delay_slot
	  4006    0x00 0x00                                                                        NOPX
.delay_slot
.swstall delay_slot
	  4008    0x00 0x2c 0xf0 0x04 0x00 0x00 0x1c 0x22                                          NOPA;                                                                                                                                                           NOPV
.return_address
.no_stack_arguments
	  4016    0x06 0x00 0x00 0x00 0x00 0x00 0x00 0x00 0x40 0xba                                MOVA r0, #48;                                                                             JL #llvm___aie2p___release
.delay_slot
	  4026    0x10 0x02 0x05 0x18                                                                                                                                                        MOVX r1, #1
.delay_slot
.swstall delay_slot
	  4030    0x00 0x00                                                                        NOPX
.delay_slot
.swstall delay_slot
	  4032    0x00 0x00                                                                        NOPX
.delay_slot
.swstall delay_slot
	  4034    0x00 0x00                                                                        NOPX
.delay_slot
.swstall delay_slot
	  4036    0x00 0x2c 0xf0 0x00 0x20 0x00 0x00 0x00 0x00 0xad 0x81 0x36                      NOPA;                         NOPB;                         NOPS;                         NOPX
.return_address
.no_stack_arguments
	  4048    0x06 0x20 0x00 0x00 0x00 0x00 0x00 0x00 0x40 0xba                                MOVA r0, #49;                                                                             JL #llvm___aie2p___acquire
.delay_slot
	  4058    0x17 0xc2 0xfd 0x18                                                                                                                                                        MOVX r1, #-1
.delay_slot
.swstall delay_slot
	  4062    0x00 0x00                                                                        NOPX
.delay_slot
.swstall delay_slot
	  4064    0x00 0x00                                                                        NOPX
.delay_slot
.swstall delay_slot
	  4066    0x00 0x00                                                                        NOPX
.delay_slot
.swstall delay_slot
	  4068    0x00 0x2c 0xf0 0x00 0x20 0x00 0x00 0x00 0x00 0xad 0x81 0x36                      NOPA;                         NOPB;                         NOPS;                         NOPX
.return_address
.no_stack_arguments
	  4080    0x00 0x00 0x00 0x00 0x01 0x04                                                                                                                                              JL #matmul_vectorized_bfp16
.delay_slot
	  4086    0x00 0x00 0x00 0xc0 0x00 0x44                                                                                                                                              MOVXM p0, #A_L2L1_0_1_cons_buff_0
.delay_slot
	  4092    0x00 0x00 0x02 0xc0 0x00 0x44                                                                                                                                              MOVXM p1, #B_L2L1_1_0_cons_buff_1
.delay_slot
	  4098    0x1a 0x6c 0xc0 0xf8                                                                                                                                                                                      MOV p2, p6
.delay_slot
.swstall delay_slot
	  4102    0x00 0x00                                                                        NOPX
.delay_slot
.swstall delay_slot
	  4104    0x00 0x2c 0xf0 0x04 0x00 0x00 0x1c 0x22                                          NOPA;                                                                                                                                                           NOPV
.return_address
.no_stack_arguments
	  4112    0x06 0x00 0x00 0x00 0x00 0x00 0x00 0x00 0x40 0xba                                MOVA r0, #48;                                                                             JL #llvm___aie2p___release
.delay_slot
	  4122    0x10 0x02 0x05 0x18                                                                                                                                                        MOVX r1, #1
.delay_slot
.swstall delay_slot
	  4126    0x00 0x00                                                                        NOPX
.delay_slot
.swstall delay_slot
	  4128    0x00 0x00                                                                        NOPX
.delay_slot
.swstall delay_slot
	  4130    0x00 0x00                                                                        NOPX
.delay_slot
.swstall delay_slot
	  4132    0x00 0x2c 0xf0 0x00 0x20 0x00 0x00 0x00 0x00 0xad 0x81 0x36                      NOPA;                         NOPB;                         NOPS;                         NOPX
.return_address
.no_stack_arguments
	  4144    0x00 0x00 0x00 0x00 0x01 0x04                                                                                                                                              JL #llvm___aie2p___acquire
.delay_slot
	  4150    0x06 0x20 0x00 0x00 0x00 0x03 0xb5 0xd8 0x10 0xba                                MOVA r0, #49;                                                                             MOVXM p7, #(TGT_Fcore_1_2_2992 + 0)
.delay_slot
	  4160    0x17 0xc2 0xfd 0x18                                                                                                                                                        MOVX r1, #-1
.delay_slot
.swstall delay_slot
	  4164    0x00 0x00                                                                        NOPX
.delay_slot
.swstall delay_slot
	  4166    0x00 0x00                                                                        NOPX
.delay_slot
.swstall delay_slot
	  4168    0x00 0x2c 0xf0 0x04 0x00 0x00 0x1c 0x22                                          NOPA;                                                                                                                                                           NOPV
.return_address
.no_stack_arguments
	  4176    0x00 0x00 0x00 0x00 0x01 0x04                                                                                                                                              JL #matmul_vectorized_bfp16
.delay_slot
	  4182    0x00 0x00 0x00 0xc0 0x00 0x44                                                                                                                                              MOVXM p0, #A_L2L1_0_1_cons_buff_1
.delay_slot
	  4188    0x00 0x00 0x02 0xc0 0x00 0x44                                                                                                                                              MOVXM p1, #B_L2L1_1_0_cons_buff_1
.delay_slot
	  4194    0x1a 0x6c 0xc0 0xf8                                                                                                                                                                                      MOV p2, p6
.delay_slot
.swstall delay_slot
	  4198    0x00 0x00                                                                        NOPX
.delay_slot
.swstall delay_slot
	  4200    0x00 0x2c 0xf0 0x04 0x00 0x00 0x1c 0x22                                          NOPA;                                                                                                                                                           NOPV
.return_address
.no_stack_arguments
	  4208    0x06 0x00 0x00 0x00 0x00 0x00 0x00 0x00 0x40 0xba                                MOVA r0, #48;                                                                             JL #llvm___aie2p___release
.delay_slot
	  4218    0x10 0x02 0x05 0x18                                                                                                                                                        MOVX r1, #1
.delay_slot
.swstall delay_slot
	  4222    0x00 0x00                                                                        NOPX
.delay_slot
.swstall delay_slot
	  4224    0x00 0x00                                                                        NOPX
.delay_slot
.swstall delay_slot
	  4226    0x00 0x00                                                                        NOPX
.delay_slot
.swstall delay_slot
	  4228    0x00 0x2c 0xf0 0x00 0x20 0x00 0x00 0x00 0x00 0xad 0x81 0x36                      NOPA;                         NOPB;                         NOPS;                         NOPX
.return_address
.no_stack_arguments
	  4240    0x00 0x21 0x00 0x00 0x00 0x00 0x00 0x00 0x40 0xba                                MOVA r1, #1;                                                                              JL #llvm___aie2p___release
.delay_slot
	  4250    0x10 0x00 0xc9 0x18                                                                                                                                                        MOVX r0, #50
.delay_slot
.swstall delay_slot
	  4254    0x00 0x00                                                                        NOPX
.delay_slot
.swstall delay_slot
	  4256    0x00 0x00                                                                        NOPX
.delay_slot
.swstall delay_slot
	  4258    0x00 0x00                                                                        NOPX
.delay_slot
.swstall delay_slot
	  4260    0x00 0x2c 0xf0 0x00 0x20 0x00 0x00 0x00 0x00 0xad 0x81 0x36                      NOPA;                         NOPB;                         NOPS;                         NOPX
.return_address
	  4272    0x13 0xdf 0xe0 0x18                                                                                                                                                        JNZD r15, r15, p7
.delay_slot
.swstall delay_slot
	  4276    0x00 0x00                                                                        NOPX
.delay_slot
.swstall delay_slot
	  4278    0x00 0x00                                                                        NOPX
.delay_slot
.swstall delay_slot
	  4280    0x00 0x00                                                                        NOPX
.delay_slot
.swstall delay_slot
	  4282    0x00 0x00                                                                        NOPX
.delay_slot
.swstall delay_slot
	  4284    0x00 0x00                                                                        NOPX
.loop_nesting 1
.no_stack_arguments
	  4286    0x06 0xa0 0x00 0x00 0x00 0x00 0x00 0x00 0x40 0xba                                MOVA r0, #53;                                                                             JL #llvm___aie2p___release
.delay_slot
	  4296    0x10 0x02 0x05 0x18                                                                                                                                                        MOVX r1, #1
.delay_slot
.swstall delay_slot
	  4300    0x00 0x00                                                                        NOPX
.delay_slot
.swstall delay_slot
	  4302    0x00 0x00                                                                        NOPX
.delay_slot
.swstall delay_slot
	  4304    0x00 0x00                                                                        NOPX
.delay_slot
.swstall delay_slot
	  4306    0x00 0x2c 0xf0 0x02 0xb6 0x00 0x00 0x40 0x1a 0x57 0x00 0x00 0x1c 0x2e            NOPA;                                                       NOPS;                                                       NOPM;                                   NOPV
.return_address
.no_stack_arguments
	  4320    0x06 0x80 0x00 0x00 0x00 0x00 0x00 0x00 0x40 0xba                                MOVA r0, #52;                                                                             JL #llvm___aie2p___acquire
.delay_slot
	  4330    0x17 0xc2 0xfd 0x18                                                                                                                                                        MOVX r1, #-1
.delay_slot
.swstall delay_slot
	  4334    0x00 0x00                                                                        NOPX
.delay_slot
.swstall delay_slot
	  4336    0x00 0x00                                                                        NOPX
.delay_slot
.swstall delay_slot
	  4338    0x00 0x00                                                                        NOPX
.delay_slot
.swstall delay_slot
	  4340    0x00 0x2c 0xf0 0x00 0x20 0x00 0x00 0x00 0x00 0xad 0x81 0x36                      NOPA;                         NOPB;                         NOPS;                         NOPX
.return_address
.no_stack_arguments
	  4352    0x00 0x00 0x00 0x00 0x01 0x04                                                                                                                                              JL #zero_kernel
.delay_slot
	  4358    0x00 0x00 0x0e 0xc0 0x00 0x44                                                                                                                                              MOVXM p7, #C_L1L2_1_0_buff_0
.delay_slot
	  4364    0x18 0x6c 0xc0 0xf8                                                                                                                                                                                      MOV p0, p6
.delay_slot
.swstall delay_slot
	  4368    0x00 0x00                                                                        NOPX
.delay_slot
.swstall delay_slot
	  4370    0x00 0x00                                                                        NOPX
.delay_slot
.swstall delay_slot
	  4372    0x00 0x2c 0xf0 0x00 0x20 0x00 0x00 0x00 0x00 0xad 0x81 0x36                      NOPA;                         NOPB;                         NOPS;                         NOPX
.return_address
	  4384    0x00 0x2c 0xf0 0x00 0x20 0x01 0x5b 0x00 0xa1 0x28 0x01 0xa5 0x78 0x00 0x00 0xe1  NOPA;                         NOPB;                         NOPS;                         MOVX r10, #9;                 NOPM;                                   NOPV
.label TGT_Fcore_1_2_4400
.loop_nesting 2
.no_stack_arguments
	  4400    0xff 0xe1 0x00 0x00 0x00 0x00 0x00 0x00 0x40 0xba                                MOVA r1, #-1;                                                                             JL #llvm___aie2p___acquire
.delay_slot
	  4410    0x10 0x00 0xcd 0x18                                                                                                                                                        MOVX r0, #51
.delay_slot
.swstall delay_slot
	  4414    0x00 0x00                                                                        NOPX
.delay_slot
.swstall delay_slot
	  4416    0x00 0x00                                                                        NOPX
.delay_slot
.swstall delay_slot
	  4418    0x00 0x00                                                                        NOPX
.delay_slot
.swstall delay_slot
	  4420    0x00 0x2c 0xf0 0x00 0x20 0x00 0x00 0x00 0x00 0xad 0x81 0x36                      NOPA;                         NOPB;                         NOPS;                         NOPX
.return_address
.no_stack_arguments
	  4432    0x06 0x20 0x00 0x00 0x00 0x00 0x00 0x00 0x40 0xba                                MOVA r0, #49;                                                                             JL #llvm___aie2p___acquire
.delay_slot
	  4442    0x17 0xc2 0xfd 0x18                                                                                                                                                        MOVX r1, #-1
.delay_slot
.swstall delay_slot
	  4446    0x00 0x00                                                                        NOPX
.delay_slot
.swstall delay_slot
	  4448    0x00 0x00                                                                        NOPX
.delay_slot
.swstall delay_slot
	  4450    0x00 0x00                                                                        NOPX
.delay_slot
.swstall delay_slot
	  4452    0x00 0x2c 0xf0 0x00 0x20 0x00 0x00 0x00 0x00 0xad 0x81 0x36                      NOPA;                         NOPB;                         NOPS;                         NOPX
.return_address
.no_stack_arguments
	  4464    0x53 0x91 0x60 0x00 0x00 0x00 0x00 0x00 0x41 0x3a                                                                                            MOVS p2, p7;                  JL #matmul_vectorized_bfp16
.delay_slot
	  4474    0x00 0x00 0x02 0xc0 0x00 0x44                                                                                                                                              MOVXM p1, #B_L2L1_1_0_cons_buff_0
.delay_slot
	  4480    0x00 0x00 0x00 0xc0 0x00 0x44                                                                                                                                              MOVXM p0, #A_L2L1_0_1_cons_buff_0
.delay_slot
	  4486    0x1e 0x62 0xc0 0xf8                                                                                                                                                                                      MOV p6, p1
.delay_slot
.swstall delay_slot
	  4490    0x00 0x00                                                                        NOPX
.delay_slot
.swstall delay_slot
	  4492    0x00 0x01 0x67 0x98                                                              NOPA
.return_address
.no_stack_arguments
	  4496    0x06 0x00 0x00 0x00 0x00 0x00 0x00 0x00 0x40 0xba                                MOVA r0, #48;                                                                             JL #llvm___aie2p___release
.delay_slot
	  4506    0x10 0x02 0x05 0x18                                                                                                                                                        MOVX r1, #1
.delay_slot
.swstall delay_slot
	  4510    0x00 0x00                                                                        NOPX
.delay_slot
.swstall delay_slot
	  4512    0x00 0x00                                                                        NOPX
.delay_slot
.swstall delay_slot
	  4514    0x00 0x00                                                                        NOPX
.delay_slot
.swstall delay_slot
	  4516    0x00 0x2c 0xf0 0x00 0x20 0x00 0x00 0x00 0x00 0xad 0x81 0x36                      NOPA;                         NOPB;                         NOPS;                         NOPX
.return_address
.no_stack_arguments
	  4528    0x06 0x20 0x00 0x00 0x00 0x00 0x00 0x00 0x40 0xba                                MOVA r0, #49;                                                                             JL #llvm___aie2p___acquire
.delay_slot
	  4538    0x17 0xc2 0xfd 0x18                                                                                                                                                        MOVX r1, #-1
.delay_slot
.swstall delay_slot
	  4542    0x00 0x00                                                                        NOPX
.delay_slot
.swstall delay_slot
	  4544    0x00 0x00                                                                        NOPX
.delay_slot
.swstall delay_slot
	  4546    0x00 0x00                                                                        NOPX
.delay_slot
.swstall delay_slot
	  4548    0x00 0x2c 0xf0 0x00 0x20 0x00 0x00 0x00 0x00 0xad 0x81 0x36                      NOPA;                         NOPB;                         NOPS;                         NOPX
.return_address
.no_stack_arguments
	  4560    0x33 0x11 0x60 0x00 0x00 0x00 0x00 0x00 0x41 0x3a                                                                                            MOVS p1, p6;                  JL #matmul_vectorized_bfp16
.delay_slot
	  4570    0x1a 0x6e 0xc0 0xf8                                                                                                                                                                                      MOV p2, p7
.delay_slot
	  4574    0x00 0x00 0x00 0xc0 0x00 0x44                                                                                                                                              MOVXM p0, #A_L2L1_0_1_cons_buff_1
.delay_slot
.swstall delay_slot
	  4580    0x00 0x00                                                                        NOPX
.delay_slot
.swstall delay_slot
	  4582    0x00 0x00                                                                        NOPX
.delay_slot
.swstall delay_slot
	  4584    0x00 0x2c 0xf0 0x04 0x00 0x00 0x1c 0x22                                          NOPA;                                                                                                                                                           NOPV
.return_address
.no_stack_arguments
	  4592    0x06 0x00 0x00 0x00 0x00 0x00 0x00 0x00 0x40 0xba                                MOVA r0, #48;                                                                             JL #llvm___aie2p___release
.delay_slot
	  4602    0x10 0x02 0x05 0x18                                                                                                                                                        MOVX r1, #1
.delay_slot
.swstall delay_slot
	  4606    0x00 0x00                                                                        NOPX
.delay_slot
.swstall delay_slot
	  4608    0x00 0x00                                                                        NOPX
.delay_slot
.swstall delay_slot
	  4610    0x00 0x00                                                                        NOPX
.delay_slot
.swstall delay_slot
	  4612    0x00 0x2c 0xf0 0x00 0x20 0x00 0x00 0x00 0x00 0xad 0x81 0x36                      NOPA;                         NOPB;                         NOPS;                         NOPX
.return_address
.no_stack_arguments
	  4624    0x06 0x20 0x00 0x00 0x00 0x00 0x00 0x00 0x40 0xba                                MOVA r0, #49;                                                                             JL #llvm___aie2p___acquire
.delay_slot
	  4634    0x17 0xc2 0xfd 0x18                                                                                                                                                        MOVX r1, #-1
.delay_slot
.swstall delay_slot
	  4638    0x00 0x00                                                                        NOPX
.delay_slot
.swstall delay_slot
	  4640    0x00 0x00                                                                        NOPX
.delay_slot
.swstall delay_slot
	  4642    0x00 0x00                                                                        NOPX
.delay_slot
.swstall delay_slot
	  4644    0x00 0x2c 0xf0 0x00 0x20 0x00 0x00 0x00 0x00 0xad 0x81 0x36                      NOPA;                         NOPB;                         NOPS;                         NOPX
.return_address
.no_stack_arguments
	  4656    0x33 0x11 0x60 0x00 0x00 0x00 0x00 0x00 0x41 0x3a                                                                                            MOVS p1, p6;                  JL #matmul_vectorized_bfp16
.delay_slot
	  4666    0x1a 0x6e 0xc0 0xf8                                                                                                                                                                                      MOV p2, p7
.delay_slot
	  4670    0x00 0x00 0x00 0xc0 0x00 0x44                                                                                                                                              MOVXM p0, #A_L2L1_0_1_cons_buff_0
.delay_slot
.swstall delay_slot
	  4676    0x00 0x00                                                                        NOPX
.delay_slot
.swstall delay_slot
	  4678    0x00 0x00                                                                        NOPX
.delay_slot
.swstall delay_slot
	  4680    0x00 0x2c 0xf0 0x04 0x00 0x00 0x1c 0x22                                          NOPA;                                                                                                                                                           NOPV
.return_address
.no_stack_arguments
	  4688    0x06 0x00 0x00 0x00 0x00 0x00 0x00 0x00 0x40 0xba                                MOVA r0, #48;                                                                             JL #llvm___aie2p___release
.delay_slot
	  4698    0x10 0x02 0x05 0x18                                                                                                                                                        MOVX r1, #1
.delay_slot
.swstall delay_slot
	  4702    0x00 0x00                                                                        NOPX
.delay_slot
.swstall delay_slot
	  4704    0x00 0x00                                                                        NOPX
.delay_slot
.swstall delay_slot
	  4706    0x00 0x00                                                                        NOPX
.delay_slot
.swstall delay_slot
	  4708    0x00 0x2c 0xf0 0x00 0x20 0x00 0x00 0x00 0x00 0xad 0x81 0x36                      NOPA;                         NOPB;                         NOPS;                         NOPX
.return_address
.no_stack_arguments
	  4720    0x06 0x20 0x00 0x00 0x00 0x00 0x00 0x00 0x40 0xba                                MOVA r0, #49;                                                                             JL #llvm___aie2p___acquire
.delay_slot
	  4730    0x17 0xc2 0xfd 0x18                                                                                                                                                        MOVX r1, #-1
.delay_slot
.swstall delay_slot
	  4734    0x00 0x00                                                                        NOPX
.delay_slot
.swstall delay_slot
	  4736    0x00 0x00                                                                        NOPX
.delay_slot
.swstall delay_slot
	  4738    0x00 0x00                                                                        NOPX
.delay_slot
.swstall delay_slot
	  4740    0x00 0x2c 0xf0 0x00 0x20 0x00 0x00 0x00 0x00 0xad 0x81 0x36                      NOPA;                         NOPB;                         NOPS;                         NOPX
.return_address
.no_stack_arguments
	  4752    0x33 0x11 0x60 0x00 0x00 0x00 0x00 0x00 0x41 0x3a                                                                                            MOVS p1, p6;                  JL #matmul_vectorized_bfp16
.delay_slot
	  4762    0x1a 0x6e 0xc0 0xf8                                                                                                                                                                                      MOV p2, p7
.delay_slot
	  4766    0x00 0x00 0x00 0xc0 0x00 0x44                                                                                                                                              MOVXM p0, #A_L2L1_0_1_cons_buff_1
.delay_slot
.swstall delay_slot
	  4772    0x00 0x00                                                                        NOPX
.delay_slot
.swstall delay_slot
	  4774    0x00 0x00                                                                        NOPX
.delay_slot
.swstall delay_slot
	  4776    0x00 0x2c 0xf0 0x04 0x00 0x00 0x1c 0x22                                          NOPA;                                                                                                                                                           NOPV
.return_address
.no_stack_arguments
	  4784    0x06 0x00 0x00 0x00 0x00 0x00 0x00 0x00 0x40 0xba                                MOVA r0, #48;                                                                             JL #llvm___aie2p___release
.delay_slot
	  4794    0x10 0x02 0x05 0x18                                                                                                                                                        MOVX r1, #1
.delay_slot
.swstall delay_slot
	  4798    0x00 0x00                                                                        NOPX
.delay_slot
.swstall delay_slot
	  4800    0x00 0x00                                                                        NOPX
.delay_slot
.swstall delay_slot
	  4802    0x00 0x00                                                                        NOPX
.delay_slot
.swstall delay_slot
	  4804    0x00 0x2c 0xf0 0x00 0x20 0x00 0x00 0x00 0x00 0xad 0x81 0x36                      NOPA;                         NOPB;                         NOPS;                         NOPX
.return_address
.no_stack_arguments
	  4816    0x06 0x20 0x00 0x00 0x00 0x00 0x00 0x00 0x40 0xba                                MOVA r0, #49;                                                                             JL #llvm___aie2p___acquire
.delay_slot
	  4826    0x17 0xc2 0xfd 0x18                                                                                                                                                        MOVX r1, #-1
.delay_slot
.swstall delay_slot
	  4830    0x00 0x00                                                                        NOPX
.delay_slot
.swstall delay_slot
	  4832    0x00 0x00                                                                        NOPX
.delay_slot
.swstall delay_slot
	  4834    0x00 0x00                                                                        NOPX
.delay_slot
.swstall delay_slot
	  4836    0x00 0x2c 0xf0 0x00 0x20 0x00 0x00 0x00 0x00 0xad 0x81 0x36                      NOPA;                         NOPB;                         NOPS;                         NOPX
.return_address
.no_stack_arguments
	  4848    0x33 0x11 0x60 0x00 0x00 0x00 0x00 0x00 0x41 0x3a                                                                                            MOVS p1, p6;                  JL #matmul_vectorized_bfp16
.delay_slot
	  4858    0x1a 0x6e 0xc0 0xf8                                                                                                                                                                                      MOV p2, p7
.delay_slot
	  4862    0x00 0x00 0x00 0xc0 0x00 0x44                                                                                                                                              MOVXM p0, #A_L2L1_0_1_cons_buff_0
.delay_slot
.swstall delay_slot
	  4868    0x00 0x00                                                                        NOPX
.delay_slot
.swstall delay_slot
	  4870    0x00 0x00                                                                        NOPX
.delay_slot
.swstall delay_slot
	  4872    0x00 0x2c 0xf0 0x04 0x00 0x00 0x1c 0x22                                          NOPA;                                                                                                                                                           NOPV
.return_address
.no_stack_arguments
	  4880    0x06 0x00 0x00 0x00 0x00 0x00 0x00 0x00 0x40 0xba                                MOVA r0, #48;                                                                             JL #llvm___aie2p___release
.delay_slot
	  4890    0x10 0x02 0x05 0x18                                                                                                                                                        MOVX r1, #1
.delay_slot
.swstall delay_slot
	  4894    0x00 0x00                                                                        NOPX
.delay_slot
.swstall delay_slot
	  4896    0x00 0x00                                                                        NOPX
.delay_slot
.swstall delay_slot
	  4898    0x00 0x00                                                                        NOPX
.delay_slot
.swstall delay_slot
	  4900    0x00 0x2c 0xf0 0x00 0x20 0x00 0x00 0x00 0x00 0xad 0x81 0x36                      NOPA;                         NOPB;                         NOPS;                         NOPX
.return_address
.no_stack_arguments
	  4912    0x06 0x20 0x00 0x00 0x00 0x00 0x00 0x00 0x40 0xba                                MOVA r0, #49;                                                                             JL #llvm___aie2p___acquire
.delay_slot
	  4922    0x17 0xc2 0xfd 0x18                                                                                                                                                        MOVX r1, #-1
.delay_slot
.swstall delay_slot
	  4926    0x00 0x00                                                                        NOPX
.delay_slot
.swstall delay_slot
	  4928    0x00 0x00                                                                        NOPX
.delay_slot
.swstall delay_slot
	  4930    0x00 0x00                                                                        NOPX
.delay_slot
.swstall delay_slot
	  4932    0x00 0x2c 0xf0 0x00 0x20 0x00 0x00 0x00 0x00 0xad 0x81 0x36                      NOPA;                         NOPB;                         NOPS;                         NOPX
.return_address
.no_stack_arguments
	  4944    0x53 0x91 0x60 0x00 0x00 0x00 0x00 0x00 0x41 0x3a                                                                                            MOVS p2, p7;                  JL #matmul_vectorized_bfp16
.delay_slot
	  4954    0x33 0x11 0x60 0x00 0x00 0x00 0x30 0x00 0x11 0x3a                                                                                            MOVS p1, p6;                  MOVXM p0, #A_L2L1_0_1_cons_buff_1
.delay_slot
	  4964    0x1e 0x64 0xc0 0xf8                                                                                                                                                                                      MOV p6, p2
.delay_slot
.swstall delay_slot
	  4968    0x00 0x00                                                                        NOPX
.delay_slot
.swstall delay_slot
	  4970    0x00 0x00                                                                        NOPX
.delay_slot
.swstall delay_slot
	  4972    0x00 0x01 0x67 0x98                                                              NOPA
.return_address
.no_stack_arguments
	  4976    0x06 0x00 0x00 0x00 0x00 0x00 0x00 0x00 0x40 0xba                                MOVA r0, #48;                                                                             JL #llvm___aie2p___release
.delay_slot
	  4986    0x10 0x02 0x05 0x18                                                                                                                                                        MOVX r1, #1
.delay_slot
.swstall delay_slot
	  4990    0x00 0x00                                                                        NOPX
.delay_slot
.swstall delay_slot
	  4992    0x00 0x00                                                                        NOPX
.delay_slot
.swstall delay_slot
	  4994    0x00 0x00                                                                        NOPX
.delay_slot
.swstall delay_slot
	  4996    0x00 0x2c 0xf0 0x00 0x20 0x00 0x00 0x00 0x00 0xad 0x81 0x36                      NOPA;                         NOPB;                         NOPS;                         NOPX
.return_address
.no_stack_arguments
	  5008    0x00 0x21 0x00 0x00 0x00 0x00 0x00 0x00 0x40 0xba                                MOVA r1, #1;                                                                              JL #llvm___aie2p___release
.delay_slot
	  5018    0x10 0x00 0xc9 0x18                                                                                                                                                        MOVX r0, #50
.delay_slot
.swstall delay_slot
	  5022    0x00 0x00                                                                        NOPX
.delay_slot
.swstall delay_slot
	  5024    0x00 0x00                                                                        NOPX
.delay_slot
.swstall delay_slot
	  5026    0x00 0x00                                                                        NOPX
.delay_slot
.swstall delay_slot
	  5028    0x00 0x2c 0xf0 0x00 0x20 0x00 0x00 0x00 0x00 0xad 0x81 0x36                      NOPA;                         NOPB;                         NOPS;                         NOPX
.return_address
.no_stack_arguments
	  5040    0xff 0xe1 0x00 0x00 0x00 0x00 0x00 0x00 0x40 0xba                                MOVA r1, #-1;                                                                             JL #llvm___aie2p___acquire
.delay_slot
	  5050    0x10 0x00 0xcd 0x18                                                                                                                                                        MOVX r0, #51
.delay_slot
.swstall delay_slot
	  5054    0x00 0x00                                                                        NOPX
.delay_slot
.swstall delay_slot
	  5056    0x00 0x00                                                                        NOPX
.delay_slot
.swstall delay_slot
	  5058    0x00 0x00                                                                        NOPX
.delay_slot
.swstall delay_slot
	  5060    0x00 0x2c 0xf0 0x00 0x20 0x00 0x00 0x00 0x00 0xad 0x81 0x36                      NOPA;                         NOPB;                         NOPS;                         NOPX
.return_address
.no_stack_arguments
	  5072    0x06 0x20 0x00 0x00 0x00 0x00 0x00 0x00 0x40 0xba                                MOVA r0, #49;                                                                             JL #llvm___aie2p___acquire
.delay_slot
	  5082    0x17 0xc2 0xfd 0x18                                                                                                                                                        MOVX r1, #-1
.delay_slot
.swstall delay_slot
	  5086    0x00 0x00                                                                        NOPX
.delay_slot
.swstall delay_slot
	  5088    0x00 0x00                                                                        NOPX
.delay_slot
.swstall delay_slot
	  5090    0x00 0x00                                                                        NOPX
.delay_slot
.swstall delay_slot
	  5092    0x00 0x2c 0xf0 0x00 0x20 0x00 0x00 0x00 0x00 0xad 0x81 0x36                      NOPA;                         NOPB;                         NOPS;                         NOPX
.return_address
.no_stack_arguments
	  5104    0x00 0x00 0x00 0x00 0x01 0x04                                                                                                                                              JL #matmul_vectorized_bfp16
.delay_slot
	  5110    0x00 0x00 0x00 0xc0 0x00 0x44                                                                                                                                              MOVXM p0, #A_L2L1_0_1_cons_buff_0
.delay_slot
	  5116    0x00 0x00 0x02 0xc0 0x00 0x44                                                                                                                                              MOVXM p1, #B_L2L1_1_0_cons_buff_1
.delay_slot
	  5122    0x1a 0x6c 0xc0 0xf8                                                                                                                                                                                      MOV p2, p6
.delay_slot
.swstall delay_slot
	  5126    0x00 0x00                                                                        NOPX
.delay_slot
.swstall delay_slot
	  5128    0x00 0x2c 0xf0 0x04 0x00 0x00 0x1c 0x22                                          NOPA;                                                                                                                                                           NOPV
.return_address
.no_stack_arguments
	  5136    0x06 0x00 0x00 0x00 0x00 0x00 0x00 0x00 0x40 0xba                                MOVA r0, #48;                                                                             JL #llvm___aie2p___release
.delay_slot
	  5146    0x10 0x02 0x05 0x18                                                                                                                                                        MOVX r1, #1
.delay_slot
.swstall delay_slot
	  5150    0x00 0x00                                                                        NOPX
.delay_slot
.swstall delay_slot
	  5152    0x00 0x00                                                                        NOPX
.delay_slot
.swstall delay_slot
	  5154    0x00 0x00                                                                        NOPX
.delay_slot
.swstall delay_slot
	  5156    0x00 0x2c 0xf0 0x00 0x20 0x00 0x00 0x00 0x00 0xad 0x81 0x36                      NOPA;                         NOPB;                         NOPS;                         NOPX
.return_address
.no_stack_arguments
	  5168    0x06 0x20 0x00 0x00 0x00 0x00 0x00 0x00 0x40 0xba                                MOVA r0, #49;                                                                             JL #llvm___aie2p___acquire
.delay_slot
	  5178    0x17 0xc2 0xfd 0x18                                                                                                                                                        MOVX r1, #-1
.delay_slot
.swstall delay_slot
	  5182    0x00 0x00                                                                        NOPX
.delay_slot
.swstall delay_slot
	  5184    0x00 0x00                                                                        NOPX
.delay_slot
.swstall delay_slot
	  5186    0x00 0x00                                                                        NOPX
.delay_slot
.swstall delay_slot
	  5188    0x00 0x2c 0xf0 0x00 0x20 0x00 0x00 0x00 0x00 0xad 0x81 0x36                      NOPA;                         NOPB;                         NOPS;                         NOPX
.return_address
.no_stack_arguments
	  5200    0x00 0x00 0x00 0x00 0x01 0x04                                                                                                                                              JL #matmul_vectorized_bfp16
.delay_slot
	  5206    0x00 0x00 0x00 0xc0 0x00 0x44                                                                                                                                              MOVXM p0, #A_L2L1_0_1_cons_buff_1
.delay_slot
	  5212    0x00 0x00 0x02 0xc0 0x00 0x44                                                                                                                                              MOVXM p1, #B_L2L1_1_0_cons_buff_1
.delay_slot
	  5218    0x1a 0x6c 0xc0 0xf8                                                                                                                                                                                      MOV p2, p6
.delay_slot
.swstall delay_slot
	  5222    0x00 0x00                                                                        NOPX
.delay_slot
.swstall delay_slot
	  5224    0x00 0x2c 0xf0 0x04 0x00 0x00 0x1c 0x22                                          NOPA;                                                                                                                                                           NOPV
.return_address
.no_stack_arguments
	  5232    0x06 0x00 0x00 0x00 0x00 0x00 0x00 0x00 0x40 0xba                                MOVA r0, #48;                                                                             JL #llvm___aie2p___release
.delay_slot
	  5242    0x10 0x02 0x05 0x18                                                                                                                                                        MOVX r1, #1
.delay_slot
.swstall delay_slot
	  5246    0x00 0x00                                                                        NOPX
.delay_slot
.swstall delay_slot
	  5248    0x00 0x00                                                                        NOPX
.delay_slot
.swstall delay_slot
	  5250    0x00 0x00                                                                        NOPX
.delay_slot
.swstall delay_slot
	  5252    0x00 0x2c 0xf0 0x00 0x20 0x00 0x00 0x00 0x00 0xad 0x81 0x36                      NOPA;                         NOPB;                         NOPS;                         NOPX
.return_address
.no_stack_arguments
	  5264    0x06 0x20 0x00 0x00 0x00 0x00 0x00 0x00 0x40 0xba                                MOVA r0, #49;                                                                             JL #llvm___aie2p___acquire
.delay_slot
	  5274    0x17 0xc2 0xfd 0x18                                                                                                                                                        MOVX r1, #-1
.delay_slot
.swstall delay_slot
	  5278    0x00 0x00                                                                        NOPX
.delay_slot
.swstall delay_slot
	  5280    0x00 0x00                                                                        NOPX
.delay_slot
.swstall delay_slot
	  5282    0x00 0x00                                                                        NOPX
.delay_slot
.swstall delay_slot
	  5284    0x00 0x2c 0xf0 0x00 0x20 0x00 0x00 0x00 0x00 0xad 0x81 0x36                      NOPA;                         NOPB;                         NOPS;                         NOPX
.return_address
.no_stack_arguments
	  5296    0x00 0x00 0x00 0x00 0x01 0x04                                                                                                                                              JL #matmul_vectorized_bfp16
.delay_slot
	  5302    0x00 0x00 0x00 0xc0 0x00 0x44                                                                                                                                              MOVXM p0, #A_L2L1_0_1_cons_buff_0
.delay_slot
	  5308    0x00 0x00 0x02 0xc0 0x00 0x44                                                                                                                                              MOVXM p1, #B_L2L1_1_0_cons_buff_1
.delay_slot
	  5314    0x1a 0x6c 0xc0 0xf8                                                                                                                                                                                      MOV p2, p6
.delay_slot
.swstall delay_slot
	  5318    0x00 0x00                                                                        NOPX
.delay_slot
.swstall delay_slot
	  5320    0x00 0x2c 0xf0 0x04 0x00 0x00 0x1c 0x22                                          NOPA;                                                                                                                                                           NOPV
.return_address
.no_stack_arguments
	  5328    0x06 0x00 0x00 0x00 0x00 0x00 0x00 0x00 0x40 0xba                                MOVA r0, #48;                                                                             JL #llvm___aie2p___release
.delay_slot
	  5338    0x10 0x02 0x05 0x18                                                                                                                                                        MOVX r1, #1
.delay_slot
.swstall delay_slot
	  5342    0x00 0x00                                                                        NOPX
.delay_slot
.swstall delay_slot
	  5344    0x00 0x00                                                                        NOPX
.delay_slot
.swstall delay_slot
	  5346    0x00 0x00                                                                        NOPX
.delay_slot
.swstall delay_slot
	  5348    0x00 0x2c 0xf0 0x00 0x20 0x00 0x00 0x00 0x00 0xad 0x81 0x36                      NOPA;                         NOPB;                         NOPS;                         NOPX
.return_address
.no_stack_arguments
	  5360    0x06 0x20 0x00 0x00 0x00 0x00 0x00 0x00 0x40 0xba                                MOVA r0, #49;                                                                             JL #llvm___aie2p___acquire
.delay_slot
	  5370    0x17 0xc2 0xfd 0x18                                                                                                                                                        MOVX r1, #-1
.delay_slot
.swstall delay_slot
	  5374    0x00 0x00                                                                        NOPX
.delay_slot
.swstall delay_slot
	  5376    0x00 0x00                                                                        NOPX
.delay_slot
.swstall delay_slot
	  5378    0x00 0x00                                                                        NOPX
.delay_slot
.swstall delay_slot
	  5380    0x00 0x2c 0xf0 0x00 0x20 0x00 0x00 0x00 0x00 0xad 0x81 0x36                      NOPA;                         NOPB;                         NOPS;                         NOPX
.return_address
.no_stack_arguments
	  5392    0x00 0x00 0x00 0x00 0x01 0x04                                                                                                                                              JL #matmul_vectorized_bfp16
.delay_slot
	  5398    0x00 0x00 0x00 0xc0 0x00 0x44                                                                                                                                              MOVXM p0, #A_L2L1_0_1_cons_buff_1
.delay_slot
	  5404    0x00 0x00 0x02 0xc0 0x00 0x44                                                                                                                                              MOVXM p1, #B_L2L1_1_0_cons_buff_1
.delay_slot
	  5410    0x1a 0x6c 0xc0 0xf8                                                                                                                                                                                      MOV p2, p6
.delay_slot
.swstall delay_slot
	  5414    0x00 0x00                                                                        NOPX
.delay_slot
.swstall delay_slot
	  5416    0x00 0x2c 0xf0 0x04 0x00 0x00 0x1c 0x22                                          NOPA;                                                                                                                                                           NOPV
.return_address
.no_stack_arguments
	  5424    0x06 0x00 0x00 0x00 0x00 0x00 0x00 0x00 0x40 0xba                                MOVA r0, #48;                                                                             JL #llvm___aie2p___release
.delay_slot
	  5434    0x10 0x02 0x05 0x18                                                                                                                                                        MOVX r1, #1
.delay_slot
.swstall delay_slot
	  5438    0x00 0x00                                                                        NOPX
.delay_slot
.swstall delay_slot
	  5440    0x00 0x00                                                                        NOPX
.delay_slot
.swstall delay_slot
	  5442    0x00 0x00                                                                        NOPX
.delay_slot
.swstall delay_slot
	  5444    0x00 0x2c 0xf0 0x00 0x20 0x00 0x00 0x00 0x00 0xad 0x81 0x36                      NOPA;                         NOPB;                         NOPS;                         NOPX
.return_address
.no_stack_arguments
	  5456    0x06 0x20 0x00 0x00 0x00 0x00 0x00 0x00 0x40 0xba                                MOVA r0, #49;                                                                             JL #llvm___aie2p___acquire
.delay_slot
	  5466    0x17 0xc2 0xfd 0x18                                                                                                                                                        MOVX r1, #-1
.delay_slot
.swstall delay_slot
	  5470    0x00 0x00                                                                        NOPX
.delay_slot
.swstall delay_slot
	  5472    0x00 0x00                                                                        NOPX
.delay_slot
.swstall delay_slot
	  5474    0x00 0x00                                                                        NOPX
.delay_slot
.swstall delay_slot
	  5476    0x00 0x2c 0xf0 0x00 0x20 0x00 0x00 0x00 0x00 0xad 0x81 0x36                      NOPA;                         NOPB;                         NOPS;                         NOPX
.return_address
.no_stack_arguments
	  5488    0x00 0x00 0x00 0x00 0x01 0x04                                                                                                                                              JL #matmul_vectorized_bfp16
.delay_slot
	  5494    0x00 0x00 0x00 0xc0 0x00 0x44                                                                                                                                              MOVXM p0, #A_L2L1_0_1_cons_buff_0
.delay_slot
	  5500    0x00 0x00 0x02 0xc0 0x00 0x44                                                                                                                                              MOVXM p1, #B_L2L1_1_0_cons_buff_1
.delay_slot
	  5506    0x1a 0x6c 0xc0 0xf8                                                                                                                                                                                      MOV p2, p6
.delay_slot
.swstall delay_slot
	  5510    0x00 0x00                                                                        NOPX
.delay_slot
.swstall delay_slot
	  5512    0x00 0x2c 0xf0 0x04 0x00 0x00 0x1c 0x22                                          NOPA;                                                                                                                                                           NOPV
.return_address
.no_stack_arguments
	  5520    0x06 0x00 0x00 0x00 0x00 0x00 0x00 0x00 0x40 0xba                                MOVA r0, #48;                                                                             JL #llvm___aie2p___release
.delay_slot
	  5530    0x10 0x02 0x05 0x18                                                                                                                                                        MOVX r1, #1
.delay_slot
.swstall delay_slot
	  5534    0x00 0x00                                                                        NOPX
.delay_slot
.swstall delay_slot
	  5536    0x00 0x00                                                                        NOPX
.delay_slot
.swstall delay_slot
	  5538    0x00 0x00                                                                        NOPX
.delay_slot
.swstall delay_slot
	  5540    0x00 0x2c 0xf0 0x00 0x20 0x00 0x00 0x00 0x00 0xad 0x81 0x36                      NOPA;                         NOPB;                         NOPS;                         NOPX
.return_address
.no_stack_arguments
	  5552    0x00 0x00 0x00 0x00 0x01 0x04                                                                                                                                              JL #llvm___aie2p___acquire
.delay_slot
	  5558    0x06 0x20 0x00 0x00 0x00 0x07 0x30 0x98 0x10 0xba                                MOVA r0, #49;                                                                             MOVXM p6, #(TGT_Fcore_1_2_4400 + 0)
.delay_slot
	  5568    0x17 0xc2 0xfd 0x18                                                                                                                                                        MOVX r1, #-1
.delay_slot
.swstall delay_slot
	  5572    0x00 0x00                                                                        NOPX
.delay_slot
.swstall delay_slot
	  5574    0x00 0x00                                                                        NOPX
.delay_slot
.swstall delay_slot
	  5576    0x00 0x2c 0xf0 0x04 0x00 0x00 0x1c 0x22                                          NOPA;                                                                                                                                                           NOPV
.return_address
.no_stack_arguments
	  5584    0x00 0x00 0x00 0x00 0x01 0x04                                                                                                                                              JL #matmul_vectorized_bfp16
.delay_slot
	  5590    0x00 0x00 0x00 0xc0 0x00 0x44                                                                                                                                              MOVXM p0, #A_L2L1_0_1_cons_buff_1
.delay_slot
	  5596    0x00 0x00 0x02 0xc0 0x00 0x44                                                                                                                                              MOVXM p1, #B_L2L1_1_0_cons_buff_1
.delay_slot
	  5602    0x1a 0x6e 0xc0 0xf8                                                                                                                                                                                      MOV p2, p7
.delay_slot
.swstall delay_slot
	  5606    0x00 0x00                                                                        NOPX
.delay_slot
.swstall delay_slot
	  5608    0x00 0x2c 0xf0 0x04 0x00 0x00 0x1c 0x22                                          NOPA;                                                                                                                                                           NOPV
.return_address
.no_stack_arguments
	  5616    0x06 0x00 0x00 0x00 0x00 0x00 0x00 0x00 0x40 0xba                                MOVA r0, #48;                                                                             JL #llvm___aie2p___release
.delay_slot
	  5626    0x10 0x02 0x05 0x18                                                                                                                                                        MOVX r1, #1
.delay_slot
.swstall delay_slot
	  5630    0x00 0x00                                                                        NOPX
.delay_slot
.swstall delay_slot
	  5632    0x00 0x00                                                                        NOPX
.delay_slot
.swstall delay_slot
	  5634    0x00 0x00                                                                        NOPX
.delay_slot
.swstall delay_slot
	  5636    0x00 0x2c 0xf0 0x00 0x20 0x00 0x00 0x00 0x00 0xad 0x81 0x36                      NOPA;                         NOPB;                         NOPS;                         NOPX
.return_address
.no_stack_arguments
	  5648    0x00 0x21 0x00 0x00 0x00 0x00 0x00 0x00 0x40 0xba                                MOVA r1, #1;                                                                              JL #llvm___aie2p___release
.delay_slot
	  5658    0x10 0x00 0xc9 0x18                                                                                                                                                        MOVX r0, #50
.delay_slot
.swstall delay_slot
	  5662    0x00 0x00                                                                        NOPX
.delay_slot
.swstall delay_slot
	  5664    0x00 0x00                                                                        NOPX
.delay_slot
.swstall delay_slot
	  5666    0x00 0x00                                                                        NOPX
.delay_slot
.swstall delay_slot
	  5668    0x00 0x2c 0xf0 0x00 0x20 0x00 0x00 0x00 0x00 0xad 0x81 0x36                      NOPA;                         NOPB;                         NOPS;                         NOPX
.return_address
	  5680    0x12 0x95 0xa0 0x18                                                                                                                                                        JNZD r10, r10, p6
.delay_slot
.swstall delay_slot
	  5684    0x00 0x00                                                                        NOPX
.delay_slot
.swstall delay_slot
	  5686    0x00 0x00                                                                        NOPX
.delay_slot
.swstall delay_slot
	  5688    0x00 0x00                                                                        NOPX
.delay_slot
.swstall delay_slot
	  5690    0x00 0x00                                                                        NOPX
.delay_slot
.swstall delay_slot
	  5692    0x00 0x00                                                                        NOPX
.loop_nesting 1
.no_stack_arguments
	  5694    0x06 0xa0 0x00 0x00 0x00 0x00 0x00 0x00 0x40 0xba                                MOVA r0, #53;                                                                             JL #llvm___aie2p___release
.delay_slot
	  5704    0x10 0x02 0x05 0x18                                                                                                                                                        MOVX r1, #1
.delay_slot
.swstall delay_slot
	  5708    0x00 0x00                                                                        NOPX
.delay_slot
.swstall delay_slot
	  5710    0x00 0x00                                                                        NOPX
.delay_slot
.swstall delay_slot
	  5712    0x00 0x00                                                                        NOPX
.delay_slot
.swstall delay_slot
	  5714    0x00 0x2c 0xf0 0x02 0xb6 0x00 0x00 0x40 0x1a 0x57 0x00 0x00 0x1c 0x2e            NOPA;                                                       NOPS;                                                       NOPM;                                   NOPV
.return_address
	  5728    0xfa 0x46 0x20 0x3f 0x27 0xca 0x08 0x00 0x58 0xba                                LDA r17, [sp, #-48];                                                                      MOVX r18, #-2;                MOV r16, #0
	  5738    0x5c 0xa5 0x9d 0x20 0x01 0x64                                                                                                                                              LTU r18, r11, r18;            MOV r26, #0
	  5744    0x00 0x00                                                                        NOPX
	  5746    0x00 0x00                                                                        NOPX
	  5748    0x00 0x00                                                                        NOPX
	  5750    0x00 0x00                                                                        NOPX
	  5752    0x00 0x00                                                                        NOPX
	  5754    0x14 0x66 0xd0 0x18                                                                                                                                                        EQZ r19, r17
	  5758    0x14 0xe5 0x24 0x98                                                                                                                                                        AND r18, r19, r18
	  5762    0x14 0xa1 0x05 0x98                                                                                                                                                        OR r16, r18, r16
	  5766    0x80 0x00 0x30 0x40 0x01 0x84                                                                                                                                              JNZ r16, #TGT_Fcore_1_2_96
.delay_slot
	  5772    0x12 0xd6 0x07 0x18                                                                                                                                                        ADD r11, r11, #1
.delay_slot
	  5776    0x14 0x63 0xa2 0x98                                                                                                                                                        ADC r17, r17, r26
.delay_slot
	  5780    0x0f 0xd2 0x35 0x98                                                                                                                          ST r17, [sp, #-48]
.delay_slot
.swstall delay_slot
	  5784    0x00 0x00                                                                        NOPX
.delay_slot
.swstall delay_slot
	  5786    0x00 0x00                                                                        NOPX
.loop_nesting 0
	  5788    0x07 0xd4 0x39 0x18                                                              LDA lr, [sp, #-44]
	  5792    0x07 0xd9 0x51 0x18                                                              LDA r10, [sp, #-40]
	  5796    0x07 0xdd 0x71 0x18                                                              LDA r11, [sp, #-36]
	  5800    0x07 0xe1 0x91 0x18                                                              LDA r12, [sp, #-32]
	  5804    0x07 0xe9 0xb1 0x18                                                              LDA r13, [sp, #-24]
	  5808    0x07 0xf1 0xd1 0x18                                                              LDA r14, [sp, #-16]
	  5812    0x07 0xf5 0xf1 0x18                                                              LDA r15, [sp, #-12]
	  5816    0x07 0xf9 0x11 0x18                                                              LDA r8, [sp, #-8]
	  5820    0x07 0xfd 0x31 0x18                                                              LDA r9, [sp, #-4]
	  5824    0x07 0xe7 0x19 0x18                                                              LDA p6, [sp, #-28]
	  5828    0x07 0xef 0x99 0x18                                                              LDA p7, [sp, #-20]
	  5832    0x10 0x28 0x00 0x18                                                                                                                                                        RET lr
.delay_slot
	  5836    0xff 0xf8 0x00 0x00 0x01 0xc4                                                                                                                                              PADDXM [sp], #-64
.delay_slot
.swstall delay_slot
	  5842    0x00 0x00                                                                        NOPX
.delay_slot
.swstall delay_slot
	  5844    0x00 0x00                                                                        NOPX
.delay_slot
.swstall delay_slot
	  5846    0x00 0x00                                                                        NOPX
.label core_1_2__end last
.delay_slot
.swstall delay_slot
	  5848    0x00 0x00                                                                        NOPX

.undef global data C_L1L2_1_0_buff_0

.undef global data A_L2L1_0_1_cons_buff_0

.undef global data B_L2L1_1_0_cons_buff_0

.undef global data A_L2L1_0_1_cons_buff_1

.undef global data B_L2L1_1_0_cons_buff_1

.undef global text llvm___aie2p___acquire

.undef global text zero_kernel

.undef global text matmul_vectorized_bfp16

.undef global text llvm___aie2p___release

.text_segment_name
.text global 10 llvm___aie2p___acquire
.function_start
	     0    0x10 0x12 0x18 0x18                                                                                                                                                        ACQ r0, r1
	     4    0x10 0x28 0x00 0x18                                                                                                                                                        RET lr
.delay_slot
.swstall delay_slot
	     8    0x00 0x00                                                                        NOPX
.delay_slot
.swstall delay_slot
	    10    0x00 0x00                                                                        NOPX
.delay_slot
.swstall delay_slot
	    12    0x00 0x00                                                                        NOPX
.delay_slot
.swstall delay_slot
	    14    0x00 0x00                                                                        NOPX
.label llvm___aie2p___acquire__end last
.delay_slot
.swstall delay_slot
	    16    0x00 0x00                                                                        NOPX

.text_segment_name
.text global 10 llvm___aie2p___release
.function_start
	     0    0x10 0x10 0x18 0x18                                                                                                                                                        REL r0, r1
	     4    0x10 0x28 0x00 0x18                                                                                                                                                        RET lr
.delay_slot
.swstall delay_slot
	     8    0x00 0x00                                                                        NOPX
.delay_slot
.swstall delay_slot
	    10    0x00 0x00                                                                        NOPX
.delay_slot
.swstall delay_slot
	    12    0x00 0x00                                                                        NOPX
.delay_slot
.swstall delay_slot
	    14    0x00 0x00                                                                        NOPX
.label llvm___aie2p___release__end last
.delay_slot
.swstall delay_slot
	    16    0x00 0x00                                                                        NOPX

.text_segment_name
.text global 10 llvm___aie___event0
.function_start
	     0    0x10 0x28 0x00 0x18                                                                                                                                                        RET lr
.delay_slot
	     4    0x10 0x10 0x00 0x18                                                                                                                                                        EVENT #0
.delay_slot
.swstall delay_slot
	     8    0x00 0x00                                                                        NOPX
.delay_slot
.swstall delay_slot
	    10    0x00 0x00                                                                        NOPX
.delay_slot
.swstall delay_slot
	    12    0x00 0x00                                                                        NOPX
.label llvm___aie___event0__end last
.delay_slot
.swstall delay_slot
	    14    0x00 0x00                                                                        NOPX

.text_segment_name
.text global 10 llvm___aie___event1
.function_start
	     0    0x10 0x28 0x00 0x18                                                                                                                                                        RET lr
.delay_slot
	     4    0x12 0x10 0x00 0x18                                                                                                                                                        EVENT #1
.delay_slot
.swstall delay_slot
	     8    0x00 0x00                                                                        NOPX
.delay_slot
.swstall delay_slot
	    10    0x00 0x00                                                                        NOPX
.delay_slot
.swstall delay_slot
	    12    0x00 0x00                                                                        NOPX
.label llvm___aie___event1__end last
.delay_slot
.swstall delay_slot
	    14    0x00 0x00                                                                        NOPX



.direct_eval +,-,(,)
