
// File generated by darts version V-2024.06#8be6237c82#250729, Mon Jun 29 01:33:00 2026
// Copyright 2014-2024 Synopsys, Inc. All rights reserved.
// darts -I/home/bcloud/torch2aie/toolchain/aietools/data/aie2p/lib -d -h -I/home/bcloud/torch2aie/toolchain/aietools/include -I/home/bcloud/torch2aie/toolchain/aietools/data/aie2p/lib/runtime_cxx/libcxx-lite/include -I/home/bcloud/torch2aie/toolchain/aietools/data/aie2p/lib/runtime_cxx/libs/libcxx-16/include -I/home/bcloud/torch2aie/toolchain/aietools/data/aie2p/lib/runtime_cxx/libs/libcxxabi-16/include -I/home/bcloud/torch2aie/toolchain/aietools/data/aie2p/lib/runtime/include -D__AIENGINE__ -D__AIE_ARCH__=21 -D__AIEARCH__=21 -D__tct_tgt__=250729 -L +Ihex +nanno +u /home/bcloud/torch2aie/examples/gemm_asymmetric_tile_buffering/config1/aie_256x1024x4096_128x64x128.mlir.prj/main_core_6_2.elf me

// Release: ipp V-2024.06-TGT-250729

.text_segment PM      0
.entry_point
.label __AIE_ARCH_MODEL_VERSION__21011400__inlined__1__me_basic___main_init_
.label _main_init
.function_start
           0    0x00 0x07 0x09 0xe0 0x00 0x44                                                                                                                                              MOVXM sp, #458752
           6    0x00 0x00 0x04 0x20 0x00 0x44                                                                                                                                              MOVXM r8, #0
          12    0x00 0x00 0x08 0x20 0x00 0x44                                                                                                                                              MOVXM r16, #0
          18    0x12 0x21 0x07 0x98                                                                                                                                                        EQ r16, r8, r16
          22    0x80 0x00 0x40 0x40 0x01 0x84                                                                                                                                              JNZ r16, #128
.delay_slot
.swstall delay_slot
          28    0x00 0x00                                                                        NOPX
.delay_slot
.swstall delay_slot
          30    0x00 0x00                                                                        NOPX
.delay_slot
.swstall delay_slot
          32    0x00 0x00                                                                        NOPX
.delay_slot
.swstall delay_slot
          34    0x00 0x00                                                                        NOPX
.delay_slot
.swstall delay_slot
          36    0x00 0x00                                                                        NOPX
          38    0x00 0x2c 0xf7 0x80 0x8b 0x01 0x28 0x50 0x72 0xba                                NOPA;                                                       MOVS p7, p0;                                                MOV r9, r1
          48    0x00 0x2c 0xf0 0x00 0x20 0x01 0x5b 0x3f 0xff 0xff 0x37 0xfe 0x10 0x00 0x00 0xe1  NOPA;                         NOPB;                         NOPS;                         MOVXM p6, #-4;                                                        NOPV
.label TGT_F_main_init_64
.loop_nesting 1
          64    0xdf 0x83 0xd5 0x39 0x81 0xd4                                                    LDA p0, [p6], #-4;                                                                                                      MOV r10, p6
          70    0x00 0x00                                                                        NOPX
          72    0x00 0x00                                                                        NOPX
          74    0x00 0x00                                                                        NOPX
          76    0x00 0x00                                                                        NOPX
          78    0x00 0x00                                                                        NOPX
          80    0x00 0x00                                                                        NOPX
.no_stack_arguments
          82    0x10 0x30 0x00 0x18                                                                                                                                                        JL p0
.delay_slot
.swstall delay_slot
          86    0x00 0x00                                                                        NOPX
.delay_slot
.swstall delay_slot
          88    0x00 0x00                                                                        NOPX
.delay_slot
.swstall delay_slot
          90    0x00 0x00                                                                        NOPX
.delay_slot
.swstall delay_slot
          92    0x00 0x00                                                                        NOPX
.delay_slot
.swstall delay_slot
          94    0x00 0x00                                                                        NOPX
.return_address
          96    0x12 0xa0 0x88 0x98                                                                                                                                                        NE r16, r10, r8
         100    0x80 0x00 0x20 0x40 0x01 0x84                                                                                                                                              JNZ r16, #64
.delay_slot
.swstall delay_slot
         106    0x00 0x00                                                                        NOPX
.delay_slot
.swstall delay_slot
         108    0x00 0x00                                                                        NOPX
.delay_slot
.swstall delay_slot
         110    0x00 0x00                                                                        NOPX
.delay_slot
.swstall delay_slot
         112    0x00 0x00                                                                        NOPX
.delay_slot
.swstall delay_slot
         114    0x00 0x00                                                                        NOPX
.loop_nesting 0
         116    0x00 0x2c 0xf0 0x00 0x20 0x9c 0x8b 0x00 0x2a 0x50 0x70 0xf6                      NOPA;                         NOPB;                         MOVS p0, p7;                                                MOV r1, r9
.label TGT_F_main_init_128
.no_stack_arguments
         128    0x00 0x00 0x70 0x00 0x01 0x04                                                                                                                                              JL #224
.delay_slot
.swstall delay_slot
         134    0x00 0x00                                                                        NOPX
.delay_slot
.swstall delay_slot
         136    0x00 0x00                                                                        NOPX
.delay_slot
.swstall delay_slot
         138    0x00 0x00                                                                        NOPX
.delay_slot
.swstall delay_slot
         140    0x00 0x00                                                                        NOPX
.delay_slot
.swstall delay_slot
         142    0x00 0x00                                                                        NOPX
.return_address
.no_stack_arguments
         144    0x00 0x09 0x50 0x00 0x01 0x04                                                                                                                                              JL #4768
.delay_slot
         150    0x18 0x60 0x00 0xb8                                                                                                                                                                                      MOV p0, #0
.delay_slot
.swstall delay_slot
         154    0x00 0x00                                                                        NOPX
.delay_slot
.swstall delay_slot
         156    0x00 0x00                                                                        NOPX
.delay_slot
.swstall delay_slot
         158    0x00 0x00                                                                        NOPX
.delay_slot
.swstall delay_slot
         160    0x00 0x2c 0xf0 0x00 0x20 0x01 0x5b 0x00 0x00 0x00 0x01 0xa5 0x78 0x00 0x00 0xe1  NOPA;                         NOPB;                         NOPS;                         NOPX;                         NOPM;                                   NOPV
.return_address
.swstall chess_separator_scheduler
         176    0x00 0x00                                                                        NOPX
.swstall chess_separator_scheduler
         178    0x00 0x00                                                                        NOPX
.swstall chess_separator_scheduler
         180    0x00 0x00                                                                        NOPX
.swstall chess_separator_scheduler
         182    0x00 0x00                                                                        NOPX
.swstall chess_separator_scheduler
         184    0x00 0x00                                                                        NOPX
.swstall chess_separator_scheduler
         186    0x00 0x00                                                                        NOPX
         188    0x10 0x08 0x00 0x18                                                                                                                                                        DONE
.swstall chess_separator_scheduler
         192    0x00 0x00                                                                        NOPX
.swstall chess_separator_scheduler
         194    0x00 0x00                                                                        NOPX
.swstall chess_separator_scheduler
         196    0x00 0x00                                                                        NOPX
.swstall chess_separator_scheduler
         198    0x00 0x00                                                                        NOPX
.swstall chess_separator_scheduler
         200    0x00 0x00                                                                        NOPX
.swstall chess_separator_scheduler
         202    0x00 0x00                                                                        NOPX
.swstall for_chess_exit
.exit
         204    0x00 0x01 0x67 0x98                                                              NOPA
.label TGT_F_main_init_208
.loop_nesting 1
         208    0x00 0x00 0x68 0x00 0x00 0x84                                                                                                                                              J #208
.delay_slot
.swstall delay_slot
         214    0x00 0x00                                                                        NOPX
.delay_slot
.swstall delay_slot
         216    0x00 0x00                                                                        NOPX
.delay_slot
.swstall delay_slot
         218    0x00 0x00                                                                        NOPX
.delay_slot
.swstall delay_slot
         220    0x00 0x00                                                                        NOPX
.delay_slot
.swstall delay_slot
         222    0x00 0x00                                                                        NOPX
.label _main_init__end
.label core_6_2
.function_start
         224    0x00 0x18 0x02 0x9c 0x8b 0x00 0x02 0x00 0x00 0x00 0x70 0x76                      MOVA r24, #0;                                               MOVS p2, p7;                  PADDXM [sp], #64
         236    0x00 0x13 0x07 0xfd 0x15 0x80 0x01 0xff 0xb2 0x80 0x10 0x76                      MOVA r19, #0;                                               ST r8, [sp, #-4];             MOVXM p7, #521472
         248    0xe3 0xe2 0x30 0x00 0x2b 0xd0 0x70 0x02                                                                                                      ST r24, [p7], #4;                                           MOV r1, r15
         256    0xe0 0xe2 0x30 0x00 0xe0 0x28 0x4b 0x90 0x79 0x3a                                                                                            ST r24, [p7];                 MOVX r14, #1;                 MOV r2, r14
         266    0xfa 0x62 0xb0 0x00 0x8b 0x50 0x70 0x02                                                                                                      ST r24, [sp, #-48];                                         MOV r4, r13
         274    0xff 0x06 0xb0 0x00 0x6b 0x10 0x70 0x02                                                                                                      ST r1, [sp, #-8];                                           MOV r3, r12
         282    0xfe 0x8a 0xb0 0x00 0x0a 0xd0 0x70 0x02                                                                                                      ST r2, [sp, #-12];                                          MOV r0, r11
         290    0xfe 0x12 0xb0 0x00 0x01 0xf9 0x8a 0x80 0x11 0x3a                                                                                            ST r4, [sp, #-16];            MOVXM r12, #517376
         300    0xfd 0x0e 0xb0 0x00 0x01 0xf5 0xaa 0x80 0x11 0x3a                                                                                            ST r3, [sp, #-24];            MOVXM r13, #513280
         310    0xfc 0x02 0xb0 0x00 0x01 0xe1 0x0e 0x80 0x11 0x3a                                                                                            ST r0, [sp, #-32];            MOVXM r8, #494848
         320    0x0f 0xdd 0x55 0x98                                                                                                                          ST r10, [sp, #-36]
         324    0x0f 0xd9 0x35 0x98                                                                                                                          ST r9, [sp, #-40]
         328    0x0f 0xed 0x1d 0x98                                                                                                                          ST p2, [sp, #-20]
         332    0x0f 0xe7 0x1d 0x98                                                                                                                          ST p6, [sp, #-28]
         336    0x0f 0xd4 0x3d 0x98                                                                                                                          ST lr, [sp, #-44]
         340    0x00 0x2c 0xf0 0x00 0x20 0x00 0x00 0x03 0x8b 0x88 0xc1 0x36                      NOPA;                         NOPB;                         ST r24, [p7, #4];             NOPX
.label TGT_Fcore_6_2_128
.loop_nesting 1
.no_stack_arguments
         352    0xff 0xe1 0x00 0x00 0x01 0x3c 0x00 0x00 0x40 0xba                                MOVA r1, #-1;                                                                             JL #2528
.delay_slot
         362    0x10 0x00 0xd1 0x18                                                                                                                                                        MOVX r0, #52
.delay_slot
         366    0x0f 0xce 0x75 0x98                                                                                                                          ST r19, [sp, #-52]
.delay_slot
.swstall delay_slot
         370    0x00 0x00                                                                        NOPX
.delay_slot
.swstall delay_slot
         372    0x00 0x00                                                                        NOPX
.delay_slot
.swstall delay_slot
         374    0x00 0x2c 0xf0 0x00 0x10 0x00 0x01 0xa5 0x7e 0xba                                NOPA;                         NOPB;                                                                                     NOPM
.return_address
.no_stack_arguments
         384    0x00 0x08 0x88 0x00 0x01 0x04                                                                                                                                              JL #4368
.delay_slot
         390    0x00 0x07 0x00 0xda 0x00 0x44                                                                                                                                              MOVXM p0, #462080
.delay_slot
.swstall delay_slot
         396    0x00 0x00                                                                        NOPX
.delay_slot
.swstall delay_slot
         398    0x00 0x00                                                                        NOPX
.delay_slot
.swstall delay_slot
         400    0x00 0x00                                                                        NOPX
.delay_slot
.swstall delay_slot
         402    0x00 0x2c 0xf0 0x02 0xb6 0x00 0x00 0x40 0x1a 0x57 0x00 0x00 0x1c 0x2e            NOPA;                                                       NOPS;                                                       NOPM;                                   NOPV
.return_address
         416    0x00 0x2c 0xf0 0x00 0x20 0x01 0x5b 0x00 0x91 0xe8 0x2f 0xff 0x58 0x00 0x00 0xe1  NOPA;                         NOPB;                         NOPS;                         MOVX r9, #15;                 MOV r1, #-1;                            NOPV
.label TGT_Fcore_6_2_208
.loop_nesting 2
.no_stack_arguments
         432    0x00 0x04 0xf0 0x00 0x01 0x04                                                                                                                                              JL #2528
.delay_slot
         438    0x10 0x00 0xcd 0x18                                                                                                                                                        MOVX r0, #51
.delay_slot
.swstall delay_slot
         442    0x00 0x00                                                                        NOPX
.delay_slot
.swstall delay_slot
         444    0x00 0x00                                                                        NOPX
.delay_slot
.swstall delay_slot
         446    0x00 0x00                                                                        NOPX
.delay_slot
.swstall delay_slot
         448    0x00 0x2c 0xf0 0x00 0x20 0x01 0x5b 0x00 0x00 0x00 0x01 0xa5 0x78 0x00 0x00 0xe1  NOPA;                         NOPB;                         NOPS;                         NOPX;                         NOPM;                                   NOPV
.return_address
         464    0xe0 0xc6 0xd0 0x3e 0x17 0xe8 0x08 0x31 0x58 0xba                                LDA r17, [p7];                                                                            MOVX r1, #-1;                 MOV r0, #49
         474    0x00 0x00                                                                        NOPX
         476    0x00 0x00                                                                        NOPX
.no_stack_arguments
         478    0x00 0x04 0xf0 0x00 0x01 0x04                                                                                                                                              JL #2528
.delay_slot
         484    0x00 0x07 0xb8 0x22 0x00 0x44                                                                                                                                              MOVXM r16, #504064
.delay_slot
.swstall delay_slot
         490    0x00 0x00                                                                        NOPX
.delay_slot
.swstall delay_slot
         492    0x00 0x00                                                                        NOPX
.delay_slot
         494    0x14 0x76 0xe7 0x98                                                                                                                                                        EQ r27, r17, r14
.delay_slot
         498    0x00 0x2c 0xf0 0x00 0x22 0x1f 0x02 0x00 0x34 0xaf 0x00 0x2b 0x60 0x7e            NOPA;                         NOPB;                         NOPS;                         SEL.EQZ r15, r8, r16, r27;    NOPM
.return_address
         512    0xe2 0xc2 0xd2 0xcf 0x41 0xd4                                                    LDA r16, [p7, #4];                                                                                                      MOV p1, r15
         518    0x1e 0x62 0xc0 0xf8                                                                                                                                                                                      MOV p6, p1
         522    0x00 0x00                                                                        NOPX
         524    0x00 0x00                                                                        NOPX
.no_stack_arguments
         526    0x00 0x05 0x10 0x00 0x01 0x04                                                                                                                                              JL #2592
.delay_slot
         532    0x00 0x07 0x04 0xda 0x00 0x44                                                                                                                                              MOVXM p2, #462080
.delay_slot
.swstall delay_slot
         538    0x00 0x00                                                                        NOPX
.delay_slot
         540    0x13 0xb7 0x07 0x98                                                                                                                                                        EQ r27, r14, r16
.delay_slot
         544    0x13 0x60 0xc2 0x18                                                                                                                                                        SEL.EQZ r16, r13, r12, r27
.delay_slot
         548    0x00 0x2c 0xf0 0x00 0x20 0x01 0x5b 0x00 0x34 0x10 0x70 0xf6                      NOPA;                         NOPB;                         NOPS;                                                       MOV p0, r16
.return_address
.no_stack_arguments
         560    0x06 0x00 0x00 0x00 0x01 0x40 0x00 0x00 0x40 0xba                                MOVA r0, #48;                                                                             JL #2560
.delay_slot
         570    0x10 0x1e 0x05 0x18                                                                                                                                                        MOVX r15, #1
.delay_slot
         574    0x10 0x02 0x05 0x18                                                                                                                                                        MOVX r1, #1
.delay_slot
.swstall delay_slot
         578    0x00 0x00                                                                        NOPX
.delay_slot
.swstall delay_slot
         580    0x00 0x00                                                                        NOPX
.delay_slot
.swstall delay_slot
         582    0x00 0x2c 0xf0 0x00 0x10 0x00 0x01 0xa5 0x7e 0xba                                NOPA;                         NOPB;                                                                                     NOPM
.return_address
         592    0xe2 0xc2 0xd0 0x3e 0x17 0xe8 0x08 0x31 0x58 0xba                                LDA r16, [p7, #4];                                                                        MOVX r1, #-1;                 MOV r0, #49
         602    0x00 0x00                                                                        NOPX
         604    0x00 0x00                                                                        NOPX
         606    0x00 0x00                                                                        NOPX
         608    0x00 0x00                                                                        NOPX
.no_stack_arguments
         610    0x00 0x04 0xf0 0x00 0x01 0x04                                                                                                                                              JL #2528
.delay_slot
.swstall delay_slot
         616    0x00 0x00                                                                        NOPX
.delay_slot
         618    0x14 0x20 0x07 0x18                                                                                                                                                        ADD r16, r16, #1
.delay_slot
         622    0x7e 0xe1 0x58 0xb0 0xfe 0x24                                                                                                                                              LT r27, r15, r16;             ADD.NC r17, r16, #-2
.delay_slot
         628    0x14 0x21 0x12 0x18                                                                                                                                                        SEL.EQZ r16, r16, r17, r27
.delay_slot
         632    0xe2 0xc2 0x30 0x00 0x01 0xa5 0x70 0x02                                                                                                      ST r16, [p7, #4];                                           NOPM
.return_address
         640    0xe2 0xc2 0xd2 0xd9 0x81 0xd4                                                    LDA r16, [p7, #4];                                                                                                      MOV p1, p6
         646    0x00 0x00                                                                        NOPX
         648    0x00 0x00                                                                        NOPX
         650    0x00 0x00                                                                        NOPX
.no_stack_arguments
         652    0x00 0x05 0x10 0x00 0x01 0x04                                                                                                                                              JL #2592
.delay_slot
         658    0x00 0x07 0x04 0xda 0x00 0x44                                                                                                                                              MOVXM p2, #462080
.delay_slot
.swstall delay_slot
         664    0x00 0x00                                                                        NOPX
.delay_slot
         666    0x13 0xf7 0x07 0x98                                                                                                                                                        EQ r27, r15, r16
.delay_slot
         670    0x13 0x60 0xc2 0x18                                                                                                                                                        SEL.EQZ r16, r13, r12, r27
.delay_slot
         674    0x00 0x2c 0xf0 0x02 0xb6 0x00 0x00 0x43 0x41 0x07 0x00 0x00 0x1c 0x2e            NOPA;                                                       NOPS;                                                       MOV p0, r16;                            NOPV
.return_address
.no_stack_arguments
         688    0x00 0x21 0x00 0x00 0x01 0x40 0x00 0x00 0x40 0xba                                MOVA r1, #1;                                                                              JL #2560
.delay_slot
         698    0x10 0x1c 0x05 0x18                                                                                                                                                        MOVX r14, #1
.delay_slot
         702    0x10 0x00 0xc1 0x18                                                                                                                                                        MOVX r0, #48
.delay_slot
.swstall delay_slot
         706    0x00 0x00                                                                        NOPX
.delay_slot
.swstall delay_slot
         708    0x00 0x00                                                                        NOPX
.delay_slot
.swstall delay_slot
         710    0x00 0x2c 0xf0 0x00 0x10 0x00 0x01 0xa5 0x7e 0xba                                NOPA;                         NOPB;                                                                                     NOPM
.return_address
         720    0xe2 0xc2 0xd0 0x00 0x06 0x48 0x28 0x01 0x58 0xba                                LDA r16, [p7, #4];                                                                        MOVX r0, #50;                 MOV r1, #1
         730    0x00 0x00                                                                        NOPX
         732    0x00 0x00                                                                        NOPX
         734    0x00 0x00                                                                        NOPX
         736    0x00 0x00                                                                        NOPX
.no_stack_arguments
         738    0x00 0x05 0x00 0x00 0x01 0x04                                                                                                                                              JL #2560
.delay_slot
.swstall delay_slot
         744    0x00 0x00                                                                        NOPX
.delay_slot
         746    0x14 0x20 0x07 0x18                                                                                                                                                        ADD r16, r16, #1
.delay_slot
         750    0x76 0xe1 0x58 0xb0 0xfe 0x24                                                                                                                                              LT r27, r14, r16;             ADD.NC r17, r16, #-2
.delay_slot
         756    0x14 0x21 0x12 0x18                                                                                                                                                        SEL.EQZ r16, r16, r17, r27
.delay_slot
         760    0xe2 0xc2 0x30 0x00 0x01 0xa5 0x70 0x02                                                                                                      ST r16, [p7, #4];                                           NOPM
.return_address
         768    0xe0 0xc2 0xd0 0x00 0x00 0x03 0x30 0xd8 0x10 0xba                                LDA r16, [p7];                                                                            MOVXM p6, #432
         778    0x17 0xc2 0xfd 0x18                                                                                                                                                        MOVX r1, #-1
         782    0x00 0x00                                                                        NOPX
         784    0x00 0x00                                                                        NOPX
         786    0x00 0x00                                                                        NOPX
         788    0x12 0x53 0xa0 0x18                                                                                                                                                        JNZD r9, r9, p6
.delay_slot
.swstall delay_slot
         792    0x00 0x00                                                                        NOPX
.delay_slot
         794    0x14 0x20 0x07 0x18                                                                                                                                                        ADD r16, r16, #1
.delay_slot
         798    0x76 0xe1 0x58 0xb0 0xfe 0x24                                                                                                                                              LT r27, r14, r16;             ADD.NC r17, r16, #-2
.delay_slot
         804    0x14 0x21 0x12 0x18                                                                                                                                                        SEL.EQZ r16, r16, r17, r27
.delay_slot
         808    0x0f 0x06 0x11 0x98                                                                                                                          ST r16, [p7]
.loop_nesting 1
.no_stack_arguments
         812    0x06 0xa0 0x00 0x00 0x01 0x40 0x00 0x00 0x40 0xba                                MOVA r0, #53;                                                                             JL #2560
.delay_slot
         822    0x00 0x40 0xa8 0x3d 0x81 0xe4                                                                                                                                              MOVX r1, #1;                  MOV r16, p7
.delay_slot
         828    0x1a 0x58 0x7e 0x18                                                                                                                                                                                      ADD.NC r9, r16, #-4
.delay_slot
.swstall delay_slot
         832    0x00 0x00                                                                        NOPX
.delay_slot
.swstall delay_slot
         834    0x00 0x00                                                                        NOPX
.delay_slot
.swstall delay_slot
         836    0x00 0x2c 0xf0 0x00 0x20 0x00 0x00 0x00 0x00 0xad 0x81 0x36                      NOPA;                         NOPB;                         NOPS;                         NOPX
.return_address
         848    0xfe 0xc2 0xd0 0x00 0x06 0x88 0x2f 0xff 0x58 0xba                                LDA r16, [p7, #-4];                                                                       MOVX r0, #52;                 MOV r1, #-1
         858    0x00 0x00                                                                        NOPX
         860    0x00 0x00                                                                        NOPX
         862    0x00 0x00                                                                        NOPX
.no_stack_arguments
         864    0x00 0x04 0xf0 0x00 0x01 0x04                                                                                                                                              JL #2528
.delay_slot
         870    0x7f 0xff 0xf8 0xbf 0xfc 0x44                                                                                                                                              MOVXM r17, #2147483646
.delay_slot
.swstall delay_slot
         876    0x00 0x00                                                                        NOPX
.delay_slot
         878    0x14 0x63 0x0c 0x98                                                                                                                                                        LTU r17, r17, r16
.delay_slot
         882    0x14 0x61 0x00 0x98                                                                                                                                                        ADD r16, r17, r16
.delay_slot
         886    0x00 0x2c 0xf7 0xf6 0x11 0x80 0x00 0x00 0x00 0x7a                                NOPA;                                                       ST r16, [p7, #-4];            NOPX
.return_address
.no_stack_arguments
         896    0x00 0x08 0x88 0x00 0x01 0x04                                                                                                                                              JL #4368
.delay_slot
         902    0x00 0x07 0x00 0xda 0x00 0x44                                                                                                                                              MOVXM p0, #462080
.delay_slot
.swstall delay_slot
         908    0x00 0x00                                                                        NOPX
.delay_slot
.swstall delay_slot
         910    0x00 0x00                                                                        NOPX
.delay_slot
.swstall delay_slot
         912    0x00 0x00                                                                        NOPX
.delay_slot
.swstall delay_slot
         914    0x00 0x2c 0xf0 0x02 0xb6 0x00 0x00 0x40 0x1a 0x57 0x00 0x00 0x1c 0x2e            NOPA;                                                       NOPS;                                                       NOPM;                                   NOPV
.return_address
         928    0x00 0x2c 0xf0 0x00 0x27 0xc9 0x35 0x80 0x91 0xe8 0x2f 0xff 0x58 0x00 0x00 0xe1  NOPA;                         NOPB;                         ST r9, [sp, #-56];            MOVX r9, #15;                 MOV r1, #-1;                            NOPV
.label TGT_Fcore_6_2_720
.loop_nesting 2
.no_stack_arguments
         944    0x00 0x04 0xf0 0x00 0x01 0x04                                                                                                                                              JL #2528
.delay_slot
         950    0x10 0x00 0xcd 0x18                                                                                                                                                        MOVX r0, #51
.delay_slot
.swstall delay_slot
         954    0x00 0x00                                                                        NOPX
.delay_slot
.swstall delay_slot
         956    0x00 0x00                                                                        NOPX
.delay_slot
.swstall delay_slot
         958    0x00 0x00                                                                        NOPX
.delay_slot
.swstall delay_slot
         960    0x00 0x2c 0xf0 0x00 0x20 0x01 0x5b 0x00 0x00 0x00 0x01 0xa5 0x78 0x00 0x00 0xe1  NOPA;                         NOPB;                         NOPS;                         NOPX;                         NOPM;                                   NOPV
.return_address
         976    0xe0 0xc6 0xd0 0x3e 0x17 0xe8 0x08 0x31 0x58 0xba                                LDA r17, [p7];                                                                            MOVX r1, #-1;                 MOV r0, #49
         986    0x00 0x00                                                                        NOPX
         988    0x00 0x00                                                                        NOPX
.no_stack_arguments
         990    0x00 0x04 0xf0 0x00 0x01 0x04                                                                                                                                              JL #2528
.delay_slot
         996    0x00 0x07 0xb8 0x22 0x00 0x44                                                                                                                                              MOVXM r16, #504064
.delay_slot
.swstall delay_slot
        1002    0x00 0x00                                                                        NOPX
.delay_slot
.swstall delay_slot
        1004    0x00 0x00                                                                        NOPX
.delay_slot
        1006    0x14 0x76 0xe7 0x98                                                                                                                                                        EQ r27, r17, r14
.delay_slot
        1010    0x00 0x2c 0xf0 0x00 0x22 0x1f 0x02 0x00 0x34 0xaf 0x00 0x2b 0x60 0x7e            NOPA;                         NOPB;                         NOPS;                         SEL.EQZ r15, r8, r16, r27;    NOPM
.return_address
        1024    0xe2 0xc2 0xd2 0xcf 0x41 0xd4                                                    LDA r16, [p7, #4];                                                                                                      MOV p1, r15
        1030    0x1e 0x62 0xc0 0xf8                                                                                                                                                                                      MOV p6, p1
        1034    0x00 0x00                                                                        NOPX
        1036    0x00 0x00                                                                        NOPX
.no_stack_arguments
        1038    0x00 0x05 0x10 0x00 0x01 0x04                                                                                                                                              JL #2592
.delay_slot
        1044    0x00 0x07 0x04 0xda 0x00 0x44                                                                                                                                              MOVXM p2, #462080
.delay_slot
.swstall delay_slot
        1050    0x00 0x00                                                                        NOPX
.delay_slot
        1052    0x13 0xb7 0x07 0x98                                                                                                                                                        EQ r27, r14, r16
.delay_slot
        1056    0x13 0x60 0xc2 0x18                                                                                                                                                        SEL.EQZ r16, r13, r12, r27
.delay_slot
        1060    0x00 0x2c 0xf0 0x00 0x20 0x01 0x5b 0x00 0x34 0x10 0x70 0xf6                      NOPA;                         NOPB;                         NOPS;                                                       MOV p0, r16
.return_address
.no_stack_arguments
        1072    0x06 0x00 0x00 0x00 0x01 0x40 0x00 0x00 0x40 0xba                                MOVA r0, #48;                                                                             JL #2560
.delay_slot
        1082    0x10 0x02 0x05 0x18                                                                                                                                                        MOVX r1, #1
.delay_slot
        1086    0x10 0x1e 0x05 0x18                                                                                                                                                        MOVX r15, #1
.delay_slot
.swstall delay_slot
        1090    0x00 0x00                                                                        NOPX
.delay_slot
.swstall delay_slot
        1092    0x00 0x00                                                                        NOPX
.delay_slot
.swstall delay_slot
        1094    0x00 0x2c 0xf0 0x00 0x10 0x00 0x01 0xa5 0x7e 0xba                                NOPA;                         NOPB;                                                                                     NOPM
.return_address
        1104    0xe2 0xc2 0xd0 0x3e 0x17 0xe8 0x08 0x31 0x58 0xba                                LDA r16, [p7, #4];                                                                        MOVX r1, #-1;                 MOV r0, #49
        1114    0x00 0x00                                                                        NOPX
        1116    0x00 0x00                                                                        NOPX
        1118    0x00 0x00                                                                        NOPX
        1120    0x00 0x00                                                                        NOPX
.no_stack_arguments
        1122    0x00 0x04 0xf0 0x00 0x01 0x04                                                                                                                                              JL #2528
.delay_slot
.swstall delay_slot
        1128    0x00 0x00                                                                        NOPX
.delay_slot
        1130    0x14 0x20 0x07 0x18                                                                                                                                                        ADD r16, r16, #1
.delay_slot
        1134    0x7e 0xe1 0x58 0xb0 0xfe 0x24                                                                                                                                              LT r27, r15, r16;             ADD.NC r17, r16, #-2
.delay_slot
        1140    0x14 0x21 0x12 0x18                                                                                                                                                        SEL.EQZ r16, r16, r17, r27
.delay_slot
        1144    0xe2 0xc2 0x30 0x00 0x01 0xa5 0x70 0x02                                                                                                      ST r16, [p7, #4];                                           NOPM
.return_address
        1152    0xe2 0xc2 0xd2 0xd9 0x81 0xd4                                                    LDA r16, [p7, #4];                                                                                                      MOV p1, p6
        1158    0x00 0x00                                                                        NOPX
        1160    0x00 0x00                                                                        NOPX
        1162    0x00 0x00                                                                        NOPX
.no_stack_arguments
        1164    0x00 0x05 0x10 0x00 0x01 0x04                                                                                                                                              JL #2592
.delay_slot
        1170    0x00 0x07 0x04 0xda 0x00 0x44                                                                                                                                              MOVXM p2, #462080
.delay_slot
.swstall delay_slot
        1176    0x00 0x00                                                                        NOPX
.delay_slot
        1178    0x13 0xf7 0x07 0x98                                                                                                                                                        EQ r27, r15, r16
.delay_slot
        1182    0x13 0x60 0xc2 0x18                                                                                                                                                        SEL.EQZ r16, r13, r12, r27
.delay_slot
        1186    0x00 0x2c 0xf0 0x02 0xb6 0x00 0x00 0x43 0x41 0x07 0x00 0x00 0x1c 0x2e            NOPA;                                                       NOPS;                                                       MOV p0, r16;                            NOPV
.return_address
.no_stack_arguments
        1200    0x00 0x21 0x00 0x00 0x01 0x40 0x00 0x00 0x40 0xba                                MOVA r1, #1;                                                                              JL #2560
.delay_slot
        1210    0x10 0x1c 0x05 0x18                                                                                                                                                        MOVX r14, #1
.delay_slot
        1214    0x10 0x00 0xc1 0x18                                                                                                                                                        MOVX r0, #48
.delay_slot
.swstall delay_slot
        1218    0x00 0x00                                                                        NOPX
.delay_slot
.swstall delay_slot
        1220    0x00 0x00                                                                        NOPX
.delay_slot
.swstall delay_slot
        1222    0x00 0x2c 0xf0 0x00 0x10 0x00 0x01 0xa5 0x7e 0xba                                NOPA;                         NOPB;                                                                                     NOPM
.return_address
        1232    0xe2 0xc2 0xd0 0x00 0x06 0x48 0x28 0x01 0x58 0xba                                LDA r16, [p7, #4];                                                                        MOVX r0, #50;                 MOV r1, #1
        1242    0x00 0x00                                                                        NOPX
        1244    0x00 0x00                                                                        NOPX
        1246    0x00 0x00                                                                        NOPX
        1248    0x00 0x00                                                                        NOPX
.no_stack_arguments
        1250    0x00 0x05 0x00 0x00 0x01 0x04                                                                                                                                              JL #2560
.delay_slot
.swstall delay_slot
        1256    0x00 0x00                                                                        NOPX
.delay_slot
        1258    0x14 0x20 0x07 0x18                                                                                                                                                        ADD r16, r16, #1
.delay_slot
        1262    0x76 0xe1 0x58 0xb0 0xfe 0x24                                                                                                                                              LT r27, r14, r16;             ADD.NC r17, r16, #-2
.delay_slot
        1268    0x14 0x21 0x12 0x18                                                                                                                                                        SEL.EQZ r16, r16, r17, r27
.delay_slot
        1272    0xe2 0xc2 0x30 0x00 0x01 0xa5 0x70 0x02                                                                                                      ST r16, [p7, #4];                                           NOPM
.return_address
        1280    0xe0 0xc2 0xd0 0x00 0x00 0x03 0x31 0xd8 0x10 0xba                                LDA r16, [p7];                                                                            MOVXM p6, #944
        1290    0x17 0xc2 0xfd 0x18                                                                                                                                                        MOVX r1, #-1
        1294    0x00 0x00                                                                        NOPX
        1296    0x00 0x00                                                                        NOPX
        1298    0x00 0x00                                                                        NOPX
        1300    0x12 0x53 0xa0 0x18                                                                                                                                                        JNZD r9, r9, p6
.delay_slot
.swstall delay_slot
        1304    0x00 0x00                                                                        NOPX
.delay_slot
        1306    0x14 0x20 0x07 0x18                                                                                                                                                        ADD r16, r16, #1
.delay_slot
        1310    0x76 0xe1 0x58 0xb0 0xfe 0x24                                                                                                                                              LT r27, r14, r16;             ADD.NC r17, r16, #-2
.delay_slot
        1316    0x14 0x21 0x12 0x18                                                                                                                                                        SEL.EQZ r16, r16, r17, r27
.delay_slot
        1320    0x0f 0x06 0x11 0x98                                                                                                                          ST r16, [p7]
.loop_nesting 1
.no_stack_arguments
        1324    0x06 0xa0 0x00 0x00 0x01 0x40 0x00 0x00 0x40 0xba                                MOVA r0, #53;                                                                             JL #2560
.delay_slot
        1334    0x10 0x02 0x05 0x18                                                                                                                                                        MOVX r1, #1
.delay_slot
.swstall delay_slot
        1338    0x00 0x00                                                                        NOPX
.delay_slot
.swstall delay_slot
        1340    0x00 0x00                                                                        NOPX
.delay_slot
.swstall delay_slot
        1342    0x00 0x00                                                                        NOPX
.delay_slot
.swstall delay_slot
        1344    0x00 0x2c 0xf0 0x00 0x20 0x01 0x5b 0x00 0x00 0x00 0x01 0xa5 0x78 0x00 0x00 0xe1  NOPA;                         NOPB;                         NOPS;                         NOPX;                         NOPM;                                   NOPV
.return_address
        1360    0xfe 0xc2 0xd0 0x00 0x06 0x88 0x2f 0xff 0x58 0xba                                LDA r16, [p7, #-4];                                                                       MOVX r0, #52;                 MOV r1, #-1
        1370    0x00 0x00                                                                        NOPX
        1372    0x00 0x00                                                                        NOPX
        1374    0x00 0x00                                                                        NOPX
.no_stack_arguments
        1376    0x00 0x04 0xf0 0x00 0x01 0x04                                                                                                                                              JL #2528
.delay_slot
        1382    0x7f 0xff 0xf8 0xbf 0xfc 0x44                                                                                                                                              MOVXM r17, #2147483646
.delay_slot
.swstall delay_slot
        1388    0x00 0x00                                                                        NOPX
.delay_slot
        1390    0x14 0x63 0x0c 0x98                                                                                                                                                        LTU r17, r17, r16
.delay_slot
        1394    0x14 0x61 0x00 0x98                                                                                                                                                        ADD r16, r17, r16
.delay_slot
        1398    0x00 0x2c 0xf7 0xf6 0x11 0x80 0x00 0x00 0x00 0x7a                                NOPA;                                                       ST r16, [p7, #-4];            NOPX
.return_address
.no_stack_arguments
        1408    0x00 0x08 0x88 0x00 0x01 0x04                                                                                                                                              JL #4368
.delay_slot
        1414    0x00 0x07 0x00 0xda 0x00 0x44                                                                                                                                              MOVXM p0, #462080
.delay_slot
.swstall delay_slot
        1420    0x00 0x00                                                                        NOPX
.delay_slot
.swstall delay_slot
        1422    0x00 0x00                                                                        NOPX
.delay_slot
.swstall delay_slot
        1424    0x00 0x00                                                                        NOPX
.delay_slot
.swstall delay_slot
        1426    0x00 0x2c 0xf0 0x02 0xb6 0x00 0x00 0x40 0x1a 0x57 0x00 0x00 0x1c 0x2e            NOPA;                                                       NOPS;                                                       NOPM;                                   NOPV
.return_address
        1440    0x00 0x2c 0xf0 0x00 0x20 0x01 0x5b 0x00 0x91 0xe8 0x2f 0xff 0x58 0x00 0x00 0xe1  NOPA;                         NOPB;                         NOPS;                         MOVX r9, #15;                 MOV r1, #-1;                            NOPV
.label TGT_Fcore_6_2_1232
.loop_nesting 2
.no_stack_arguments
        1456    0x00 0x04 0xf0 0x00 0x01 0x04                                                                                                                                              JL #2528
.delay_slot
        1462    0x10 0x00 0xcd 0x18                                                                                                                                                        MOVX r0, #51
.delay_slot
.swstall delay_slot
        1466    0x00 0x00                                                                        NOPX
.delay_slot
.swstall delay_slot
        1468    0x00 0x00                                                                        NOPX
.delay_slot
.swstall delay_slot
        1470    0x00 0x00                                                                        NOPX
.delay_slot
.swstall delay_slot
        1472    0x00 0x2c 0xf0 0x00 0x20 0x01 0x5b 0x00 0x00 0x00 0x01 0xa5 0x78 0x00 0x00 0xe1  NOPA;                         NOPB;                         NOPS;                         NOPX;                         NOPM;                                   NOPV
.return_address
        1488    0xe0 0xc6 0xd0 0x3e 0x17 0xe8 0x08 0x31 0x58 0xba                                LDA r17, [p7];                                                                            MOVX r1, #-1;                 MOV r0, #49
        1498    0x00 0x00                                                                        NOPX
        1500    0x00 0x00                                                                        NOPX
.no_stack_arguments
        1502    0x00 0x04 0xf0 0x00 0x01 0x04                                                                                                                                              JL #2528
.delay_slot
        1508    0x00 0x07 0xb8 0x22 0x00 0x44                                                                                                                                              MOVXM r16, #504064
.delay_slot
.swstall delay_slot
        1514    0x00 0x00                                                                        NOPX
.delay_slot
.swstall delay_slot
        1516    0x00 0x00                                                                        NOPX
.delay_slot
        1518    0x14 0x76 0xe7 0x98                                                                                                                                                        EQ r27, r17, r14
.delay_slot
        1522    0x00 0x2c 0xf0 0x00 0x22 0x1f 0x02 0x00 0x34 0xaf 0x00 0x2b 0x60 0x7e            NOPA;                         NOPB;                         NOPS;                         SEL.EQZ r15, r8, r16, r27;    NOPM
.return_address
        1536    0xe2 0xc2 0xd2 0xcf 0x41 0xd4                                                    LDA r16, [p7, #4];                                                                                                      MOV p1, r15
        1542    0x1e 0x62 0xc0 0xf8                                                                                                                                                                                      MOV p6, p1
        1546    0x00 0x00                                                                        NOPX
        1548    0x00 0x00                                                                        NOPX
.no_stack_arguments
        1550    0x00 0x05 0x10 0x00 0x01 0x04                                                                                                                                              JL #2592
.delay_slot
        1556    0x00 0x07 0x04 0xda 0x00 0x44                                                                                                                                              MOVXM p2, #462080
.delay_slot
.swstall delay_slot
        1562    0x00 0x00                                                                        NOPX
.delay_slot
        1564    0x13 0xb7 0x07 0x98                                                                                                                                                        EQ r27, r14, r16
.delay_slot
        1568    0x13 0x60 0xc2 0x18                                                                                                                                                        SEL.EQZ r16, r13, r12, r27
.delay_slot
        1572    0x00 0x2c 0xf0 0x00 0x20 0x01 0x5b 0x00 0x34 0x10 0x70 0xf6                      NOPA;                         NOPB;                         NOPS;                                                       MOV p0, r16
.return_address
.no_stack_arguments
        1584    0x06 0x00 0x00 0x00 0x01 0x40 0x00 0x00 0x40 0xba                                MOVA r0, #48;                                                                             JL #2560
.delay_slot
        1594    0x10 0x02 0x05 0x18                                                                                                                                                        MOVX r1, #1
.delay_slot
        1598    0x10 0x1e 0x05 0x18                                                                                                                                                        MOVX r15, #1
.delay_slot
.swstall delay_slot
        1602    0x00 0x00                                                                        NOPX
.delay_slot
.swstall delay_slot
        1604    0x00 0x00                                                                        NOPX
.delay_slot
.swstall delay_slot
        1606    0x00 0x2c 0xf0 0x00 0x10 0x00 0x01 0xa5 0x7e 0xba                                NOPA;                         NOPB;                                                                                     NOPM
.return_address
        1616    0xe2 0xc2 0xd0 0x3e 0x17 0xe8 0x08 0x31 0x58 0xba                                LDA r16, [p7, #4];                                                                        MOVX r1, #-1;                 MOV r0, #49
        1626    0x00 0x00                                                                        NOPX
        1628    0x00 0x00                                                                        NOPX
        1630    0x00 0x00                                                                        NOPX
        1632    0x00 0x00                                                                        NOPX
.no_stack_arguments
        1634    0x00 0x04 0xf0 0x00 0x01 0x04                                                                                                                                              JL #2528
.delay_slot
.swstall delay_slot
        1640    0x00 0x00                                                                        NOPX
.delay_slot
        1642    0x14 0x20 0x07 0x18                                                                                                                                                        ADD r16, r16, #1
.delay_slot
        1646    0x7e 0xe1 0x58 0xb0 0xfe 0x24                                                                                                                                              LT r27, r15, r16;             ADD.NC r17, r16, #-2
.delay_slot
        1652    0x14 0x21 0x12 0x18                                                                                                                                                        SEL.EQZ r16, r16, r17, r27
.delay_slot
        1656    0xe2 0xc2 0x30 0x00 0x01 0xa5 0x70 0x02                                                                                                      ST r16, [p7, #4];                                           NOPM
.return_address
        1664    0xe2 0xc2 0xd2 0xd9 0x81 0xd4                                                    LDA r16, [p7, #4];                                                                                                      MOV p1, p6
        1670    0x00 0x00                                                                        NOPX
        1672    0x00 0x00                                                                        NOPX
        1674    0x00 0x00                                                                        NOPX
.no_stack_arguments
        1676    0x00 0x05 0x10 0x00 0x01 0x04                                                                                                                                              JL #2592
.delay_slot
        1682    0x00 0x07 0x04 0xda 0x00 0x44                                                                                                                                              MOVXM p2, #462080
.delay_slot
.swstall delay_slot
        1688    0x00 0x00                                                                        NOPX
.delay_slot
        1690    0x13 0xf7 0x07 0x98                                                                                                                                                        EQ r27, r15, r16
.delay_slot
        1694    0x13 0x60 0xc2 0x18                                                                                                                                                        SEL.EQZ r16, r13, r12, r27
.delay_slot
        1698    0x00 0x2c 0xf0 0x02 0xb6 0x00 0x00 0x43 0x41 0x07 0x00 0x00 0x1c 0x2e            NOPA;                                                       NOPS;                                                       MOV p0, r16;                            NOPV
.return_address
.no_stack_arguments
        1712    0x00 0x21 0x00 0x00 0x01 0x40 0x00 0x00 0x40 0xba                                MOVA r1, #1;                                                                              JL #2560
.delay_slot
        1722    0x10 0x1c 0x05 0x18                                                                                                                                                        MOVX r14, #1
.delay_slot
        1726    0x10 0x00 0xc1 0x18                                                                                                                                                        MOVX r0, #48
.delay_slot
.swstall delay_slot
        1730    0x00 0x00                                                                        NOPX
.delay_slot
.swstall delay_slot
        1732    0x00 0x00                                                                        NOPX
.delay_slot
.swstall delay_slot
        1734    0x00 0x2c 0xf0 0x00 0x10 0x00 0x01 0xa5 0x7e 0xba                                NOPA;                         NOPB;                                                                                     NOPM
.return_address
        1744    0xe2 0xc2 0xd0 0x00 0x06 0x48 0x28 0x01 0x58 0xba                                LDA r16, [p7, #4];                                                                        MOVX r0, #50;                 MOV r1, #1
        1754    0x00 0x00                                                                        NOPX
        1756    0x00 0x00                                                                        NOPX
        1758    0x00 0x00                                                                        NOPX
        1760    0x00 0x00                                                                        NOPX
.no_stack_arguments
        1762    0x00 0x05 0x00 0x00 0x01 0x04                                                                                                                                              JL #2560
.delay_slot
.swstall delay_slot
        1768    0x00 0x00                                                                        NOPX
.delay_slot
        1770    0x14 0x20 0x07 0x18                                                                                                                                                        ADD r16, r16, #1
.delay_slot
        1774    0x76 0xe1 0x58 0xb0 0xfe 0x24                                                                                                                                              LT r27, r14, r16;             ADD.NC r17, r16, #-2
.delay_slot
        1780    0x14 0x21 0x12 0x18                                                                                                                                                        SEL.EQZ r16, r16, r17, r27
.delay_slot
        1784    0xe2 0xc2 0x30 0x00 0x01 0xa5 0x70 0x02                                                                                                      ST r16, [p7, #4];                                           NOPM
.return_address
        1792    0xe0 0xc2 0xd0 0x00 0x00 0x03 0x32 0xd8 0x10 0xba                                LDA r16, [p7];                                                                            MOVXM p6, #1456
        1802    0x17 0xc2 0xfd 0x18                                                                                                                                                        MOVX r1, #-1
        1806    0x00 0x00                                                                        NOPX
        1808    0x00 0x00                                                                        NOPX
        1810    0x00 0x00                                                                        NOPX
        1812    0x12 0x53 0xa0 0x18                                                                                                                                                        JNZD r9, r9, p6
.delay_slot
.swstall delay_slot
        1816    0x00 0x00                                                                        NOPX
.delay_slot
        1818    0x14 0x20 0x07 0x18                                                                                                                                                        ADD r16, r16, #1
.delay_slot
        1822    0x76 0xe1 0x58 0xb0 0xfe 0x24                                                                                                                                              LT r27, r14, r16;             ADD.NC r17, r16, #-2
.delay_slot
        1828    0x14 0x21 0x12 0x18                                                                                                                                                        SEL.EQZ r16, r16, r17, r27
.delay_slot
        1832    0x0f 0x06 0x11 0x98                                                                                                                          ST r16, [p7]
.loop_nesting 1
.no_stack_arguments
        1836    0x06 0xa0 0x00 0x00 0x01 0x40 0x00 0x00 0x40 0xba                                MOVA r0, #53;                                                                             JL #2560
.delay_slot
        1846    0x10 0x02 0x05 0x18                                                                                                                                                        MOVX r1, #1
.delay_slot
.swstall delay_slot
        1850    0x00 0x00                                                                        NOPX
.delay_slot
.swstall delay_slot
        1852    0x00 0x00                                                                        NOPX
.delay_slot
.swstall delay_slot
        1854    0x00 0x00                                                                        NOPX
.delay_slot
.swstall delay_slot
        1856    0x00 0x2c 0xf0 0x00 0x20 0x01 0x5b 0x00 0x00 0x00 0x01 0xa5 0x78 0x00 0x00 0xe1  NOPA;                         NOPB;                         NOPS;                         NOPX;                         NOPM;                                   NOPV
.return_address
        1872    0xfe 0xc2 0xd0 0x00 0x06 0x88 0x2f 0xff 0x58 0xba                                LDA r16, [p7, #-4];                                                                       MOVX r0, #52;                 MOV r1, #-1
        1882    0x00 0x00                                                                        NOPX
        1884    0x00 0x00                                                                        NOPX
        1886    0x00 0x00                                                                        NOPX
.no_stack_arguments
        1888    0x00 0x04 0xf0 0x00 0x01 0x04                                                                                                                                              JL #2528
.delay_slot
        1894    0x7f 0xff 0xf8 0xbf 0xfc 0x44                                                                                                                                              MOVXM r17, #2147483646
.delay_slot
.swstall delay_slot
        1900    0x00 0x00                                                                        NOPX
.delay_slot
        1902    0x14 0x63 0x0c 0x98                                                                                                                                                        LTU r17, r17, r16
.delay_slot
        1906    0x14 0x61 0x00 0x98                                                                                                                                                        ADD r16, r17, r16
.delay_slot
        1910    0x00 0x2c 0xf7 0xf6 0x11 0x80 0x00 0x00 0x00 0x7a                                NOPA;                                                       ST r16, [p7, #-4];            NOPX
.return_address
.no_stack_arguments
        1920    0x00 0x08 0x88 0x00 0x01 0x04                                                                                                                                              JL #4368
.delay_slot
        1926    0x00 0x07 0x00 0xda 0x00 0x44                                                                                                                                              MOVXM p0, #462080
.delay_slot
.swstall delay_slot
        1932    0x00 0x00                                                                        NOPX
.delay_slot
.swstall delay_slot
        1934    0x00 0x00                                                                        NOPX
.delay_slot
.swstall delay_slot
        1936    0x00 0x00                                                                        NOPX
.delay_slot
.swstall delay_slot
        1938    0x00 0x2c 0xf0 0x02 0xb6 0x00 0x00 0x40 0x1a 0x57 0x00 0x00 0x1c 0x2e            NOPA;                                                       NOPS;                                                       NOPM;                                   NOPV
.return_address
        1952    0x00 0x2c 0xf0 0x00 0x20 0x01 0x5b 0x00 0x91 0xe8 0x2f 0xff 0x58 0x00 0x00 0xe1  NOPA;                         NOPB;                         NOPS;                         MOVX r9, #15;                 MOV r1, #-1;                            NOPV
.label TGT_Fcore_6_2_1744
.loop_nesting 2
.no_stack_arguments
        1968    0x00 0x04 0xf0 0x00 0x01 0x04                                                                                                                                              JL #2528
.delay_slot
        1974    0x10 0x00 0xcd 0x18                                                                                                                                                        MOVX r0, #51
.delay_slot
.swstall delay_slot
        1978    0x00 0x00                                                                        NOPX
.delay_slot
.swstall delay_slot
        1980    0x00 0x00                                                                        NOPX
.delay_slot
.swstall delay_slot
        1982    0x00 0x00                                                                        NOPX
.delay_slot
.swstall delay_slot
        1984    0x00 0x2c 0xf0 0x00 0x20 0x01 0x5b 0x00 0x00 0x00 0x01 0xa5 0x78 0x00 0x00 0xe1  NOPA;                         NOPB;                         NOPS;                         NOPX;                         NOPM;                                   NOPV
.return_address
        2000    0xe0 0xc6 0xd0 0x3e 0x17 0xe8 0x08 0x31 0x58 0xba                                LDA r17, [p7];                                                                            MOVX r1, #-1;                 MOV r0, #49
        2010    0x00 0x00                                                                        NOPX
        2012    0x00 0x00                                                                        NOPX
.no_stack_arguments
        2014    0x00 0x04 0xf0 0x00 0x01 0x04                                                                                                                                              JL #2528
.delay_slot
        2020    0x00 0x07 0xb8 0x22 0x00 0x44                                                                                                                                              MOVXM r16, #504064
.delay_slot
.swstall delay_slot
        2026    0x00 0x00                                                                        NOPX
.delay_slot
.swstall delay_slot
        2028    0x00 0x00                                                                        NOPX
.delay_slot
        2030    0x14 0x76 0xe7 0x98                                                                                                                                                        EQ r27, r17, r14
.delay_slot
        2034    0x00 0x2c 0xf0 0x00 0x22 0x1f 0x02 0x00 0x34 0xaf 0x00 0x2b 0x60 0x7e            NOPA;                         NOPB;                         NOPS;                         SEL.EQZ r15, r8, r16, r27;    NOPM
.return_address
        2048    0xe2 0xc2 0xd2 0xcf 0x41 0xd4                                                    LDA r16, [p7, #4];                                                                                                      MOV p1, r15
        2054    0x1e 0x62 0xc0 0xf8                                                                                                                                                                                      MOV p6, p1
        2058    0x00 0x00                                                                        NOPX
        2060    0x00 0x00                                                                        NOPX
.no_stack_arguments
        2062    0x00 0x05 0x10 0x00 0x01 0x04                                                                                                                                              JL #2592
.delay_slot
        2068    0x00 0x07 0x04 0xda 0x00 0x44                                                                                                                                              MOVXM p2, #462080
.delay_slot
.swstall delay_slot
        2074    0x00 0x00                                                                        NOPX
.delay_slot
        2076    0x13 0xb7 0x07 0x98                                                                                                                                                        EQ r27, r14, r16
.delay_slot
        2080    0x13 0x60 0xc2 0x18                                                                                                                                                        SEL.EQZ r16, r13, r12, r27
.delay_slot
        2084    0x00 0x2c 0xf0 0x00 0x20 0x01 0x5b 0x00 0x34 0x10 0x70 0xf6                      NOPA;                         NOPB;                         NOPS;                                                       MOV p0, r16
.return_address
.no_stack_arguments
        2096    0x06 0x00 0x00 0x00 0x01 0x40 0x00 0x00 0x40 0xba                                MOVA r0, #48;                                                                             JL #2560
.delay_slot
        2106    0x10 0x02 0x05 0x18                                                                                                                                                        MOVX r1, #1
.delay_slot
        2110    0x10 0x1e 0x05 0x18                                                                                                                                                        MOVX r15, #1
.delay_slot
.swstall delay_slot
        2114    0x00 0x00                                                                        NOPX
.delay_slot
.swstall delay_slot
        2116    0x00 0x00                                                                        NOPX
.delay_slot
.swstall delay_slot
        2118    0x00 0x2c 0xf0 0x00 0x10 0x00 0x01 0xa5 0x7e 0xba                                NOPA;                         NOPB;                                                                                     NOPM
.return_address
        2128    0xe2 0xc2 0xd0 0x3e 0x17 0xe8 0x08 0x31 0x58 0xba                                LDA r16, [p7, #4];                                                                        MOVX r1, #-1;                 MOV r0, #49
        2138    0x00 0x00                                                                        NOPX
        2140    0x00 0x00                                                                        NOPX
        2142    0x00 0x00                                                                        NOPX
        2144    0x00 0x00                                                                        NOPX
.no_stack_arguments
        2146    0x00 0x04 0xf0 0x00 0x01 0x04                                                                                                                                              JL #2528
.delay_slot
.swstall delay_slot
        2152    0x00 0x00                                                                        NOPX
.delay_slot
        2154    0x14 0x20 0x07 0x18                                                                                                                                                        ADD r16, r16, #1
.delay_slot
        2158    0x7e 0xe1 0x58 0xb0 0xfe 0x24                                                                                                                                              LT r27, r15, r16;             ADD.NC r17, r16, #-2
.delay_slot
        2164    0x14 0x21 0x12 0x18                                                                                                                                                        SEL.EQZ r16, r16, r17, r27
.delay_slot
        2168    0xe2 0xc2 0x30 0x00 0x01 0xa5 0x70 0x02                                                                                                      ST r16, [p7, #4];                                           NOPM
.return_address
        2176    0xe2 0xc2 0xd2 0xd9 0x81 0xd4                                                    LDA r16, [p7, #4];                                                                                                      MOV p1, p6
        2182    0x00 0x00                                                                        NOPX
        2184    0x00 0x00                                                                        NOPX
        2186    0x00 0x00                                                                        NOPX
.no_stack_arguments
        2188    0x00 0x05 0x10 0x00 0x01 0x04                                                                                                                                              JL #2592
.delay_slot
        2194    0x00 0x07 0x04 0xda 0x00 0x44                                                                                                                                              MOVXM p2, #462080
.delay_slot
.swstall delay_slot
        2200    0x00 0x00                                                                        NOPX
.delay_slot
        2202    0x13 0xf7 0x07 0x98                                                                                                                                                        EQ r27, r15, r16
.delay_slot
        2206    0x13 0x60 0xc2 0x18                                                                                                                                                        SEL.EQZ r16, r13, r12, r27
.delay_slot
        2210    0x00 0x2c 0xf0 0x02 0xb6 0x00 0x00 0x43 0x41 0x07 0x00 0x00 0x1c 0x2e            NOPA;                                                       NOPS;                                                       MOV p0, r16;                            NOPV
.return_address
.no_stack_arguments
        2224    0x00 0x21 0x00 0x00 0x01 0x40 0x00 0x00 0x40 0xba                                MOVA r1, #1;                                                                              JL #2560
.delay_slot
        2234    0x10 0x1c 0x05 0x18                                                                                                                                                        MOVX r14, #1
.delay_slot
        2238    0x10 0x00 0xc1 0x18                                                                                                                                                        MOVX r0, #48
.delay_slot
.swstall delay_slot
        2242    0x00 0x00                                                                        NOPX
.delay_slot
.swstall delay_slot
        2244    0x00 0x00                                                                        NOPX
.delay_slot
.swstall delay_slot
        2246    0x00 0x2c 0xf0 0x00 0x10 0x00 0x01 0xa5 0x7e 0xba                                NOPA;                         NOPB;                                                                                     NOPM
.return_address
        2256    0xe2 0xc2 0xd0 0x00 0x06 0x48 0x28 0x01 0x58 0xba                                LDA r16, [p7, #4];                                                                        MOVX r0, #50;                 MOV r1, #1
        2266    0x00 0x00                                                                        NOPX
        2268    0x00 0x00                                                                        NOPX
        2270    0x00 0x00                                                                        NOPX
        2272    0x00 0x00                                                                        NOPX
.no_stack_arguments
        2274    0x00 0x05 0x00 0x00 0x01 0x04                                                                                                                                              JL #2560
.delay_slot
.swstall delay_slot
        2280    0x00 0x00                                                                        NOPX
.delay_slot
        2282    0x14 0x20 0x07 0x18                                                                                                                                                        ADD r16, r16, #1
.delay_slot
        2286    0x76 0xe1 0x58 0xb0 0xfe 0x24                                                                                                                                              LT r27, r14, r16;             ADD.NC r17, r16, #-2
.delay_slot
        2292    0x14 0x21 0x12 0x18                                                                                                                                                        SEL.EQZ r16, r16, r17, r27
.delay_slot
        2296    0xe2 0xc2 0x30 0x00 0x01 0xa5 0x70 0x02                                                                                                      ST r16, [p7, #4];                                           NOPM
.return_address
        2304    0xe0 0xc2 0xd0 0x00 0x00 0x03 0x33 0xd8 0x10 0xba                                LDA r16, [p7];                                                                            MOVXM p6, #1968
        2314    0x17 0xc2 0xfd 0x18                                                                                                                                                        MOVX r1, #-1
        2318    0x00 0x00                                                                        NOPX
        2320    0x00 0x00                                                                        NOPX
        2322    0x00 0x00                                                                        NOPX
        2324    0x12 0x53 0xa0 0x18                                                                                                                                                        JNZD r9, r9, p6
.delay_slot
.swstall delay_slot
        2328    0x00 0x00                                                                        NOPX
.delay_slot
        2330    0x14 0x20 0x07 0x18                                                                                                                                                        ADD r16, r16, #1
.delay_slot
        2334    0x76 0xe1 0x58 0xb0 0xfe 0x24                                                                                                                                              LT r27, r14, r16;             ADD.NC r17, r16, #-2
.delay_slot
        2340    0x14 0x21 0x12 0x18                                                                                                                                                        SEL.EQZ r16, r16, r17, r27
.delay_slot
        2344    0x0f 0x06 0x11 0x98                                                                                                                          ST r16, [p7]
.loop_nesting 1
.no_stack_arguments
        2348    0x06 0xa0 0x00 0x00 0x01 0x40 0x00 0x00 0x40 0xba                                MOVA r0, #53;                                                                             JL #2560
.delay_slot
        2358    0x10 0x02 0x05 0x18                                                                                                                                                        MOVX r1, #1
.delay_slot
.swstall delay_slot
        2362    0x00 0x00                                                                        NOPX
.delay_slot
.swstall delay_slot
        2364    0x00 0x00                                                                        NOPX
.delay_slot
.swstall delay_slot
        2366    0x00 0x00                                                                        NOPX
.delay_slot
.swstall delay_slot
        2368    0x00 0x2c 0xf0 0x00 0x20 0x01 0x5b 0x00 0x00 0x00 0x01 0xa5 0x78 0x00 0x00 0xe1  NOPA;                         NOPB;                         NOPS;                         NOPX;                         NOPM;                                   NOPV
.return_address
        2384    0xfa 0x46 0x20 0x3f 0x27 0xca 0x08 0x00 0x58 0xba                                LDA r17, [sp, #-48];                                                                      MOVX r18, #-2;                MOV r16, #0
        2394    0xf9 0xce 0x20 0x60 0x02 0x2c                                                    LDA r19, [sp, #-52];                                                                      MOVX r24, #0
        2400    0x07 0xf6 0xb6 0x98                                                              LDA r21, [p7, #-4]
        2404    0x07 0xcb 0x99 0x18                                                              LDA p7, [sp, #-56]
        2408    0x00 0x00                                                                        NOPX
        2410    0x00 0x00                                                                        NOPX
        2412    0x00 0x00                                                                        NOPX
        2414    0x14 0x65 0x2c 0x98                                                                                                                                                        LTU r18, r17, r18
        2418    0x14 0xec 0xd0 0x18                                                                                                                                                        EQZ r22, r19
        2422    0x15 0xa5 0x24 0x98                                                                                                                                                        AND r18, r22, r18
        2426    0x14 0xa1 0x05 0x98                                                                                                                                                        OR r16, r18, r16
        2430    0x80 0x00 0xb0 0x40 0x01 0x84                                                                                                                                              JNZ r16, #352
.delay_slot
        2436    0x7f 0xff 0xfa 0x3f 0xfc 0x44                                                                                                                                              MOVXM r20, #2147483646
.delay_slot
        2442    0x14 0x62 0x07 0x18                                                                                                                                                        ADD r17, r17, #1
.delay_slot
        2446    0xfa 0x46 0xba 0x46 0xb9 0x5c                                                                                                                ST r17, [sp, #-48];           LTU r17, r20, r21
.delay_slot
        2452    0x9c 0xf0 0x58 0xb5 0x8a 0xa4                                                                                                                                              ADC r19, r19, r24;            ADD.NC r17, r21, r17
.delay_slot
        2458    0x0f 0x1e 0x31 0x98                                                                                                                          ST r17, [p7], #4
.loop_nesting 0
        2462    0x07 0xd4 0x39 0x18                                                              LDA lr, [sp, #-44]
        2466    0x07 0xd9 0x31 0x18                                                              LDA r9, [sp, #-40]
        2470    0x07 0xdd 0x51 0x18                                                              LDA r10, [sp, #-36]
        2474    0x07 0xe1 0x71 0x18                                                              LDA r11, [sp, #-32]
        2478    0x07 0xe9 0x91 0x18                                                              LDA r12, [sp, #-24]
        2482    0x07 0xf1 0xb1 0x18                                                              LDA r13, [sp, #-16]
        2486    0x07 0xf5 0xd1 0x18                                                              LDA r14, [sp, #-12]
        2490    0x07 0xf9 0xf1 0x18                                                              LDA r15, [sp, #-8]
        2494    0x07 0xfd 0x11 0x18                                                              LDA r8, [sp, #-4]
        2498    0x07 0xe7 0x19 0x18                                                              LDA p6, [sp, #-28]
        2502    0x07 0xef 0x99 0x18                                                              LDA p7, [sp, #-20]
        2506    0x10 0x28 0x00 0x18                                                                                                                                                        RET lr
.delay_slot
        2510    0xff 0xf8 0x00 0x00 0x01 0xc4                                                                                                                                              PADDXM [sp], #-64
.delay_slot
.swstall delay_slot
        2516    0x00 0x00                                                                        NOPX
.delay_slot
.swstall delay_slot
        2518    0x00 0x00                                                                        NOPX
.delay_slot
.swstall delay_slot
        2520    0x00 0x00                                                                        NOPX
.delay_slot
.swstall delay_slot
        2522    0x00 0x00                                                                        NOPX
.label core_6_2__end

.text_segment PM   2528
.label llvm___aie2p___acquire
.function_start
        2528    0x10 0x12 0x18 0x18                                                                                                                                                        ACQ r0, r1
        2532    0x10 0x28 0x00 0x18                                                                                                                                                        RET lr
.delay_slot
.swstall delay_slot
        2536    0x00 0x00                                                                        NOPX
.delay_slot
.swstall delay_slot
        2538    0x00 0x00                                                                        NOPX
.delay_slot
.swstall delay_slot
        2540    0x00 0x00                                                                        NOPX
.delay_slot
.swstall delay_slot
        2542    0x00 0x00                                                                        NOPX
.delay_slot
.swstall delay_slot
        2544    0x00 0x00                                                                        NOPX
.label llvm___aie2p___acquire__end

.text_segment PM   2560
.label llvm___aie2p___release
.function_start
        2560    0x10 0x10 0x18 0x18                                                                                                                                                        REL r0, r1
        2564    0x10 0x28 0x00 0x18                                                                                                                                                        RET lr
.delay_slot
.swstall delay_slot
        2568    0x00 0x00                                                                        NOPX
.delay_slot
.swstall delay_slot
        2570    0x00 0x00                                                                        NOPX
.delay_slot
.swstall delay_slot
        2572    0x00 0x00                                                                        NOPX
.delay_slot
.swstall delay_slot
        2574    0x00 0x00                                                                        NOPX
.delay_slot
.swstall delay_slot
        2576    0x00 0x00                                                                        NOPX
.label llvm___aie2p___release__end

.text_segment PM   2592
.label matmul_vectorized_different_datatypes
.function_start
        2592    0x10 0x34 0x01 0x18                                                                                                                                                        MOVX r26, #0
        2596    0x78 0x0c 0x80 0x00 0x01 0xfe 0x32 0x86 0x10 0xba                                MOVA m3, #960;                                                                            MOVXM p4, #521484
        2606    0x88 0x10 0x80 0x00 0x48 0x00 0x00 0x00 0x70 0xba                                MOVA m4, #-960;                                                                           PADDXM [sp], #2304
        2616    0x80 0x8a 0xd0 0x00 0x01 0xfe 0xb2 0x88 0x10 0xba                                LDA r2, [p4];                                                                             MOVXM p5, #521488
        2626    0x01 0xbf 0x00 0x00 0x00 0x00 0x7d 0x58 0x10 0xba                                MOVA r31, #13;                                                                            MOVXM ls, #2736
        2636    0x03 0x95 0x70 0x00 0x00 0x01 0xbd 0x70 0x10 0xba                                VLDA.CONV.fp32.bf16 cml1, [p0], #64;                                                      MOVXM le, #2784
        2646    0xa0 0xf8 0x50 0x00 0x00 0x6a 0xaa 0x60 0x78 0xba                                LDA.s8 r30, [p5];                                                                         MOVX r0, #3;                  MOV r21, p2
        2656    0x0d 0x1d 0x70 0x3f 0xff 0xfc 0x2b 0x80 0x10 0xba                                VLDA.CONV.fp32.bf16 cmh1, [p0], m3;                                                       MOVXM r1, #-2304
        2666    0x03 0xa5 0x70 0x00 0x80 0x02 0x8a 0xf0 0x78 0xba                                VLDA.CONV.fp32.bf16 cml2, [p0], #64;                                                      EVENT #0;                     MOV r20, sp
.aggressive_scheduled_block_id 1
.aggressive_scheduled_block_id first
        2676    0x11 0x2d 0x70 0x00 0x08 0xc8 0x28 0x68 0xa8 0xba                                VLDA.CONV.fp32.bf16 cmh2, [p0], m4;                                                       MOVX lc, #6;                  ADD.NC r1, r1, r20
.aggressive_scheduled_block_id 1
.noswbrkpt
        2686    0x03 0x95 0x70 0x05 0xb0 0x3d 0x30 0x40 0x08 0xba                                VLDA.CONV.fp32.bf16 cml1, [p0], #64;                                                      EQ r27, r2, r0;               ADD.NC p2, r1, #0
.aggressive_scheduled_block_id 1
.nohwbrkpt
.noswbrkpt
        2696    0x0d 0x1d 0x70 0x04 0x2f 0xec 0x08 0x80 0x48 0xba                                VLDA.CONV.fp32.bf16 cmh1, [p0], m3;                                                       LSHL r2, r2, r31;             ADD.NC r0, r2, #1
.aggressive_scheduled_block_id 1
.nohwbrkpt
.noswbrkpt
        2706    0x03 0xa5 0x70 0x00 0x20 0x3f 0xa2 0x01 0xa8 0x95 0x00 0x2b 0x60 0x7e            VLDA.CONV.fp32.bf16 cml2, [p0], #64;NOPB;                   NOPS;                         SEL.EQZ r31, r0, r26, r27;    ADD.NC r0, r21, r2
.aggressive_scheduled_block_id 1
.nohwbrkpt
.noswbrkpt
        2720    0x11 0x2d 0x70 0x00 0x24 0x07 0xf1 0xbd 0xd4 0x00 0x49 0x60 0x78 0x00 0x00 0xe1  VLDA.CONV.fp32.bf16 cmh2, [p0], m4;NOPB;                    ST r31, [p4];                 MOVX crRnd, r30;              MOV r2, p1;                             NOPV
.label ZLS_Fmatmul_vectorized_different_datatypes_144
.loop_nesting 1
.begin_of_loop
.aggressive_scheduled_block_id 1
.nohwbrkpt
.noswbrkpt
        2736    0x03 0x95 0x70 0x00 0x25 0x80 0x83 0x00 0x00 0x00 0x01 0xa5 0x78 0x00 0x00 0xe1  VLDA.CONV.fp32.bf16 cml1, [p0], #64;NOPB;                   VST.PUSH.576.CONV.bfp16ebs8.fp32 dm1, [p2, sf, r26];NOPX;   NOPM;                                   NOPV
.aggressive_scheduled_block_id 1
.nohwbrkpt
.noswbrkpt
        2752    0x0d 0x1d 0x70 0x00 0x21 0x00 0x03 0x00 0x00 0x00 0x01 0xa5 0x78 0x00 0x00 0xe1  VLDA.CONV.fp32.bf16 cmh1, [p0], m3;NOPB;                    VST.FLUSH.512.CONV [p2, sf, r26];NOPX;                      NOPM;                                   NOPV
.aggressive_scheduled_block_id 1
.nohwbrkpt
.noswbrkpt
        2768    0x03 0xa5 0x70 0x00 0x25 0x81 0x03 0x00 0x00 0x00 0x01 0xa5 0x78 0x00 0x00 0xe1  VLDA.CONV.fp32.bf16 cml2, [p0], #64;NOPB;                   VST.PUSH.576.CONV.bfp16ebs8.fp32 dm2, [p2, sf, r26];NOPX;   NOPM;                                   NOPV
.label ZLE_Fmatmul_vectorized_different_datatypes_192
.end_of_loop
.aggressive_scheduled_block_id 1
.nohwbrkpt
.noswbrkpt
        2784    0x11 0x2d 0x70 0x00 0x21 0x00 0x03 0x00 0x00 0x00 0x01 0xa5 0x78 0x00 0x00 0xe1  VLDA.CONV.fp32.bf16 cmh2, [p0], m4;NOPB;                    VST.FLUSH.512.CONV [p2, sf, r26];NOPX;                      NOPM;                                   NOPV
.loop_nesting 0
.aggressive_scheduled_block_id 1
.nohwbrkpt
.noswbrkpt
        2800    0x00 0xc5 0x45 0x80 0x83 0x00 0x00 0x02 0x82 0x00 0x10 0x76                      MOVA lc, #6;                                                VST.PUSH.576.CONV.bfp16ebs8.fp32 dm1, [p2, sf, r26];MOVXM m5, #1024
.aggressive_scheduled_block_id 1
.nohwbrkpt
.noswbrkpt
        2812    0x20 0x00 0x61 0x57 0x20 0x00 0x00 0x00 0x7d 0xa0 0x10 0x36                                                    PADDB [p0], m5;               VST.FLUSH.512.CONV [p2, sf, r26];MOVXM ls, #2880
.aggressive_scheduled_block_id 1
.nohwbrkpt
.noswbrkpt
        2824    0x03 0x95 0x75 0x81 0x03 0x00 0x00 0x01 0xbd 0xb8 0x10 0x76                      VLDA.CONV.fp32.bf16 cml1, [p0], #64;                        VST.PUSH.576.CONV.bfp16ebs8.fp32 dm2, [p2, sf, r26];MOVXM le, #2928
.aggressive_scheduled_block_id 1
.nohwbrkpt
.noswbrkpt
        2836    0x0d 0x1d 0x72 0x00 0x06 0x0c                                                    VLDA.CONV.fp32.bf16 cmh1, [p0], m3;                         VST.FLUSH.512.CONV [p2, sf, r26]
.aggressive_scheduled_block_id 1
.nohwbrkpt
.noswbrkpt
        2842    0x00 0x1d 0xab 0x98                                                              VLDA.CONV.fp32.bf16 cml3, [p0], #64
.aggressive_scheduled_block_id 1
.nohwbrkpt
.noswbrkpt
        2846    0x00 0x89 0xeb 0x98                                                              VLDA.CONV.fp32.bf16 cmh3, [p0], m4
.aggressive_scheduled_block_id 1
.nohwbrkpt
.noswbrkpt
        2850    0x03 0x95 0x7b 0x01 0x06 0x0c                                                    VLDA.CONV.fp32.bf16 cml1, [p0], #64;                        VST.PUSH.576.CONV.bfp16ebs8.fp32 dm1, [p2, sf, r26]
.aggressive_scheduled_block_id 1
.nohwbrkpt
.noswbrkpt
        2856    0x0d 0x1d 0x72 0x00 0x06 0x0c                                                    VLDA.CONV.fp32.bf16 cmh1, [p0], m3;                         VST.FLUSH.512.CONV [p2, sf, r26]
.aggressive_scheduled_block_id 1
.nohwbrkpt
.noswbrkpt
        2862    0x03 0xb5 0x7b 0x02 0x06 0x0c                                                    VLDA.CONV.fp32.bf16 cml3, [p0], #64;                        VST.PUSH.576.CONV.bfp16ebs8.fp32 dm2, [p2, sf, r26]
.aggressive_scheduled_block_id 1
.nohwbrkpt
.noswbrkpt
        2868    0x11 0x3d 0x70 0x00 0x20 0x00 0x00 0x00 0x80 0x01 0x81 0x36                      VLDA.CONV.fp32.bf16 cmh3, [p0], m4;NOPB;                    VST.FLUSH.512.CONV [p2, sf, r26];NOPX
.label ZLS_Fmatmul_vectorized_different_datatypes_288
.loop_nesting 1
.begin_of_loop
.aggressive_scheduled_block_id 1
.nohwbrkpt
.noswbrkpt
        2880    0x03 0x95 0x70 0x00 0x25 0x80 0x83 0x00 0x00 0x00 0x01 0xa5 0x78 0x00 0x00 0xe1  VLDA.CONV.fp32.bf16 cml1, [p0], #64;NOPB;                   VST.PUSH.576.CONV.bfp16ebs8.fp32 dm1, [p2, sf, r26];NOPX;   NOPM;                                   NOPV
.aggressive_scheduled_block_id 1
.nohwbrkpt
.noswbrkpt
        2896    0x0d 0x1d 0x70 0x00 0x21 0x00 0x03 0x00 0x00 0x00 0x01 0xa5 0x78 0x00 0x00 0xe1  VLDA.CONV.fp32.bf16 cmh1, [p0], m3;NOPB;                    VST.FLUSH.512.CONV [p2, sf, r26];NOPX;                      NOPM;                                   NOPV
.aggressive_scheduled_block_id 1
.nohwbrkpt
.noswbrkpt
        2912    0x03 0xb5 0x70 0x00 0x25 0x81 0x83 0x00 0x00 0x00 0x01 0xa5 0x78 0x00 0x00 0xe1  VLDA.CONV.fp32.bf16 cml3, [p0], #64;NOPB;                   VST.PUSH.576.CONV.bfp16ebs8.fp32 dm3, [p2, sf, r26];NOPX;   NOPM;                                   NOPV
.label ZLE_Fmatmul_vectorized_different_datatypes_336
.end_of_loop
.aggressive_scheduled_block_id 1
.nohwbrkpt
.noswbrkpt
        2928    0x11 0x3d 0x70 0x00 0x21 0x00 0x03 0x00 0x00 0x00 0x01 0xa5 0x78 0x00 0x00 0xe1  VLDA.CONV.fp32.bf16 cmh3, [p0], m4;NOPB;                    VST.FLUSH.512.CONV [p2, sf, r26];NOPX;                      NOPM;                                   NOPV
.loop_nesting 0
.aggressive_scheduled_block_id 1
.nohwbrkpt
.noswbrkpt
        2944    0x00 0x85 0x45 0x80 0x83 0x00 0x00 0x00 0x7d 0xf0 0x10 0x76                      MOVA lc, #4;                                                VST.PUSH.576.CONV.bfp16ebs8.fp32 dm1, [p2, sf, r26];MOVXM ls, #3040
.aggressive_scheduled_block_id 1
.nohwbrkpt
.noswbrkpt
        2956    0x61 0x84 0x01 0x00 0x03 0x00 0x00 0x05 0xb8 0x70 0x10 0x76                      MOVA r4, #780;                                              VST.FLUSH.512.CONV [p2, sf, r26];MOVXM le, #4320
.aggressive_scheduled_block_id 1
.aggressive_scheduled_block_id last
.nohwbrkpt
.noswbrkpt
        2968    0x00 0x85 0x05 0x81 0x83 0x3f 0xff 0xfc 0x03 0xa0 0x10 0x76                      MOVA r5, #4;                                                VST.PUSH.576.CONV.bfp16ebs8.fp32 dm3, [p2, sf, r26];MOVXM m0, #-2240
        2980    0xff 0xa6 0x01 0x00 0x03 0x00 0x00 0x00 0x83 0x20 0x10 0x76                      MOVA r6, #-3;                                               VST.FLUSH.512.CONV [p2, sf, r26];MOVXM m1, #1600
        2992    0x01 0x90 0x05 0x80 0x83 0x00 0x00 0x00 0xea 0x40 0x10 0x76                      MOVA r16, #12;                                              VST.PUSH.576.CONV.bfp16ebs8.fp32 dm1, [p2, sf, r26];MOVXM r7, #1152
        3004    0x01 0x11 0x01 0x00 0x03 0x00 0x00 0x01 0x03 0xa0 0x10 0x76                      MOVA r17, #8;                                               VST.FLUSH.512.CONV [p2, sf, r26];MOVXM m2, #1856
        3016    0xb0 0x30 0x60 0x00 0x20 0x24 0x01 0x52                                                                        NOPB;                         VST.PUSH.576.CONV.bfp16ebs8.fp32 dm3, [p2, sf, r26];MOVX r18, #0
        3024    0x00 0x2c 0xf0 0x00 0x21 0x00 0x03 0x00 0x00 0x00 0x01 0xa5 0x78 0x00 0x00 0xe1  NOPA;                         NOPB;                         VST.FLUSH.512.CONV [p2, sf, r26];NOPX;                      NOPM;                                   NOPV
.label ZLS_Fmatmul_vectorized_different_datatypes_448
.loop_nesting 1
.begin_of_loop
        3040    0x00 0x18 0x00 0x25 0x73 0x6e 0xc8 0x90 0x78 0xba                                MOVA r24, #0;                                                                             LSHL r23, r18, r6;            MOV r22, r2
        3050    0x00 0x19 0x00 0x0b 0xc9 0x26 0x68 0x50 0x78 0xba                                MOVA r25, #0;                                                                             AND r28, r5, r18;             MOV r19, r1
        3060    0x3d 0xb8 0xc9 0x32 0x04 0x24                                                                                                                                              MAC r22, r22, r7, r28;        ADD.NC r18, r18, #4
        3066    0x15 0xe6 0x76 0x18                                                                                                                                                        MAC r19, r19, r23, r7
        3070    0xbf 0x61 0xb0 0xd6 0x41 0xe4                                                                                                                                              LSHL r29, r23, r16;           MOV p0, r22
        3076    0x08 0x28 0x28 0x39 0x58 0xec 0xb4 0xd0 0x78 0x3a                                                              VLDB.FILL.512 [p0, lf0, r24];                               LSHL r21, r28, r17;           MOV p1, r19
        3086    0x80 0x11 0x75 0x14 0x14 0x02 0x8f 0x40 0xae 0xba                                VLDA.POP.576 ex2, [p0, lf0, r24];VLDB.FILL.512 [p1, lf1, r25];                                                          ADD.NC r20, r29, r0
        3096    0x80 0x19 0x73 0x00 0x14 0x01 0xb5 0x68 0xae 0xba                                VLDA.POP.576 ex3, [p0, lf0, r24];VLDB.POP.576 ex0, [p1, lf1, r25];                                                      ADD.NC p3, r21, r20
        3106    0x63 0x95 0x76 0x00 0xa8 0x3c                                                    VLDA.CONV.fp32.bf16 cml1, [p3], #64;VLDB.POP.576 ex1, [p1, lf1, r25]
        3112    0x63 0x9d 0x74 0x02 0xa8 0x3c                                                    VLDA.CONV.fp32.bf16 cmh1, [p3], #64;VLDB.POP.576 ex5, [p0, lf0, r24]
        3118    0x63 0xa5 0x76 0x02 0x28 0x3c                                                    VLDA.CONV.fp32.bf16 cml2, [p3], #64;VLDB.POP.576 ex4, [p1, lf1, r25]
        3124    0x69 0x2d 0x74 0x03 0xa8 0x3c                                                    VLDA.CONV.fp32.bf16 cmh2, [p3], m2;VLDB.POP.576 ex7, [p0, lf0, r24]
.aggressive_scheduled_block_id 2
.aggressive_scheduled_block_id first
        3130    0x63 0xb5 0x76 0x03 0x28 0x3c                                                    VLDA.CONV.fp32.bf16 cml3, [p3], #64;VLDB.POP.576 ex6, [p1, lf1, r25]
.aggressive_scheduled_block_id 2
.noswbrkpt
        3136    0x63 0xbd 0x74 0x01 0x28 0x3c                                                    VLDA.CONV.fp32.bf16 cmh3, [p3], #64;VLDB.POP.576 ex2, [p0, lf0, r24]
.aggressive_scheduled_block_id 2
.nohwbrkpt
.noswbrkpt
        3142    0x63 0xc5 0x76 0x00 0x28 0x3c                                                    VLDA.CONV.fp32.bf16 cml4, [p3], #64;VLDB.POP.576 ex0, [p1, lf1, r25]
.aggressive_scheduled_block_id 2
.nohwbrkpt
.noswbrkpt
        3148    0x61 0x4d 0x72 0x00 0xd4 0x1d 0x21 0x20 0x49 0x4a                                VLDA.CONV.fp32.bf16 cmh4, [p3], m0;VLDB.POP.576 ex3, [p0, lf0, r24];                                                                                            VMAC.f dm1, dm1, ex0, ex2, r4
.aggressive_scheduled_block_id 2
.nohwbrkpt
.noswbrkpt
        3158    0x80 0x29 0x73 0x00 0x54 0x1d 0x22 0x40 0x69 0x4a                                VLDA.POP.576 ex5, [p0, lf0, r24];VLDB.POP.576 ex1, [p1, lf1, r25];                                                                                              VMAC.f dm2, dm2, ex0, ex3, r4
.aggressive_scheduled_block_id 2
.nohwbrkpt
.noswbrkpt
        3168    0x80 0x39 0x73 0x01 0x14 0x1d 0x23 0x62 0x49 0x4a                                VLDA.POP.576 ex7, [p0, lf0, r24];VLDB.POP.576 ex4, [p1, lf1, r25];                                                                                              VMAC.f dm3, dm3, ex1, ex2, r4
.aggressive_scheduled_block_id 2
.nohwbrkpt
.noswbrkpt
        3178    0x02 0x81 0x73 0x01 0x94 0x1d 0x21 0x28 0xa9 0x4a                                VLDA.FILL.512 [p0, lf0, r24]; VLDB.POP.576 ex6, [p1, lf1, r25];                                                                                                 VMAC.f dm1, dm1, ex4, ex5, r4
.aggressive_scheduled_block_id 2
.nohwbrkpt
.noswbrkpt
        3188    0x80 0x11 0x75 0x14 0x14 0x1d 0x24 0x82 0x69 0x4a                                VLDA.POP.576 ex2, [p0, lf0, r24];VLDB.FILL.512 [p1, lf1, r25];                                                                                                  VMAC.f dm4, dm4, ex1, ex3, r4
.aggressive_scheduled_block_id 2
.nohwbrkpt
.noswbrkpt
        3198    0x80 0x19 0x73 0x00 0x14 0x1d 0x22 0x48 0xe9 0x4a                                VLDA.POP.576 ex3, [p0, lf0, r24];VLDB.POP.576 ex0, [p1, lf1, r25];                                                                                              VMAC.f dm2, dm2, ex4, ex7, r4
.aggressive_scheduled_block_id 2
.nohwbrkpt
.noswbrkpt
        3208    0x03 0x00 0x54 0x00 0x23 0x6c 0xa9 0x62                                                                        VLDB.POP.576 ex1, [p1, lf1, r25];                                                                                                 VMAC.f dm3, dm3, ex6, ex5, r4
.aggressive_scheduled_block_id 2
.nohwbrkpt
.noswbrkpt
        3216    0x03 0x01 0x14 0x00 0x21 0x20 0x49 0x62                                                                        VLDB.POP.576 ex4, [p1, lf1, r25];                                                                                                 VMAC.f dm1, dm1, ex0, ex2, r4
.aggressive_scheduled_block_id 2
.nohwbrkpt
.noswbrkpt
        3224    0x02 0x01 0x54 0x00 0x24 0x8c 0xe9 0x62                                                                        VLDB.POP.576 ex5, [p0, lf0, r24];                                                                                                 VMAC.f dm4, dm4, ex6, ex7, r4
.aggressive_scheduled_block_id 2
.nohwbrkpt
.noswbrkpt
        3232    0x22 0x40 0x69 0x48                                                                                                                                                                                                                              VMAC.f dm2, dm2, ex0, ex3, r4
.aggressive_scheduled_block_id 2
.nohwbrkpt
.noswbrkpt
        3236    0xa0 0x31 0x72 0x01 0xd4 0x1d 0x21 0x28 0xa9 0x4a                                VLDA.POP.576 ex6, [p1, lf1, r25];VLDB.POP.576 ex7, [p0, lf0, r24];                                                                                              VMAC.f dm1, dm1, ex4, ex5, r4
.aggressive_scheduled_block_id 2
.nohwbrkpt
.noswbrkpt
        3246    0x03 0x00 0x14 0x00 0x23 0x62 0x49 0x62                                                                        VLDB.POP.576 ex0, [p1, lf1, r25];                                                                                                 VMAC.f dm3, dm3, ex1, ex2, r4
.aggressive_scheduled_block_id 2
.nohwbrkpt
.noswbrkpt
        3254    0x02 0x00 0x94 0x00 0x24 0x82 0x69 0x62                                                                        VLDB.POP.576 ex2, [p0, lf0, r24];                                                                                                 VMAC.f dm4, dm4, ex1, ex3, r4
.aggressive_scheduled_block_id 2
.nohwbrkpt
.noswbrkpt
        3262    0x21 0x20 0x49 0x48                                                                                                                                                                                                                              VMAC.f dm1, dm1, ex0, ex2, r4
.aggressive_scheduled_block_id 2
.nohwbrkpt
.noswbrkpt
        3266    0x80 0x19 0x73 0x00 0x54 0x1d 0x22 0x48 0xe9 0x4a                                VLDA.POP.576 ex3, [p0, lf0, r24];VLDB.POP.576 ex1, [p1, lf1, r25];                                                                                              VMAC.f dm2, dm2, ex4, ex7, r4
.aggressive_scheduled_block_id 2
.nohwbrkpt
.noswbrkpt
        3276    0x03 0x01 0x14 0x00 0x23 0x6c 0xa9 0x62                                                                        VLDB.POP.576 ex4, [p1, lf1, r25];                                                                                                 VMAC.f dm3, dm3, ex6, ex5, r4
.aggressive_scheduled_block_id 2
.nohwbrkpt
.noswbrkpt
        3284    0x02 0x01 0x54 0x00 0x21 0x28 0xa9 0x62                                                                        VLDB.POP.576 ex5, [p0, lf0, r24];                                                                                                 VMAC.f dm1, dm1, ex4, ex5, r4
.aggressive_scheduled_block_id 2
.nohwbrkpt
.noswbrkpt
        3292    0x24 0x8c 0xe9 0x48                                                                                                                                                                                                                              VMAC.f dm4, dm4, ex6, ex7, r4
.aggressive_scheduled_block_id 2
.nohwbrkpt
.noswbrkpt
        3296    0x22 0x40 0x69 0x48                                                                                                                                                                                                                              VMAC.f dm2, dm2, ex0, ex3, r4
.aggressive_scheduled_block_id 2
.nohwbrkpt
.noswbrkpt
        3300    0xa0 0x31 0x72 0x01 0xd4 0x1d 0x23 0x62 0x49 0x4a                                VLDA.POP.576 ex6, [p1, lf1, r25];VLDB.POP.576 ex7, [p0, lf0, r24];                                                                                              VMAC.f dm3, dm3, ex1, ex2, r4
.aggressive_scheduled_block_id 2
.nohwbrkpt
.noswbrkpt
        3310    0x82 0x82 0x83 0x20 0x11 0x69 0xa0 0xfa 0x21 0x20 0x49 0x66                                                    VLDB.FILL.512 [p0, lf0, r24];                               MOVX r25, #0;                 MOV p1, r19;                            VMAC.f dm1, dm1, ex0, ex2, r4
.aggressive_scheduled_block_id 2
.nohwbrkpt
.noswbrkpt
        3322    0x80 0x51 0x7a 0x28 0x28 0xc2 0xc0 0xe2 0x24 0x82 0x69 0x66                      VLDA.POP.576 ex10, [p0, lf0, r24];VLDB.FILL.512 [p1, lf1, r25];                                                         MOV dc0, p1;                            VMAC.f dm4, dm4, ex1, ex3, r4
.aggressive_scheduled_block_id 2
.nohwbrkpt
.noswbrkpt
        3334    0x80 0x59 0x73 0x02 0x14 0x1d 0x22 0x48 0xe9 0x4a                                VLDA.POP.576 ex11, [p0, lf0, r24];VLDB.POP.576 ex8, [p1, lf1, r25];                                                                                             VMAC.f dm2, dm2, ex4, ex7, r4
.aggressive_scheduled_block_id 2
.nohwbrkpt
.noswbrkpt
        3344    0x80 0x29 0x73 0x02 0x54 0x1d 0x23 0x6c 0xa9 0x4a                                VLDA.POP.576 ex5, [p0, lf0, r24];VLDB.POP.576 ex9, [p1, lf1, r25];                                                                                              VMAC.f dm3, dm3, ex6, ex5, r4
.aggressive_scheduled_block_id 2
.nohwbrkpt
.noswbrkpt
        3354    0x03 0x01 0x14 0x00 0x21 0x28 0xa9 0x62                                                                        VLDB.POP.576 ex4, [p1, lf1, r25];                                                                                                 VMAC.f dm1, dm1, ex4, ex5, r4
.aggressive_scheduled_block_id 2
.nohwbrkpt
.noswbrkpt
        3362    0x80 0x39 0x73 0x01 0x94 0x1d 0x22 0x40 0x69 0x4a                                VLDA.POP.576 ex7, [p0, lf0, r24];VLDB.POP.576 ex6, [p1, lf1, r25];                                                                                              VMAC.f dm2, dm2, ex0, ex3, r4
.aggressive_scheduled_block_id 2
.nohwbrkpt
.noswbrkpt
        3372    0x24 0x8c 0xe9 0x48                                                                                                                                                                                                                              VMAC.f dm4, dm4, ex6, ex7, r4
.aggressive_scheduled_block_id 2
.nohwbrkpt
.noswbrkpt
        3376    0x23 0x62 0x49 0x48                                                                                                                                                                                                                              VMAC.f dm3, dm3, ex1, ex2, r4
.aggressive_scheduled_block_id 2
.nohwbrkpt
.noswbrkpt
        3380    0x22 0x48 0xe9 0x48                                                                                                                                                                                                                              VMAC.f dm2, dm2, ex4, ex7, r4
.aggressive_scheduled_block_id 2
.nohwbrkpt
.noswbrkpt
        3384    0x24 0x82 0x69 0x48                                                                                                                                                                                                                              VMAC.f dm4, dm4, ex1, ex3, r4
.aggressive_scheduled_block_id 2
.nohwbrkpt
.noswbrkpt
        3388    0x63 0x94 0x60 0x02 0x23 0x6c 0xa9 0x62                                                                                                      VST.CONV.bf16.fp32 cml1, [p3], #64;                                                                 VMAC.f dm3, dm3, ex6, ex5, r4
.aggressive_scheduled_block_id 2
.nohwbrkpt
.noswbrkpt
        3396    0x0b 0x3c 0xe3 0x18                                                                                                                          VST.CONV.bf16.fp32 cmh1, [p3], #192
.aggressive_scheduled_block_id 2
.aggressive_scheduled_block_id last
.nohwbrkpt
.noswbrkpt
        3400    0x63 0x95 0x70 0x04 0x24 0x8c 0xe9 0x62                                          VLDA.CONV.fp32.bf16 cml1, [p3], #64;                                                                                                                            VMAC.f dm4, dm4, ex6, ex7, r4
.aggressive_scheduled_block_id 3
.aggressive_scheduled_block_id first
        3408    0x03 0xdc 0xeb 0x98                                                              VLDA.CONV.fp32.bf16 cmh1, [p3], #-192
.aggressive_scheduled_block_id 3
.noswbrkpt
        3412    0x60 0x42 0x86 0x3a 0x46 0x4c                                                                                  VLDB.POP.576 ex8, [p1, lf1, r25];VST.CONV.bf16.fp32 cml2, [p3], #64
.aggressive_scheduled_block_id 3
.nohwbrkpt
.noswbrkpt
        3418    0x0b 0x3d 0x63 0x18                                                                                                                          VST.CONV.bf16.fp32 cmh2, [p3], #192
.aggressive_scheduled_block_id 3
.nohwbrkpt
.noswbrkpt
        3422    0x03 0x1d 0x2b 0x98                                                              VLDA.CONV.fp32.bf16 cml2, [p3], #64
.aggressive_scheduled_block_id 3
.nohwbrkpt
.noswbrkpt
        3426    0x65 0x2d 0x70 0x04 0x21 0x31 0x49 0x62                                          VLDA.CONV.fp32.bf16 cmh2, [p3], m1;                                                                                                                             VMAC.f dm1, dm1, ex8, ex10, r4
.aggressive_scheduled_block_id 3
.nohwbrkpt
.noswbrkpt
        3434    0x40 0x52 0x86 0x3b 0x46 0x4c                                                                                  VLDB.POP.576 ex10, [p0, lf0, r24];VST.CONV.bf16.fp32 cml3, [p3], #64
.aggressive_scheduled_block_id 3
.nohwbrkpt
.noswbrkpt
        3440    0x0b 0x3d 0xe3 0x18                                                                                                                          VST.CONV.bf16.fp32 cmh3, [p3], #192
.aggressive_scheduled_block_id 3
.nohwbrkpt
.noswbrkpt
        3444    0x63 0xb5 0x70 0x04 0x21 0x28 0xa9 0x62                                          VLDA.CONV.fp32.bf16 cml3, [p3], #64;                                                                                                                            VMAC.f dm1, dm1, ex4, ex5, r4
.aggressive_scheduled_block_id 3
.nohwbrkpt
.noswbrkpt
        3452    0x7b 0xbd 0x70 0x04 0x22 0x51 0x69 0x62                                          VLDA.CONV.fp32.bf16 cmh3, [p3], #-192;                                                                                                                          VMAC.f dm2, dm2, ex8, ex11, r4
.aggressive_scheduled_block_id 3
.nohwbrkpt
.noswbrkpt
        3460    0x80 0x59 0x76 0x04 0xab 0x1e 0x23 0x32                                          VLDA.POP.576 ex11, [p0, lf0, r24];VLDB.POP.576 ex9, [p1, lf1, r25];VST.CONV.bf16.fp32 cml4, [p3], #64
.aggressive_scheduled_block_id 3
.nohwbrkpt
.noswbrkpt
        3468    0x80 0x29 0x76 0x02 0x2b 0x3e 0x63 0x32                                          VLDA.POP.576 ex5, [p0, lf0, r24];VLDB.POP.576 ex4, [p1, lf1, r25];VST.CONV.bf16.fp32 cmh4, [p3], #192
.aggressive_scheduled_block_id 3
.nohwbrkpt
.noswbrkpt
        3476    0x63 0xc5 0x70 0x04 0x22 0x48 0xe9 0x62                                          VLDA.CONV.fp32.bf16 cml4, [p3], #64;                                                                                                                            VMAC.f dm2, dm2, ex4, ex7, r4
.aggressive_scheduled_block_id 3
.nohwbrkpt
.noswbrkpt
        3484    0x61 0x4d 0x73 0x01 0x94 0x1d 0x23 0x73 0x49 0x4a                                VLDA.CONV.fp32.bf16 cmh4, [p3], m0;VLDB.POP.576 ex6, [p1, lf1, r25];                                                                                            VMAC.f dm3, dm3, ex9, ex10, r4
.aggressive_scheduled_block_id 3
.nohwbrkpt
.noswbrkpt
        3494    0x22 0x81 0x72 0x01 0xd4 0x1d 0x21 0x31 0x49 0x4a                                VLDA.FILL.512 [p1, lf1, r25]; VLDB.POP.576 ex7, [p0, lf0, r24];                                                                                                 VMAC.f dm1, dm1, ex8, ex10, r4
.aggressive_scheduled_block_id 3
.nohwbrkpt
.noswbrkpt
        3504    0xa0 0x41 0x78 0x28 0x28 0x3c                                                    VLDA.POP.576 ex8, [p1, lf1, r25];VLDB.FILL.512 [p0, lf0, r24]
.aggressive_scheduled_block_id 3
.nohwbrkpt
.noswbrkpt
        3510    0xa0 0x49 0x72 0x02 0x94 0x1d 0x23 0x6c 0xa9 0x4a                                VLDA.POP.576 ex9, [p1, lf1, r25];VLDB.POP.576 ex10, [p0, lf0, r24];                                                                                             VMAC.f dm3, dm3, ex6, ex5, r4
.aggressive_scheduled_block_id 3
.nohwbrkpt
.noswbrkpt
        3520    0xa0 0x21 0x72 0x02 0xd4 0x1d 0x24 0x93 0x69 0x4a                                VLDA.POP.576 ex4, [p1, lf1, r25];VLDB.POP.576 ex11, [p0, lf0, r24];                                                                                             VMAC.f dm4, dm4, ex9, ex11, r4
.aggressive_scheduled_block_id 3
.nohwbrkpt
.noswbrkpt
        3530    0x02 0x01 0x54 0x00 0x22 0x51 0x69 0x62                                                                        VLDB.POP.576 ex5, [p0, lf0, r24];                                                                                                 VMAC.f dm2, dm2, ex8, ex11, r4
.aggressive_scheduled_block_id 3
.nohwbrkpt
.noswbrkpt
        3538    0x80 0x39 0x73 0x01 0x94 0x1d 0x21 0x28 0xa9 0x4a                                VLDA.POP.576 ex7, [p0, lf0, r24];VLDB.POP.576 ex6, [p1, lf1, r25];                                                                                              VMAC.f dm1, dm1, ex4, ex5, r4
.aggressive_scheduled_block_id 3
.nohwbrkpt
.noswbrkpt
        3548    0x24 0x8c 0xe9 0x48                                                                                                                                                                                                                              VMAC.f dm4, dm4, ex6, ex7, r4
.aggressive_scheduled_block_id 3
.nohwbrkpt
.noswbrkpt
        3552    0x03 0x02 0x14 0x00 0x23 0x73 0x49 0x62                                                                        VLDB.POP.576 ex8, [p1, lf1, r25];                                                                                                 VMAC.f dm3, dm3, ex9, ex10, r4
.aggressive_scheduled_block_id 3
.nohwbrkpt
.noswbrkpt
        3560    0x02 0x02 0x94 0x00 0x22 0x48 0xe9 0x62                                                                        VLDB.POP.576 ex10, [p0, lf0, r24];                                                                                                VMAC.f dm2, dm2, ex4, ex7, r4
.aggressive_scheduled_block_id 3
.nohwbrkpt
.noswbrkpt
        3568    0x24 0x93 0x69 0x48                                                                                                                                                                                                                              VMAC.f dm4, dm4, ex9, ex11, r4
.aggressive_scheduled_block_id 3
.nohwbrkpt
.noswbrkpt
        3572    0x80 0x59 0x73 0x02 0x54 0x1d 0x21 0x31 0x49 0x4a                                VLDA.POP.576 ex11, [p0, lf0, r24];VLDB.POP.576 ex9, [p1, lf1, r25];                                                                                             VMAC.f dm1, dm1, ex8, ex10, r4
.aggressive_scheduled_block_id 3
.nohwbrkpt
.noswbrkpt
        3582    0x03 0x01 0x14 0x00 0x23 0x6c 0xa9 0x62                                                                        VLDB.POP.576 ex4, [p1, lf1, r25];                                                                                                 VMAC.f dm3, dm3, ex6, ex5, r4
.aggressive_scheduled_block_id 3
.nohwbrkpt
.noswbrkpt
        3590    0x02 0x01 0x54 0x00 0x24 0x8c 0xe9 0x62                                                                        VLDB.POP.576 ex5, [p0, lf0, r24];                                                                                                 VMAC.f dm4, dm4, ex6, ex7, r4
.aggressive_scheduled_block_id 3
.nohwbrkpt
.noswbrkpt
        3598    0x21 0x28 0xa9 0x48                                                                                                                                                                                                                              VMAC.f dm1, dm1, ex4, ex5, r4
.aggressive_scheduled_block_id 3
.nohwbrkpt
.noswbrkpt
        3602    0x22 0x51 0x69 0x48                                                                                                                                                                                                                              VMAC.f dm2, dm2, ex8, ex11, r4
.aggressive_scheduled_block_id 3
.nohwbrkpt
.noswbrkpt
        3606    0xa0 0x31 0x72 0x01 0xd4 0x1d 0x23 0x73 0x49 0x4a                                VLDA.POP.576 ex6, [p1, lf1, r25];VLDB.POP.576 ex7, [p0, lf0, r24];                                                                                              VMAC.f dm3, dm3, ex9, ex10, r4
.aggressive_scheduled_block_id 3
.nohwbrkpt
.noswbrkpt
        3616    0x82 0x82 0x83 0x20 0x11 0x61 0x80 0xfa 0x21 0x31 0x49 0x66                                                    VLDB.FILL.512 [p0, lf0, r24];                               MOVX r25, #0;                 MOV p1, dc0;                            VMAC.f dm1, dm1, ex8, ex10, r4
.aggressive_scheduled_block_id 3
.nohwbrkpt
.noswbrkpt
        3628    0x80 0x11 0x7a 0x28 0x28 0x42 0xc0 0xe2 0x24 0x93 0x69 0x66                      VLDA.POP.576 ex2, [p0, lf0, r24];VLDB.FILL.512 [p1, lf1, r25];                                                          MOV dn0, p1;                            VMAC.f dm4, dm4, ex9, ex11, r4
.aggressive_scheduled_block_id 3
.nohwbrkpt
.noswbrkpt
        3640    0x80 0x19 0x73 0x00 0x14 0x1d 0x22 0x48 0xe9 0x4a                                VLDA.POP.576 ex3, [p0, lf0, r24];VLDB.POP.576 ex0, [p1, lf1, r25];                                                                                              VMAC.f dm2, dm2, ex4, ex7, r4
.aggressive_scheduled_block_id 3
.nohwbrkpt
.noswbrkpt
        3650    0x80 0x29 0x73 0x00 0x54 0x1d 0x23 0x6c 0xa9 0x4a                                VLDA.POP.576 ex5, [p0, lf0, r24];VLDB.POP.576 ex1, [p1, lf1, r25];                                                                                              VMAC.f dm3, dm3, ex6, ex5, r4
.aggressive_scheduled_block_id 3
.nohwbrkpt
.noswbrkpt
        3660    0x03 0x01 0x14 0x00 0x21 0x28 0xa9 0x62                                                                        VLDB.POP.576 ex4, [p1, lf1, r25];                                                                                                 VMAC.f dm1, dm1, ex4, ex5, r4
.aggressive_scheduled_block_id 3
.nohwbrkpt
.noswbrkpt
        3668    0x80 0x39 0x73 0x01 0x94 0x1d 0x22 0x51 0x69 0x4a                                VLDA.POP.576 ex7, [p0, lf0, r24];VLDB.POP.576 ex6, [p1, lf1, r25];                                                                                              VMAC.f dm2, dm2, ex8, ex11, r4
.aggressive_scheduled_block_id 3
.nohwbrkpt
.noswbrkpt
        3678    0x24 0x8c 0xe9 0x48                                                                                                                                                                                                                              VMAC.f dm4, dm4, ex6, ex7, r4
.aggressive_scheduled_block_id 3
.nohwbrkpt
.noswbrkpt
        3682    0x23 0x73 0x49 0x48                                                                                                                                                                                                                              VMAC.f dm3, dm3, ex9, ex10, r4
.aggressive_scheduled_block_id 3
.nohwbrkpt
.noswbrkpt
        3686    0x22 0x48 0xe9 0x48                                                                                                                                                                                                                              VMAC.f dm2, dm2, ex4, ex7, r4
.aggressive_scheduled_block_id 3
.nohwbrkpt
.noswbrkpt
        3690    0x24 0x93 0x69 0x48                                                                                                                                                                                                                              VMAC.f dm4, dm4, ex9, ex11, r4
.aggressive_scheduled_block_id 3
.nohwbrkpt
.noswbrkpt
        3694    0x63 0x94 0x60 0x02 0x23 0x6c 0xa9 0x62                                                                                                      VST.CONV.bf16.fp32 cml1, [p3], #64;                                                                 VMAC.f dm3, dm3, ex6, ex5, r4
.aggressive_scheduled_block_id 3
.nohwbrkpt
.noswbrkpt
        3702    0x0b 0x3c 0xe3 0x18                                                                                                                          VST.CONV.bf16.fp32 cmh1, [p3], #192
.aggressive_scheduled_block_id 3
.aggressive_scheduled_block_id last
.nohwbrkpt
.noswbrkpt
        3706    0x63 0x95 0x70 0x04 0x24 0x8c 0xe9 0x62                                          VLDA.CONV.fp32.bf16 cml1, [p3], #64;                                                                                                                            VMAC.f dm4, dm4, ex6, ex7, r4
.aggressive_scheduled_block_id 4
.aggressive_scheduled_block_id first
        3714    0x03 0xdc 0xeb 0x98                                                              VLDA.CONV.fp32.bf16 cmh1, [p3], #-192
.aggressive_scheduled_block_id 4
.noswbrkpt
        3718    0x60 0x02 0x86 0x3a 0x46 0x4c                                                                                  VLDB.POP.576 ex0, [p1, lf1, r25];VST.CONV.bf16.fp32 cml2, [p3], #64
.aggressive_scheduled_block_id 4
.nohwbrkpt
.noswbrkpt
        3724    0x0b 0x3d 0x63 0x18                                                                                                                          VST.CONV.bf16.fp32 cmh2, [p3], #192
.aggressive_scheduled_block_id 4
.nohwbrkpt
.noswbrkpt
        3728    0x03 0x1d 0x2b 0x98                                                              VLDA.CONV.fp32.bf16 cml2, [p3], #64
.aggressive_scheduled_block_id 4
.nohwbrkpt
.noswbrkpt
        3732    0x65 0x2d 0x70 0x04 0x21 0x20 0x49 0x62                                          VLDA.CONV.fp32.bf16 cmh2, [p3], m1;                                                                                                                             VMAC.f dm1, dm1, ex0, ex2, r4
.aggressive_scheduled_block_id 4
.nohwbrkpt
.noswbrkpt
        3740    0x40 0x12 0x86 0x3b 0x46 0x4c                                                                                  VLDB.POP.576 ex2, [p0, lf0, r24];VST.CONV.bf16.fp32 cml3, [p3], #64
.aggressive_scheduled_block_id 4
.nohwbrkpt
.noswbrkpt
        3746    0x0b 0x3d 0xe3 0x18                                                                                                                          VST.CONV.bf16.fp32 cmh3, [p3], #192
.aggressive_scheduled_block_id 4
.nohwbrkpt
.noswbrkpt
        3750    0x63 0xb5 0x70 0x04 0x21 0x28 0xa9 0x62                                          VLDA.CONV.fp32.bf16 cml3, [p3], #64;                                                                                                                            VMAC.f dm1, dm1, ex4, ex5, r4
.aggressive_scheduled_block_id 4
.nohwbrkpt
.noswbrkpt
        3758    0x7b 0xbd 0x70 0x04 0x22 0x40 0x69 0x62                                          VLDA.CONV.fp32.bf16 cmh3, [p3], #-192;                                                                                                                          VMAC.f dm2, dm2, ex0, ex3, r4
.aggressive_scheduled_block_id 4
.nohwbrkpt
.noswbrkpt
        3766    0x80 0x19 0x76 0x00 0xab 0x1e 0x23 0x32                                          VLDA.POP.576 ex3, [p0, lf0, r24];VLDB.POP.576 ex1, [p1, lf1, r25];VST.CONV.bf16.fp32 cml4, [p3], #64
.aggressive_scheduled_block_id 4
.nohwbrkpt
.noswbrkpt
        3774    0x80 0x29 0x76 0x02 0x2b 0x3e 0x63 0x32                                          VLDA.POP.576 ex5, [p0, lf0, r24];VLDB.POP.576 ex4, [p1, lf1, r25];VST.CONV.bf16.fp32 cmh4, [p3], #192
.aggressive_scheduled_block_id 4
.nohwbrkpt
.noswbrkpt
        3782    0x63 0xc5 0x70 0x04 0x22 0x48 0xe9 0x62                                          VLDA.CONV.fp32.bf16 cml4, [p3], #64;                                                                                                                            VMAC.f dm2, dm2, ex4, ex7, r4
.aggressive_scheduled_block_id 4
.nohwbrkpt
.noswbrkpt
        3790    0x61 0x4d 0x73 0x01 0x94 0x1d 0x23 0x62 0x49 0x4a                                VLDA.CONV.fp32.bf16 cmh4, [p3], m0;VLDB.POP.576 ex6, [p1, lf1, r25];                                                                                            VMAC.f dm3, dm3, ex1, ex2, r4
.aggressive_scheduled_block_id 4
.nohwbrkpt
.noswbrkpt
        3800    0x22 0x81 0x72 0x01 0xd4 0x1d 0x21 0x20 0x49 0x4a                                VLDA.FILL.512 [p1, lf1, r25]; VLDB.POP.576 ex7, [p0, lf0, r24];                                                                                                 VMAC.f dm1, dm1, ex0, ex2, r4
.aggressive_scheduled_block_id 4
.nohwbrkpt
.noswbrkpt
        3810    0xa0 0x01 0x78 0x28 0x28 0x3c                                                    VLDA.POP.576 ex0, [p1, lf1, r25];VLDB.FILL.512 [p0, lf0, r24]
.aggressive_scheduled_block_id 4
.nohwbrkpt
.noswbrkpt
        3816    0xa0 0x09 0x72 0x00 0x94 0x1d 0x23 0x6c 0xa9 0x4a                                VLDA.POP.576 ex1, [p1, lf1, r25];VLDB.POP.576 ex2, [p0, lf0, r24];                                                                                              VMAC.f dm3, dm3, ex6, ex5, r4
.aggressive_scheduled_block_id 4
.nohwbrkpt
.noswbrkpt
        3826    0xa0 0x21 0x72 0x00 0xd4 0x1d 0x24 0x82 0x69 0x4a                                VLDA.POP.576 ex4, [p1, lf1, r25];VLDB.POP.576 ex3, [p0, lf0, r24];                                                                                              VMAC.f dm4, dm4, ex1, ex3, r4
.aggressive_scheduled_block_id 4
.nohwbrkpt
.noswbrkpt
        3836    0x02 0x01 0x54 0x00 0x22 0x40 0x69 0x62                                                                        VLDB.POP.576 ex5, [p0, lf0, r24];                                                                                                 VMAC.f dm2, dm2, ex0, ex3, r4
.aggressive_scheduled_block_id 4
.nohwbrkpt
.noswbrkpt
        3844    0x80 0x39 0x73 0x01 0x94 0x1d 0x21 0x28 0xa9 0x4a                                VLDA.POP.576 ex7, [p0, lf0, r24];VLDB.POP.576 ex6, [p1, lf1, r25];                                                                                              VMAC.f dm1, dm1, ex4, ex5, r4
.aggressive_scheduled_block_id 4
.nohwbrkpt
.noswbrkpt
        3854    0x24 0x8c 0xe9 0x48                                                                                                                                                                                                                              VMAC.f dm4, dm4, ex6, ex7, r4
.aggressive_scheduled_block_id 4
.nohwbrkpt
.noswbrkpt
        3858    0x03 0x00 0x14 0x00 0x23 0x62 0x49 0x62                                                                        VLDB.POP.576 ex0, [p1, lf1, r25];                                                                                                 VMAC.f dm3, dm3, ex1, ex2, r4
.aggressive_scheduled_block_id 4
.nohwbrkpt
.noswbrkpt
        3866    0x02 0x00 0x94 0x00 0x22 0x48 0xe9 0x62                                                                        VLDB.POP.576 ex2, [p0, lf0, r24];                                                                                                 VMAC.f dm2, dm2, ex4, ex7, r4
.aggressive_scheduled_block_id 4
.nohwbrkpt
.noswbrkpt
        3874    0x24 0x82 0x69 0x48                                                                                                                                                                                                                              VMAC.f dm4, dm4, ex1, ex3, r4
.aggressive_scheduled_block_id 4
.nohwbrkpt
.noswbrkpt
        3878    0x80 0x19 0x73 0x00 0x54 0x1d 0x21 0x20 0x49 0x4a                                VLDA.POP.576 ex3, [p0, lf0, r24];VLDB.POP.576 ex1, [p1, lf1, r25];                                                                                              VMAC.f dm1, dm1, ex0, ex2, r4
.aggressive_scheduled_block_id 4
.nohwbrkpt
.noswbrkpt
        3888    0x03 0x01 0x14 0x00 0x23 0x6c 0xa9 0x62                                                                        VLDB.POP.576 ex4, [p1, lf1, r25];                                                                                                 VMAC.f dm3, dm3, ex6, ex5, r4
.aggressive_scheduled_block_id 4
.nohwbrkpt
.noswbrkpt
        3896    0x02 0x01 0x54 0x00 0x24 0x8c 0xe9 0x62                                                                        VLDB.POP.576 ex5, [p0, lf0, r24];                                                                                                 VMAC.f dm4, dm4, ex6, ex7, r4
.aggressive_scheduled_block_id 4
.nohwbrkpt
.noswbrkpt
        3904    0x21 0x28 0xa9 0x48                                                                                                                                                                                                                              VMAC.f dm1, dm1, ex4, ex5, r4
.aggressive_scheduled_block_id 4
.nohwbrkpt
.noswbrkpt
        3908    0x22 0x40 0x69 0x48                                                                                                                                                                                                                              VMAC.f dm2, dm2, ex0, ex3, r4
.aggressive_scheduled_block_id 4
.nohwbrkpt
.noswbrkpt
        3912    0xa0 0x31 0x72 0x01 0xd4 0x1d 0x23 0x62 0x49 0x4a                                VLDA.POP.576 ex6, [p1, lf1, r25];VLDB.POP.576 ex7, [p0, lf0, r24];                                                                                              VMAC.f dm3, dm3, ex1, ex2, r4
.aggressive_scheduled_block_id 4
.nohwbrkpt
.noswbrkpt
        3922    0x82 0x82 0x83 0x20 0x11 0x60 0x80 0xfa 0x21 0x20 0x49 0x66                                                    VLDB.FILL.512 [p0, lf0, r24];                               MOVX r25, #0;                 MOV p1, dn0;                            VMAC.f dm1, dm1, ex0, ex2, r4
.aggressive_scheduled_block_id 4
.nohwbrkpt
.noswbrkpt
        3934    0x80 0x11 0x75 0x14 0x14 0x1d 0x24 0x82 0x69 0x4a                                VLDA.POP.576 ex2, [p0, lf0, r24];VLDB.FILL.512 [p1, lf1, r25];                                                                                                  VMAC.f dm4, dm4, ex1, ex3, r4
.aggressive_scheduled_block_id 4
.nohwbrkpt
.noswbrkpt
        3944    0x80 0x19 0x73 0x00 0x14 0x1d 0x22 0x48 0xe9 0x4a                                VLDA.POP.576 ex3, [p0, lf0, r24];VLDB.POP.576 ex0, [p1, lf1, r25];                                                                                              VMAC.f dm2, dm2, ex4, ex7, r4
.aggressive_scheduled_block_id 4
.nohwbrkpt
.noswbrkpt
        3954    0x80 0x29 0x73 0x00 0x54 0x1d 0x23 0x6c 0xa9 0x4a                                VLDA.POP.576 ex5, [p0, lf0, r24];VLDB.POP.576 ex1, [p1, lf1, r25];                                                                                              VMAC.f dm3, dm3, ex6, ex5, r4
.aggressive_scheduled_block_id 4
.nohwbrkpt
.noswbrkpt
        3964    0x03 0x01 0x14 0x00 0x21 0x28 0xa9 0x62                                                                        VLDB.POP.576 ex4, [p1, lf1, r25];                                                                                                 VMAC.f dm1, dm1, ex4, ex5, r4
.aggressive_scheduled_block_id 4
.nohwbrkpt
.noswbrkpt
        3972    0xa0 0x31 0x72 0x01 0xd4 0x1d 0x22 0x40 0x69 0x4a                                VLDA.POP.576 ex6, [p1, lf1, r25];VLDB.POP.576 ex7, [p0, lf0, r24];                                                                                              VMAC.f dm2, dm2, ex0, ex3, r4
.aggressive_scheduled_block_id 4
.nohwbrkpt
.noswbrkpt
        3982    0x24 0x8c 0xe9 0x48                                                                                                                                                                                                                              VMAC.f dm4, dm4, ex6, ex7, r4
.aggressive_scheduled_block_id 4
.nohwbrkpt
.noswbrkpt
        3986    0x23 0x62 0x49 0x48                                                                                                                                                                                                                              VMAC.f dm3, dm3, ex1, ex2, r4
.aggressive_scheduled_block_id 4
.nohwbrkpt
.noswbrkpt
        3990    0x22 0x48 0xe9 0x48                                                                                                                                                                                                                              VMAC.f dm2, dm2, ex4, ex7, r4
.aggressive_scheduled_block_id 4
.nohwbrkpt
.noswbrkpt
        3994    0x24 0x82 0x69 0x48                                                                                                                                                                                                                              VMAC.f dm4, dm4, ex1, ex3, r4
.aggressive_scheduled_block_id 4
.nohwbrkpt
.noswbrkpt
        3998    0x63 0x94 0x60 0x02 0x23 0x6c 0xa9 0x62                                                                                                      VST.CONV.bf16.fp32 cml1, [p3], #64;                                                                 VMAC.f dm3, dm3, ex6, ex5, r4
.aggressive_scheduled_block_id 4
.nohwbrkpt
.noswbrkpt
        4006    0x0b 0x3c 0xe3 0x18                                                                                                                          VST.CONV.bf16.fp32 cmh1, [p3], #192
.aggressive_scheduled_block_id 4
.aggressive_scheduled_block_id last
.nohwbrkpt
.noswbrkpt
        4010    0x63 0x95 0x70 0x04 0x24 0x8c 0xe9 0x62                                          VLDA.CONV.fp32.bf16 cml1, [p3], #64;                                                                                                                            VMAC.f dm4, dm4, ex6, ex7, r4
.aggressive_scheduled_block_id 5
.aggressive_scheduled_block_id first
        4018    0x03 0xdc 0xeb 0x98                                                              VLDA.CONV.fp32.bf16 cmh1, [p3], #-192
.aggressive_scheduled_block_id 5
.noswbrkpt
        4022    0x60 0x02 0x86 0x3a 0x46 0x4c                                                                                  VLDB.POP.576 ex0, [p1, lf1, r25];VST.CONV.bf16.fp32 cml2, [p3], #64
.aggressive_scheduled_block_id 5
.nohwbrkpt
.noswbrkpt
        4028    0x0b 0x3d 0x63 0x18                                                                                                                          VST.CONV.bf16.fp32 cmh2, [p3], #192
.aggressive_scheduled_block_id 5
.nohwbrkpt
.noswbrkpt
        4032    0x03 0x1d 0x2b 0x98                                                              VLDA.CONV.fp32.bf16 cml2, [p3], #64
.aggressive_scheduled_block_id 5
.nohwbrkpt
.noswbrkpt
        4036    0x65 0x2d 0x70 0x04 0x21 0x20 0x49 0x62                                          VLDA.CONV.fp32.bf16 cmh2, [p3], m1;                                                                                                                             VMAC.f dm1, dm1, ex0, ex2, r4
.aggressive_scheduled_block_id 5
.nohwbrkpt
.noswbrkpt
        4044    0x40 0x12 0x86 0x3b 0x46 0x4c                                                                                  VLDB.POP.576 ex2, [p0, lf0, r24];VST.CONV.bf16.fp32 cml3, [p3], #64
.aggressive_scheduled_block_id 5
.nohwbrkpt
.noswbrkpt
        4050    0x0b 0x3d 0xe3 0x18                                                                                                                          VST.CONV.bf16.fp32 cmh3, [p3], #192
.aggressive_scheduled_block_id 5
.nohwbrkpt
.noswbrkpt
        4054    0x63 0xb5 0x70 0x04 0x21 0x28 0xa9 0x62                                          VLDA.CONV.fp32.bf16 cml3, [p3], #64;                                                                                                                            VMAC.f dm1, dm1, ex4, ex5, r4
.aggressive_scheduled_block_id 5
.nohwbrkpt
.noswbrkpt
        4062    0x7b 0xbd 0x70 0x04 0x22 0x40 0x69 0x62                                          VLDA.CONV.fp32.bf16 cmh3, [p3], #-192;                                                                                                                          VMAC.f dm2, dm2, ex0, ex3, r4
.aggressive_scheduled_block_id 5
.nohwbrkpt
.noswbrkpt
        4070    0xa0 0x09 0x74 0x01 0xab 0x1e 0x23 0x32                                          VLDA.POP.576 ex1, [p1, lf1, r25];VLDB.POP.576 ex3, [p0, lf0, r24];VST.CONV.bf16.fp32 cml4, [p3], #64
.aggressive_scheduled_block_id 5
.nohwbrkpt
.noswbrkpt
        4078    0x80 0x29 0x76 0x02 0x2b 0x3e 0x63 0x32                                          VLDA.POP.576 ex5, [p0, lf0, r24];VLDB.POP.576 ex4, [p1, lf1, r25];VST.CONV.bf16.fp32 cmh4, [p3], #192
.aggressive_scheduled_block_id 5
.nohwbrkpt
.noswbrkpt
        4086    0x63 0xc5 0x70 0x04 0x22 0x48 0xe9 0x62                                          VLDA.CONV.fp32.bf16 cml4, [p3], #64;                                                                                                                            VMAC.f dm2, dm2, ex4, ex7, r4
.aggressive_scheduled_block_id 5
.nohwbrkpt
.noswbrkpt
        4094    0x61 0x4d 0x72 0x01 0xd4 0x1d 0x23 0x62 0x49 0x4a                                VLDA.CONV.fp32.bf16 cmh4, [p3], m0;VLDB.POP.576 ex7, [p0, lf0, r24];                                                                                            VMAC.f dm3, dm3, ex1, ex2, r4
.aggressive_scheduled_block_id 5
.nohwbrkpt
.noswbrkpt
        4104    0x02 0x81 0x73 0x01 0x94 0x1d 0x21 0x20 0x49 0x4a                                VLDA.FILL.512 [p0, lf0, r24]; VLDB.POP.576 ex6, [p1, lf1, r25];                                                                                                 VMAC.f dm1, dm1, ex0, ex2, r4
.aggressive_scheduled_block_id 5
.nohwbrkpt
.noswbrkpt
        4114    0x80 0x11 0x7a 0x28 0x28 0x3c                                                    VLDA.POP.576 ex2, [p0, lf0, r24];VLDB.FILL.512 [p1, lf1, r25]
.aggressive_scheduled_block_id 5
.nohwbrkpt
.noswbrkpt
        4120    0x80 0x19 0x73 0x00 0x14 0x1d 0x23 0x6c 0xa9 0x4a                                VLDA.POP.576 ex3, [p0, lf0, r24];VLDB.POP.576 ex0, [p1, lf1, r25];                                                                                              VMAC.f dm3, dm3, ex6, ex5, r4
.aggressive_scheduled_block_id 5
.nohwbrkpt
.noswbrkpt
        4130    0x03 0x00 0x54 0x00 0x24 0x82 0x69 0x62                                                                        VLDB.POP.576 ex1, [p1, lf1, r25];                                                                                                 VMAC.f dm4, dm4, ex1, ex3, r4
.aggressive_scheduled_block_id 5
.nohwbrkpt
.noswbrkpt
        4138    0x80 0x29 0x73 0x01 0x14 0x1d 0x22 0x40 0x69 0x4a                                VLDA.POP.576 ex5, [p0, lf0, r24];VLDB.POP.576 ex4, [p1, lf1, r25];                                                                                              VMAC.f dm2, dm2, ex0, ex3, r4
.aggressive_scheduled_block_id 5
.nohwbrkpt
.noswbrkpt
        4148    0x21 0x28 0xa9 0x48                                                                                                                                                                                                                              VMAC.f dm1, dm1, ex4, ex5, r4
.aggressive_scheduled_block_id 5
.nohwbrkpt
.noswbrkpt
        4152    0xa0 0x31 0x72 0x01 0xd4 0x1d 0x24 0x8c 0xe9 0x4a                                VLDA.POP.576 ex6, [p1, lf1, r25];VLDB.POP.576 ex7, [p0, lf0, r24];                                                                                              VMAC.f dm4, dm4, ex6, ex7, r4
.aggressive_scheduled_block_id 5
.nohwbrkpt
.noswbrkpt
        4162    0x03 0x00 0x14 0x00 0x23 0x62 0x49 0x62                                                                        VLDB.POP.576 ex0, [p1, lf1, r25];                                                                                                 VMAC.f dm3, dm3, ex1, ex2, r4
.aggressive_scheduled_block_id 5
.nohwbrkpt
.noswbrkpt
        4170    0x02 0x00 0x94 0x00 0x22 0x48 0xe9 0x62                                                                        VLDB.POP.576 ex2, [p0, lf0, r24];                                                                                                 VMAC.f dm2, dm2, ex4, ex7, r4
.aggressive_scheduled_block_id 5
.nohwbrkpt
.noswbrkpt
        4178    0x24 0x82 0x69 0x48                                                                                                                                                                                                                              VMAC.f dm4, dm4, ex1, ex3, r4
.aggressive_scheduled_block_id 5
.nohwbrkpt
.noswbrkpt
        4182    0x80 0x19 0x73 0x00 0x54 0x1d 0x21 0x20 0x49 0x4a                                VLDA.POP.576 ex3, [p0, lf0, r24];VLDB.POP.576 ex1, [p1, lf1, r25];                                                                                              VMAC.f dm1, dm1, ex0, ex2, r4
.aggressive_scheduled_block_id 5
.nohwbrkpt
.noswbrkpt
        4192    0x03 0x01 0x14 0x00 0x23 0x6c 0xa9 0x62                                                                        VLDB.POP.576 ex4, [p1, lf1, r25];                                                                                                 VMAC.f dm3, dm3, ex6, ex5, r4
.aggressive_scheduled_block_id 5
.nohwbrkpt
.noswbrkpt
        4200    0x02 0x01 0x54 0x00 0x22 0x40 0x69 0x62                                                                        VLDB.POP.576 ex5, [p0, lf0, r24];                                                                                                 VMAC.f dm2, dm2, ex0, ex3, r4
.aggressive_scheduled_block_id 5
.nohwbrkpt
.noswbrkpt
        4208    0x24 0x8c 0xe9 0x48                                                                                                                                                                                                                              VMAC.f dm4, dm4, ex6, ex7, r4
.aggressive_scheduled_block_id 5
.nohwbrkpt
.noswbrkpt
        4212    0x21 0x28 0xa9 0x48                                                                                                                                                                                                                              VMAC.f dm1, dm1, ex4, ex5, r4
.aggressive_scheduled_block_id 5
.nohwbrkpt
.noswbrkpt
        4216    0xa0 0x31 0x72 0x01 0xd4 0x1d 0x23 0x62 0x49 0x4a                                VLDA.POP.576 ex6, [p1, lf1, r25];VLDB.POP.576 ex7, [p0, lf0, r24];                                                                                              VMAC.f dm3, dm3, ex1, ex2, r4
.aggressive_scheduled_block_id 5
.nohwbrkpt
.noswbrkpt
        4226    0x22 0x48 0xe9 0x48                                                                                                                                                                                                                              VMAC.f dm2, dm2, ex4, ex7, r4
.aggressive_scheduled_block_id 5
.nohwbrkpt
.noswbrkpt
        4230    0x24 0x82 0x69 0x48                                                                                                                                                                                                                              VMAC.f dm4, dm4, ex1, ex3, r4
.aggressive_scheduled_block_id 5
.nohwbrkpt
.noswbrkpt
        4234    0x21 0x20 0x49 0x48                                                                                                                                                                                                                              VMAC.f dm1, dm1, ex0, ex2, r4
.aggressive_scheduled_block_id 5
.nohwbrkpt
.noswbrkpt
        4238    0x23 0x6c 0xa9 0x48                                                                                                                                                                                                                              VMAC.f dm3, dm3, ex6, ex5, r4
.aggressive_scheduled_block_id 5
.nohwbrkpt
.noswbrkpt
        4242    0x22 0x40 0x69 0x48                                                                                                                                                                                                                              VMAC.f dm2, dm2, ex0, ex3, r4
.aggressive_scheduled_block_id 5
.nohwbrkpt
.noswbrkpt
        4246    0x21 0x28 0xa9 0x48                                                                                                                                                                                                                              VMAC.f dm1, dm1, ex4, ex5, r4
.aggressive_scheduled_block_id 5
.aggressive_scheduled_block_id last
.nohwbrkpt
.noswbrkpt
        4250    0x24 0x8c 0xe9 0x48                                                                                                                                                                                                                              VMAC.f dm4, dm4, ex6, ex7, r4
        4254    0x22 0x48 0xe9 0x48                                                                                                                                                                                                                              VMAC.f dm2, dm2, ex4, ex7, r4
        4258    0x23 0x62 0x49 0x48                                                                                                                                                                                                                              VMAC.f dm3, dm3, ex1, ex2, r4
        4262    0x24 0x82 0x69 0x48                                                                                                                                                                                                                              VMAC.f dm4, dm4, ex1, ex3, r4
        4266    0x00 0x00                                                                        NOPX
        4268    0x63 0x94 0x60 0x02 0x23 0x6c 0xa9 0x62                                                                                                      VST.CONV.bf16.fp32 cml1, [p3], #64;                                                                 VMAC.f dm3, dm3, ex6, ex5, r4
        4276    0x63 0x9c 0x60 0x02 0x24 0x8c 0xe9 0x62                                                                                                      VST.CONV.bf16.fp32 cmh1, [p3], #64;                                                                 VMAC.f dm4, dm4, ex6, ex7, r4
        4284    0x0b 0x1d 0x23 0x18                                                                                                                          VST.CONV.bf16.fp32 cml2, [p3], #64
        4288    0x0b 0x49 0x63 0x18                                                                                                                          VST.CONV.bf16.fp32 cmh2, [p3], m2
        4292    0x00 0x00                                                                        NOPX
        4294    0x00 0x00                                                                        NOPX
        4296    0x0b 0x1d 0xa3 0x18                                                                                                                          VST.CONV.bf16.fp32 cml3, [p3], #64
        4300    0x0b 0x1d 0xe3 0x18                                                                                                                          VST.CONV.bf16.fp32 cmh3, [p3], #64
        4304    0x00 0x2c 0xf0 0x00 0x23 0x06 0x23 0x00 0x00 0x00 0x01 0xa5 0x78 0x00 0x00 0xe1  NOPA;                         NOPB;                         VST.CONV.bf16.fp32 cml4, [p3];NOPX;                         NOPM;                                   NOPV
.label ZLE_Fmatmul_vectorized_different_datatypes_1728
.end_of_loop
        4320    0x00 0x2c 0xf0 0x00 0x23 0x16 0x63 0x00 0x00 0x00 0x01 0xa5 0x78 0x00 0x00 0xe1  NOPA;                         NOPB;                         VST.CONV.bf16.fp32 cmh4, [p3, #64];NOPX;                    NOPM;                                   NOPV
.loop_nesting 0
        4336    0x10 0x28 0x00 0x18                                                                                                                                                        RET lr
.delay_slot
        4340    0xfe 0xe0 0x00 0x00 0x01 0xc4                                                                                                                                              PADDXM [sp], #-2304
.delay_slot
        4346    0x12 0x10 0x00 0x18                                                                                                                                                        EVENT #1
.delay_slot
.swstall delay_slot
        4350    0x00 0x00                                                                        NOPX
.delay_slot
.swstall delay_slot
        4352    0x00 0x00                                                                        NOPX
.delay_slot
.swstall delay_slot
        4354    0x00 0x00                                                                        NOPX
.label matmul_vectorized_different_datatypes__end

.text_segment PM   4368
.label zero_kernel_bf16
.function_start
        4368    0x18 0x10 0xc0 0xf8                                                                                                                                                                                      MOV r0, p0
        4372    0x00 0x00 0x80 0xa0 0x00 0x44                                                                                                                                              MOVXM r1, #32768
        4378    0x18 0x50 0x81 0x58                                                                                                                                                                                      ADD.NC r1, r1, r0
        4382    0x10 0x04 0x1b 0x98                                                                                                                                                        GEU r2, r0, r1
        4386    0x10 0x08 0xf0 0x40 0x01 0x84                                                                                                                                              JNZ r2, #4576
.delay_slot
.swstall delay_slot
        4392    0x00 0x00                                                                        NOPX
.delay_slot
.swstall delay_slot
        4394    0x00 0x00                                                                        NOPX
.delay_slot
.swstall delay_slot
        4396    0x00 0x00                                                                        NOPX
.delay_slot
.swstall delay_slot
        4398    0x00 0x00                                                                        NOPX
.delay_slot
.swstall delay_slot
        4400    0x00 0x00                                                                        NOPX
        4402    0x00 0x18 0x00 0x00 0x00 0x04 0x78 0xe8 0x10 0xba                                MOVA r24, #0;                                                                             MOVXM ls, #4560
        4412    0x00 0x00 0x16 0xe3 0xa0 0x44                                                                                                                                              MOVXM le, #4560
        4418    0xff 0x40 0x00 0x02 0x20 0x0c 0x68 0x10 0x08 0xba                                MOVA r0, #-6;                                                                             SUB r2, r1, r0;               ADD.NC r3, r0, #64
        4428    0x00 0x21 0x00 0x07 0xb0 0xe4 0x48 0xbf 0xc8 0xba                                MOVA r1, #1;                                                                              LTU r27, r3, r1;              ADD.NC r2, r2, #-1
        4438    0x10 0x01 0xd0 0xc2 0xe5 0xe4                                                                                                                                              ASHL r0, r2, r0;              VBCST.16 x0, r24
        4444    0x00 0x00 0xe0 0x01 0x25 0xe4                                                                                                                                              ADD r0, r0, #1;               VMOV bmll0, x0
        4450    0x10 0x40 0x02 0x18                                                                                                                                                        SEL.EQZ r0, r1, r0, r27
        4454    0x00 0x2c 0xf0 0x00 0x10 0x02 0xb8 0x10 0x7e 0xba                                NOPA;                         NOPB;                                                                                     MOV lc, r0
        4464    0x00 0x2c 0xf0 0x00 0x20 0x01 0x5b 0x00 0x00 0x00 0x01 0xa5 0x78 0x00 0x00 0xe1  NOPA;                         NOPB;                         NOPS;                         NOPX;                         NOPM;                                   NOPV
        4480    0x00 0x2c 0xf0 0x00 0x20 0x01 0x5b 0x00 0x00 0x00 0x01 0xa5 0x78 0x00 0x00 0xe1  NOPA;                         NOPB;                         NOPS;                         NOPX;                         NOPM;                                   NOPV
        4496    0x00 0x2c 0xf0 0x00 0x20 0x01 0x5b 0x00 0x00 0x00 0x01 0xa5 0x78 0x00 0x00 0xe1  NOPA;                         NOPB;                         NOPS;                         NOPX;                         NOPM;                                   NOPV
        4512    0x00 0x2c 0xf0 0x00 0x20 0x01 0x5b 0x00 0x00 0x00 0x01 0xa5 0x78 0x00 0x00 0xe1  NOPA;                         NOPB;                         NOPS;                         NOPX;                         NOPM;                                   NOPV
        4528    0x00 0x2c 0xf0 0x00 0x20 0x01 0x5b 0x00 0x00 0x00 0x01 0xa5 0x78 0x00 0x00 0xe1  NOPA;                         NOPB;                         NOPS;                         NOPX;                         NOPM;                                   NOPV
        4544    0x00 0x2c 0xf0 0x00 0x20 0x01 0x5b 0x00 0x00 0x00 0x01 0xa5 0x78 0x00 0x00 0xe1  NOPA;                         NOPB;                         NOPS;                         NOPX;                         NOPM;                                   NOPV
.label ZLS_Fzero_kernel_bf16_192
.loop_nesting 1
.begin_of_loop
.end_of_loop
        4560    0x00 0x2c 0xf0 0x00 0x20 0x1c 0x06 0x80 0x00 0x00 0x01 0xa5 0x78 0x00 0x00 0xe1  NOPA;                         NOPB;                         VST bmll0, [p0], #64;         NOPX;                         NOPM;                                   NOPV
.label TGT_Fzero_kernel_bf16_208
.loop_nesting 0
        4576    0x10 0x28 0x00 0x18                                                                                                                                                        RET lr
.delay_slot
.swstall delay_slot
        4580    0x00 0x00                                                                        NOPX
.delay_slot
.swstall delay_slot
        4582    0x00 0x00                                                                        NOPX
.delay_slot
.swstall delay_slot
        4584    0x00 0x00                                                                        NOPX
.delay_slot
.swstall delay_slot
        4586    0x00 0x00                                                                        NOPX
.delay_slot
.swstall delay_slot
        4588    0x00 0x00                                                                        NOPX
.label zero_kernel_bf16__end

.text_segment PM   4592
.label _fini
.function_start
        4592    0x00 0x08 0x00 0x00 0x01 0xc4                                                                                                                                              PADDXM [sp], #64
        4598    0xff 0x3a 0xb0 0x00 0x00 0x02 0x08 0x00 0x11 0x3a                                                                                            ST r14, [sp, #-8];            MOVXM r16, #0
        4608    0xfe 0xf3 0xb0 0x00 0x00 0x01 0xc8 0x00 0x11 0x3a                                                                                            ST p7, [sp, #-12];            MOVXM r14, #0
        4618    0x74 0x20 0xfe 0xd0 0x41 0xe4                                                                                                                                              EQ r16, r14, r16;             MOV p7, r16
        4624    0x80 0x09 0x38 0x40 0x01 0x84                                                                                                                                              JNZ r16, #4720
.delay_slot
        4630    0x0f 0xfd 0xf5 0x98                                                                                                                          ST r15, [sp, #-4]
.delay_slot
        4634    0x0f 0xf0 0x3d 0x98                                                                                                                          ST lr, [sp, #-16]
.delay_slot
.swstall delay_slot
        4638    0x00 0x00                                                                        NOPX
.delay_slot
.swstall delay_slot
        4640    0x00 0x00                                                                        NOPX
.delay_slot
.swstall delay_slot
        4642    0x00 0x2c 0xf0 0x02 0xb6 0x00 0x00 0x40 0x1a 0x57 0x00 0x00 0x1c 0x2e            NOPA;                                                       NOPS;                                                       NOPM;                                   NOPV
.label TGT_F_fini_64
.loop_nesting 1
        4656    0x07 0x1c 0x1e 0x98                                                              LDA p0, [p7], #4
        4660    0x00 0x00                                                                        NOPX
        4662    0x00 0x00                                                                        NOPX
        4664    0x00 0x00                                                                        NOPX
        4666    0x00 0x00                                                                        NOPX
        4668    0x00 0x00                                                                        NOPX
        4670    0x00 0x00                                                                        NOPX
.no_stack_arguments
        4672    0x10 0x30 0x00 0x18                                                                                                                                                        JL p0
.delay_slot
        4676    0x1b 0xde 0xc0 0xf8                                                                                                                                                                                      MOV r15, p7
.delay_slot
.swstall delay_slot
        4680    0x00 0x00                                                                        NOPX
.delay_slot
.swstall delay_slot
        4682    0x00 0x00                                                                        NOPX
.delay_slot
.swstall delay_slot
        4684    0x00 0x00                                                                        NOPX
.delay_slot
.swstall delay_slot
        4686    0x00 0x00                                                                        NOPX
.return_address
        4688    0x13 0xe0 0xe8 0x98                                                                                                                                                        NE r16, r15, r14
        4692    0x80 0x09 0x18 0x40 0x01 0x84                                                                                                                                              JNZ r16, #4656
.delay_slot
.swstall delay_slot
        4698    0x00 0x00                                                                        NOPX
.delay_slot
.swstall delay_slot
        4700    0x00 0x00                                                                        NOPX
.delay_slot
.swstall delay_slot
        4702    0x00 0x00                                                                        NOPX
.delay_slot
.swstall delay_slot
        4704    0x00 0x00                                                                        NOPX
.delay_slot
.swstall delay_slot
        4706    0x00 0x2c 0xf0 0x02 0xb6 0x00 0x00 0x40 0x1a 0x57 0x00 0x00 0x1c 0x2e            NOPA;                                                       NOPS;                                                       NOPM;                                   NOPV
.label TGT_F_fini_128
.loop_nesting 0
        4720    0x07 0xf0 0x39 0x18                                                              LDA lr, [sp, #-16]
        4724    0x07 0xf9 0xd1 0x18                                                              LDA r14, [sp, #-8]
        4728    0x07 0xfd 0xf1 0x18                                                              LDA r15, [sp, #-4]
        4732    0x07 0xf7 0x99 0x18                                                              LDA p7, [sp, #-12]
        4736    0x00 0x00                                                                        NOPX
        4738    0x00 0x00                                                                        NOPX
        4740    0x00 0x00                                                                        NOPX
        4742    0x10 0x28 0x00 0x18                                                                                                                                                        RET lr
.delay_slot
        4746    0xff 0xf8 0x00 0x00 0x01 0xc4                                                                                                                                              PADDXM [sp], #-64
.delay_slot
.swstall delay_slot
        4752    0x00 0x00                                                                        NOPX
.delay_slot
.swstall delay_slot
        4754    0x00 0x00                                                                        NOPX
.delay_slot
.swstall delay_slot
        4756    0x00 0x00                                                                        NOPX
.delay_slot
.swstall delay_slot
        4758    0x00 0x00                                                                        NOPX
.label _fini__end

.text_segment PM   4768
.label __cxa_finalize
.function_start
        4768    0xff 0xa1 0x00 0x00 0x02 0x00 0x00 0x00 0x70 0xba                                MOVA r1, #-3;                                                                             PADDXM [sp], #64
        4778    0xfa 0x82 0xb0 0x00 0x41 0x08 0x6d 0xe0 0x79 0x3a                                                                                            ST r0, [sp, #-44];            MOVX r4, #8;                  MOV r3, packSign1
        4788    0xfb 0x0e 0xb0 0x00 0x6e 0x30 0x70 0x02                                                                                                      ST r3, [sp, #-40];                                          MOV r3, unpackSign1
        4796    0xfc 0x0e 0xb0 0x00 0x6a 0x30 0x70 0x02                                                                                                      ST r3, [sp, #-32];                                          MOV r3, unpackSign0
        4804    0xfc 0x8e 0xb0 0x00 0x6c 0x70 0x70 0x02                                                                                                      ST r3, [sp, #-28];                                          MOV r3, crSRSMode
        4812    0xfd 0x8e 0xb0 0x00 0x6b 0xb0 0x70 0x02                                                                                                      ST r3, [sp, #-20];                                          MOV r3, crPackSize
        4820    0xfe 0x8e 0xb0 0x00 0x01 0xfc 0x32 0x9a 0x11 0x3a                                                                                            ST r3, [sp, #-12];            MOVXM p0, #521524
        4830    0x00 0x8a 0xd7 0xdc 0x3d 0x80 0x6a 0x70 0x72 0xba                                LDA r2, [p0];                                               ST lr, [sp, #-36];                                          MOV r3, crSat
        4840    0xff 0x8e 0xb0 0x00 0x69 0x70 0x70 0x02                                                                                                      ST r3, [sp, #-4];                                           MOV r3, crUnpackSize
        4848    0x00 0x92 0x30 0x01 0x4c 0x30 0x70 0x02                                                                                                      ST r4, [p0];                                                MOV r10, upsSign1
        4856    0xff 0x0e 0xb0 0x01 0x08 0x30 0x70 0x02                                                                                                      ST r3, [sp, #-8];                                           MOV r8, upsSign0
        4864    0x1b 0x1a 0x60 0xf8                                                                                                                                                                                      MOV r12, vaddSign1
        4868    0x1a 0x52 0x60 0xf8                                                                                                                                                                                      MOV r9, vaddSign0
        4872    0x1a 0xdf 0xc0 0xf8                                                                                                                                                                                      MOV r11, srsSign1
        4876    0x10 0xbc 0x66 0xaf 0x81 0xe4                                                                                                                                              ADD r2, r2, #-8;              MOV r13, srsSign0
        4882    0x13 0x83 0xd0 0xbe 0xc1 0xe4                                                                                                                                              ASHL r14, r2, r1;             MOV r1, crRnd
        4888    0xfe 0x06 0xb0 0x00 0x2e 0x70 0x70 0x02                                                                                                      ST r1, [sp, #-16];                                          MOV r1, crUPSMode
        4896    0xfd 0x06 0xb0 0x01 0xe9 0xe0 0x70 0x02                                                                                                      ST r1, [sp, #-24];                                          MOV r15, packSign0
        4904    0x00 0x07 0xf0 0xaa 0x28 0x44                                                                                                                                              MOVXM r1, #521492
        4910    0x1e 0x60 0x89 0x58                                                                                                                                                                                      ADD.NC p6, r1, r2
        4914    0x00 0x2c 0xf0 0x00 0x20 0x00 0x00 0xf6 0x34 0x02 0x00 0x2b 0x60 0x7e            NOPA;                         NOPB;                         NOPS;                         MOVXM p7, #4928
.label TGT_F__cxa_finalize_160
.loop_nesting 1
        4928    0x06 0x1c 0x9e 0x98                                                              LDA p1, [p6], #4
        4932    0x06 0xdc 0x1e 0x98                                                              LDA p0, [p6], #-12
        4936    0x00 0x00                                                                        NOPX
        4938    0x00 0x00                                                                        NOPX
        4940    0x00 0x00                                                                        NOPX
        4942    0x00 0x00                                                                        NOPX
        4944    0x00 0x00                                                                        NOPX
.no_stack_arguments
        4946    0x10 0x30 0x40 0x18                                                                                                                                                        JL p1
.delay_slot
.swstall delay_slot
        4950    0x00 0x00                                                                        NOPX
.delay_slot
.swstall delay_slot
        4952    0x00 0x00                                                                        NOPX
.delay_slot
.swstall delay_slot
        4954    0x00 0x00                                                                        NOPX
.delay_slot
.swstall delay_slot
        4956    0x00 0x00                                                                        NOPX
.delay_slot
.swstall delay_slot
        4958    0x00 0x00                                                                        NOPX
.return_address
        4960    0x13 0x9d 0xe0 0x18                                                                                                                                                        JNZD r14, r14, p7
.delay_slot
.swstall delay_slot
        4964    0x00 0x00                                                                        NOPX
.delay_slot
.swstall delay_slot
        4966    0x00 0x00                                                                        NOPX
.delay_slot
.swstall delay_slot
        4968    0x00 0x00                                                                        NOPX
.delay_slot
.swstall delay_slot
        4970    0x00 0x00                                                                        NOPX
.delay_slot
.swstall delay_slot
        4972    0x00 0x00                                                                        NOPX
.loop_nesting 0
        4974    0xfb 0x87 0x20 0x15 0xea 0x02 0x9b 0x10 0x78 0xba                                LDA lr, [sp, #-36];                                                                       MOVX upsSign1, r10;           MOV vaddSign1, r12
        4984    0xfb 0x06 0x20 0x11 0xca 0x00 0x9a 0x50 0x78 0xba                                LDA r1, [sp, #-40];                                                                       MOVX upsSign0, r8;            MOV vaddSign0, r9
        4994    0xfc 0x0a 0x20 0x17 0xe6 0x00 0xf3 0xd0 0x78 0xba                                LDA r2, [sp, #-32];                                                                       MOVX srsSign1, r11;           MOV packSign0, r15
        5004    0xfd 0x82 0x26 0xf1 0x80 0x2c                                                    LDA r0, [sp, #-20];                                                                       MOVX srsSign0, r13
        5010    0x07 0xe4 0xb1 0x18                                                              LDA r5, [sp, #-28]
        5014    0x07 0xf4 0x71 0x18                                                              LDA r3, [sp, #-12]
        5018    0x07 0xfc 0x91 0x18                                                              LDA r4, [sp, #-4]
        5022    0x07 0xf8 0xd1 0x18                                                              LDA r6, [sp, #-8]
        5026    0xfe 0x06 0x20 0xf8 0x80 0x2c                                                    LDA r1, [sp, #-16];                                                                       MOVX packSign1, r1
        5032    0xfd 0x0a 0x21 0x7b 0x80 0x2c                                                    LDA r2, [sp, #-24];                                                                       MOVX unpackSign1, r2
        5038    0xfa 0x82 0x20 0x76 0x00 0x2c                                                    LDA r0, [sp, #-44];                                                                       MOVX crSRSMode, r0
        5044    0x05 0x00 0x04 0x65 0x41 0xe4                                                                                                                                              RET lr;                       MOV unpackSign0, r5
.delay_slot
        5050    0xff 0xf8 0x00 0x00 0x01 0xc4                                                                                                                                              PADDXM [sp], #-64
.delay_slot
        5056    0x1f 0x40 0x04 0xe4 0x41 0xe4                                                                                                                                              MOVX crPackSize, r3;          MOV crSat, r4
.delay_slot
        5062    0x11 0xbc 0x80 0x18                                                                                                                                                        MOVX crUnpackSize, r6
.delay_slot
        5066    0x10 0x7a 0x80 0x18                                                                                                                                                        MOVX crRnd, r1
.delay_slot
        5070    0x10 0xbc 0x00 0x18                                                                                                                                                        MOVX crUPSMode, r2
.label __cxa_finalize__end

.bss_segment DMb 521484	    4

.bss_segment DMb 521488	    1

.data_segment DMb 521492
.label _ZL7atexits
	0xf0
	0x11
	0x0
	0x0
	0x0
	0x0
	0x0
	0x0
	0x0
	0x0
	0x0
	0x0
	0x0
	0x0
	0x0
	0x0
	0x0
	0x0
	0x0
	0x0
	0x0
	0x0
	0x0
	0x0
	0x0
	0x0
	0x0
	0x0
	0x0
	0x0
	0x0
	0x0
.label _ZL10atexit_cnt
	0x8
	0x0
	0x0
	0x0

.stack DM_stack 458752 462080
