
// File generated by darts version V-2024.06#8be6237c82#250729, Mon Jun 29 23:39:12 2026
// Copyright 2014-2024 Synopsys, Inc. All rights reserved.
// darts -I/home/bcloud/torch2aie/toolchain/aietools/data/aie2p/lib -d -h -I/home/bcloud/torch2aie/toolchain/aietools/include -I/home/bcloud/torch2aie/toolchain/aietools/data/aie2p/lib/runtime_cxx/libcxx-lite/include -I/home/bcloud/torch2aie/toolchain/aietools/data/aie2p/lib/runtime_cxx/libs/libcxx-16/include -I/home/bcloud/torch2aie/toolchain/aietools/data/aie2p/lib/runtime_cxx/libs/libcxxabi-16/include -I/home/bcloud/torch2aie/toolchain/aietools/data/aie2p/lib/runtime/include -D__AIENGINE__ -D__AIE_ARCH__=21 -D__AIEARCH__=21 -D__tct_tgt__=250729 -L +Ihex +nanno +u /home/bcloud/torch2aie/examples/gemm_asymmetric_tile_buffering/config2/aie_768x2560x2304_192x128x96.mlir.prj/main_core_5_5.elf me

// Release: ipp V-2024.06-TGT-250729

.text_segment PM      0
.entry_point
.label __AIE_ARCH_MODEL_VERSION__21011400__inlined__1__me_basic___main_init_
.label _main_init
.function_start
           0    0x00 0x07 0x09 0xe0 0x00 0x44                                                                                                                                              MOVXM sp, #458752
           6    0x00 0x00 0x04 0x20 0x00 0x44                                                                                                                                              MOVXM r8, #0
          12    0x00 0x00 0x08 0x20 0x00 0x44                                                                                                                                              MOVXM r16, #0
          18    0x12 0x21 0x07 0x98                                                                                                                                                        EQ r16, r8, r16
          22    0x80 0x00 0x40 0x40 0x01 0x84                                                                                                                                              JNZ r16, #128
.delay_slot
.swstall delay_slot
          28    0x00 0x00                                                                        NOPX
.delay_slot
.swstall delay_slot
          30    0x00 0x00                                                                        NOPX
.delay_slot
.swstall delay_slot
          32    0x00 0x00                                                                        NOPX
.delay_slot
.swstall delay_slot
          34    0x00 0x00                                                                        NOPX
.delay_slot
.swstall delay_slot
          36    0x00 0x00                                                                        NOPX
          38    0x00 0x2c 0xf7 0x80 0x8b 0x01 0x28 0x50 0x72 0xba                                NOPA;                                                       MOVS p7, p0;                                                MOV r9, r1
          48    0x00 0x2c 0xf0 0x00 0x20 0x01 0x5b 0x3f 0xff 0xff 0x37 0xfe 0x10 0x00 0x00 0xe1  NOPA;                         NOPB;                         NOPS;                         MOVXM p6, #-4;                                                        NOPV
.label TGT_F_main_init_64
.loop_nesting 1
          64    0xdf 0x83 0xd5 0x39 0x81 0xd4                                                    LDA p0, [p6], #-4;                                                                                                      MOV r10, p6
          70    0x00 0x00                                                                        NOPX
          72    0x00 0x00                                                                        NOPX
          74    0x00 0x00                                                                        NOPX
          76    0x00 0x00                                                                        NOPX
          78    0x00 0x00                                                                        NOPX
          80    0x00 0x00                                                                        NOPX
.no_stack_arguments
          82    0x10 0x30 0x00 0x18                                                                                                                                                        JL p0
.delay_slot
.swstall delay_slot
          86    0x00 0x00                                                                        NOPX
.delay_slot
.swstall delay_slot
          88    0x00 0x00                                                                        NOPX
.delay_slot
.swstall delay_slot
          90    0x00 0x00                                                                        NOPX
.delay_slot
.swstall delay_slot
          92    0x00 0x00                                                                        NOPX
.delay_slot
.swstall delay_slot
          94    0x00 0x00                                                                        NOPX
.return_address
          96    0x12 0xa0 0x88 0x98                                                                                                                                                        NE r16, r10, r8
         100    0x80 0x00 0x20 0x40 0x01 0x84                                                                                                                                              JNZ r16, #64
.delay_slot
.swstall delay_slot
         106    0x00 0x00                                                                        NOPX
.delay_slot
.swstall delay_slot
         108    0x00 0x00                                                                        NOPX
.delay_slot
.swstall delay_slot
         110    0x00 0x00                                                                        NOPX
.delay_slot
.swstall delay_slot
         112    0x00 0x00                                                                        NOPX
.delay_slot
.swstall delay_slot
         114    0x00 0x00                                                                        NOPX
.loop_nesting 0
         116    0x00 0x2c 0xf0 0x00 0x20 0x9c 0x8b 0x00 0x2a 0x50 0x70 0xf6                      NOPA;                         NOPB;                         MOVS p0, p7;                                                MOV r1, r9
.label TGT_F_main_init_128
.no_stack_arguments
         128    0x00 0x00 0x70 0x00 0x01 0x04                                                                                                                                              JL #224
.delay_slot
.swstall delay_slot
         134    0x00 0x00                                                                        NOPX
.delay_slot
.swstall delay_slot
         136    0x00 0x00                                                                        NOPX
.delay_slot
.swstall delay_slot
         138    0x00 0x00                                                                        NOPX
.delay_slot
.swstall delay_slot
         140    0x00 0x00                                                                        NOPX
.delay_slot
.swstall delay_slot
         142    0x00 0x00                                                                        NOPX
.return_address
.no_stack_arguments
         144    0x00 0x0b 0xb0 0x00 0x01 0x04                                                                                                                                              JL #5984
.delay_slot
         150    0x18 0x60 0x00 0xb8                                                                                                                                                                                      MOV p0, #0
.delay_slot
.swstall delay_slot
         154    0x00 0x00                                                                        NOPX
.delay_slot
.swstall delay_slot
         156    0x00 0x00                                                                        NOPX
.delay_slot
.swstall delay_slot
         158    0x00 0x00                                                                        NOPX
.delay_slot
.swstall delay_slot
         160    0x00 0x2c 0xf0 0x00 0x20 0x01 0x5b 0x00 0x00 0x00 0x01 0xa5 0x78 0x00 0x00 0xe1  NOPA;                         NOPB;                         NOPS;                         NOPX;                         NOPM;                                   NOPV
.return_address
.swstall chess_separator_scheduler
         176    0x00 0x00                                                                        NOPX
.swstall chess_separator_scheduler
         178    0x00 0x00                                                                        NOPX
.swstall chess_separator_scheduler
         180    0x00 0x00                                                                        NOPX
.swstall chess_separator_scheduler
         182    0x00 0x00                                                                        NOPX
.swstall chess_separator_scheduler
         184    0x00 0x00                                                                        NOPX
.swstall chess_separator_scheduler
         186    0x00 0x00                                                                        NOPX
         188    0x10 0x08 0x00 0x18                                                                                                                                                        DONE
.swstall chess_separator_scheduler
         192    0x00 0x00                                                                        NOPX
.swstall chess_separator_scheduler
         194    0x00 0x00                                                                        NOPX
.swstall chess_separator_scheduler
         196    0x00 0x00                                                                        NOPX
.swstall chess_separator_scheduler
         198    0x00 0x00                                                                        NOPX
.swstall chess_separator_scheduler
         200    0x00 0x00                                                                        NOPX
.swstall chess_separator_scheduler
         202    0x00 0x00                                                                        NOPX
.swstall for_chess_exit
.exit
         204    0x00 0x01 0x67 0x98                                                              NOPA
.label TGT_F_main_init_208
.loop_nesting 1
         208    0x00 0x00 0x68 0x00 0x00 0x84                                                                                                                                              J #208
.delay_slot
.swstall delay_slot
         214    0x00 0x00                                                                        NOPX
.delay_slot
.swstall delay_slot
         216    0x00 0x00                                                                        NOPX
.delay_slot
.swstall delay_slot
         218    0x00 0x00                                                                        NOPX
.delay_slot
.swstall delay_slot
         220    0x00 0x00                                                                        NOPX
.delay_slot
.swstall delay_slot
         222    0x00 0x00                                                                        NOPX
.label _main_init__end
.label core_5_5
.function_start
         224    0x13 0x91 0x60 0x00 0x02 0x00 0x00 0x00 0x71 0x3a                                                                                            MOVS p0, p7;                  PADDXM [sp], #64
         234    0xff 0xa6 0xb0 0x00 0xb0 0x08 0x0a 0xd0 0x79 0x3a                                                                                            ST r9, [sp, #-4];             MOVX r11, #0;                 MOV r0, r11
         244    0xfa 0x2e 0xb0 0x00 0x8b 0xd0 0x70 0x02                                                                                                      ST r11, [sp, #-48];                                         MOV r4, r15
         252    0xff 0x22 0xb0 0x00 0x6b 0x90 0x70 0x02                                                                                                      ST r8, [sp, #-8];                                           MOV r3, r14
         260    0xfe 0x92 0xb0 0x00 0x4b 0x50 0x70 0x02                                                                                                      ST r4, [sp, #-12];                                          MOV r2, r13
         268    0xfe 0x0e 0xb0 0x00 0x2b 0x10 0x70 0x02                                                                                                      ST r3, [sp, #-16];                                          MOV r1, r12
         276    0xfd 0x0a 0xb0 0x00 0x01 0xc3 0xb6 0x80 0x11 0x3a                                                                                            ST r2, [sp, #-24];            MOVXM p7, #462080
         286    0x0f 0xe0 0x35 0x98                                                                                                                          ST r1, [sp, #-32]
         290    0x0f 0xdc 0x15 0x98                                                                                                                          ST r0, [sp, #-36]
         294    0x0f 0xd9 0x55 0x98                                                                                                                          ST r10, [sp, #-40]
         298    0x0f 0xec 0x1d 0x98                                                                                                                          ST p0, [sp, #-20]
         302    0x0f 0xe7 0x1d 0x98                                                                                                                          ST p6, [sp, #-28]
         306    0x00 0x2c 0xff 0xa8 0x7b 0x00 0x00 0x40 0x1a 0x57 0x00 0x00 0x1c 0x2e            NOPA;                                                       ST lr, [sp, #-44];                                          NOPM;                                   NOPV
.label TGT_Fcore_5_5_96
.loop_nesting 1
.no_stack_arguments
         320    0x06 0x80 0x00 0x00 0x02 0x48 0x00 0x00 0x40 0xba                                MOVA r0, #52;                                                                             JL #4672
.delay_slot
         330    0x17 0xc2 0xfd 0x18                                                                                                                                                        MOVX r1, #-1
.delay_slot
.swstall delay_slot
         334    0x00 0x00                                                                        NOPX
.delay_slot
.swstall delay_slot
         336    0x00 0x00                                                                        NOPX
.delay_slot
.swstall delay_slot
         338    0x00 0x00                                                                        NOPX
.delay_slot
.swstall delay_slot
         340    0x00 0x2c 0xf0 0x00 0x20 0x00 0x00 0x00 0x00 0xad 0x81 0x36                      NOPA;                         NOPB;                         NOPS;                         NOPX
.return_address
.no_stack_arguments
         352    0x00 0x0b 0x00 0x00 0x01 0x04                                                                                                                                              JL #5632
.delay_slot
         358    0x00 0x07 0x0c 0xda 0x00 0x44                                                                                                                                              MOVXM p6, #462080
.delay_slot
         364    0x18 0x6e 0xc0 0xf8                                                                                                                                                                                      MOV p0, p7
.delay_slot
.swstall delay_slot
         368    0x00 0x00                                                                        NOPX
.delay_slot
.swstall delay_slot
         370    0x00 0x00                                                                        NOPX
.delay_slot
.swstall delay_slot
         372    0x00 0x2c 0xf0 0x00 0x20 0x00 0x00 0x00 0x00 0xad 0x81 0x36                      NOPA;                         NOPB;                         NOPS;                         NOPX
.return_address
         384    0x00 0x2c 0xf0 0x00 0x20 0x01 0x5b 0x00 0xa1 0x28 0x2f 0xff 0x58 0x00 0x00 0xe1  NOPA;                         NOPB;                         NOPS;                         MOVX r10, #9;                 MOV r1, #-1;                            NOPV
.label TGT_Fcore_5_5_176
.loop_nesting 2
.no_stack_arguments
         400    0x00 0x09 0x20 0x00 0x01 0x04                                                                                                                                              JL #4672
.delay_slot
         406    0x10 0x00 0xcd 0x18                                                                                                                                                        MOVX r0, #51
.delay_slot
.swstall delay_slot
         410    0x00 0x00                                                                        NOPX
.delay_slot
.swstall delay_slot
         412    0x00 0x00                                                                        NOPX
.delay_slot
.swstall delay_slot
         414    0x00 0x00                                                                        NOPX
.delay_slot
.swstall delay_slot
         416    0x00 0x2c 0xf0 0x00 0x20 0x01 0x5b 0x00 0x00 0x00 0x01 0xa5 0x78 0x00 0x00 0xe1  NOPA;                         NOPB;                         NOPS;                         NOPX;                         NOPM;                                   NOPV
.return_address
.no_stack_arguments
         432    0x06 0x20 0x00 0x00 0x02 0x48 0x00 0x00 0x40 0xba                                MOVA r0, #49;                                                                             JL #4672
.delay_slot
         442    0x17 0xc2 0xfd 0x18                                                                                                                                                        MOVX r1, #-1
.delay_slot
.swstall delay_slot
         446    0x00 0x00                                                                        NOPX
.delay_slot
.swstall delay_slot
         448    0x00 0x00                                                                        NOPX
.delay_slot
.swstall delay_slot
         450    0x00 0x00                                                                        NOPX
.delay_slot
.swstall delay_slot
         452    0x00 0x2c 0xf0 0x00 0x20 0x00 0x00 0x00 0x00 0xad 0x81 0x36                      NOPA;                         NOPB;                         NOPS;                         NOPX
.return_address
.no_stack_arguments
         464    0x00 0x09 0x40 0x00 0x01 0x04                                                                                                                                              JL #4736
.delay_slot
         470    0x00 0x07 0xc0 0xd4 0x00 0x44                                                                                                                                              MOVXM p0, #510464
.delay_slot
         476    0x00 0x07 0x52 0xdc 0x00 0x44                                                                                                                                              MOVXM p1, #482816
.delay_slot
         482    0xd0 0x91 0x60 0x01 0x36 0x60 0x70 0x02                                                                                                      MOVS p6, p1;                                                MOV p2, p6
.delay_slot
         490    0x1f 0x64 0xc0 0xf8                                                                                                                                                                                      MOV p7, p2
.delay_slot
.swstall delay_slot
         494    0x00 0x00                                                                        NOPX
.return_address
.no_stack_arguments
         496    0x00 0x21 0x00 0x00 0x02 0x4c 0x00 0x00 0x40 0xba                                MOVA r1, #1;                                                                              JL #4704
.delay_slot
         506    0x10 0x00 0xc1 0x18                                                                                                                                                        MOVX r0, #48
.delay_slot
.swstall delay_slot
         510    0x00 0x00                                                                        NOPX
.delay_slot
.swstall delay_slot
         512    0x00 0x00                                                                        NOPX
.delay_slot
.swstall delay_slot
         514    0x00 0x00                                                                        NOPX
.delay_slot
.swstall delay_slot
         516    0x00 0x2c 0xf0 0x00 0x20 0x00 0x00 0x00 0x00 0xad 0x81 0x36                      NOPA;                         NOPB;                         NOPS;                         NOPX
.return_address
.no_stack_arguments
         528    0x06 0x20 0x00 0x00 0x02 0x48 0x00 0x00 0x40 0xba                                MOVA r0, #49;                                                                             JL #4672
.delay_slot
         538    0x17 0xc2 0xfd 0x18                                                                                                                                                        MOVX r1, #-1
.delay_slot
.swstall delay_slot
         542    0x00 0x00                                                                        NOPX
.delay_slot
.swstall delay_slot
         544    0x00 0x00                                                                        NOPX
.delay_slot
.swstall delay_slot
         546    0x00 0x00                                                                        NOPX
.delay_slot
.swstall delay_slot
         548    0x00 0x2c 0xf0 0x00 0x20 0x00 0x00 0x00 0x00 0xad 0x81 0x36                      NOPA;                         NOPB;                         NOPS;                         NOPX
.return_address
.no_stack_arguments
         560    0x33 0x11 0x60 0x00 0x02 0x50 0x00 0x00 0x41 0x3a                                                                                            MOVS p1, p6;                  JL #4736
.delay_slot
         570    0x1a 0x6e 0xc0 0xf8                                                                                                                                                                                      MOV p2, p7
.delay_slot
         574    0x00 0x07 0xd0 0xd8 0x00 0x44                                                                                                                                              MOVXM p0, #515072
.delay_slot
.swstall delay_slot
         580    0x00 0x00                                                                        NOPX
.delay_slot
.swstall delay_slot
         582    0x00 0x00                                                                        NOPX
.delay_slot
.swstall delay_slot
         584    0x00 0x2c 0xf0 0x04 0x00 0x00 0x1c 0x22                                          NOPA;                                                                                                                                                           NOPV
.return_address
.no_stack_arguments
         592    0x00 0x21 0x00 0x00 0x02 0x4c 0x00 0x00 0x40 0xba                                MOVA r1, #1;                                                                              JL #4704
.delay_slot
         602    0x10 0x00 0xc1 0x18                                                                                                                                                        MOVX r0, #48
.delay_slot
.swstall delay_slot
         606    0x00 0x00                                                                        NOPX
.delay_slot
.swstall delay_slot
         608    0x00 0x00                                                                        NOPX
.delay_slot
.swstall delay_slot
         610    0x00 0x00                                                                        NOPX
.delay_slot
.swstall delay_slot
         612    0x00 0x2c 0xf0 0x00 0x20 0x00 0x00 0x00 0x00 0xad 0x81 0x36                      NOPA;                         NOPB;                         NOPS;                         NOPX
.return_address
.no_stack_arguments
         624    0x06 0x20 0x00 0x00 0x02 0x48 0x00 0x00 0x40 0xba                                MOVA r0, #49;                                                                             JL #4672
.delay_slot
         634    0x17 0xc2 0xfd 0x18                                                                                                                                                        MOVX r1, #-1
.delay_slot
.swstall delay_slot
         638    0x00 0x00                                                                        NOPX
.delay_slot
.swstall delay_slot
         640    0x00 0x00                                                                        NOPX
.delay_slot
.swstall delay_slot
         642    0x00 0x00                                                                        NOPX
.delay_slot
.swstall delay_slot
         644    0x00 0x2c 0xf0 0x00 0x20 0x00 0x00 0x00 0x00 0xad 0x81 0x36                      NOPA;                         NOPB;                         NOPS;                         NOPX
.return_address
.no_stack_arguments
         656    0x33 0x11 0x60 0x00 0x02 0x50 0x00 0x00 0x41 0x3a                                                                                            MOVS p1, p6;                  JL #4736
.delay_slot
         666    0x1a 0x6e 0xc0 0xf8                                                                                                                                                                                      MOV p2, p7
.delay_slot
         670    0x00 0x07 0xc0 0xd4 0x00 0x44                                                                                                                                              MOVXM p0, #510464
.delay_slot
.swstall delay_slot
         676    0x00 0x00                                                                        NOPX
.delay_slot
.swstall delay_slot
         678    0x00 0x00                                                                        NOPX
.delay_slot
.swstall delay_slot
         680    0x00 0x2c 0xf0 0x04 0x00 0x00 0x1c 0x22                                          NOPA;                                                                                                                                                           NOPV
.return_address
.no_stack_arguments
         688    0x00 0x21 0x00 0x00 0x02 0x4c 0x00 0x00 0x40 0xba                                MOVA r1, #1;                                                                              JL #4704
.delay_slot
         698    0x10 0x00 0xc1 0x18                                                                                                                                                        MOVX r0, #48
.delay_slot
.swstall delay_slot
         702    0x00 0x00                                                                        NOPX
.delay_slot
.swstall delay_slot
         704    0x00 0x00                                                                        NOPX
.delay_slot
.swstall delay_slot
         706    0x00 0x00                                                                        NOPX
.delay_slot
.swstall delay_slot
         708    0x00 0x2c 0xf0 0x00 0x20 0x00 0x00 0x00 0x00 0xad 0x81 0x36                      NOPA;                         NOPB;                         NOPS;                         NOPX
.return_address
.no_stack_arguments
         720    0x06 0x20 0x00 0x00 0x02 0x48 0x00 0x00 0x40 0xba                                MOVA r0, #49;                                                                             JL #4672
.delay_slot
         730    0x17 0xc2 0xfd 0x18                                                                                                                                                        MOVX r1, #-1
.delay_slot
.swstall delay_slot
         734    0x00 0x00                                                                        NOPX
.delay_slot
.swstall delay_slot
         736    0x00 0x00                                                                        NOPX
.delay_slot
.swstall delay_slot
         738    0x00 0x00                                                                        NOPX
.delay_slot
.swstall delay_slot
         740    0x00 0x2c 0xf0 0x00 0x20 0x00 0x00 0x00 0x00 0xad 0x81 0x36                      NOPA;                         NOPB;                         NOPS;                         NOPX
.return_address
.no_stack_arguments
         752    0x33 0x11 0x60 0x00 0x02 0x50 0x00 0x00 0x41 0x3a                                                                                            MOVS p1, p6;                  JL #4736
.delay_slot
         762    0x1a 0x6e 0xc0 0xf8                                                                                                                                                                                      MOV p2, p7
.delay_slot
         766    0x00 0x07 0xd0 0xd8 0x00 0x44                                                                                                                                              MOVXM p0, #515072
.delay_slot
.swstall delay_slot
         772    0x00 0x00                                                                        NOPX
.delay_slot
.swstall delay_slot
         774    0x00 0x00                                                                        NOPX
.delay_slot
.swstall delay_slot
         776    0x00 0x2c 0xf0 0x04 0x00 0x00 0x1c 0x22                                          NOPA;                                                                                                                                                           NOPV
.return_address
.no_stack_arguments
         784    0x00 0x21 0x00 0x00 0x02 0x4c 0x00 0x00 0x40 0xba                                MOVA r1, #1;                                                                              JL #4704
.delay_slot
         794    0x10 0x00 0xc1 0x18                                                                                                                                                        MOVX r0, #48
.delay_slot
.swstall delay_slot
         798    0x00 0x00                                                                        NOPX
.delay_slot
.swstall delay_slot
         800    0x00 0x00                                                                        NOPX
.delay_slot
.swstall delay_slot
         802    0x00 0x00                                                                        NOPX
.delay_slot
.swstall delay_slot
         804    0x00 0x2c 0xf0 0x00 0x20 0x00 0x00 0x00 0x00 0xad 0x81 0x36                      NOPA;                         NOPB;                         NOPS;                         NOPX
.return_address
.no_stack_arguments
         816    0x06 0x20 0x00 0x00 0x02 0x48 0x00 0x00 0x40 0xba                                MOVA r0, #49;                                                                             JL #4672
.delay_slot
         826    0x17 0xc2 0xfd 0x18                                                                                                                                                        MOVX r1, #-1
.delay_slot
.swstall delay_slot
         830    0x00 0x00                                                                        NOPX
.delay_slot
.swstall delay_slot
         832    0x00 0x00                                                                        NOPX
.delay_slot
.swstall delay_slot
         834    0x00 0x00                                                                        NOPX
.delay_slot
.swstall delay_slot
         836    0x00 0x2c 0xf0 0x00 0x20 0x00 0x00 0x00 0x00 0xad 0x81 0x36                      NOPA;                         NOPB;                         NOPS;                         NOPX
.return_address
.no_stack_arguments
         848    0x33 0x11 0x60 0x00 0x02 0x50 0x00 0x00 0x41 0x3a                                                                                            MOVS p1, p6;                  JL #4736
.delay_slot
         858    0x1a 0x6e 0xc0 0xf8                                                                                                                                                                                      MOV p2, p7
.delay_slot
         862    0x00 0x07 0xc0 0xd4 0x00 0x44                                                                                                                                              MOVXM p0, #510464
.delay_slot
.swstall delay_slot
         868    0x00 0x00                                                                        NOPX
.delay_slot
.swstall delay_slot
         870    0x00 0x00                                                                        NOPX
.delay_slot
.swstall delay_slot
         872    0x00 0x2c 0xf0 0x04 0x00 0x00 0x1c 0x22                                          NOPA;                                                                                                                                                           NOPV
.return_address
.no_stack_arguments
         880    0x00 0x21 0x00 0x00 0x02 0x4c 0x00 0x00 0x40 0xba                                MOVA r1, #1;                                                                              JL #4704
.delay_slot
         890    0x10 0x00 0xc1 0x18                                                                                                                                                        MOVX r0, #48
.delay_slot
.swstall delay_slot
         894    0x00 0x00                                                                        NOPX
.delay_slot
.swstall delay_slot
         896    0x00 0x00                                                                        NOPX
.delay_slot
.swstall delay_slot
         898    0x00 0x00                                                                        NOPX
.delay_slot
.swstall delay_slot
         900    0x00 0x2c 0xf0 0x00 0x20 0x00 0x00 0x00 0x00 0xad 0x81 0x36                      NOPA;                         NOPB;                         NOPS;                         NOPX
.return_address
.no_stack_arguments
         912    0x06 0x20 0x00 0x00 0x02 0x48 0x00 0x00 0x40 0xba                                MOVA r0, #49;                                                                             JL #4672
.delay_slot
         922    0x17 0xc2 0xfd 0x18                                                                                                                                                        MOVX r1, #-1
.delay_slot
.swstall delay_slot
         926    0x00 0x00                                                                        NOPX
.delay_slot
.swstall delay_slot
         928    0x00 0x00                                                                        NOPX
.delay_slot
.swstall delay_slot
         930    0x00 0x00                                                                        NOPX
.delay_slot
.swstall delay_slot
         932    0x00 0x2c 0xf0 0x00 0x20 0x00 0x00 0x00 0x00 0xad 0x81 0x36                      NOPA;                         NOPB;                         NOPS;                         NOPX
.return_address
.no_stack_arguments
         944    0x53 0x91 0x60 0x00 0x02 0x50 0x00 0x00 0x41 0x3a                                                                                            MOVS p2, p7;                  JL #4736
.delay_slot
         954    0x33 0x11 0x60 0x00 0x01 0xf4 0x36 0x00 0x11 0x3a                                                                                            MOVS p1, p6;                  MOVXM p0, #515072
.delay_slot
         964    0x1e 0x64 0xc0 0xf8                                                                                                                                                                                      MOV p6, p2
.delay_slot
.swstall delay_slot
         968    0x00 0x00                                                                        NOPX
.delay_slot
.swstall delay_slot
         970    0x00 0x00                                                                        NOPX
.delay_slot
.swstall delay_slot
         972    0x00 0x01 0x67 0x98                                                              NOPA
.return_address
.no_stack_arguments
         976    0x00 0x21 0x00 0x00 0x02 0x4c 0x00 0x00 0x40 0xba                                MOVA r1, #1;                                                                              JL #4704
.delay_slot
         986    0x10 0x00 0xc1 0x18                                                                                                                                                        MOVX r0, #48
.delay_slot
.swstall delay_slot
         990    0x00 0x00                                                                        NOPX
.delay_slot
.swstall delay_slot
         992    0x00 0x00                                                                        NOPX
.delay_slot
.swstall delay_slot
         994    0x00 0x00                                                                        NOPX
.delay_slot
.swstall delay_slot
         996    0x00 0x2c 0xf0 0x00 0x20 0x00 0x00 0x00 0x00 0xad 0x81 0x36                      NOPA;                         NOPB;                         NOPS;                         NOPX
.return_address
.no_stack_arguments
        1008    0x00 0x21 0x00 0x00 0x02 0x4c 0x00 0x00 0x40 0xba                                MOVA r1, #1;                                                                              JL #4704
.delay_slot
        1018    0x10 0x00 0xc9 0x18                                                                                                                                                        MOVX r0, #50
.delay_slot
.swstall delay_slot
        1022    0x00 0x00                                                                        NOPX
.delay_slot
.swstall delay_slot
        1024    0x00 0x00                                                                        NOPX
.delay_slot
.swstall delay_slot
        1026    0x00 0x00                                                                        NOPX
.delay_slot
.swstall delay_slot
        1028    0x00 0x2c 0xf0 0x00 0x20 0x00 0x00 0x00 0x00 0xad 0x81 0x36                      NOPA;                         NOPB;                         NOPS;                         NOPX
.return_address
.no_stack_arguments
        1040    0xff 0xe1 0x00 0x00 0x02 0x48 0x00 0x00 0x40 0xba                                MOVA r1, #-1;                                                                             JL #4672
.delay_slot
        1050    0x10 0x00 0xcd 0x18                                                                                                                                                        MOVX r0, #51
.delay_slot
.swstall delay_slot
        1054    0x00 0x00                                                                        NOPX
.delay_slot
.swstall delay_slot
        1056    0x00 0x00                                                                        NOPX
.delay_slot
.swstall delay_slot
        1058    0x00 0x00                                                                        NOPX
.delay_slot
.swstall delay_slot
        1060    0x00 0x2c 0xf0 0x00 0x20 0x00 0x00 0x00 0x00 0xad 0x81 0x36                      NOPA;                         NOPB;                         NOPS;                         NOPX
.return_address
.no_stack_arguments
        1072    0x06 0x20 0x00 0x00 0x02 0x48 0x00 0x00 0x40 0xba                                MOVA r0, #49;                                                                             JL #4672
.delay_slot
        1082    0x17 0xc2 0xfd 0x18                                                                                                                                                        MOVX r1, #-1
.delay_slot
.swstall delay_slot
        1086    0x00 0x00                                                                        NOPX
.delay_slot
.swstall delay_slot
        1088    0x00 0x00                                                                        NOPX
.delay_slot
.swstall delay_slot
        1090    0x00 0x00                                                                        NOPX
.delay_slot
.swstall delay_slot
        1092    0x00 0x2c 0xf0 0x00 0x20 0x00 0x00 0x00 0x00 0xad 0x81 0x36                      NOPA;                         NOPB;                         NOPS;                         NOPX
.return_address
.no_stack_arguments
        1104    0x00 0x09 0x40 0x00 0x01 0x04                                                                                                                                              JL #4736
.delay_slot
        1110    0x00 0x07 0xc0 0xd4 0x00 0x44                                                                                                                                              MOVXM p0, #510464
.delay_slot
        1116    0x00 0x07 0x92 0xc8 0x00 0x44                                                                                                                                              MOVXM p1, #496640
.delay_slot
        1122    0x1a 0x6c 0xc0 0xf8                                                                                                                                                                                      MOV p2, p6
.delay_slot
.swstall delay_slot
        1126    0x00 0x00                                                                        NOPX
.delay_slot
.swstall delay_slot
        1128    0x00 0x2c 0xf0 0x04 0x00 0x00 0x1c 0x22                                          NOPA;                                                                                                                                                           NOPV
.return_address
.no_stack_arguments
        1136    0x00 0x21 0x00 0x00 0x02 0x4c 0x00 0x00 0x40 0xba                                MOVA r1, #1;                                                                              JL #4704
.delay_slot
        1146    0x10 0x00 0xc1 0x18                                                                                                                                                        MOVX r0, #48
.delay_slot
.swstall delay_slot
        1150    0x00 0x00                                                                        NOPX
.delay_slot
.swstall delay_slot
        1152    0x00 0x00                                                                        NOPX
.delay_slot
.swstall delay_slot
        1154    0x00 0x00                                                                        NOPX
.delay_slot
.swstall delay_slot
        1156    0x00 0x2c 0xf0 0x00 0x20 0x00 0x00 0x00 0x00 0xad 0x81 0x36                      NOPA;                         NOPB;                         NOPS;                         NOPX
.return_address
.no_stack_arguments
        1168    0x06 0x20 0x00 0x00 0x02 0x48 0x00 0x00 0x40 0xba                                MOVA r0, #49;                                                                             JL #4672
.delay_slot
        1178    0x17 0xc2 0xfd 0x18                                                                                                                                                        MOVX r1, #-1
.delay_slot
.swstall delay_slot
        1182    0x00 0x00                                                                        NOPX
.delay_slot
.swstall delay_slot
        1184    0x00 0x00                                                                        NOPX
.delay_slot
.swstall delay_slot
        1186    0x00 0x00                                                                        NOPX
.delay_slot
.swstall delay_slot
        1188    0x00 0x2c 0xf0 0x00 0x20 0x00 0x00 0x00 0x00 0xad 0x81 0x36                      NOPA;                         NOPB;                         NOPS;                         NOPX
.return_address
.no_stack_arguments
        1200    0x00 0x09 0x40 0x00 0x01 0x04                                                                                                                                              JL #4736
.delay_slot
        1206    0x00 0x07 0xd0 0xd8 0x00 0x44                                                                                                                                              MOVXM p0, #515072
.delay_slot
        1212    0x00 0x07 0x92 0xc8 0x00 0x44                                                                                                                                              MOVXM p1, #496640
.delay_slot
        1218    0x1a 0x6c 0xc0 0xf8                                                                                                                                                                                      MOV p2, p6
.delay_slot
.swstall delay_slot
        1222    0x00 0x00                                                                        NOPX
.delay_slot
.swstall delay_slot
        1224    0x00 0x2c 0xf0 0x04 0x00 0x00 0x1c 0x22                                          NOPA;                                                                                                                                                           NOPV
.return_address
.no_stack_arguments
        1232    0x00 0x21 0x00 0x00 0x02 0x4c 0x00 0x00 0x40 0xba                                MOVA r1, #1;                                                                              JL #4704
.delay_slot
        1242    0x10 0x00 0xc1 0x18                                                                                                                                                        MOVX r0, #48
.delay_slot
.swstall delay_slot
        1246    0x00 0x00                                                                        NOPX
.delay_slot
.swstall delay_slot
        1248    0x00 0x00                                                                        NOPX
.delay_slot
.swstall delay_slot
        1250    0x00 0x00                                                                        NOPX
.delay_slot
.swstall delay_slot
        1252    0x00 0x2c 0xf0 0x00 0x20 0x00 0x00 0x00 0x00 0xad 0x81 0x36                      NOPA;                         NOPB;                         NOPS;                         NOPX
.return_address
.no_stack_arguments
        1264    0x06 0x20 0x00 0x00 0x02 0x48 0x00 0x00 0x40 0xba                                MOVA r0, #49;                                                                             JL #4672
.delay_slot
        1274    0x17 0xc2 0xfd 0x18                                                                                                                                                        MOVX r1, #-1
.delay_slot
.swstall delay_slot
        1278    0x00 0x00                                                                        NOPX
.delay_slot
.swstall delay_slot
        1280    0x00 0x00                                                                        NOPX
.delay_slot
.swstall delay_slot
        1282    0x00 0x00                                                                        NOPX
.delay_slot
.swstall delay_slot
        1284    0x00 0x2c 0xf0 0x00 0x20 0x00 0x00 0x00 0x00 0xad 0x81 0x36                      NOPA;                         NOPB;                         NOPS;                         NOPX
.return_address
.no_stack_arguments
        1296    0x00 0x09 0x40 0x00 0x01 0x04                                                                                                                                              JL #4736
.delay_slot
        1302    0x00 0x07 0xc0 0xd4 0x00 0x44                                                                                                                                              MOVXM p0, #510464
.delay_slot
        1308    0x00 0x07 0x92 0xc8 0x00 0x44                                                                                                                                              MOVXM p1, #496640
.delay_slot
        1314    0x1a 0x6c 0xc0 0xf8                                                                                                                                                                                      MOV p2, p6
.delay_slot
.swstall delay_slot
        1318    0x00 0x00                                                                        NOPX
.delay_slot
.swstall delay_slot
        1320    0x00 0x2c 0xf0 0x04 0x00 0x00 0x1c 0x22                                          NOPA;                                                                                                                                                           NOPV
.return_address
.no_stack_arguments
        1328    0x00 0x21 0x00 0x00 0x02 0x4c 0x00 0x00 0x40 0xba                                MOVA r1, #1;                                                                              JL #4704
.delay_slot
        1338    0x10 0x00 0xc1 0x18                                                                                                                                                        MOVX r0, #48
.delay_slot
.swstall delay_slot
        1342    0x00 0x00                                                                        NOPX
.delay_slot
.swstall delay_slot
        1344    0x00 0x00                                                                        NOPX
.delay_slot
.swstall delay_slot
        1346    0x00 0x00                                                                        NOPX
.delay_slot
.swstall delay_slot
        1348    0x00 0x2c 0xf0 0x00 0x20 0x00 0x00 0x00 0x00 0xad 0x81 0x36                      NOPA;                         NOPB;                         NOPS;                         NOPX
.return_address
.no_stack_arguments
        1360    0x06 0x20 0x00 0x00 0x02 0x48 0x00 0x00 0x40 0xba                                MOVA r0, #49;                                                                             JL #4672
.delay_slot
        1370    0x17 0xc2 0xfd 0x18                                                                                                                                                        MOVX r1, #-1
.delay_slot
.swstall delay_slot
        1374    0x00 0x00                                                                        NOPX
.delay_slot
.swstall delay_slot
        1376    0x00 0x00                                                                        NOPX
.delay_slot
.swstall delay_slot
        1378    0x00 0x00                                                                        NOPX
.delay_slot
.swstall delay_slot
        1380    0x00 0x2c 0xf0 0x00 0x20 0x00 0x00 0x00 0x00 0xad 0x81 0x36                      NOPA;                         NOPB;                         NOPS;                         NOPX
.return_address
.no_stack_arguments
        1392    0x00 0x09 0x40 0x00 0x01 0x04                                                                                                                                              JL #4736
.delay_slot
        1398    0x00 0x07 0xd0 0xd8 0x00 0x44                                                                                                                                              MOVXM p0, #515072
.delay_slot
        1404    0x00 0x07 0x92 0xc8 0x00 0x44                                                                                                                                              MOVXM p1, #496640
.delay_slot
        1410    0x1a 0x6c 0xc0 0xf8                                                                                                                                                                                      MOV p2, p6
.delay_slot
.swstall delay_slot
        1414    0x00 0x00                                                                        NOPX
.delay_slot
.swstall delay_slot
        1416    0x00 0x2c 0xf0 0x04 0x00 0x00 0x1c 0x22                                          NOPA;                                                                                                                                                           NOPV
.return_address
.no_stack_arguments
        1424    0x00 0x21 0x00 0x00 0x02 0x4c 0x00 0x00 0x40 0xba                                MOVA r1, #1;                                                                              JL #4704
.delay_slot
        1434    0x10 0x00 0xc1 0x18                                                                                                                                                        MOVX r0, #48
.delay_slot
.swstall delay_slot
        1438    0x00 0x00                                                                        NOPX
.delay_slot
.swstall delay_slot
        1440    0x00 0x00                                                                        NOPX
.delay_slot
.swstall delay_slot
        1442    0x00 0x00                                                                        NOPX
.delay_slot
.swstall delay_slot
        1444    0x00 0x2c 0xf0 0x00 0x20 0x00 0x00 0x00 0x00 0xad 0x81 0x36                      NOPA;                         NOPB;                         NOPS;                         NOPX
.return_address
.no_stack_arguments
        1456    0x06 0x20 0x00 0x00 0x02 0x48 0x00 0x00 0x40 0xba                                MOVA r0, #49;                                                                             JL #4672
.delay_slot
        1466    0x17 0xc2 0xfd 0x18                                                                                                                                                        MOVX r1, #-1
.delay_slot
.swstall delay_slot
        1470    0x00 0x00                                                                        NOPX
.delay_slot
.swstall delay_slot
        1472    0x00 0x00                                                                        NOPX
.delay_slot
.swstall delay_slot
        1474    0x00 0x00                                                                        NOPX
.delay_slot
.swstall delay_slot
        1476    0x00 0x2c 0xf0 0x00 0x20 0x00 0x00 0x00 0x00 0xad 0x81 0x36                      NOPA;                         NOPB;                         NOPS;                         NOPX
.return_address
.no_stack_arguments
        1488    0x00 0x09 0x40 0x00 0x01 0x04                                                                                                                                              JL #4736
.delay_slot
        1494    0x00 0x07 0xc0 0xd4 0x00 0x44                                                                                                                                              MOVXM p0, #510464
.delay_slot
        1500    0x00 0x07 0x92 0xc8 0x00 0x44                                                                                                                                              MOVXM p1, #496640
.delay_slot
        1506    0x1a 0x6c 0xc0 0xf8                                                                                                                                                                                      MOV p2, p6
.delay_slot
.swstall delay_slot
        1510    0x00 0x00                                                                        NOPX
.delay_slot
.swstall delay_slot
        1512    0x00 0x2c 0xf0 0x04 0x00 0x00 0x1c 0x22                                          NOPA;                                                                                                                                                           NOPV
.return_address
.no_stack_arguments
        1520    0x00 0x21 0x00 0x00 0x02 0x4c 0x00 0x00 0x40 0xba                                MOVA r1, #1;                                                                              JL #4704
.delay_slot
        1530    0x10 0x00 0xc1 0x18                                                                                                                                                        MOVX r0, #48
.delay_slot
.swstall delay_slot
        1534    0x00 0x00                                                                        NOPX
.delay_slot
.swstall delay_slot
        1536    0x00 0x00                                                                        NOPX
.delay_slot
.swstall delay_slot
        1538    0x00 0x00                                                                        NOPX
.delay_slot
.swstall delay_slot
        1540    0x00 0x2c 0xf0 0x00 0x20 0x00 0x00 0x00 0x00 0xad 0x81 0x36                      NOPA;                         NOPB;                         NOPS;                         NOPX
.return_address
.no_stack_arguments
        1552    0x00 0x09 0x20 0x00 0x01 0x04                                                                                                                                              JL #4672
.delay_slot
        1558    0x06 0x20 0x00 0x00 0x00 0x03 0xb0 0xc8 0x10 0xba                                MOVA r0, #49;                                                                             MOVXM p7, #400
.delay_slot
        1568    0x17 0xc2 0xfd 0x18                                                                                                                                                        MOVX r1, #-1
.delay_slot
.swstall delay_slot
        1572    0x00 0x00                                                                        NOPX
.delay_slot
.swstall delay_slot
        1574    0x00 0x00                                                                        NOPX
.delay_slot
.swstall delay_slot
        1576    0x00 0x2c 0xf0 0x04 0x00 0x00 0x1c 0x22                                          NOPA;                                                                                                                                                           NOPV
.return_address
.no_stack_arguments
        1584    0x00 0x09 0x40 0x00 0x01 0x04                                                                                                                                              JL #4736
.delay_slot
        1590    0x00 0x07 0xd0 0xd8 0x00 0x44                                                                                                                                              MOVXM p0, #515072
.delay_slot
        1596    0x00 0x07 0x92 0xc8 0x00 0x44                                                                                                                                              MOVXM p1, #496640
.delay_slot
        1602    0x1a 0x6c 0xc0 0xf8                                                                                                                                                                                      MOV p2, p6
.delay_slot
.swstall delay_slot
        1606    0x00 0x00                                                                        NOPX
.delay_slot
.swstall delay_slot
        1608    0x00 0x2c 0xf0 0x04 0x00 0x00 0x1c 0x22                                          NOPA;                                                                                                                                                           NOPV
.return_address
.no_stack_arguments
        1616    0x00 0x21 0x00 0x00 0x02 0x4c 0x00 0x00 0x40 0xba                                MOVA r1, #1;                                                                              JL #4704
.delay_slot
        1626    0x10 0x00 0xc1 0x18                                                                                                                                                        MOVX r0, #48
.delay_slot
.swstall delay_slot
        1630    0x00 0x00                                                                        NOPX
.delay_slot
.swstall delay_slot
        1632    0x00 0x00                                                                        NOPX
.delay_slot
.swstall delay_slot
        1634    0x00 0x00                                                                        NOPX
.delay_slot
.swstall delay_slot
        1636    0x00 0x2c 0xf0 0x00 0x20 0x00 0x00 0x00 0x00 0xad 0x81 0x36                      NOPA;                         NOPB;                         NOPS;                         NOPX
.return_address
.no_stack_arguments
        1648    0x00 0x21 0x00 0x00 0x02 0x4c 0x00 0x00 0x40 0xba                                MOVA r1, #1;                                                                              JL #4704
.delay_slot
        1658    0x10 0x00 0xc9 0x18                                                                                                                                                        MOVX r0, #50
.delay_slot
.swstall delay_slot
        1662    0x00 0x00                                                                        NOPX
.delay_slot
.swstall delay_slot
        1664    0x00 0x00                                                                        NOPX
.delay_slot
.swstall delay_slot
        1666    0x00 0x00                                                                        NOPX
.delay_slot
.swstall delay_slot
        1668    0x00 0x2c 0xf0 0x00 0x20 0x00 0x00 0x00 0x00 0xad 0x81 0x36                      NOPA;                         NOPB;                         NOPS;                         NOPX
.return_address
        1680    0x12 0x95 0xe0 0x18                                                                                                                                                        JNZD r10, r10, p7
.delay_slot
        1684    0x17 0xc2 0xfd 0x18                                                                                                                                                        MOVX r1, #-1
.delay_slot
.swstall delay_slot
        1688    0x00 0x00                                                                        NOPX
.delay_slot
.swstall delay_slot
        1690    0x00 0x00                                                                        NOPX
.delay_slot
.swstall delay_slot
        1692    0x00 0x00                                                                        NOPX
.delay_slot
.swstall delay_slot
        1694    0x00 0x00                                                                        NOPX
.loop_nesting 1
.no_stack_arguments
        1696    0x06 0xa0 0x00 0x00 0x02 0x4c 0x00 0x00 0x40 0xba                                MOVA r0, #53;                                                                             JL #4704
.delay_slot
        1706    0x10 0x02 0x05 0x18                                                                                                                                                        MOVX r1, #1
.delay_slot
.swstall delay_slot
        1710    0x00 0x00                                                                        NOPX
.delay_slot
.swstall delay_slot
        1712    0x00 0x00                                                                        NOPX
.delay_slot
.swstall delay_slot
        1714    0x00 0x00                                                                        NOPX
.delay_slot
.swstall delay_slot
        1716    0x00 0x2c 0xf0 0x00 0x20 0x00 0x00 0x00 0x00 0xad 0x81 0x36                      NOPA;                         NOPB;                         NOPS;                         NOPX
.return_address
.no_stack_arguments
        1728    0x06 0x80 0x00 0x00 0x02 0x48 0x00 0x00 0x40 0xba                                MOVA r0, #52;                                                                             JL #4672
.delay_slot
        1738    0x17 0xc2 0xfd 0x18                                                                                                                                                        MOVX r1, #-1
.delay_slot
.swstall delay_slot
        1742    0x00 0x00                                                                        NOPX
.delay_slot
.swstall delay_slot
        1744    0x00 0x00                                                                        NOPX
.delay_slot
.swstall delay_slot
        1746    0x00 0x00                                                                        NOPX
.delay_slot
.swstall delay_slot
        1748    0x00 0x2c 0xf0 0x00 0x20 0x00 0x00 0x00 0x00 0xad 0x81 0x36                      NOPA;                         NOPB;                         NOPS;                         NOPX
.return_address
.no_stack_arguments
        1760    0x00 0x0b 0x00 0x00 0x01 0x04                                                                                                                                              JL #5632
.delay_slot
        1766    0x18 0x6c 0xc0 0xf8                                                                                                                                                                                      MOV p0, p6
.delay_slot
.swstall delay_slot
        1770    0x00 0x00                                                                        NOPX
.delay_slot
.swstall delay_slot
        1772    0x00 0x00                                                                        NOPX
.delay_slot
.swstall delay_slot
        1774    0x00 0x00                                                                        NOPX
.delay_slot
.swstall delay_slot
        1776    0x00 0x2c 0xf0 0x00 0x20 0x01 0x5b 0x00 0x00 0x00 0x01 0xa5 0x78 0x00 0x00 0xe1  NOPA;                         NOPB;                         NOPS;                         NOPX;                         NOPM;                                   NOPV
.return_address
        1792    0x00 0x2c 0xf0 0x00 0x20 0x01 0x5b 0x00 0xa1 0x28 0x2f 0xff 0x58 0x00 0x00 0xe1  NOPA;                         NOPB;                         NOPS;                         MOVX r10, #9;                 MOV r1, #-1;                            NOPV
.label TGT_Fcore_5_5_1584
.loop_nesting 2
.no_stack_arguments
        1808    0x00 0x09 0x20 0x00 0x01 0x04                                                                                                                                              JL #4672
.delay_slot
        1814    0x10 0x00 0xcd 0x18                                                                                                                                                        MOVX r0, #51
.delay_slot
.swstall delay_slot
        1818    0x00 0x00                                                                        NOPX
.delay_slot
.swstall delay_slot
        1820    0x00 0x00                                                                        NOPX
.delay_slot
.swstall delay_slot
        1822    0x00 0x00                                                                        NOPX
.delay_slot
.swstall delay_slot
        1824    0x00 0x2c 0xf0 0x00 0x20 0x01 0x5b 0x00 0x00 0x00 0x01 0xa5 0x78 0x00 0x00 0xe1  NOPA;                         NOPB;                         NOPS;                         NOPX;                         NOPM;                                   NOPV
.return_address
.no_stack_arguments
        1840    0x06 0x20 0x00 0x00 0x02 0x48 0x00 0x00 0x40 0xba                                MOVA r0, #49;                                                                             JL #4672
.delay_slot
        1850    0x17 0xc2 0xfd 0x18                                                                                                                                                        MOVX r1, #-1
.delay_slot
.swstall delay_slot
        1854    0x00 0x00                                                                        NOPX
.delay_slot
.swstall delay_slot
        1856    0x00 0x00                                                                        NOPX
.delay_slot
.swstall delay_slot
        1858    0x00 0x00                                                                        NOPX
.delay_slot
.swstall delay_slot
        1860    0x00 0x2c 0xf0 0x00 0x20 0x00 0x00 0x00 0x00 0xad 0x81 0x36                      NOPA;                         NOPB;                         NOPS;                         NOPX
.return_address
.no_stack_arguments
        1872    0x00 0x09 0x40 0x00 0x01 0x04                                                                                                                                              JL #4736
.delay_slot
        1878    0x00 0x07 0xc0 0xd4 0x00 0x44                                                                                                                                              MOVXM p0, #510464
.delay_slot
        1884    0x00 0x07 0x52 0xdc 0x00 0x44                                                                                                                                              MOVXM p1, #482816
.delay_slot
        1890    0xd0 0x91 0x60 0x01 0x36 0x60 0x70 0x02                                                                                                      MOVS p6, p1;                                                MOV p2, p6
.delay_slot
        1898    0x1f 0x64 0xc0 0xf8                                                                                                                                                                                      MOV p7, p2
.delay_slot
.swstall delay_slot
        1902    0x00 0x00                                                                        NOPX
.return_address
.no_stack_arguments
        1904    0x00 0x21 0x00 0x00 0x02 0x4c 0x00 0x00 0x40 0xba                                MOVA r1, #1;                                                                              JL #4704
.delay_slot
        1914    0x10 0x00 0xc1 0x18                                                                                                                                                        MOVX r0, #48
.delay_slot
.swstall delay_slot
        1918    0x00 0x00                                                                        NOPX
.delay_slot
.swstall delay_slot
        1920    0x00 0x00                                                                        NOPX
.delay_slot
.swstall delay_slot
        1922    0x00 0x00                                                                        NOPX
.delay_slot
.swstall delay_slot
        1924    0x00 0x2c 0xf0 0x00 0x20 0x00 0x00 0x00 0x00 0xad 0x81 0x36                      NOPA;                         NOPB;                         NOPS;                         NOPX
.return_address
.no_stack_arguments
        1936    0x06 0x20 0x00 0x00 0x02 0x48 0x00 0x00 0x40 0xba                                MOVA r0, #49;                                                                             JL #4672
.delay_slot
        1946    0x17 0xc2 0xfd 0x18                                                                                                                                                        MOVX r1, #-1
.delay_slot
.swstall delay_slot
        1950    0x00 0x00                                                                        NOPX
.delay_slot
.swstall delay_slot
        1952    0x00 0x00                                                                        NOPX
.delay_slot
.swstall delay_slot
        1954    0x00 0x00                                                                        NOPX
.delay_slot
.swstall delay_slot
        1956    0x00 0x2c 0xf0 0x00 0x20 0x00 0x00 0x00 0x00 0xad 0x81 0x36                      NOPA;                         NOPB;                         NOPS;                         NOPX
.return_address
.no_stack_arguments
        1968    0x33 0x11 0x60 0x00 0x02 0x50 0x00 0x00 0x41 0x3a                                                                                            MOVS p1, p6;                  JL #4736
.delay_slot
        1978    0x1a 0x6e 0xc0 0xf8                                                                                                                                                                                      MOV p2, p7
.delay_slot
        1982    0x00 0x07 0xd0 0xd8 0x00 0x44                                                                                                                                              MOVXM p0, #515072
.delay_slot
.swstall delay_slot
        1988    0x00 0x00                                                                        NOPX
.delay_slot
.swstall delay_slot
        1990    0x00 0x00                                                                        NOPX
.delay_slot
.swstall delay_slot
        1992    0x00 0x2c 0xf0 0x04 0x00 0x00 0x1c 0x22                                          NOPA;                                                                                                                                                           NOPV
.return_address
.no_stack_arguments
        2000    0x00 0x21 0x00 0x00 0x02 0x4c 0x00 0x00 0x40 0xba                                MOVA r1, #1;                                                                              JL #4704
.delay_slot
        2010    0x10 0x00 0xc1 0x18                                                                                                                                                        MOVX r0, #48
.delay_slot
.swstall delay_slot
        2014    0x00 0x00                                                                        NOPX
.delay_slot
.swstall delay_slot
        2016    0x00 0x00                                                                        NOPX
.delay_slot
.swstall delay_slot
        2018    0x00 0x00                                                                        NOPX
.delay_slot
.swstall delay_slot
        2020    0x00 0x2c 0xf0 0x00 0x20 0x00 0x00 0x00 0x00 0xad 0x81 0x36                      NOPA;                         NOPB;                         NOPS;                         NOPX
.return_address
.no_stack_arguments
        2032    0x06 0x20 0x00 0x00 0x02 0x48 0x00 0x00 0x40 0xba                                MOVA r0, #49;                                                                             JL #4672
.delay_slot
        2042    0x17 0xc2 0xfd 0x18                                                                                                                                                        MOVX r1, #-1
.delay_slot
.swstall delay_slot
        2046    0x00 0x00                                                                        NOPX
.delay_slot
.swstall delay_slot
        2048    0x00 0x00                                                                        NOPX
.delay_slot
.swstall delay_slot
        2050    0x00 0x00                                                                        NOPX
.delay_slot
.swstall delay_slot
        2052    0x00 0x2c 0xf0 0x00 0x20 0x00 0x00 0x00 0x00 0xad 0x81 0x36                      NOPA;                         NOPB;                         NOPS;                         NOPX
.return_address
.no_stack_arguments
        2064    0x33 0x11 0x60 0x00 0x02 0x50 0x00 0x00 0x41 0x3a                                                                                            MOVS p1, p6;                  JL #4736
.delay_slot
        2074    0x1a 0x6e 0xc0 0xf8                                                                                                                                                                                      MOV p2, p7
.delay_slot
        2078    0x00 0x07 0xc0 0xd4 0x00 0x44                                                                                                                                              MOVXM p0, #510464
.delay_slot
.swstall delay_slot
        2084    0x00 0x00                                                                        NOPX
.delay_slot
.swstall delay_slot
        2086    0x00 0x00                                                                        NOPX
.delay_slot
.swstall delay_slot
        2088    0x00 0x2c 0xf0 0x04 0x00 0x00 0x1c 0x22                                          NOPA;                                                                                                                                                           NOPV
.return_address
.no_stack_arguments
        2096    0x00 0x21 0x00 0x00 0x02 0x4c 0x00 0x00 0x40 0xba                                MOVA r1, #1;                                                                              JL #4704
.delay_slot
        2106    0x10 0x00 0xc1 0x18                                                                                                                                                        MOVX r0, #48
.delay_slot
.swstall delay_slot
        2110    0x00 0x00                                                                        NOPX
.delay_slot
.swstall delay_slot
        2112    0x00 0x00                                                                        NOPX
.delay_slot
.swstall delay_slot
        2114    0x00 0x00                                                                        NOPX
.delay_slot
.swstall delay_slot
        2116    0x00 0x2c 0xf0 0x00 0x20 0x00 0x00 0x00 0x00 0xad 0x81 0x36                      NOPA;                         NOPB;                         NOPS;                         NOPX
.return_address
.no_stack_arguments
        2128    0x06 0x20 0x00 0x00 0x02 0x48 0x00 0x00 0x40 0xba                                MOVA r0, #49;                                                                             JL #4672
.delay_slot
        2138    0x17 0xc2 0xfd 0x18                                                                                                                                                        MOVX r1, #-1
.delay_slot
.swstall delay_slot
        2142    0x00 0x00                                                                        NOPX
.delay_slot
.swstall delay_slot
        2144    0x00 0x00                                                                        NOPX
.delay_slot
.swstall delay_slot
        2146    0x00 0x00                                                                        NOPX
.delay_slot
.swstall delay_slot
        2148    0x00 0x2c 0xf0 0x00 0x20 0x00 0x00 0x00 0x00 0xad 0x81 0x36                      NOPA;                         NOPB;                         NOPS;                         NOPX
.return_address
.no_stack_arguments
        2160    0x33 0x11 0x60 0x00 0x02 0x50 0x00 0x00 0x41 0x3a                                                                                            MOVS p1, p6;                  JL #4736
.delay_slot
        2170    0x1a 0x6e 0xc0 0xf8                                                                                                                                                                                      MOV p2, p7
.delay_slot
        2174    0x00 0x07 0xd0 0xd8 0x00 0x44                                                                                                                                              MOVXM p0, #515072
.delay_slot
.swstall delay_slot
        2180    0x00 0x00                                                                        NOPX
.delay_slot
.swstall delay_slot
        2182    0x00 0x00                                                                        NOPX
.delay_slot
.swstall delay_slot
        2184    0x00 0x2c 0xf0 0x04 0x00 0x00 0x1c 0x22                                          NOPA;                                                                                                                                                           NOPV
.return_address
.no_stack_arguments
        2192    0x00 0x21 0x00 0x00 0x02 0x4c 0x00 0x00 0x40 0xba                                MOVA r1, #1;                                                                              JL #4704
.delay_slot
        2202    0x10 0x00 0xc1 0x18                                                                                                                                                        MOVX r0, #48
.delay_slot
.swstall delay_slot
        2206    0x00 0x00                                                                        NOPX
.delay_slot
.swstall delay_slot
        2208    0x00 0x00                                                                        NOPX
.delay_slot
.swstall delay_slot
        2210    0x00 0x00                                                                        NOPX
.delay_slot
.swstall delay_slot
        2212    0x00 0x2c 0xf0 0x00 0x20 0x00 0x00 0x00 0x00 0xad 0x81 0x36                      NOPA;                         NOPB;                         NOPS;                         NOPX
.return_address
.no_stack_arguments
        2224    0x06 0x20 0x00 0x00 0x02 0x48 0x00 0x00 0x40 0xba                                MOVA r0, #49;                                                                             JL #4672
.delay_slot
        2234    0x17 0xc2 0xfd 0x18                                                                                                                                                        MOVX r1, #-1
.delay_slot
.swstall delay_slot
        2238    0x00 0x00                                                                        NOPX
.delay_slot
.swstall delay_slot
        2240    0x00 0x00                                                                        NOPX
.delay_slot
.swstall delay_slot
        2242    0x00 0x00                                                                        NOPX
.delay_slot
.swstall delay_slot
        2244    0x00 0x2c 0xf0 0x00 0x20 0x00 0x00 0x00 0x00 0xad 0x81 0x36                      NOPA;                         NOPB;                         NOPS;                         NOPX
.return_address
.no_stack_arguments
        2256    0x33 0x11 0x60 0x00 0x02 0x50 0x00 0x00 0x41 0x3a                                                                                            MOVS p1, p6;                  JL #4736
.delay_slot
        2266    0x1a 0x6e 0xc0 0xf8                                                                                                                                                                                      MOV p2, p7
.delay_slot
        2270    0x00 0x07 0xc0 0xd4 0x00 0x44                                                                                                                                              MOVXM p0, #510464
.delay_slot
.swstall delay_slot
        2276    0x00 0x00                                                                        NOPX
.delay_slot
.swstall delay_slot
        2278    0x00 0x00                                                                        NOPX
.delay_slot
.swstall delay_slot
        2280    0x00 0x2c 0xf0 0x04 0x00 0x00 0x1c 0x22                                          NOPA;                                                                                                                                                           NOPV
.return_address
.no_stack_arguments
        2288    0x00 0x21 0x00 0x00 0x02 0x4c 0x00 0x00 0x40 0xba                                MOVA r1, #1;                                                                              JL #4704
.delay_slot
        2298    0x10 0x00 0xc1 0x18                                                                                                                                                        MOVX r0, #48
.delay_slot
.swstall delay_slot
        2302    0x00 0x00                                                                        NOPX
.delay_slot
.swstall delay_slot
        2304    0x00 0x00                                                                        NOPX
.delay_slot
.swstall delay_slot
        2306    0x00 0x00                                                                        NOPX
.delay_slot
.swstall delay_slot
        2308    0x00 0x2c 0xf0 0x00 0x20 0x00 0x00 0x00 0x00 0xad 0x81 0x36                      NOPA;                         NOPB;                         NOPS;                         NOPX
.return_address
.no_stack_arguments
        2320    0x06 0x20 0x00 0x00 0x02 0x48 0x00 0x00 0x40 0xba                                MOVA r0, #49;                                                                             JL #4672
.delay_slot
        2330    0x17 0xc2 0xfd 0x18                                                                                                                                                        MOVX r1, #-1
.delay_slot
.swstall delay_slot
        2334    0x00 0x00                                                                        NOPX
.delay_slot
.swstall delay_slot
        2336    0x00 0x00                                                                        NOPX
.delay_slot
.swstall delay_slot
        2338    0x00 0x00                                                                        NOPX
.delay_slot
.swstall delay_slot
        2340    0x00 0x2c 0xf0 0x00 0x20 0x00 0x00 0x00 0x00 0xad 0x81 0x36                      NOPA;                         NOPB;                         NOPS;                         NOPX
.return_address
.no_stack_arguments
        2352    0x53 0x91 0x60 0x00 0x02 0x50 0x00 0x00 0x41 0x3a                                                                                            MOVS p2, p7;                  JL #4736
.delay_slot
        2362    0x33 0x11 0x60 0x00 0x01 0xf4 0x36 0x00 0x11 0x3a                                                                                            MOVS p1, p6;                  MOVXM p0, #515072
.delay_slot
        2372    0x1e 0x64 0xc0 0xf8                                                                                                                                                                                      MOV p6, p2
.delay_slot
.swstall delay_slot
        2376    0x00 0x00                                                                        NOPX
.delay_slot
.swstall delay_slot
        2378    0x00 0x00                                                                        NOPX
.delay_slot
.swstall delay_slot
        2380    0x00 0x01 0x67 0x98                                                              NOPA
.return_address
.no_stack_arguments
        2384    0x00 0x21 0x00 0x00 0x02 0x4c 0x00 0x00 0x40 0xba                                MOVA r1, #1;                                                                              JL #4704
.delay_slot
        2394    0x10 0x00 0xc1 0x18                                                                                                                                                        MOVX r0, #48
.delay_slot
.swstall delay_slot
        2398    0x00 0x00                                                                        NOPX
.delay_slot
.swstall delay_slot
        2400    0x00 0x00                                                                        NOPX
.delay_slot
.swstall delay_slot
        2402    0x00 0x00                                                                        NOPX
.delay_slot
.swstall delay_slot
        2404    0x00 0x2c 0xf0 0x00 0x20 0x00 0x00 0x00 0x00 0xad 0x81 0x36                      NOPA;                         NOPB;                         NOPS;                         NOPX
.return_address
.no_stack_arguments
        2416    0x00 0x21 0x00 0x00 0x02 0x4c 0x00 0x00 0x40 0xba                                MOVA r1, #1;                                                                              JL #4704
.delay_slot
        2426    0x10 0x00 0xc9 0x18                                                                                                                                                        MOVX r0, #50
.delay_slot
.swstall delay_slot
        2430    0x00 0x00                                                                        NOPX
.delay_slot
.swstall delay_slot
        2432    0x00 0x00                                                                        NOPX
.delay_slot
.swstall delay_slot
        2434    0x00 0x00                                                                        NOPX
.delay_slot
.swstall delay_slot
        2436    0x00 0x2c 0xf0 0x00 0x20 0x00 0x00 0x00 0x00 0xad 0x81 0x36                      NOPA;                         NOPB;                         NOPS;                         NOPX
.return_address
.no_stack_arguments
        2448    0xff 0xe1 0x00 0x00 0x02 0x48 0x00 0x00 0x40 0xba                                MOVA r1, #-1;                                                                             JL #4672
.delay_slot
        2458    0x10 0x00 0xcd 0x18                                                                                                                                                        MOVX r0, #51
.delay_slot
.swstall delay_slot
        2462    0x00 0x00                                                                        NOPX
.delay_slot
.swstall delay_slot
        2464    0x00 0x00                                                                        NOPX
.delay_slot
.swstall delay_slot
        2466    0x00 0x00                                                                        NOPX
.delay_slot
.swstall delay_slot
        2468    0x00 0x2c 0xf0 0x00 0x20 0x00 0x00 0x00 0x00 0xad 0x81 0x36                      NOPA;                         NOPB;                         NOPS;                         NOPX
.return_address
.no_stack_arguments
        2480    0x06 0x20 0x00 0x00 0x02 0x48 0x00 0x00 0x40 0xba                                MOVA r0, #49;                                                                             JL #4672
.delay_slot
        2490    0x17 0xc2 0xfd 0x18                                                                                                                                                        MOVX r1, #-1
.delay_slot
.swstall delay_slot
        2494    0x00 0x00                                                                        NOPX
.delay_slot
.swstall delay_slot
        2496    0x00 0x00                                                                        NOPX
.delay_slot
.swstall delay_slot
        2498    0x00 0x00                                                                        NOPX
.delay_slot
.swstall delay_slot
        2500    0x00 0x2c 0xf0 0x00 0x20 0x00 0x00 0x00 0x00 0xad 0x81 0x36                      NOPA;                         NOPB;                         NOPS;                         NOPX
.return_address
.no_stack_arguments
        2512    0x00 0x09 0x40 0x00 0x01 0x04                                                                                                                                              JL #4736
.delay_slot
        2518    0x00 0x07 0xc0 0xd4 0x00 0x44                                                                                                                                              MOVXM p0, #510464
.delay_slot
        2524    0x00 0x07 0x92 0xc8 0x00 0x44                                                                                                                                              MOVXM p1, #496640
.delay_slot
        2530    0x1a 0x6c 0xc0 0xf8                                                                                                                                                                                      MOV p2, p6
.delay_slot
.swstall delay_slot
        2534    0x00 0x00                                                                        NOPX
.delay_slot
.swstall delay_slot
        2536    0x00 0x2c 0xf0 0x04 0x00 0x00 0x1c 0x22                                          NOPA;                                                                                                                                                           NOPV
.return_address
.no_stack_arguments
        2544    0x00 0x21 0x00 0x00 0x02 0x4c 0x00 0x00 0x40 0xba                                MOVA r1, #1;                                                                              JL #4704
.delay_slot
        2554    0x10 0x00 0xc1 0x18                                                                                                                                                        MOVX r0, #48
.delay_slot
.swstall delay_slot
        2558    0x00 0x00                                                                        NOPX
.delay_slot
.swstall delay_slot
        2560    0x00 0x00                                                                        NOPX
.delay_slot
.swstall delay_slot
        2562    0x00 0x00                                                                        NOPX
.delay_slot
.swstall delay_slot
        2564    0x00 0x2c 0xf0 0x00 0x20 0x00 0x00 0x00 0x00 0xad 0x81 0x36                      NOPA;                         NOPB;                         NOPS;                         NOPX
.return_address
.no_stack_arguments
        2576    0x06 0x20 0x00 0x00 0x02 0x48 0x00 0x00 0x40 0xba                                MOVA r0, #49;                                                                             JL #4672
.delay_slot
        2586    0x17 0xc2 0xfd 0x18                                                                                                                                                        MOVX r1, #-1
.delay_slot
.swstall delay_slot
        2590    0x00 0x00                                                                        NOPX
.delay_slot
.swstall delay_slot
        2592    0x00 0x00                                                                        NOPX
.delay_slot
.swstall delay_slot
        2594    0x00 0x00                                                                        NOPX
.delay_slot
.swstall delay_slot
        2596    0x00 0x2c 0xf0 0x00 0x20 0x00 0x00 0x00 0x00 0xad 0x81 0x36                      NOPA;                         NOPB;                         NOPS;                         NOPX
.return_address
.no_stack_arguments
        2608    0x00 0x09 0x40 0x00 0x01 0x04                                                                                                                                              JL #4736
.delay_slot
        2614    0x00 0x07 0xd0 0xd8 0x00 0x44                                                                                                                                              MOVXM p0, #515072
.delay_slot
        2620    0x00 0x07 0x92 0xc8 0x00 0x44                                                                                                                                              MOVXM p1, #496640
.delay_slot
        2626    0x1a 0x6c 0xc0 0xf8                                                                                                                                                                                      MOV p2, p6
.delay_slot
.swstall delay_slot
        2630    0x00 0x00                                                                        NOPX
.delay_slot
.swstall delay_slot
        2632    0x00 0x2c 0xf0 0x04 0x00 0x00 0x1c 0x22                                          NOPA;                                                                                                                                                           NOPV
.return_address
.no_stack_arguments
        2640    0x00 0x21 0x00 0x00 0x02 0x4c 0x00 0x00 0x40 0xba                                MOVA r1, #1;                                                                              JL #4704
.delay_slot
        2650    0x10 0x00 0xc1 0x18                                                                                                                                                        MOVX r0, #48
.delay_slot
.swstall delay_slot
        2654    0x00 0x00                                                                        NOPX
.delay_slot
.swstall delay_slot
        2656    0x00 0x00                                                                        NOPX
.delay_slot
.swstall delay_slot
        2658    0x00 0x00                                                                        NOPX
.delay_slot
.swstall delay_slot
        2660    0x00 0x2c 0xf0 0x00 0x20 0x00 0x00 0x00 0x00 0xad 0x81 0x36                      NOPA;                         NOPB;                         NOPS;                         NOPX
.return_address
.no_stack_arguments
        2672    0x06 0x20 0x00 0x00 0x02 0x48 0x00 0x00 0x40 0xba                                MOVA r0, #49;                                                                             JL #4672
.delay_slot
        2682    0x17 0xc2 0xfd 0x18                                                                                                                                                        MOVX r1, #-1
.delay_slot
.swstall delay_slot
        2686    0x00 0x00                                                                        NOPX
.delay_slot
.swstall delay_slot
        2688    0x00 0x00                                                                        NOPX
.delay_slot
.swstall delay_slot
        2690    0x00 0x00                                                                        NOPX
.delay_slot
.swstall delay_slot
        2692    0x00 0x2c 0xf0 0x00 0x20 0x00 0x00 0x00 0x00 0xad 0x81 0x36                      NOPA;                         NOPB;                         NOPS;                         NOPX
.return_address
.no_stack_arguments
        2704    0x00 0x09 0x40 0x00 0x01 0x04                                                                                                                                              JL #4736
.delay_slot
        2710    0x00 0x07 0xc0 0xd4 0x00 0x44                                                                                                                                              MOVXM p0, #510464
.delay_slot
        2716    0x00 0x07 0x92 0xc8 0x00 0x44                                                                                                                                              MOVXM p1, #496640
.delay_slot
        2722    0x1a 0x6c 0xc0 0xf8                                                                                                                                                                                      MOV p2, p6
.delay_slot
.swstall delay_slot
        2726    0x00 0x00                                                                        NOPX
.delay_slot
.swstall delay_slot
        2728    0x00 0x2c 0xf0 0x04 0x00 0x00 0x1c 0x22                                          NOPA;                                                                                                                                                           NOPV
.return_address
.no_stack_arguments
        2736    0x00 0x21 0x00 0x00 0x02 0x4c 0x00 0x00 0x40 0xba                                MOVA r1, #1;                                                                              JL #4704
.delay_slot
        2746    0x10 0x00 0xc1 0x18                                                                                                                                                        MOVX r0, #48
.delay_slot
.swstall delay_slot
        2750    0x00 0x00                                                                        NOPX
.delay_slot
.swstall delay_slot
        2752    0x00 0x00                                                                        NOPX
.delay_slot
.swstall delay_slot
        2754    0x00 0x00                                                                        NOPX
.delay_slot
.swstall delay_slot
        2756    0x00 0x2c 0xf0 0x00 0x20 0x00 0x00 0x00 0x00 0xad 0x81 0x36                      NOPA;                         NOPB;                         NOPS;                         NOPX
.return_address
.no_stack_arguments
        2768    0x06 0x20 0x00 0x00 0x02 0x48 0x00 0x00 0x40 0xba                                MOVA r0, #49;                                                                             JL #4672
.delay_slot
        2778    0x17 0xc2 0xfd 0x18                                                                                                                                                        MOVX r1, #-1
.delay_slot
.swstall delay_slot
        2782    0x00 0x00                                                                        NOPX
.delay_slot
.swstall delay_slot
        2784    0x00 0x00                                                                        NOPX
.delay_slot
.swstall delay_slot
        2786    0x00 0x00                                                                        NOPX
.delay_slot
.swstall delay_slot
        2788    0x00 0x2c 0xf0 0x00 0x20 0x00 0x00 0x00 0x00 0xad 0x81 0x36                      NOPA;                         NOPB;                         NOPS;                         NOPX
.return_address
.no_stack_arguments
        2800    0x00 0x09 0x40 0x00 0x01 0x04                                                                                                                                              JL #4736
.delay_slot
        2806    0x00 0x07 0xd0 0xd8 0x00 0x44                                                                                                                                              MOVXM p0, #515072
.delay_slot
        2812    0x00 0x07 0x92 0xc8 0x00 0x44                                                                                                                                              MOVXM p1, #496640
.delay_slot
        2818    0x1a 0x6c 0xc0 0xf8                                                                                                                                                                                      MOV p2, p6
.delay_slot
.swstall delay_slot
        2822    0x00 0x00                                                                        NOPX
.delay_slot
.swstall delay_slot
        2824    0x00 0x2c 0xf0 0x04 0x00 0x00 0x1c 0x22                                          NOPA;                                                                                                                                                           NOPV
.return_address
.no_stack_arguments
        2832    0x00 0x21 0x00 0x00 0x02 0x4c 0x00 0x00 0x40 0xba                                MOVA r1, #1;                                                                              JL #4704
.delay_slot
        2842    0x10 0x00 0xc1 0x18                                                                                                                                                        MOVX r0, #48
.delay_slot
.swstall delay_slot
        2846    0x00 0x00                                                                        NOPX
.delay_slot
.swstall delay_slot
        2848    0x00 0x00                                                                        NOPX
.delay_slot
.swstall delay_slot
        2850    0x00 0x00                                                                        NOPX
.delay_slot
.swstall delay_slot
        2852    0x00 0x2c 0xf0 0x00 0x20 0x00 0x00 0x00 0x00 0xad 0x81 0x36                      NOPA;                         NOPB;                         NOPS;                         NOPX
.return_address
.no_stack_arguments
        2864    0x06 0x20 0x00 0x00 0x02 0x48 0x00 0x00 0x40 0xba                                MOVA r0, #49;                                                                             JL #4672
.delay_slot
        2874    0x17 0xc2 0xfd 0x18                                                                                                                                                        MOVX r1, #-1
.delay_slot
.swstall delay_slot
        2878    0x00 0x00                                                                        NOPX
.delay_slot
.swstall delay_slot
        2880    0x00 0x00                                                                        NOPX
.delay_slot
.swstall delay_slot
        2882    0x00 0x00                                                                        NOPX
.delay_slot
.swstall delay_slot
        2884    0x00 0x2c 0xf0 0x00 0x20 0x00 0x00 0x00 0x00 0xad 0x81 0x36                      NOPA;                         NOPB;                         NOPS;                         NOPX
.return_address
.no_stack_arguments
        2896    0x00 0x09 0x40 0x00 0x01 0x04                                                                                                                                              JL #4736
.delay_slot
        2902    0x00 0x07 0xc0 0xd4 0x00 0x44                                                                                                                                              MOVXM p0, #510464
.delay_slot
        2908    0x00 0x07 0x92 0xc8 0x00 0x44                                                                                                                                              MOVXM p1, #496640
.delay_slot
        2914    0x1a 0x6c 0xc0 0xf8                                                                                                                                                                                      MOV p2, p6
.delay_slot
.swstall delay_slot
        2918    0x00 0x00                                                                        NOPX
.delay_slot
.swstall delay_slot
        2920    0x00 0x2c 0xf0 0x04 0x00 0x00 0x1c 0x22                                          NOPA;                                                                                                                                                           NOPV
.return_address
.no_stack_arguments
        2928    0x00 0x21 0x00 0x00 0x02 0x4c 0x00 0x00 0x40 0xba                                MOVA r1, #1;                                                                              JL #4704
.delay_slot
        2938    0x10 0x00 0xc1 0x18                                                                                                                                                        MOVX r0, #48
.delay_slot
.swstall delay_slot
        2942    0x00 0x00                                                                        NOPX
.delay_slot
.swstall delay_slot
        2944    0x00 0x00                                                                        NOPX
.delay_slot
.swstall delay_slot
        2946    0x00 0x00                                                                        NOPX
.delay_slot
.swstall delay_slot
        2948    0x00 0x2c 0xf0 0x00 0x20 0x00 0x00 0x00 0x00 0xad 0x81 0x36                      NOPA;                         NOPB;                         NOPS;                         NOPX
.return_address
.no_stack_arguments
        2960    0x00 0x09 0x20 0x00 0x01 0x04                                                                                                                                              JL #4672
.delay_slot
        2966    0x06 0x20 0x00 0x00 0x00 0x03 0xb3 0x88 0x10 0xba                                MOVA r0, #49;                                                                             MOVXM p7, #1808
.delay_slot
        2976    0x17 0xc2 0xfd 0x18                                                                                                                                                        MOVX r1, #-1
.delay_slot
.swstall delay_slot
        2980    0x00 0x00                                                                        NOPX
.delay_slot
.swstall delay_slot
        2982    0x00 0x00                                                                        NOPX
.delay_slot
.swstall delay_slot
        2984    0x00 0x2c 0xf0 0x04 0x00 0x00 0x1c 0x22                                          NOPA;                                                                                                                                                           NOPV
.return_address
.no_stack_arguments
        2992    0x00 0x09 0x40 0x00 0x01 0x04                                                                                                                                              JL #4736
.delay_slot
        2998    0x00 0x07 0xd0 0xd8 0x00 0x44                                                                                                                                              MOVXM p0, #515072
.delay_slot
        3004    0x00 0x07 0x92 0xc8 0x00 0x44                                                                                                                                              MOVXM p1, #496640
.delay_slot
        3010    0x1a 0x6c 0xc0 0xf8                                                                                                                                                                                      MOV p2, p6
.delay_slot
.swstall delay_slot
        3014    0x00 0x00                                                                        NOPX
.delay_slot
.swstall delay_slot
        3016    0x00 0x2c 0xf0 0x04 0x00 0x00 0x1c 0x22                                          NOPA;                                                                                                                                                           NOPV
.return_address
.no_stack_arguments
        3024    0x00 0x21 0x00 0x00 0x02 0x4c 0x00 0x00 0x40 0xba                                MOVA r1, #1;                                                                              JL #4704
.delay_slot
        3034    0x10 0x00 0xc1 0x18                                                                                                                                                        MOVX r0, #48
.delay_slot
.swstall delay_slot
        3038    0x00 0x00                                                                        NOPX
.delay_slot
.swstall delay_slot
        3040    0x00 0x00                                                                        NOPX
.delay_slot
.swstall delay_slot
        3042    0x00 0x00                                                                        NOPX
.delay_slot
.swstall delay_slot
        3044    0x00 0x2c 0xf0 0x00 0x20 0x00 0x00 0x00 0x00 0xad 0x81 0x36                      NOPA;                         NOPB;                         NOPS;                         NOPX
.return_address
.no_stack_arguments
        3056    0x00 0x21 0x00 0x00 0x02 0x4c 0x00 0x00 0x40 0xba                                MOVA r1, #1;                                                                              JL #4704
.delay_slot
        3066    0x10 0x00 0xc9 0x18                                                                                                                                                        MOVX r0, #50
.delay_slot
.swstall delay_slot
        3070    0x00 0x00                                                                        NOPX
.delay_slot
.swstall delay_slot
        3072    0x00 0x00                                                                        NOPX
.delay_slot
.swstall delay_slot
        3074    0x00 0x00                                                                        NOPX
.delay_slot
.swstall delay_slot
        3076    0x00 0x2c 0xf0 0x00 0x20 0x00 0x00 0x00 0x00 0xad 0x81 0x36                      NOPA;                         NOPB;                         NOPS;                         NOPX
.return_address
        3088    0x12 0x95 0xe0 0x18                                                                                                                                                        JNZD r10, r10, p7
.delay_slot
        3092    0x17 0xc2 0xfd 0x18                                                                                                                                                        MOVX r1, #-1
.delay_slot
.swstall delay_slot
        3096    0x00 0x00                                                                        NOPX
.delay_slot
.swstall delay_slot
        3098    0x00 0x00                                                                        NOPX
.delay_slot
.swstall delay_slot
        3100    0x00 0x00                                                                        NOPX
.delay_slot
.swstall delay_slot
        3102    0x00 0x00                                                                        NOPX
.loop_nesting 1
.no_stack_arguments
        3104    0x06 0xa0 0x00 0x00 0x02 0x4c 0x00 0x00 0x40 0xba                                MOVA r0, #53;                                                                             JL #4704
.delay_slot
        3114    0x10 0x02 0x05 0x18                                                                                                                                                        MOVX r1, #1
.delay_slot
.swstall delay_slot
        3118    0x00 0x00                                                                        NOPX
.delay_slot
.swstall delay_slot
        3120    0x00 0x00                                                                        NOPX
.delay_slot
.swstall delay_slot
        3122    0x00 0x00                                                                        NOPX
.delay_slot
.swstall delay_slot
        3124    0x00 0x2c 0xf0 0x00 0x20 0x00 0x00 0x00 0x00 0xad 0x81 0x36                      NOPA;                         NOPB;                         NOPS;                         NOPX
.return_address
.no_stack_arguments
        3136    0x06 0x80 0x00 0x00 0x02 0x48 0x00 0x00 0x40 0xba                                MOVA r0, #52;                                                                             JL #4672
.delay_slot
        3146    0x17 0xc2 0xfd 0x18                                                                                                                                                        MOVX r1, #-1
.delay_slot
.swstall delay_slot
        3150    0x00 0x00                                                                        NOPX
.delay_slot
.swstall delay_slot
        3152    0x00 0x00                                                                        NOPX
.delay_slot
.swstall delay_slot
        3154    0x00 0x00                                                                        NOPX
.delay_slot
.swstall delay_slot
        3156    0x00 0x2c 0xf0 0x00 0x20 0x00 0x00 0x00 0x00 0xad 0x81 0x36                      NOPA;                         NOPB;                         NOPS;                         NOPX
.return_address
.no_stack_arguments
        3168    0x00 0x0b 0x00 0x00 0x01 0x04                                                                                                                                              JL #5632
.delay_slot
        3174    0x00 0x07 0x0e 0xda 0x00 0x44                                                                                                                                              MOVXM p7, #462080
.delay_slot
        3180    0x18 0x6c 0xc0 0xf8                                                                                                                                                                                      MOV p0, p6
.delay_slot
.swstall delay_slot
        3184    0x00 0x00                                                                        NOPX
.delay_slot
.swstall delay_slot
        3186    0x00 0x00                                                                        NOPX
.delay_slot
.swstall delay_slot
        3188    0x00 0x2c 0xf0 0x00 0x20 0x00 0x00 0x00 0x00 0xad 0x81 0x36                      NOPA;                         NOPB;                         NOPS;                         NOPX
.return_address
        3200    0x00 0x2c 0xf0 0x00 0x20 0x01 0x5b 0x00 0xa1 0x28 0x2f 0xff 0x58 0x00 0x00 0xe1  NOPA;                         NOPB;                         NOPS;                         MOVX r10, #9;                 MOV r1, #-1;                            NOPV
.label TGT_Fcore_5_5_2992
.loop_nesting 2
.no_stack_arguments
        3216    0x00 0x09 0x20 0x00 0x01 0x04                                                                                                                                              JL #4672
.delay_slot
        3222    0x10 0x00 0xcd 0x18                                                                                                                                                        MOVX r0, #51
.delay_slot
.swstall delay_slot
        3226    0x00 0x00                                                                        NOPX
.delay_slot
.swstall delay_slot
        3228    0x00 0x00                                                                        NOPX
.delay_slot
.swstall delay_slot
        3230    0x00 0x00                                                                        NOPX
.delay_slot
.swstall delay_slot
        3232    0x00 0x2c 0xf0 0x00 0x20 0x01 0x5b 0x00 0x00 0x00 0x01 0xa5 0x78 0x00 0x00 0xe1  NOPA;                         NOPB;                         NOPS;                         NOPX;                         NOPM;                                   NOPV
.return_address
.no_stack_arguments
        3248    0x06 0x20 0x00 0x00 0x02 0x48 0x00 0x00 0x40 0xba                                MOVA r0, #49;                                                                             JL #4672
.delay_slot
        3258    0x17 0xc2 0xfd 0x18                                                                                                                                                        MOVX r1, #-1
.delay_slot
.swstall delay_slot
        3262    0x00 0x00                                                                        NOPX
.delay_slot
.swstall delay_slot
        3264    0x00 0x00                                                                        NOPX
.delay_slot
.swstall delay_slot
        3266    0x00 0x00                                                                        NOPX
.delay_slot
.swstall delay_slot
        3268    0x00 0x2c 0xf0 0x00 0x20 0x00 0x00 0x00 0x00 0xad 0x81 0x36                      NOPA;                         NOPB;                         NOPS;                         NOPX
.return_address
.no_stack_arguments
        3280    0x53 0x91 0x60 0x00 0x02 0x50 0x00 0x00 0x41 0x3a                                                                                            MOVS p2, p7;                  JL #4736
.delay_slot
        3290    0x00 0x07 0x52 0xdc 0x00 0x44                                                                                                                                              MOVXM p1, #482816
.delay_slot
        3296    0x00 0x07 0xc0 0xd4 0x00 0x44                                                                                                                                              MOVXM p0, #510464
.delay_slot
        3302    0x1e 0x62 0xc0 0xf8                                                                                                                                                                                      MOV p6, p1
.delay_slot
.swstall delay_slot
        3306    0x00 0x00                                                                        NOPX
.delay_slot
.swstall delay_slot
        3308    0x00 0x01 0x67 0x98                                                              NOPA
.return_address
.no_stack_arguments
        3312    0x00 0x21 0x00 0x00 0x02 0x4c 0x00 0x00 0x40 0xba                                MOVA r1, #1;                                                                              JL #4704
.delay_slot
        3322    0x10 0x00 0xc1 0x18                                                                                                                                                        MOVX r0, #48
.delay_slot
.swstall delay_slot
        3326    0x00 0x00                                                                        NOPX
.delay_slot
.swstall delay_slot
        3328    0x00 0x00                                                                        NOPX
.delay_slot
.swstall delay_slot
        3330    0x00 0x00                                                                        NOPX
.delay_slot
.swstall delay_slot
        3332    0x00 0x2c 0xf0 0x00 0x20 0x00 0x00 0x00 0x00 0xad 0x81 0x36                      NOPA;                         NOPB;                         NOPS;                         NOPX
.return_address
.no_stack_arguments
        3344    0x06 0x20 0x00 0x00 0x02 0x48 0x00 0x00 0x40 0xba                                MOVA r0, #49;                                                                             JL #4672
.delay_slot
        3354    0x17 0xc2 0xfd 0x18                                                                                                                                                        MOVX r1, #-1
.delay_slot
.swstall delay_slot
        3358    0x00 0x00                                                                        NOPX
.delay_slot
.swstall delay_slot
        3360    0x00 0x00                                                                        NOPX
.delay_slot
.swstall delay_slot
        3362    0x00 0x00                                                                        NOPX
.delay_slot
.swstall delay_slot
        3364    0x00 0x2c 0xf0 0x00 0x20 0x00 0x00 0x00 0x00 0xad 0x81 0x36                      NOPA;                         NOPB;                         NOPS;                         NOPX
.return_address
.no_stack_arguments
        3376    0x33 0x11 0x60 0x00 0x02 0x50 0x00 0x00 0x41 0x3a                                                                                            MOVS p1, p6;                  JL #4736
.delay_slot
        3386    0x1a 0x6e 0xc0 0xf8                                                                                                                                                                                      MOV p2, p7
.delay_slot
        3390    0x00 0x07 0xd0 0xd8 0x00 0x44                                                                                                                                              MOVXM p0, #515072
.delay_slot
.swstall delay_slot
        3396    0x00 0x00                                                                        NOPX
.delay_slot
.swstall delay_slot
        3398    0x00 0x00                                                                        NOPX
.delay_slot
.swstall delay_slot
        3400    0x00 0x2c 0xf0 0x04 0x00 0x00 0x1c 0x22                                          NOPA;                                                                                                                                                           NOPV
.return_address
.no_stack_arguments
        3408    0x00 0x21 0x00 0x00 0x02 0x4c 0x00 0x00 0x40 0xba                                MOVA r1, #1;                                                                              JL #4704
.delay_slot
        3418    0x10 0x00 0xc1 0x18                                                                                                                                                        MOVX r0, #48
.delay_slot
.swstall delay_slot
        3422    0x00 0x00                                                                        NOPX
.delay_slot
.swstall delay_slot
        3424    0x00 0x00                                                                        NOPX
.delay_slot
.swstall delay_slot
        3426    0x00 0x00                                                                        NOPX
.delay_slot
.swstall delay_slot
        3428    0x00 0x2c 0xf0 0x00 0x20 0x00 0x00 0x00 0x00 0xad 0x81 0x36                      NOPA;                         NOPB;                         NOPS;                         NOPX
.return_address
.no_stack_arguments
        3440    0x06 0x20 0x00 0x00 0x02 0x48 0x00 0x00 0x40 0xba                                MOVA r0, #49;                                                                             JL #4672
.delay_slot
        3450    0x17 0xc2 0xfd 0x18                                                                                                                                                        MOVX r1, #-1
.delay_slot
.swstall delay_slot
        3454    0x00 0x00                                                                        NOPX
.delay_slot
.swstall delay_slot
        3456    0x00 0x00                                                                        NOPX
.delay_slot
.swstall delay_slot
        3458    0x00 0x00                                                                        NOPX
.delay_slot
.swstall delay_slot
        3460    0x00 0x2c 0xf0 0x00 0x20 0x00 0x00 0x00 0x00 0xad 0x81 0x36                      NOPA;                         NOPB;                         NOPS;                         NOPX
.return_address
.no_stack_arguments
        3472    0x33 0x11 0x60 0x00 0x02 0x50 0x00 0x00 0x41 0x3a                                                                                            MOVS p1, p6;                  JL #4736
.delay_slot
        3482    0x1a 0x6e 0xc0 0xf8                                                                                                                                                                                      MOV p2, p7
.delay_slot
        3486    0x00 0x07 0xc0 0xd4 0x00 0x44                                                                                                                                              MOVXM p0, #510464
.delay_slot
.swstall delay_slot
        3492    0x00 0x00                                                                        NOPX
.delay_slot
.swstall delay_slot
        3494    0x00 0x00                                                                        NOPX
.delay_slot
.swstall delay_slot
        3496    0x00 0x2c 0xf0 0x04 0x00 0x00 0x1c 0x22                                          NOPA;                                                                                                                                                           NOPV
.return_address
.no_stack_arguments
        3504    0x00 0x21 0x00 0x00 0x02 0x4c 0x00 0x00 0x40 0xba                                MOVA r1, #1;                                                                              JL #4704
.delay_slot
        3514    0x10 0x00 0xc1 0x18                                                                                                                                                        MOVX r0, #48
.delay_slot
.swstall delay_slot
        3518    0x00 0x00                                                                        NOPX
.delay_slot
.swstall delay_slot
        3520    0x00 0x00                                                                        NOPX
.delay_slot
.swstall delay_slot
        3522    0x00 0x00                                                                        NOPX
.delay_slot
.swstall delay_slot
        3524    0x00 0x2c 0xf0 0x00 0x20 0x00 0x00 0x00 0x00 0xad 0x81 0x36                      NOPA;                         NOPB;                         NOPS;                         NOPX
.return_address
.no_stack_arguments
        3536    0x06 0x20 0x00 0x00 0x02 0x48 0x00 0x00 0x40 0xba                                MOVA r0, #49;                                                                             JL #4672
.delay_slot
        3546    0x17 0xc2 0xfd 0x18                                                                                                                                                        MOVX r1, #-1
.delay_slot
.swstall delay_slot
        3550    0x00 0x00                                                                        NOPX
.delay_slot
.swstall delay_slot
        3552    0x00 0x00                                                                        NOPX
.delay_slot
.swstall delay_slot
        3554    0x00 0x00                                                                        NOPX
.delay_slot
.swstall delay_slot
        3556    0x00 0x2c 0xf0 0x00 0x20 0x00 0x00 0x00 0x00 0xad 0x81 0x36                      NOPA;                         NOPB;                         NOPS;                         NOPX
.return_address
.no_stack_arguments
        3568    0x33 0x11 0x60 0x00 0x02 0x50 0x00 0x00 0x41 0x3a                                                                                            MOVS p1, p6;                  JL #4736
.delay_slot
        3578    0x1a 0x6e 0xc0 0xf8                                                                                                                                                                                      MOV p2, p7
.delay_slot
        3582    0x00 0x07 0xd0 0xd8 0x00 0x44                                                                                                                                              MOVXM p0, #515072
.delay_slot
.swstall delay_slot
        3588    0x00 0x00                                                                        NOPX
.delay_slot
.swstall delay_slot
        3590    0x00 0x00                                                                        NOPX
.delay_slot
.swstall delay_slot
        3592    0x00 0x2c 0xf0 0x04 0x00 0x00 0x1c 0x22                                          NOPA;                                                                                                                                                           NOPV
.return_address
.no_stack_arguments
        3600    0x00 0x21 0x00 0x00 0x02 0x4c 0x00 0x00 0x40 0xba                                MOVA r1, #1;                                                                              JL #4704
.delay_slot
        3610    0x10 0x00 0xc1 0x18                                                                                                                                                        MOVX r0, #48
.delay_slot
.swstall delay_slot
        3614    0x00 0x00                                                                        NOPX
.delay_slot
.swstall delay_slot
        3616    0x00 0x00                                                                        NOPX
.delay_slot
.swstall delay_slot
        3618    0x00 0x00                                                                        NOPX
.delay_slot
.swstall delay_slot
        3620    0x00 0x2c 0xf0 0x00 0x20 0x00 0x00 0x00 0x00 0xad 0x81 0x36                      NOPA;                         NOPB;                         NOPS;                         NOPX
.return_address
.no_stack_arguments
        3632    0x06 0x20 0x00 0x00 0x02 0x48 0x00 0x00 0x40 0xba                                MOVA r0, #49;                                                                             JL #4672
.delay_slot
        3642    0x17 0xc2 0xfd 0x18                                                                                                                                                        MOVX r1, #-1
.delay_slot
.swstall delay_slot
        3646    0x00 0x00                                                                        NOPX
.delay_slot
.swstall delay_slot
        3648    0x00 0x00                                                                        NOPX
.delay_slot
.swstall delay_slot
        3650    0x00 0x00                                                                        NOPX
.delay_slot
.swstall delay_slot
        3652    0x00 0x2c 0xf0 0x00 0x20 0x00 0x00 0x00 0x00 0xad 0x81 0x36                      NOPA;                         NOPB;                         NOPS;                         NOPX
.return_address
.no_stack_arguments
        3664    0x33 0x11 0x60 0x00 0x02 0x50 0x00 0x00 0x41 0x3a                                                                                            MOVS p1, p6;                  JL #4736
.delay_slot
        3674    0x1a 0x6e 0xc0 0xf8                                                                                                                                                                                      MOV p2, p7
.delay_slot
        3678    0x00 0x07 0xc0 0xd4 0x00 0x44                                                                                                                                              MOVXM p0, #510464
.delay_slot
.swstall delay_slot
        3684    0x00 0x00                                                                        NOPX
.delay_slot
.swstall delay_slot
        3686    0x00 0x00                                                                        NOPX
.delay_slot
.swstall delay_slot
        3688    0x00 0x2c 0xf0 0x04 0x00 0x00 0x1c 0x22                                          NOPA;                                                                                                                                                           NOPV
.return_address
.no_stack_arguments
        3696    0x00 0x21 0x00 0x00 0x02 0x4c 0x00 0x00 0x40 0xba                                MOVA r1, #1;                                                                              JL #4704
.delay_slot
        3706    0x10 0x00 0xc1 0x18                                                                                                                                                        MOVX r0, #48
.delay_slot
.swstall delay_slot
        3710    0x00 0x00                                                                        NOPX
.delay_slot
.swstall delay_slot
        3712    0x00 0x00                                                                        NOPX
.delay_slot
.swstall delay_slot
        3714    0x00 0x00                                                                        NOPX
.delay_slot
.swstall delay_slot
        3716    0x00 0x2c 0xf0 0x00 0x20 0x00 0x00 0x00 0x00 0xad 0x81 0x36                      NOPA;                         NOPB;                         NOPS;                         NOPX
.return_address
.no_stack_arguments
        3728    0x06 0x20 0x00 0x00 0x02 0x48 0x00 0x00 0x40 0xba                                MOVA r0, #49;                                                                             JL #4672
.delay_slot
        3738    0x17 0xc2 0xfd 0x18                                                                                                                                                        MOVX r1, #-1
.delay_slot
.swstall delay_slot
        3742    0x00 0x00                                                                        NOPX
.delay_slot
.swstall delay_slot
        3744    0x00 0x00                                                                        NOPX
.delay_slot
.swstall delay_slot
        3746    0x00 0x00                                                                        NOPX
.delay_slot
.swstall delay_slot
        3748    0x00 0x2c 0xf0 0x00 0x20 0x00 0x00 0x00 0x00 0xad 0x81 0x36                      NOPA;                         NOPB;                         NOPS;                         NOPX
.return_address
.no_stack_arguments
        3760    0x53 0x91 0x60 0x00 0x02 0x50 0x00 0x00 0x41 0x3a                                                                                            MOVS p2, p7;                  JL #4736
.delay_slot
        3770    0x33 0x11 0x60 0x00 0x01 0xf4 0x36 0x00 0x11 0x3a                                                                                            MOVS p1, p6;                  MOVXM p0, #515072
.delay_slot
        3780    0x1e 0x64 0xc0 0xf8                                                                                                                                                                                      MOV p6, p2
.delay_slot
.swstall delay_slot
        3784    0x00 0x00                                                                        NOPX
.delay_slot
.swstall delay_slot
        3786    0x00 0x00                                                                        NOPX
.delay_slot
.swstall delay_slot
        3788    0x00 0x01 0x67 0x98                                                              NOPA
.return_address
.no_stack_arguments
        3792    0x00 0x21 0x00 0x00 0x02 0x4c 0x00 0x00 0x40 0xba                                MOVA r1, #1;                                                                              JL #4704
.delay_slot
        3802    0x10 0x00 0xc1 0x18                                                                                                                                                        MOVX r0, #48
.delay_slot
.swstall delay_slot
        3806    0x00 0x00                                                                        NOPX
.delay_slot
.swstall delay_slot
        3808    0x00 0x00                                                                        NOPX
.delay_slot
.swstall delay_slot
        3810    0x00 0x00                                                                        NOPX
.delay_slot
.swstall delay_slot
        3812    0x00 0x2c 0xf0 0x00 0x20 0x00 0x00 0x00 0x00 0xad 0x81 0x36                      NOPA;                         NOPB;                         NOPS;                         NOPX
.return_address
.no_stack_arguments
        3824    0x00 0x21 0x00 0x00 0x02 0x4c 0x00 0x00 0x40 0xba                                MOVA r1, #1;                                                                              JL #4704
.delay_slot
        3834    0x10 0x00 0xc9 0x18                                                                                                                                                        MOVX r0, #50
.delay_slot
.swstall delay_slot
        3838    0x00 0x00                                                                        NOPX
.delay_slot
.swstall delay_slot
        3840    0x00 0x00                                                                        NOPX
.delay_slot
.swstall delay_slot
        3842    0x00 0x00                                                                        NOPX
.delay_slot
.swstall delay_slot
        3844    0x00 0x2c 0xf0 0x00 0x20 0x00 0x00 0x00 0x00 0xad 0x81 0x36                      NOPA;                         NOPB;                         NOPS;                         NOPX
.return_address
.no_stack_arguments
        3856    0xff 0xe1 0x00 0x00 0x02 0x48 0x00 0x00 0x40 0xba                                MOVA r1, #-1;                                                                             JL #4672
.delay_slot
        3866    0x10 0x00 0xcd 0x18                                                                                                                                                        MOVX r0, #51
.delay_slot
.swstall delay_slot
        3870    0x00 0x00                                                                        NOPX
.delay_slot
.swstall delay_slot
        3872    0x00 0x00                                                                        NOPX
.delay_slot
.swstall delay_slot
        3874    0x00 0x00                                                                        NOPX
.delay_slot
.swstall delay_slot
        3876    0x00 0x2c 0xf0 0x00 0x20 0x00 0x00 0x00 0x00 0xad 0x81 0x36                      NOPA;                         NOPB;                         NOPS;                         NOPX
.return_address
.no_stack_arguments
        3888    0x06 0x20 0x00 0x00 0x02 0x48 0x00 0x00 0x40 0xba                                MOVA r0, #49;                                                                             JL #4672
.delay_slot
        3898    0x17 0xc2 0xfd 0x18                                                                                                                                                        MOVX r1, #-1
.delay_slot
.swstall delay_slot
        3902    0x00 0x00                                                                        NOPX
.delay_slot
.swstall delay_slot
        3904    0x00 0x00                                                                        NOPX
.delay_slot
.swstall delay_slot
        3906    0x00 0x00                                                                        NOPX
.delay_slot
.swstall delay_slot
        3908    0x00 0x2c 0xf0 0x00 0x20 0x00 0x00 0x00 0x00 0xad 0x81 0x36                      NOPA;                         NOPB;                         NOPS;                         NOPX
.return_address
.no_stack_arguments
        3920    0x00 0x09 0x40 0x00 0x01 0x04                                                                                                                                              JL #4736
.delay_slot
        3926    0x00 0x07 0xc0 0xd4 0x00 0x44                                                                                                                                              MOVXM p0, #510464
.delay_slot
        3932    0x00 0x07 0x92 0xc8 0x00 0x44                                                                                                                                              MOVXM p1, #496640
.delay_slot
        3938    0x1a 0x6c 0xc0 0xf8                                                                                                                                                                                      MOV p2, p6
.delay_slot
.swstall delay_slot
        3942    0x00 0x00                                                                        NOPX
.delay_slot
.swstall delay_slot
        3944    0x00 0x2c 0xf0 0x04 0x00 0x00 0x1c 0x22                                          NOPA;                                                                                                                                                           NOPV
.return_address
.no_stack_arguments
        3952    0x00 0x21 0x00 0x00 0x02 0x4c 0x00 0x00 0x40 0xba                                MOVA r1, #1;                                                                              JL #4704
.delay_slot
        3962    0x10 0x00 0xc1 0x18                                                                                                                                                        MOVX r0, #48
.delay_slot
.swstall delay_slot
        3966    0x00 0x00                                                                        NOPX
.delay_slot
.swstall delay_slot
        3968    0x00 0x00                                                                        NOPX
.delay_slot
.swstall delay_slot
        3970    0x00 0x00                                                                        NOPX
.delay_slot
.swstall delay_slot
        3972    0x00 0x2c 0xf0 0x00 0x20 0x00 0x00 0x00 0x00 0xad 0x81 0x36                      NOPA;                         NOPB;                         NOPS;                         NOPX
.return_address
.no_stack_arguments
        3984    0x06 0x20 0x00 0x00 0x02 0x48 0x00 0x00 0x40 0xba                                MOVA r0, #49;                                                                             JL #4672
.delay_slot
        3994    0x17 0xc2 0xfd 0x18                                                                                                                                                        MOVX r1, #-1
.delay_slot
.swstall delay_slot
        3998    0x00 0x00                                                                        NOPX
.delay_slot
.swstall delay_slot
        4000    0x00 0x00                                                                        NOPX
.delay_slot
.swstall delay_slot
        4002    0x00 0x00                                                                        NOPX
.delay_slot
.swstall delay_slot
        4004    0x00 0x2c 0xf0 0x00 0x20 0x00 0x00 0x00 0x00 0xad 0x81 0x36                      NOPA;                         NOPB;                         NOPS;                         NOPX
.return_address
.no_stack_arguments
        4016    0x00 0x09 0x40 0x00 0x01 0x04                                                                                                                                              JL #4736
.delay_slot
        4022    0x00 0x07 0xd0 0xd8 0x00 0x44                                                                                                                                              MOVXM p0, #515072
.delay_slot
        4028    0x00 0x07 0x92 0xc8 0x00 0x44                                                                                                                                              MOVXM p1, #496640
.delay_slot
        4034    0x1a 0x6c 0xc0 0xf8                                                                                                                                                                                      MOV p2, p6
.delay_slot
.swstall delay_slot
        4038    0x00 0x00                                                                        NOPX
.delay_slot
.swstall delay_slot
        4040    0x00 0x2c 0xf0 0x04 0x00 0x00 0x1c 0x22                                          NOPA;                                                                                                                                                           NOPV
.return_address
.no_stack_arguments
        4048    0x00 0x21 0x00 0x00 0x02 0x4c 0x00 0x00 0x40 0xba                                MOVA r1, #1;                                                                              JL #4704
.delay_slot
        4058    0x10 0x00 0xc1 0x18                                                                                                                                                        MOVX r0, #48
.delay_slot
.swstall delay_slot
        4062    0x00 0x00                                                                        NOPX
.delay_slot
.swstall delay_slot
        4064    0x00 0x00                                                                        NOPX
.delay_slot
.swstall delay_slot
        4066    0x00 0x00                                                                        NOPX
.delay_slot
.swstall delay_slot
        4068    0x00 0x2c 0xf0 0x00 0x20 0x00 0x00 0x00 0x00 0xad 0x81 0x36                      NOPA;                         NOPB;                         NOPS;                         NOPX
.return_address
.no_stack_arguments
        4080    0x06 0x20 0x00 0x00 0x02 0x48 0x00 0x00 0x40 0xba                                MOVA r0, #49;                                                                             JL #4672
.delay_slot
        4090    0x17 0xc2 0xfd 0x18                                                                                                                                                        MOVX r1, #-1
.delay_slot
.swstall delay_slot
        4094    0x00 0x00                                                                        NOPX
.delay_slot
.swstall delay_slot
        4096    0x00 0x00                                                                        NOPX
.delay_slot
.swstall delay_slot
        4098    0x00 0x00                                                                        NOPX
.delay_slot
.swstall delay_slot
        4100    0x00 0x2c 0xf0 0x00 0x20 0x00 0x00 0x00 0x00 0xad 0x81 0x36                      NOPA;                         NOPB;                         NOPS;                         NOPX
.return_address
.no_stack_arguments
        4112    0x00 0x09 0x40 0x00 0x01 0x04                                                                                                                                              JL #4736
.delay_slot
        4118    0x00 0x07 0xc0 0xd4 0x00 0x44                                                                                                                                              MOVXM p0, #510464
.delay_slot
        4124    0x00 0x07 0x92 0xc8 0x00 0x44                                                                                                                                              MOVXM p1, #496640
.delay_slot
        4130    0x1a 0x6c 0xc0 0xf8                                                                                                                                                                                      MOV p2, p6
.delay_slot
.swstall delay_slot
        4134    0x00 0x00                                                                        NOPX
.delay_slot
.swstall delay_slot
        4136    0x00 0x2c 0xf0 0x04 0x00 0x00 0x1c 0x22                                          NOPA;                                                                                                                                                           NOPV
.return_address
.no_stack_arguments
        4144    0x00 0x21 0x00 0x00 0x02 0x4c 0x00 0x00 0x40 0xba                                MOVA r1, #1;                                                                              JL #4704
.delay_slot
        4154    0x10 0x00 0xc1 0x18                                                                                                                                                        MOVX r0, #48
.delay_slot
.swstall delay_slot
        4158    0x00 0x00                                                                        NOPX
.delay_slot
.swstall delay_slot
        4160    0x00 0x00                                                                        NOPX
.delay_slot
.swstall delay_slot
        4162    0x00 0x00                                                                        NOPX
.delay_slot
.swstall delay_slot
        4164    0x00 0x2c 0xf0 0x00 0x20 0x00 0x00 0x00 0x00 0xad 0x81 0x36                      NOPA;                         NOPB;                         NOPS;                         NOPX
.return_address
.no_stack_arguments
        4176    0x06 0x20 0x00 0x00 0x02 0x48 0x00 0x00 0x40 0xba                                MOVA r0, #49;                                                                             JL #4672
.delay_slot
        4186    0x17 0xc2 0xfd 0x18                                                                                                                                                        MOVX r1, #-1
.delay_slot
.swstall delay_slot
        4190    0x00 0x00                                                                        NOPX
.delay_slot
.swstall delay_slot
        4192    0x00 0x00                                                                        NOPX
.delay_slot
.swstall delay_slot
        4194    0x00 0x00                                                                        NOPX
.delay_slot
.swstall delay_slot
        4196    0x00 0x2c 0xf0 0x00 0x20 0x00 0x00 0x00 0x00 0xad 0x81 0x36                      NOPA;                         NOPB;                         NOPS;                         NOPX
.return_address
.no_stack_arguments
        4208    0x00 0x09 0x40 0x00 0x01 0x04                                                                                                                                              JL #4736
.delay_slot
        4214    0x00 0x07 0xd0 0xd8 0x00 0x44                                                                                                                                              MOVXM p0, #515072
.delay_slot
        4220    0x00 0x07 0x92 0xc8 0x00 0x44                                                                                                                                              MOVXM p1, #496640
.delay_slot
        4226    0x1a 0x6c 0xc0 0xf8                                                                                                                                                                                      MOV p2, p6
.delay_slot
.swstall delay_slot
        4230    0x00 0x00                                                                        NOPX
.delay_slot
.swstall delay_slot
        4232    0x00 0x2c 0xf0 0x04 0x00 0x00 0x1c 0x22                                          NOPA;                                                                                                                                                           NOPV
.return_address
.no_stack_arguments
        4240    0x00 0x21 0x00 0x00 0x02 0x4c 0x00 0x00 0x40 0xba                                MOVA r1, #1;                                                                              JL #4704
.delay_slot
        4250    0x10 0x00 0xc1 0x18                                                                                                                                                        MOVX r0, #48
.delay_slot
.swstall delay_slot
        4254    0x00 0x00                                                                        NOPX
.delay_slot
.swstall delay_slot
        4256    0x00 0x00                                                                        NOPX
.delay_slot
.swstall delay_slot
        4258    0x00 0x00                                                                        NOPX
.delay_slot
.swstall delay_slot
        4260    0x00 0x2c 0xf0 0x00 0x20 0x00 0x00 0x00 0x00 0xad 0x81 0x36                      NOPA;                         NOPB;                         NOPS;                         NOPX
.return_address
.no_stack_arguments
        4272    0x06 0x20 0x00 0x00 0x02 0x48 0x00 0x00 0x40 0xba                                MOVA r0, #49;                                                                             JL #4672
.delay_slot
        4282    0x17 0xc2 0xfd 0x18                                                                                                                                                        MOVX r1, #-1
.delay_slot
.swstall delay_slot
        4286    0x00 0x00                                                                        NOPX
.delay_slot
.swstall delay_slot
        4288    0x00 0x00                                                                        NOPX
.delay_slot
.swstall delay_slot
        4290    0x00 0x00                                                                        NOPX
.delay_slot
.swstall delay_slot
        4292    0x00 0x2c 0xf0 0x00 0x20 0x00 0x00 0x00 0x00 0xad 0x81 0x36                      NOPA;                         NOPB;                         NOPS;                         NOPX
.return_address
.no_stack_arguments
        4304    0x00 0x09 0x40 0x00 0x01 0x04                                                                                                                                              JL #4736
.delay_slot
        4310    0x00 0x07 0xc0 0xd4 0x00 0x44                                                                                                                                              MOVXM p0, #510464
.delay_slot
        4316    0x00 0x07 0x92 0xc8 0x00 0x44                                                                                                                                              MOVXM p1, #496640
.delay_slot
        4322    0x1a 0x6c 0xc0 0xf8                                                                                                                                                                                      MOV p2, p6
.delay_slot
.swstall delay_slot
        4326    0x00 0x00                                                                        NOPX
.delay_slot
.swstall delay_slot
        4328    0x00 0x2c 0xf0 0x04 0x00 0x00 0x1c 0x22                                          NOPA;                                                                                                                                                           NOPV
.return_address
.no_stack_arguments
        4336    0x00 0x21 0x00 0x00 0x02 0x4c 0x00 0x00 0x40 0xba                                MOVA r1, #1;                                                                              JL #4704
.delay_slot
        4346    0x10 0x00 0xc1 0x18                                                                                                                                                        MOVX r0, #48
.delay_slot
.swstall delay_slot
        4350    0x00 0x00                                                                        NOPX
.delay_slot
.swstall delay_slot
        4352    0x00 0x00                                                                        NOPX
.delay_slot
.swstall delay_slot
        4354    0x00 0x00                                                                        NOPX
.delay_slot
.swstall delay_slot
        4356    0x00 0x2c 0xf0 0x00 0x20 0x00 0x00 0x00 0x00 0xad 0x81 0x36                      NOPA;                         NOPB;                         NOPS;                         NOPX
.return_address
.no_stack_arguments
        4368    0x00 0x09 0x20 0x00 0x01 0x04                                                                                                                                              JL #4672
.delay_slot
        4374    0x06 0x20 0x00 0x00 0x00 0x03 0x36 0x48 0x10 0xba                                MOVA r0, #49;                                                                             MOVXM p6, #3216
.delay_slot
        4384    0x17 0xc2 0xfd 0x18                                                                                                                                                        MOVX r1, #-1
.delay_slot
.swstall delay_slot
        4388    0x00 0x00                                                                        NOPX
.delay_slot
.swstall delay_slot
        4390    0x00 0x00                                                                        NOPX
.delay_slot
.swstall delay_slot
        4392    0x00 0x2c 0xf0 0x04 0x00 0x00 0x1c 0x22                                          NOPA;                                                                                                                                                           NOPV
.return_address
.no_stack_arguments
        4400    0x00 0x09 0x40 0x00 0x01 0x04                                                                                                                                              JL #4736
.delay_slot
        4406    0x00 0x07 0xd0 0xd8 0x00 0x44                                                                                                                                              MOVXM p0, #515072
.delay_slot
        4412    0x00 0x07 0x92 0xc8 0x00 0x44                                                                                                                                              MOVXM p1, #496640
.delay_slot
        4418    0x1a 0x6e 0xc0 0xf8                                                                                                                                                                                      MOV p2, p7
.delay_slot
.swstall delay_slot
        4422    0x00 0x00                                                                        NOPX
.delay_slot
.swstall delay_slot
        4424    0x00 0x2c 0xf0 0x04 0x00 0x00 0x1c 0x22                                          NOPA;                                                                                                                                                           NOPV
.return_address
.no_stack_arguments
        4432    0x00 0x21 0x00 0x00 0x02 0x4c 0x00 0x00 0x40 0xba                                MOVA r1, #1;                                                                              JL #4704
.delay_slot
        4442    0x10 0x00 0xc1 0x18                                                                                                                                                        MOVX r0, #48
.delay_slot
.swstall delay_slot
        4446    0x00 0x00                                                                        NOPX
.delay_slot
.swstall delay_slot
        4448    0x00 0x00                                                                        NOPX
.delay_slot
.swstall delay_slot
        4450    0x00 0x00                                                                        NOPX
.delay_slot
.swstall delay_slot
        4452    0x00 0x2c 0xf0 0x00 0x20 0x00 0x00 0x00 0x00 0xad 0x81 0x36                      NOPA;                         NOPB;                         NOPS;                         NOPX
.return_address
.no_stack_arguments
        4464    0x00 0x21 0x00 0x00 0x02 0x4c 0x00 0x00 0x40 0xba                                MOVA r1, #1;                                                                              JL #4704
.delay_slot
        4474    0x10 0x00 0xc9 0x18                                                                                                                                                        MOVX r0, #50
.delay_slot
.swstall delay_slot
        4478    0x00 0x00                                                                        NOPX
.delay_slot
.swstall delay_slot
        4480    0x00 0x00                                                                        NOPX
.delay_slot
.swstall delay_slot
        4482    0x00 0x00                                                                        NOPX
.delay_slot
.swstall delay_slot
        4484    0x00 0x2c 0xf0 0x00 0x20 0x00 0x00 0x00 0x00 0xad 0x81 0x36                      NOPA;                         NOPB;                         NOPS;                         NOPX
.return_address
        4496    0x12 0x95 0xa0 0x18                                                                                                                                                        JNZD r10, r10, p6
.delay_slot
        4500    0x17 0xc2 0xfd 0x18                                                                                                                                                        MOVX r1, #-1
.delay_slot
.swstall delay_slot
        4504    0x00 0x00                                                                        NOPX
.delay_slot
.swstall delay_slot
        4506    0x00 0x00                                                                        NOPX
.delay_slot
.swstall delay_slot
        4508    0x00 0x00                                                                        NOPX
.delay_slot
.swstall delay_slot
        4510    0x00 0x00                                                                        NOPX
.loop_nesting 1
.no_stack_arguments
        4512    0x06 0xa0 0x00 0x00 0x02 0x4c 0x00 0x00 0x40 0xba                                MOVA r0, #53;                                                                             JL #4704
.delay_slot
        4522    0x10 0x02 0x05 0x18                                                                                                                                                        MOVX r1, #1
.delay_slot
.swstall delay_slot
        4526    0x00 0x00                                                                        NOPX
.delay_slot
.swstall delay_slot
        4528    0x00 0x00                                                                        NOPX
.delay_slot
.swstall delay_slot
        4530    0x00 0x00                                                                        NOPX
.delay_slot
.swstall delay_slot
        4532    0x00 0x2c 0xf0 0x00 0x20 0x00 0x00 0x00 0x00 0xad 0x81 0x36                      NOPA;                         NOPB;                         NOPS;                         NOPX
.return_address
        4544    0xfa 0x46 0x20 0x3f 0x27 0xca 0x08 0x00 0x58 0xba                                LDA r17, [sp, #-48];                                                                      MOVX r18, #-2;                MOV r16, #0
        4554    0x5c 0xa5 0x9d 0x20 0x01 0x64                                                                                                                                              LTU r18, r11, r18;            MOV r26, #0
        4560    0x00 0x00                                                                        NOPX
        4562    0x00 0x00                                                                        NOPX
        4564    0x00 0x00                                                                        NOPX
        4566    0x00 0x00                                                                        NOPX
        4568    0x00 0x00                                                                        NOPX
        4570    0x14 0x66 0xd0 0x18                                                                                                                                                        EQZ r19, r17
        4574    0x14 0xe5 0x24 0x98                                                                                                                                                        AND r18, r19, r18
        4578    0x14 0xa1 0x05 0x98                                                                                                                                                        OR r16, r18, r16
        4582    0x80 0x00 0xa0 0x40 0x01 0x84                                                                                                                                              JNZ r16, #320
.delay_slot
        4588    0x12 0xd6 0x07 0x18                                                                                                                                                        ADD r11, r11, #1
.delay_slot
        4592    0x14 0x63 0xa2 0x98                                                                                                                                                        ADC r17, r17, r26
.delay_slot
        4596    0x0f 0xd2 0x35 0x98                                                                                                                          ST r17, [sp, #-48]
.delay_slot
.swstall delay_slot
        4600    0x00 0x00                                                                        NOPX
.delay_slot
.swstall delay_slot
        4602    0x00 0x00                                                                        NOPX
.loop_nesting 0
        4604    0x07 0xd4 0x39 0x18                                                              LDA lr, [sp, #-44]
        4608    0x07 0xd9 0x51 0x18                                                              LDA r10, [sp, #-40]
        4612    0x07 0xdd 0x71 0x18                                                              LDA r11, [sp, #-36]
        4616    0x07 0xe1 0x91 0x18                                                              LDA r12, [sp, #-32]
        4620    0x07 0xe9 0xb1 0x18                                                              LDA r13, [sp, #-24]
        4624    0x07 0xf1 0xd1 0x18                                                              LDA r14, [sp, #-16]
        4628    0x07 0xf5 0xf1 0x18                                                              LDA r15, [sp, #-12]
        4632    0x07 0xf9 0x11 0x18                                                              LDA r8, [sp, #-8]
        4636    0x07 0xfd 0x31 0x18                                                              LDA r9, [sp, #-4]
        4640    0x07 0xe7 0x19 0x18                                                              LDA p6, [sp, #-28]
        4644    0x07 0xef 0x99 0x18                                                              LDA p7, [sp, #-20]
        4648    0x10 0x28 0x00 0x18                                                                                                                                                        RET lr
.delay_slot
        4652    0xff 0xf8 0x00 0x00 0x01 0xc4                                                                                                                                              PADDXM [sp], #-64
.delay_slot
.swstall delay_slot
        4658    0x00 0x00                                                                        NOPX
.delay_slot
.swstall delay_slot
        4660    0x00 0x00                                                                        NOPX
.delay_slot
.swstall delay_slot
        4662    0x00 0x00                                                                        NOPX
.delay_slot
.swstall delay_slot
        4664    0x00 0x00                                                                        NOPX
.label core_5_5__end

.text_segment PM   4672
.label llvm___aie2p___acquire
.function_start
        4672    0x10 0x12 0x18 0x18                                                                                                                                                        ACQ r0, r1
        4676    0x10 0x28 0x00 0x18                                                                                                                                                        RET lr
.delay_slot
.swstall delay_slot
        4680    0x00 0x00                                                                        NOPX
.delay_slot
.swstall delay_slot
        4682    0x00 0x00                                                                        NOPX
.delay_slot
.swstall delay_slot
        4684    0x00 0x00                                                                        NOPX
.delay_slot
.swstall delay_slot
        4686    0x00 0x00                                                                        NOPX
.delay_slot
.swstall delay_slot
        4688    0x00 0x00                                                                        NOPX
.label llvm___aie2p___acquire__end

.text_segment PM   4704
.label llvm___aie2p___release
.function_start
        4704    0x10 0x10 0x18 0x18                                                                                                                                                        REL r0, r1
        4708    0x10 0x28 0x00 0x18                                                                                                                                                        RET lr
.delay_slot
.swstall delay_slot
        4712    0x00 0x00                                                                        NOPX
.delay_slot
.swstall delay_slot
        4714    0x00 0x00                                                                        NOPX
.delay_slot
.swstall delay_slot
        4716    0x00 0x00                                                                        NOPX
.delay_slot
.swstall delay_slot
        4718    0x00 0x00                                                                        NOPX
.delay_slot
.swstall delay_slot
        4720    0x00 0x00                                                                        NOPX
.label llvm___aie2p___release__end

.text_segment PM   4736
.label matmul_vectorized_bfp16
.function_start
        4736    0x00 0xa2 0x00 0x00 0x01 0xf9 0xb7 0x00 0x10 0xba                                MOVA r2, #5;                                                                              MOVXM p3, #519680
        4746    0x60 0xca 0xd0 0x00 0x80 0x00 0x88 0x40 0x58 0xba                                LDA r18, [p3];                                                                            EVENT #0;                     MOV r4, #64
        4756    0x61 0x93 0x00 0x00 0x00 0x04 0x79 0xa0 0x10 0xba                                MOVA r19, #780;                                                                           MOVXM ls, #4928
        4766    0x00 0x15 0x00 0x00 0x00 0x05 0xba 0xe0 0x10 0xba                                MOVA r21, #0;                                                                             MOVXM le, #5568
        4776    0x00 0x18 0x00 0x00 0x04 0x00 0x00 0x00 0x70 0xba                                MOVA r24, #0;                                                                             PADDXM [sp], #128
        4786    0x01 0x03 0x24 0x20 0xe5 0xe4                                                                                                                                              MOVX r4, #6;                  VBCST.8 x4, r4
        4792    0x1a 0xe0 0x72 0xf8                                                                                                                                                                                      VBCST.8 x5, r24
        4796    0x80 0x40 0x20 0xa0 0x20 0x44                                                                                                                                              MOVXM r1, #-2143281136
        4802    0x96 0xc4 0xf1 0x32 0x01 0x24                                                                                                                                              EQ r27, r18, r2;              ADD.NC r2, r18, #1
        4808    0x12 0x02 0x00 0x05 0x4c 0x12 0x2a 0x60 0x78 0xba                                MOVA r2, #144;                                                                            SEL.EQZ r20, r2, r24, r27;    MOV r17, p2
        4818    0x60 0xd2 0x30 0x02 0x01 0x00 0x09 0x00 0x91 0x3a                                                                                            ST r20, [p3];                 MOVXM r0, #134480385
        4828    0x1c 0x2a 0x04 0x38                                                                                                                                                                                      VSEL.8 x8, x5, x4, r1:r0
        4832    0x00 0x07 0xe8 0xdc 0x08 0x44                                                                                                                                              MOVXM p4, #519684
        4838    0x80 0x9c 0x50 0x1f 0xdf 0xdc 0x6f 0xbf 0x90 0xba                                LDA.s8 r7, [p4];                                                                          MOVXM r3, #2139062143
        4848    0x1c 0x03 0x9c 0xf8                                                                                                                                                                                      MOV el8, r3
        4852    0x20 0xd0 0x28 0x87 0x39 0xe4                                                                                                                                              MOVX r3, #288;                MOV eh8, r3
        4858    0x00 0x00 0x0a 0x3b 0x00 0x44                                                                                                                                              MOVXM r20, #3456
        4864    0x00 0x32 0x00 0x25 0x1a 0x30 0x08 0x60 0x78 0xba                                MOVA r18, #1;                                                                             MAC r17, r17, r18, r20;       MOV r0, p0
        4874    0x18 0x52 0xc0 0xf8                                                                                                                                                                                      MOV r1, p1
        4878    0x00 0x00 0x16 0xc6 0x40 0x44                                                                                                                                              MOVXM p3, #4896
        4884    0x00 0x2c 0xf3 0xf5 0x00 0x2c                                                    NOPA;                                                                                     MOVX crRnd, r7
        4890    0x00 0x00 0x03 0xb2 0x00 0x44                                                                                                                                              MOVXM r7, #2304
.label TGT_Fmatmul_vectorized_bfp16_160
.loop_nesting 1
        4896    0x00 0xc5 0x40 0x2b 0x42 0x7e 0xe8 0x10 0x78 0xba                                MOVA lc, #6;                                                                              MUL r20, r21, r4;             MOV r23, r0
        4906    0x3d 0xea 0xca 0xa0 0x01 0x64                                                                                                                                              MAC r23, r23, r7, r21;        MOV r21, #0
        4912    0x10 0xe9 0x4f 0x98                                                                                                                                                        MUL r20, r3, r20
        4916    0x00 0x2c 0xf0 0x00 0x20 0x01 0x5b 0x00 0x25 0xd0 0x70 0xf6                      NOPA;                         NOPB;                         NOPS;                                                       MOV dn0, r23
.label ZLS_Fmatmul_vectorized_bfp16_192
.loop_nesting 2
.begin_of_loop
        4928    0x00 0x00                                                                        NOPX
        4930    0x10 0xad 0x40 0x98                                                                                                                                                        ADD r22, r2, r20
        4934    0x06 0x00 0x20 0xd1 0xb2 0xa4                                                                                                                                              MOVX r24, #0;                 ADD.NC p0, r17, r22
        4940    0x3c 0x14 0x14 0x18                                                                                            VLDB.FILL.512 [p0, lf0, r24]
        4944    0x04 0x05 0xa8 0x01 0x90 0x08 0xb5 0x42 0xa8 0x3a                                                              VLDB.POP.576 ex11, [p0, lf0, r24];                          MOVX r25, #0;                 ADD.NC p1, r21, r1
        4954    0x22 0x81 0x74 0x05 0x28 0x3c                                                    VLDA.FILL.512 [p1, lf1, r25]; VLDB.POP.576 ex10, [p0, lf0, r24]
        4960    0x06 0x00 0xa8 0x01 0x80 0x08 0x30 0x40 0x78 0x3a                                                              VLDB.POP.576 ex1, [p1, lf1, r25];                           MOVX r24, #0;                 MOV p0, dn0
        4970    0xa0 0x19 0x78 0x28 0x28 0x3c                                                    VLDA.POP.576 ex3, [p1, lf1, r25];VLDB.FILL.512 [p0, lf0, r24]
        4976    0xa0 0x29 0x74 0x00 0x28 0x3c                                                    VLDA.POP.576 ex5, [p1, lf1, r25];VLDB.POP.576 ex0, [p0, lf0, r24]
.aggressive_scheduled_block_id 1
.aggressive_scheduled_block_id first
        4982    0xa0 0x39 0x74 0x01 0x28 0x3c                                                    VLDA.POP.576 ex7, [p1, lf1, r25];VLDB.POP.576 ex2, [p0, lf0, r24]
.aggressive_scheduled_block_id 1
.noswbrkpt
        4988    0x3b 0x00 0x54 0x18                                                                                            VLDB.POP.576 ex1, [p1, lf1, r25]
.aggressive_scheduled_block_id 1
.nohwbrkpt
.noswbrkpt
        4992    0x00 0x91 0x62 0x01 0x14 0x01 0x34 0x68 0xa6 0xba                                                              VLDB.POP.576 ex4, [p0, lf0, r24];MOVS dc0, p1;                                            ADD.NC p2, r17, r20
.aggressive_scheduled_block_id 1
.nohwbrkpt
.noswbrkpt
        5002    0x31 0x11 0x64 0x03 0x28 0x01 0x90 0x0b 0x6e 0x50 0x78 0x36                                                    VLDB.POP.576 ex6, [p0, lf0, r24];MOVS p1, p2;               MOVX r25, #0;                 MOV r27, r25
.aggressive_scheduled_block_id 1
.nohwbrkpt
.noswbrkpt
        5014    0x3d 0x14 0x14 0x18                                                                                            VLDB.FILL.512 [p1, lf1, r25]
.aggressive_scheduled_block_id 1
.nohwbrkpt
.noswbrkpt
        5018    0x03 0x01 0x94 0x00 0x99 0xf7 0x09 0x62                                                                        VLDB.POP.576 ex6, [p1, lf1, r25];                                                                                                 VMUL.f dm1, ex11, ex8, r19
.aggressive_scheduled_block_id 1
.nohwbrkpt
.noswbrkpt
        5026    0x03 0x00 0x94 0x00 0x9b 0xf5 0x09 0x62                                                                        VLDB.POP.576 ex2, [p1, lf1, r25];                                                                                                 VMUL.f dm3, ex10, ex8, r19
.aggressive_scheduled_block_id 1
.nohwbrkpt
.noswbrkpt
        5034    0x00 0x00                                                                        NOPX
.aggressive_scheduled_block_id 1
.nohwbrkpt
.noswbrkpt
        5036    0x04 0x82 0x5c 0xe6 0x99 0x24 0x29 0x62                                                                                                                                                                  VMOV ex9, ex1;                          VMAC.f dm1, dm1, ex2, ex1, r19
.aggressive_scheduled_block_id 1
.nohwbrkpt
.noswbrkpt
        5044    0xff 0xdd 0x60 0x02 0x9b 0x64 0x69 0x62                                                                                                      VST lfl1, [sp, #-64];                                                                               VMAC.f dm3, dm3, ex2, ex3, r19
.aggressive_scheduled_block_id 1
.nohwbrkpt
.noswbrkpt
        5052    0x0f 0xfa 0x6b 0x18                                                                                                                          VST lfh1, [sp, #-128]
.aggressive_scheduled_block_id 1
.nohwbrkpt
.noswbrkpt
        5056    0x99 0x2c 0xa9 0x48                                                                                                                                                                                                                              VMAC.f dm1, dm1, ex6, ex5, r19
.aggressive_scheduled_block_id 1
.nohwbrkpt
.noswbrkpt
        5060    0x02 0x00 0x14 0x00 0x9b 0x6c 0xe9 0x62                                                                        VLDB.POP.576 ex0, [p0, lf0, r24];                                                                                                 VMAC.f dm3, dm3, ex6, ex7, r19
.aggressive_scheduled_block_id 1
.nohwbrkpt
.noswbrkpt
        5068    0xff 0x48 0xf2 0x00 0x94 0x1d 0x98 0xed 0x09 0x4a                                VLDA lfh1, [sp, #-128];       VLDB.POP.576 ex2, [p0, lf0, r24];                                                                                                 VMUL.f dm0, ex6, ex8, r19
.aggressive_scheduled_block_id 1
.nohwbrkpt
.noswbrkpt
        5078    0xff 0xd8 0xf3 0x00 0x96 0x00 0x00 0x72 0xed 0x07 0x9a 0xe5 0x09 0x6e            VLDA lfl1, [sp, #-64];                                      MOVS p1, dc0;                                               MOV r25, r27;                           VMUL.f dm2, ex2, ex8, r19
.aggressive_scheduled_block_id 1
.nohwbrkpt
.noswbrkpt
        5092    0x3b 0x00 0xd4 0x18                                                                                            VLDB.POP.576 ex3, [p1, lf1, r25]
.aggressive_scheduled_block_id 1
.nohwbrkpt
.noswbrkpt
        5096    0x02 0x01 0x14 0x00 0x98 0x01 0x29 0x62                                                                        VLDB.POP.576 ex4, [p0, lf0, r24];                                                                                                 VMAC.f dm0, dm0, ex0, ex9, r19
.aggressive_scheduled_block_id 1
.nohwbrkpt
.noswbrkpt
        5104    0xa0 0x29 0x72 0x01 0x94 0x1d 0x9a 0x40 0x69 0x4a                                VLDA.POP.576 ex5, [p1, lf1, r25];VLDB.POP.576 ex6, [p0, lf0, r24];                                                                                              VMAC.f dm2, dm2, ex0, ex3, r19
.aggressive_scheduled_block_id 1
.nohwbrkpt
.noswbrkpt
        5114    0x00 0x00                                                                        NOPX
.aggressive_scheduled_block_id 1
.nohwbrkpt
.noswbrkpt
        5116    0xa0 0x39 0x74 0x14 0x14 0x1d 0x98 0x08 0xa9 0x4a                                VLDA.POP.576 ex7, [p1, lf1, r25];VLDB.FILL.512 [p0, lf0, r24];                                                                                                  VMAC.f dm0, dm0, ex4, ex5, r19
.aggressive_scheduled_block_id 1
.nohwbrkpt
.noswbrkpt
        5126    0x22 0x81 0x72 0x00 0x14 0x1d 0x9a 0x48 0xe9 0x4a                                VLDA.FILL.512 [p1, lf1, r25]; VLDB.POP.576 ex0, [p0, lf0, r24];                                                                                                 VMAC.f dm2, dm2, ex4, ex7, r19
.aggressive_scheduled_block_id 1
.nohwbrkpt
.noswbrkpt
        5136    0xa0 0x09 0x72 0x00 0x94 0x1d 0x99 0x24 0x29 0x4a                                VLDA.POP.576 ex1, [p1, lf1, r25];VLDB.POP.576 ex2, [p0, lf0, r24];                                                                                              VMAC.f dm1, dm1, ex2, ex1, r19
.aggressive_scheduled_block_id 1
.nohwbrkpt
.noswbrkpt
        5146    0x98 0x00 0x29 0x48                                                                                                                                                                                                                              VMAC.f dm0, dm0, ex0, ex1, r19
.aggressive_scheduled_block_id 1
.nohwbrkpt
.noswbrkpt
        5150    0x03 0x00 0xd4 0x00 0x9a 0x40 0x69 0x62                                                                        VLDB.POP.576 ex3, [p1, lf1, r25];                                                                                                 VMAC.f dm2, dm2, ex0, ex3, r19
.aggressive_scheduled_block_id 1
.nohwbrkpt
.noswbrkpt
        5158    0x02 0x01 0x14 0x00 0x9b 0x64 0x69 0x62                                                                        VLDB.POP.576 ex4, [p0, lf0, r24];                                                                                                 VMAC.f dm3, dm3, ex2, ex3, r19
.aggressive_scheduled_block_id 1
.nohwbrkpt
.noswbrkpt
        5166    0xa0 0x29 0x72 0x01 0x94 0x1d 0x99 0x2c 0xa9 0x4a                                VLDA.POP.576 ex5, [p1, lf1, r25];VLDB.POP.576 ex6, [p0, lf0, r24];                                                                                              VMAC.f dm1, dm1, ex6, ex5, r19
.aggressive_scheduled_block_id 1
.nohwbrkpt
.noswbrkpt
        5176    0x98 0x08 0xa9 0x48                                                                                                                                                                                                                              VMAC.f dm0, dm0, ex4, ex5, r19
.aggressive_scheduled_block_id 1
.nohwbrkpt
.noswbrkpt
        5180    0x03 0x01 0xd4 0x00 0x9a 0x48 0xe9 0x62                                                                        VLDB.POP.576 ex7, [p1, lf1, r25];                                                                                                 VMAC.f dm2, dm2, ex4, ex7, r19
.aggressive_scheduled_block_id 1
.nohwbrkpt
.noswbrkpt
        5188    0x02 0x00 0x14 0x00 0x9b 0x6c 0xe9 0x62                                                                        VLDB.POP.576 ex0, [p0, lf0, r24];                                                                                                 VMAC.f dm3, dm3, ex6, ex7, r19
.aggressive_scheduled_block_id 1
.nohwbrkpt
.noswbrkpt
        5196    0xa0 0x09 0x72 0x00 0x94 0x1d 0x99 0x24 0x29 0x4a                                VLDA.POP.576 ex1, [p1, lf1, r25];VLDB.POP.576 ex2, [p0, lf0, r24];                                                                                              VMAC.f dm1, dm1, ex2, ex1, r19
.aggressive_scheduled_block_id 1
.nohwbrkpt
.noswbrkpt
        5206    0x98 0x00 0x29 0x48                                                                                                                                                                                                                              VMAC.f dm0, dm0, ex0, ex1, r19
.aggressive_scheduled_block_id 1
.nohwbrkpt
.noswbrkpt
        5210    0x03 0x00 0xd4 0x00 0x9a 0x40 0x69 0x62                                                                        VLDB.POP.576 ex3, [p1, lf1, r25];                                                                                                 VMAC.f dm2, dm2, ex0, ex3, r19
.aggressive_scheduled_block_id 1
.nohwbrkpt
.noswbrkpt
        5218    0x02 0x01 0x14 0x00 0x9b 0x64 0x69 0x62                                                                        VLDB.POP.576 ex4, [p0, lf0, r24];                                                                                                 VMAC.f dm3, dm3, ex2, ex3, r19
.aggressive_scheduled_block_id 1
.nohwbrkpt
.noswbrkpt
        5226    0xa0 0x29 0x72 0x01 0x94 0x1d 0x99 0x2c 0xa9 0x4a                                VLDA.POP.576 ex5, [p1, lf1, r25];VLDB.POP.576 ex6, [p0, lf0, r24];                                                                                              VMAC.f dm1, dm1, ex6, ex5, r19
.aggressive_scheduled_block_id 1
.nohwbrkpt
.noswbrkpt
        5236    0x98 0x08 0xa9 0x48                                                                                                                                                                                                                              VMAC.f dm0, dm0, ex4, ex5, r19
.aggressive_scheduled_block_id 1
.nohwbrkpt
.noswbrkpt
        5240    0xa0 0x39 0x74 0x14 0x14 0x1d 0x9a 0x48 0xe9 0x4a                                VLDA.POP.576 ex7, [p1, lf1, r25];VLDB.FILL.512 [p0, lf0, r24];                                                                                                  VMAC.f dm2, dm2, ex4, ex7, r19
.aggressive_scheduled_block_id 1
.nohwbrkpt
.noswbrkpt
        5250    0x22 0x81 0x72 0x00 0x14 0x1d 0x9b 0x6c 0xe9 0x4a                                VLDA.FILL.512 [p1, lf1, r25]; VLDB.POP.576 ex0, [p0, lf0, r24];                                                                                                 VMAC.f dm3, dm3, ex6, ex7, r19
.aggressive_scheduled_block_id 1
.nohwbrkpt
.noswbrkpt
        5260    0xa0 0x09 0x72 0x00 0x94 0x1d 0x99 0x24 0x29 0x4a                                VLDA.POP.576 ex1, [p1, lf1, r25];VLDB.POP.576 ex2, [p0, lf0, r24];                                                                                              VMAC.f dm1, dm1, ex2, ex1, r19
.aggressive_scheduled_block_id 1
.nohwbrkpt
.noswbrkpt
        5270    0x98 0x00 0x29 0x48                                                                                                                                                                                                                              VMAC.f dm0, dm0, ex0, ex1, r19
.aggressive_scheduled_block_id 1
.nohwbrkpt
.noswbrkpt
        5274    0x03 0x00 0xd4 0x00 0x9a 0x40 0x69 0x62                                                                        VLDB.POP.576 ex3, [p1, lf1, r25];                                                                                                 VMAC.f dm2, dm2, ex0, ex3, r19
.aggressive_scheduled_block_id 1
.nohwbrkpt
.noswbrkpt
        5282    0x02 0x01 0x14 0x00 0x9b 0x64 0x69 0x62                                                                        VLDB.POP.576 ex4, [p0, lf0, r24];                                                                                                 VMAC.f dm3, dm3, ex2, ex3, r19
.aggressive_scheduled_block_id 1
.nohwbrkpt
.noswbrkpt
        5290    0xa0 0x29 0x72 0x01 0x94 0x1d 0x99 0x2c 0xa9 0x4a                                VLDA.POP.576 ex5, [p1, lf1, r25];VLDB.POP.576 ex6, [p0, lf0, r24];                                                                                              VMAC.f dm1, dm1, ex6, ex5, r19
.aggressive_scheduled_block_id 1
.nohwbrkpt
.noswbrkpt
        5300    0x98 0x08 0xa9 0x48                                                                                                                                                                                                                              VMAC.f dm0, dm0, ex4, ex5, r19
.aggressive_scheduled_block_id 1
.nohwbrkpt
.noswbrkpt
        5304    0x03 0x01 0xd4 0x00 0x9a 0x48 0xe9 0x62                                                                        VLDB.POP.576 ex7, [p1, lf1, r25];                                                                                                 VMAC.f dm2, dm2, ex4, ex7, r19
.aggressive_scheduled_block_id 1
.nohwbrkpt
.noswbrkpt
        5312    0x02 0x00 0x14 0x00 0x9b 0x6c 0xe9 0x62                                                                        VLDB.POP.576 ex0, [p0, lf0, r24];                                                                                                 VMAC.f dm3, dm3, ex6, ex7, r19
.aggressive_scheduled_block_id 1
.nohwbrkpt
.noswbrkpt
        5320    0xa0 0x09 0x72 0x00 0x94 0x1d 0x99 0x24 0x29 0x4a                                VLDA.POP.576 ex1, [p1, lf1, r25];VLDB.POP.576 ex2, [p0, lf0, r24];                                                                                              VMAC.f dm1, dm1, ex2, ex1, r19
.aggressive_scheduled_block_id 1
.nohwbrkpt
.noswbrkpt
        5330    0x98 0x00 0x29 0x48                                                                                                                                                                                                                              VMAC.f dm0, dm0, ex0, ex1, r19
.aggressive_scheduled_block_id 1
.nohwbrkpt
.noswbrkpt
        5334    0x03 0x00 0xd4 0x00 0x9a 0x40 0x69 0x62                                                                        VLDB.POP.576 ex3, [p1, lf1, r25];                                                                                                 VMAC.f dm2, dm2, ex0, ex3, r19
.aggressive_scheduled_block_id 1
.nohwbrkpt
.noswbrkpt
        5342    0x02 0x01 0x14 0x00 0x9b 0x64 0x69 0x62                                                                        VLDB.POP.576 ex4, [p0, lf0, r24];                                                                                                 VMAC.f dm3, dm3, ex2, ex3, r19
.aggressive_scheduled_block_id 1
.nohwbrkpt
.noswbrkpt
        5350    0xa0 0x29 0x72 0x01 0x94 0x1d 0x99 0x2c 0xa9 0x4a                                VLDA.POP.576 ex5, [p1, lf1, r25];VLDB.POP.576 ex6, [p0, lf0, r24];                                                                                              VMAC.f dm1, dm1, ex6, ex5, r19
.aggressive_scheduled_block_id 1
.nohwbrkpt
.noswbrkpt
        5360    0x98 0x08 0xa9 0x48                                                                                                                                                                                                                              VMAC.f dm0, dm0, ex4, ex5, r19
.aggressive_scheduled_block_id 1
.nohwbrkpt
.noswbrkpt
        5364    0xa0 0x39 0x74 0x14 0x14 0x1d 0x9a 0x48 0xe9 0x4a                                VLDA.POP.576 ex7, [p1, lf1, r25];VLDB.FILL.512 [p0, lf0, r24];                                                                                                  VMAC.f dm2, dm2, ex4, ex7, r19
.aggressive_scheduled_block_id 1
.nohwbrkpt
.noswbrkpt
        5374    0x22 0x81 0x72 0x00 0x14 0x1d 0x9b 0x6c 0xe9 0x4a                                VLDA.FILL.512 [p1, lf1, r25]; VLDB.POP.576 ex0, [p0, lf0, r24];                                                                                                 VMAC.f dm3, dm3, ex6, ex7, r19
.aggressive_scheduled_block_id 1
.nohwbrkpt
.noswbrkpt
        5384    0xa0 0x09 0x72 0x00 0x94 0x1d 0x99 0x24 0x29 0x4a                                VLDA.POP.576 ex1, [p1, lf1, r25];VLDB.POP.576 ex2, [p0, lf0, r24];                                                                                              VMAC.f dm1, dm1, ex2, ex1, r19
.aggressive_scheduled_block_id 1
.nohwbrkpt
.noswbrkpt
        5394    0x98 0x00 0x29 0x48                                                                                                                                                                                                                              VMAC.f dm0, dm0, ex0, ex1, r19
.aggressive_scheduled_block_id 1
.nohwbrkpt
.noswbrkpt
        5398    0x03 0x00 0xd4 0x00 0x9a 0x40 0x69 0x62                                                                        VLDB.POP.576 ex3, [p1, lf1, r25];                                                                                                 VMAC.f dm2, dm2, ex0, ex3, r19
.aggressive_scheduled_block_id 1
.nohwbrkpt
.noswbrkpt
        5406    0x9b 0x64 0x69 0x48                                                                                                                                                                                                                              VMAC.f dm3, dm3, ex2, ex3, r19
.aggressive_scheduled_block_id 1
.noswbrkpt
        5410    0xa0 0x29 0x72 0x01 0x14 0x1d 0x99 0x2c 0xa9 0x4a                                VLDA.POP.576 ex5, [p1, lf1, r25];VLDB.POP.576 ex4, [p0, lf0, r24];                                                                                              VMAC.f dm1, dm1, ex6, ex5, r19
.aggressive_scheduled_block_id 1
.nohwbrkpt
.noswbrkpt
        5420    0x02 0x01 0x94 0x00 0x98 0x08 0xa9 0x62                                                                        VLDB.POP.576 ex6, [p0, lf0, r24];                                                                                                 VMAC.f dm0, dm0, ex4, ex5, r19
.aggressive_scheduled_block_id 1
.nohwbrkpt
.noswbrkpt
        5428    0x03 0x01 0xd4 0x00 0x9a 0x48 0xe9 0x62                                                                        VLDB.POP.576 ex7, [p1, lf1, r25];                                                                                                 VMAC.f dm2, dm2, ex4, ex7, r19
.aggressive_scheduled_block_id 1
.nohwbrkpt
.noswbrkpt
        5436    0xa0 0x09 0x72 0x00 0x14 0x1d 0x9b 0x6c 0xe9 0x4a                                VLDA.POP.576 ex1, [p1, lf1, r25];VLDB.POP.576 ex0, [p0, lf0, r24];                                                                                              VMAC.f dm3, dm3, ex6, ex7, r19
.aggressive_scheduled_block_id 1
.nohwbrkpt
.noswbrkpt
        5446    0x99 0x24 0x29 0x48                                                                                                                                                                                                                              VMAC.f dm1, dm1, ex2, ex1, r19
.aggressive_scheduled_block_id 1
.nohwbrkpt
.noswbrkpt
        5450    0x80 0x11 0x73 0x00 0xd4 0x1d 0x98 0x00 0x29 0x4a                                VLDA.POP.576 ex2, [p0, lf0, r24];VLDB.POP.576 ex3, [p1, lf1, r25];                                                                                              VMAC.f dm0, dm0, ex0, ex1, r19
.aggressive_scheduled_block_id 1
.nohwbrkpt
.noswbrkpt
        5460    0xa0 0x29 0x72 0x01 0x14 0x1d 0x9a 0x40 0x69 0x4a                                VLDA.POP.576 ex5, [p1, lf1, r25];VLDB.POP.576 ex4, [p0, lf0, r24];                                                                                              VMAC.f dm2, dm2, ex0, ex3, r19
.aggressive_scheduled_block_id 1
.nohwbrkpt
.noswbrkpt
        5470    0x9b 0x64 0x69 0x48                                                                                                                                                                                                                              VMAC.f dm3, dm3, ex2, ex3, r19
.aggressive_scheduled_block_id 1
.nohwbrkpt
.noswbrkpt
        5474    0x03 0x01 0xd4 0x00 0x98 0x08 0xa9 0x62                                                                        VLDB.POP.576 ex7, [p1, lf1, r25];                                                                                                 VMAC.f dm0, dm0, ex4, ex5, r19
.aggressive_scheduled_block_id 1
.nohwbrkpt
.noswbrkpt
        5482    0x99 0x2c 0xa9 0x48                                                                                                                                                                                                                              VMAC.f dm1, dm1, ex6, ex5, r19
.aggressive_scheduled_block_id 1
.nohwbrkpt
.noswbrkpt
        5486    0x02 0x01 0x94 0x00 0x9a 0x48 0xe9 0x62                                                                        VLDB.POP.576 ex6, [p0, lf0, r24];                                                                                                 VMAC.f dm2, dm2, ex4, ex7, r19
.aggressive_scheduled_block_id 1
.nohwbrkpt
.noswbrkpt
        5494    0x98 0x00 0x29 0x48                                                                                                                                                                                                                              VMAC.f dm0, dm0, ex0, ex1, r19
.aggressive_scheduled_block_id 1
.aggressive_scheduled_block_id last
.nohwbrkpt
.noswbrkpt
        5498    0x9b 0x6c 0xe9 0x48                                                                                                                                                                                                                              VMAC.f dm3, dm3, ex6, ex7, r19
        5502    0x9a 0x40 0x69 0x48                                                                                                                                                                                                                              VMAC.f dm2, dm2, ex0, ex3, r19
        5506    0x98 0x08 0xa9 0x48                                                                                                                                                                                                                              VMAC.f dm0, dm0, ex4, ex5, r19
        5510    0x99 0x24 0x29 0x48                                                                                                                                                                                                                              VMAC.f dm1, dm1, ex2, ex1, r19
        5514    0x9a 0x48 0xe9 0x48                                                                                                                                                                                                                              VMAC.f dm2, dm2, ex4, ex7, r19
        5518    0x9b 0x64 0x69 0x48                                                                                                                                                                                                                              VMAC.f dm3, dm3, ex2, ex3, r19
        5522    0x99 0x2c 0xa9 0x48                                                                                                                                                                                                                              VMAC.f dm1, dm1, ex6, ex5, r19
        5526    0x10 0x34 0x01 0x18                                                                                                                                                        MOVX r26, #0
        5530    0xb0 0x00 0x60 0x02 0x9b 0x6c 0xe9 0x62                                                                                                      VST.PUSH.576.CONV.bfp16ebs8.fp32 dm0, [p2, sf, r26];                                                VMAC.f dm3, dm3, ex6, ex7, r19
        5538    0x09 0x00 0x03 0x18                                                                                                                          VST.FLUSH.512.CONV [p2, sf, r26]
        5542    0x0d 0x81 0x03 0x18                                                                                                                          VST.PUSH.576.CONV.bfp16ebs8.fp32 dm2, [p2, sf, r26]
        5546    0x09 0x00 0x03 0x18                                                                                                                          VST.FLUSH.512.CONV [p2, sf, r26]
        5550    0x0d 0x80 0x83 0x18                                                                                                                          VST.PUSH.576.CONV.bfp16ebs8.fp32 dm1, [p2, sf, r26]
        5554    0x09 0x00 0x03 0x18                                                                                                                          VST.FLUSH.512.CONV [p2, sf, r26]
        5558    0x00 0x2c 0xf5 0x81 0x83 0x00 0x00 0x00 0x00 0x7a                                NOPA;                                                       VST.PUSH.576.CONV.bfp16ebs8.fp32 dm3, [p2, sf, r26];NOPX
.label ZLE_Fmatmul_vectorized_bfp16_832
.end_of_loop
        5568    0x00 0x2c 0xf0 0x00 0x21 0x00 0x03 0x2d 0x41 0x06 0xa9 0xea 0xa8 0x00 0x00 0xe1  NOPA;                         NOPB;                         VST.FLUSH.512.CONV [p2, sf, r26];ADD r20, r22, r2;          ADD.NC r21, r7, r21;                    NOPV
.loop_nesting 1
        5584    0x14 0xa4 0xe0 0x18                                                                                                                                                        JNZD r18, r18, p3
.delay_slot
        5588    0x10 0x2a 0x05 0x18                                                                                                                                                        MOVX r21, #1
.delay_slot
.swstall delay_slot
        5592    0x00 0x00                                                                        NOPX
.delay_slot
.swstall delay_slot
        5594    0x00 0x00                                                                        NOPX
.delay_slot
.swstall delay_slot
        5596    0x00 0x00                                                                        NOPX
.delay_slot
.swstall delay_slot
        5598    0x00 0x00                                                                        NOPX
.loop_nesting 0
        5600    0x10 0x28 0x00 0x18                                                                                                                                                        RET lr
.delay_slot
        5604    0xff 0xf0 0x00 0x00 0x01 0xc4                                                                                                                                              PADDXM [sp], #-128
.delay_slot
.swstall delay_slot
        5610    0x00 0x00                                                                        NOPX
.delay_slot
.swstall delay_slot
        5612    0x00 0x00                                                                        NOPX
.delay_slot
.swstall delay_slot
        5614    0x00 0x00                                                                        NOPX
.delay_slot
.swstall delay_slot
        5616    0x00 0x00                                                                        NOPX
.label matmul_vectorized_bfp16__end

.text_segment PM   5632
.label zero_kernel
.function_start
        5632    0x24 0x05 0x40 0x00 0x22 0x80 0x8b 0x00 0x01 0xf8 0x37 0x02 0x10 0x07 0x00 0xe9  MOVA lc, #288;                NOPB;                         MOVS p2, p0;                  MOVXM p0, #519684;                                                    VCLR dm0
        5648    0x00 0x80 0x50 0x00 0x00 0x04 0x7b 0x40 0x10 0xba                                LDA.s8 r0, [p0];                                                                          MOVXM ls, #5760
        5658    0x00 0x1a 0x00 0x00 0x00 0x05 0xbb 0x48 0x10 0xba                                MOVA r26, #0;                                                                             MOVXM le, #5776
        5668    0x00 0x2c 0xf0 0x00 0x20 0x00 0x00 0x00 0x00 0xad 0x81 0x36                      NOPA;                         NOPB;                         NOPS;                         NOPX
        5680    0x00 0x2c 0xf0 0x00 0x20 0x01 0x5b 0x00 0x00 0x00 0x01 0xa5 0x78 0x00 0x00 0xe1  NOPA;                         NOPB;                         NOPS;                         NOPX;                         NOPM;                                   NOPV
        5696    0x00 0x2c 0xf0 0x00 0x20 0x01 0x5b 0x00 0x00 0x00 0x01 0xa5 0x78 0x00 0x00 0xe1  NOPA;                         NOPB;                         NOPS;                         NOPX;                         NOPM;                                   NOPV
        5712    0x00 0x2c 0xf0 0x00 0x20 0x01 0x5b 0x00 0x00 0x00 0x01 0xa5 0x78 0x00 0x00 0xe1  NOPA;                         NOPB;                         NOPS;                         NOPX;                         NOPM;                                   NOPV
        5728    0x00 0x2c 0xf0 0x00 0x20 0x01 0x5b 0x00 0x00 0x00 0x01 0xa5 0x78 0x00 0x00 0xe1  NOPA;                         NOPB;                         NOPS;                         NOPX;                         NOPM;                                   NOPV
        5744    0x00 0x2c 0xf0 0x00 0x20 0x01 0x5b 0x01 0xd4 0x00 0x01 0xa5 0x78 0x00 0x00 0xe1  NOPA;                         NOPB;                         NOPS;                         MOVX crRnd, r0;               NOPM;                                   NOPV
.label ZLS_Fzero_kernel_128
.loop_nesting 1
.begin_of_loop
        5760    0x00 0x2c 0xf0 0x00 0x25 0x80 0x03 0x00 0x00 0x00 0x01 0xa5 0x78 0x00 0x00 0xe1  NOPA;                         NOPB;                         VST.PUSH.576.CONV.bfp16ebs8.fp32 dm0, [p2, sf, r26];NOPX;   NOPM;                                   NOPV
.label ZLE_Fzero_kernel_144
.end_of_loop
        5776    0x00 0x2c 0xf0 0x00 0x21 0x00 0x03 0x00 0x00 0x00 0x01 0xa5 0x78 0x00 0x00 0xe1  NOPA;                         NOPB;                         VST.FLUSH.512.CONV [p2, sf, r26];NOPX;                      NOPM;                                   NOPV
.loop_nesting 0
        5792    0x10 0x28 0x00 0x18                                                                                                                                                        RET lr
.delay_slot
.swstall delay_slot
        5796    0x00 0x00                                                                        NOPX
.delay_slot
.swstall delay_slot
        5798    0x00 0x00                                                                        NOPX
.delay_slot
.swstall delay_slot
        5800    0x00 0x00                                                                        NOPX
.delay_slot
.swstall delay_slot
        5802    0x00 0x00                                                                        NOPX
.delay_slot
.swstall delay_slot
        5804    0x00 0x00                                                                        NOPX
.label zero_kernel__end

.text_segment PM   5808
.label _fini
.function_start
        5808    0x00 0x08 0x00 0x00 0x01 0xc4                                                                                                                                              PADDXM [sp], #64
        5814    0xff 0x3a 0xb0 0x00 0x00 0x02 0x08 0x00 0x11 0x3a                                                                                            ST r14, [sp, #-8];            MOVXM r16, #0
        5824    0xfe 0xf3 0xb0 0x00 0x00 0x01 0xc8 0x00 0x11 0x3a                                                                                            ST p7, [sp, #-12];            MOVXM r14, #0
        5834    0x74 0x20 0xfe 0xd0 0x41 0xe4                                                                                                                                              EQ r16, r14, r16;             MOV p7, r16
        5840    0x80 0x0b 0x98 0x40 0x01 0x84                                                                                                                                              JNZ r16, #5936
.delay_slot
        5846    0x0f 0xfd 0xf5 0x98                                                                                                                          ST r15, [sp, #-4]
.delay_slot
        5850    0x0f 0xf0 0x3d 0x98                                                                                                                          ST lr, [sp, #-16]
.delay_slot
.swstall delay_slot
        5854    0x00 0x00                                                                        NOPX
.delay_slot
.swstall delay_slot
        5856    0x00 0x00                                                                        NOPX
.delay_slot
.swstall delay_slot
        5858    0x00 0x2c 0xf0 0x02 0xb6 0x00 0x00 0x40 0x1a 0x57 0x00 0x00 0x1c 0x2e            NOPA;                                                       NOPS;                                                       NOPM;                                   NOPV
.label TGT_F_fini_64
.loop_nesting 1
        5872    0x07 0x1c 0x1e 0x98                                                              LDA p0, [p7], #4
        5876    0x00 0x00                                                                        NOPX
        5878    0x00 0x00                                                                        NOPX
        5880    0x00 0x00                                                                        NOPX
        5882    0x00 0x00                                                                        NOPX
        5884    0x00 0x00                                                                        NOPX
        5886    0x00 0x00                                                                        NOPX
.no_stack_arguments
        5888    0x10 0x30 0x00 0x18                                                                                                                                                        JL p0
.delay_slot
        5892    0x1b 0xde 0xc0 0xf8                                                                                                                                                                                      MOV r15, p7
.delay_slot
.swstall delay_slot
        5896    0x00 0x00                                                                        NOPX
.delay_slot
.swstall delay_slot
        5898    0x00 0x00                                                                        NOPX
.delay_slot
.swstall delay_slot
        5900    0x00 0x00                                                                        NOPX
.delay_slot
.swstall delay_slot
        5902    0x00 0x00                                                                        NOPX
.return_address
        5904    0x13 0xe0 0xe8 0x98                                                                                                                                                        NE r16, r15, r14
        5908    0x80 0x0b 0x78 0x40 0x01 0x84                                                                                                                                              JNZ r16, #5872
.delay_slot
.swstall delay_slot
        5914    0x00 0x00                                                                        NOPX
.delay_slot
.swstall delay_slot
        5916    0x00 0x00                                                                        NOPX
.delay_slot
.swstall delay_slot
        5918    0x00 0x00                                                                        NOPX
.delay_slot
.swstall delay_slot
        5920    0x00 0x00                                                                        NOPX
.delay_slot
.swstall delay_slot
        5922    0x00 0x2c 0xf0 0x02 0xb6 0x00 0x00 0x40 0x1a 0x57 0x00 0x00 0x1c 0x2e            NOPA;                                                       NOPS;                                                       NOPM;                                   NOPV
.label TGT_F_fini_128
.loop_nesting 0
        5936    0x07 0xf0 0x39 0x18                                                              LDA lr, [sp, #-16]
        5940    0x07 0xf9 0xd1 0x18                                                              LDA r14, [sp, #-8]
        5944    0x07 0xfd 0xf1 0x18                                                              LDA r15, [sp, #-4]
        5948    0x07 0xf7 0x99 0x18                                                              LDA p7, [sp, #-12]
        5952    0x00 0x00                                                                        NOPX
        5954    0x00 0x00                                                                        NOPX
        5956    0x00 0x00                                                                        NOPX
        5958    0x10 0x28 0x00 0x18                                                                                                                                                        RET lr
.delay_slot
        5962    0xff 0xf8 0x00 0x00 0x01 0xc4                                                                                                                                              PADDXM [sp], #-64
.delay_slot
.swstall delay_slot
        5968    0x00 0x00                                                                        NOPX
.delay_slot
.swstall delay_slot
        5970    0x00 0x00                                                                        NOPX
.delay_slot
.swstall delay_slot
        5972    0x00 0x00                                                                        NOPX
.delay_slot
.swstall delay_slot
        5974    0x00 0x00                                                                        NOPX
.label _fini__end

.text_segment PM   5984
.label __cxa_finalize
.function_start
        5984    0xff 0xa1 0x00 0x00 0x02 0x00 0x00 0x00 0x70 0xba                                MOVA r1, #-3;                                                                             PADDXM [sp], #64
        5994    0xfa 0x82 0xb0 0x00 0x41 0x08 0x6d 0xe0 0x79 0x3a                                                                                            ST r0, [sp, #-44];            MOVX r4, #8;                  MOV r3, packSign1
        6004    0xfb 0x0e 0xb0 0x00 0x6e 0x30 0x70 0x02                                                                                                      ST r3, [sp, #-40];                                          MOV r3, unpackSign1
        6012    0xfc 0x0e 0xb0 0x00 0x6a 0x30 0x70 0x02                                                                                                      ST r3, [sp, #-32];                                          MOV r3, unpackSign0
        6020    0xfc 0x8e 0xb0 0x00 0x6c 0x70 0x70 0x02                                                                                                      ST r3, [sp, #-28];                                          MOV r3, crSRSMode
        6028    0xfd 0x8e 0xb0 0x00 0x6b 0xb0 0x70 0x02                                                                                                      ST r3, [sp, #-20];                                          MOV r3, crPackSize
        6036    0xfe 0x8e 0xb0 0x00 0x01 0xf8 0x37 0x14 0x11 0x3a                                                                                            ST r3, [sp, #-12];            MOVXM p0, #519720
        6046    0x00 0x8a 0xd7 0xdc 0x3d 0x80 0x6a 0x70 0x72 0xba                                LDA r2, [p0];                                               ST lr, [sp, #-36];                                          MOV r3, crSat
        6056    0xff 0x8e 0xb0 0x00 0x69 0x70 0x70 0x02                                                                                                      ST r3, [sp, #-4];                                           MOV r3, crUnpackSize
        6064    0x00 0x92 0x30 0x01 0x4c 0x30 0x70 0x02                                                                                                      ST r4, [p0];                                                MOV r10, upsSign1
        6072    0xff 0x0e 0xb0 0x01 0x08 0x30 0x70 0x02                                                                                                      ST r3, [sp, #-8];                                           MOV r8, upsSign0
        6080    0x1b 0x1a 0x60 0xf8                                                                                                                                                                                      MOV r12, vaddSign1
        6084    0x1a 0x52 0x60 0xf8                                                                                                                                                                                      MOV r9, vaddSign0
        6088    0x1a 0xdf 0xc0 0xf8                                                                                                                                                                                      MOV r11, srsSign1
        6092    0x10 0xbc 0x66 0xaf 0x81 0xe4                                                                                                                                              ADD r2, r2, #-8;              MOV r13, srsSign0
        6098    0x13 0x83 0xd0 0xbe 0xc1 0xe4                                                                                                                                              ASHL r14, r2, r1;             MOV r1, crRnd
        6104    0xfe 0x06 0xb0 0x00 0x2e 0x70 0x70 0x02                                                                                                      ST r1, [sp, #-16];                                          MOV r1, crUPSMode
        6112    0xfd 0x06 0xb0 0x01 0xe9 0xe0 0x70 0x02                                                                                                      ST r1, [sp, #-24];                                          MOV r15, packSign0
        6120    0x00 0x07 0xe0 0xbc 0x10 0x44                                                                                                                                              MOVXM r1, #519688
        6126    0x1e 0x60 0x89 0x58                                                                                                                                                                                      ADD.NC p6, r1, r2
        6130    0x00 0x2c 0xf0 0x00 0x20 0x00 0x00 0xf6 0x80 0x02 0x00 0x2b 0x60 0x7e            NOPA;                         NOPB;                         NOPS;                         MOVXM p7, #6144
.label TGT_F__cxa_finalize_160
.loop_nesting 1
        6144    0x06 0x1c 0x9e 0x98                                                              LDA p1, [p6], #4
        6148    0x06 0xdc 0x1e 0x98                                                              LDA p0, [p6], #-12
        6152    0x00 0x00                                                                        NOPX
        6154    0x00 0x00                                                                        NOPX
        6156    0x00 0x00                                                                        NOPX
        6158    0x00 0x00                                                                        NOPX
        6160    0x00 0x00                                                                        NOPX
.no_stack_arguments
        6162    0x10 0x30 0x40 0x18                                                                                                                                                        JL p1
.delay_slot
.swstall delay_slot
        6166    0x00 0x00                                                                        NOPX
.delay_slot
.swstall delay_slot
        6168    0x00 0x00                                                                        NOPX
.delay_slot
.swstall delay_slot
        6170    0x00 0x00                                                                        NOPX
.delay_slot
.swstall delay_slot
        6172    0x00 0x00                                                                        NOPX
.delay_slot
.swstall delay_slot
        6174    0x00 0x00                                                                        NOPX
.return_address
        6176    0x13 0x9d 0xe0 0x18                                                                                                                                                        JNZD r14, r14, p7
.delay_slot
.swstall delay_slot
        6180    0x00 0x00                                                                        NOPX
.delay_slot
.swstall delay_slot
        6182    0x00 0x00                                                                        NOPX
.delay_slot
.swstall delay_slot
        6184    0x00 0x00                                                                        NOPX
.delay_slot
.swstall delay_slot
        6186    0x00 0x00                                                                        NOPX
.delay_slot
.swstall delay_slot
        6188    0x00 0x00                                                                        NOPX
.loop_nesting 0
        6190    0xfb 0x87 0x20 0x15 0xea 0x02 0x9b 0x10 0x78 0xba                                LDA lr, [sp, #-36];                                                                       MOVX upsSign1, r10;           MOV vaddSign1, r12
        6200    0xfb 0x06 0x20 0x11 0xca 0x00 0x9a 0x50 0x78 0xba                                LDA r1, [sp, #-40];                                                                       MOVX upsSign0, r8;            MOV vaddSign0, r9
        6210    0xfc 0x0a 0x20 0x17 0xe6 0x00 0xf3 0xd0 0x78 0xba                                LDA r2, [sp, #-32];                                                                       MOVX srsSign1, r11;           MOV packSign0, r15
        6220    0xfd 0x82 0x26 0xf1 0x80 0x2c                                                    LDA r0, [sp, #-20];                                                                       MOVX srsSign0, r13
        6226    0x07 0xe4 0xb1 0x18                                                              LDA r5, [sp, #-28]
        6230    0x07 0xf4 0x71 0x18                                                              LDA r3, [sp, #-12]
        6234    0x07 0xfc 0x91 0x18                                                              LDA r4, [sp, #-4]
        6238    0x07 0xf8 0xd1 0x18                                                              LDA r6, [sp, #-8]
        6242    0xfe 0x06 0x20 0xf8 0x80 0x2c                                                    LDA r1, [sp, #-16];                                                                       MOVX packSign1, r1
        6248    0xfd 0x0a 0x21 0x7b 0x80 0x2c                                                    LDA r2, [sp, #-24];                                                                       MOVX unpackSign1, r2
        6254    0xfa 0x82 0x20 0x76 0x00 0x2c                                                    LDA r0, [sp, #-44];                                                                       MOVX crSRSMode, r0
        6260    0x05 0x00 0x04 0x65 0x41 0xe4                                                                                                                                              RET lr;                       MOV unpackSign0, r5
.delay_slot
        6266    0xff 0xf8 0x00 0x00 0x01 0xc4                                                                                                                                              PADDXM [sp], #-64
.delay_slot
        6272    0x1f 0x40 0x04 0xe4 0x41 0xe4                                                                                                                                              MOVX crPackSize, r3;          MOV crSat, r4
.delay_slot
        6278    0x11 0xbc 0x80 0x18                                                                                                                                                        MOVX crUnpackSize, r6
.delay_slot
        6282    0x10 0x7a 0x80 0x18                                                                                                                                                        MOVX crRnd, r1
.delay_slot
        6286    0x10 0xbc 0x00 0x18                                                                                                                                                        MOVX crUPSMode, r2
.label __cxa_finalize__end

.bss_segment DMb 519680	    4

.bss_segment DMb 519684	    1

.data_segment DMb 519688
.label _ZL7atexits
	0xb0
	0x16
	0x0
	0x0
	0x0
	0x0
	0x0
	0x0
	0x0
	0x0
	0x0
	0x0
	0x0
	0x0
	0x0
	0x0
	0x0
	0x0
	0x0
	0x0
	0x0
	0x0
	0x0
	0x0
	0x0
	0x0
	0x0
	0x0
	0x0
	0x0
	0x0
	0x0
.label _ZL10atexit_cnt
	0x8
	0x0
	0x0
	0x0

.stack DM_stack 458752 462080
